{
"type": "FeatureCollection",
"name": "city-context",
"crs": { "type": "name", "properties": { "name": "urn:ogc:def:crs:OGC:1.3:CRS84" } },
"features": [
{ "type": "Feature", "properties": { "id": "01", "kind": "district", "name": "Ciutat Vella" }, "geometry": { "type": "MultiPolygon", "coordinates": [ [ [ [ 2.18345135, 41.39061197 ], [ 2.18238095, 41.39142013 ], [ 2.1813233, 41.39222223 ], [ 2.18022911, 41.39134783 ], [ 2.17985918, 41.3910522 ], [ 2.17749008, 41.39016392 ], [ 2.17739242, 41.39009153 ], [ 2.17585082, 41.38894897 ], [ 2.17375754, 41.38894846 ], [ 2.17340885, 41.38894837 ], [ 2.17276538, 41.38847425 ], [ 2.17276218, 41.3884706 ], [ 2.17170232, 41.387263 ], [ 2.17151019, 41.38704408 ], [ 2.17133598, 41.38694958 ], [ 2.17113804, 41.38684221 ], [ 2.17028425, 41.38587856 ], [ 2.17013302, 41.38576561 ], [ 2.16996328, 41.38566654 ], [ 2.16976891, 41.38557369 ], [ 2.16935834, 41.38553971 ], [ 2.16471379, 41.3859302 ], [ 2.16401077, 41.3853985 ], [ 2.16383423, 41.38412504 ], [ 2.16358416, 41.38231916 ], [ 2.16349004, 41.38164203 ], [ 2.16331091, 41.38034969 ], [ 2.16308877, 41.37874699 ], [ 2.16321416, 41.37865072 ], [ 2.16466734, 41.37753496 ], [ 2.16546254, 41.37692438 ], [ 2.16612827, 41.3764132 ], [ 2.16677833, 41.37591403 ], [ 2.16778816, 41.37516741 ], [ 2.16779689, 41.37497616 ], [ 2.16999862, 41.37495564 ], [ 2.17273048, 41.37479392 ], [ 2.17318676, 41.37476698 ], [ 2.17352924, 41.37474676 ], [ 2.17504134, 41.37464952 ], [ 2.17519532, 41.37463773 ], [ 2.17529771, 41.37462138 ], [ 2.17540734, 41.37458137 ], [ 2.17552938, 41.37450848 ], [ 2.17573812, 41.37429195 ], [ 2.17560536, 41.37420663 ], [ 2.17550366, 41.37406142 ], [ 2.17545929, 41.37393088 ], [ 2.17546002, 41.37379614 ], [ 2.17550578, 41.37366589 ], [ 2.17559364, 41.37354852 ], [ 2.17562885, 41.37352105 ], [ 2.17555396, 41.37342767 ], [ 2.17547278, 41.37332645 ], [ 2.17563844, 41.37325232 ], [ 2.17572941, 41.37321162 ], [ 2.17573503, 41.37320911 ], [ 2.17582956, 41.3731668 ], [ 2.17585186, 41.37315683 ], [ 2.17585757, 41.37315427 ], [ 2.17585936, 41.37315347 ], [ 2.1758637, 41.37315147 ], [ 2.17589733, 41.37313607 ], [ 2.17604458, 41.37307018 ], [ 2.17605544, 41.37306517 ], [ 2.17606099, 41.37306261 ], [ 2.1760661, 41.37306026 ], [ 2.17620046, 41.37299837 ], [ 2.17629169, 41.37295634 ], [ 2.17629909, 41.37295293 ], [ 2.17630238, 41.37295142 ], [ 2.17643825, 41.37291745 ], [ 2.17652985, 41.37289455 ], [ 2.17693995, 41.37279202 ], [ 2.17709494, 41.37275328 ], [ 2.17728812, 41.37251268 ], [ 2.17732123, 41.37249765 ], [ 2.1773539, 41.3724828 ], [ 2.17745209, 41.37243818 ], [ 2.17752524, 41.37240494 ], [ 2.17759848, 41.37237166 ], [ 2.17762006, 41.37236186 ], [ 2.17762155, 41.37236118 ], [ 2.17762122, 41.37236071 ], [ 2.1778288, 41.37226461 ], [ 2.18189799, 41.3704148 ], [ 2.18198837, 41.37037592 ], [ 2.18200428, 41.37037203 ], [ 2.1820214, 41.37037027 ], [ 2.18203894, 41.3703709 ], [ 2.18205605, 41.37037395 ], [ 2.18207187, 41.37037921 ], [ 2.18208572, 41.37038626 ], [ 2.18209722, 41.37039458 ], [ 2.18220247, 41.37052373 ], [ 2.18300925, 41.37153536 ], [ 2.18301354, 41.3715466 ], [ 2.18301534, 41.37155878 ], [ 2.1830142, 41.3715714 ], [ 2.18300998, 41.37158387 ], [ 2.18300282, 41.37159556 ], [ 2.18299312, 41.3716059 ], [ 2.18298153, 41.3716145 ], [ 2.18127573, 41.3723935 ], [ 2.17916663, 41.37334565 ], [ 2.1787755, 41.37352472 ], [ 2.17812378, 41.37381839 ], [ 2.17827084, 41.37400651 ], [ 2.17813805, 41.37406754 ], [ 2.17797625, 41.3741383 ], [ 2.17847927, 41.37476653 ], [ 2.17858451, 41.37489798 ], [ 2.17860954, 41.3749313 ], [ 2.17993936, 41.3765888 ], [ 2.18024691, 41.37697881 ], [ 2.18036974, 41.37712898 ], [ 2.1807323, 41.37758474 ], [ 2.18087489, 41.3777588 ], [ 2.18109811, 41.37804253 ], [ 2.18217474, 41.37938745 ], [ 2.1822778, 41.37952065 ], [ 2.18230473, 41.37955174 ], [ 2.1823895, 41.37951309 ], [ 2.18246513, 41.37948103 ], [ 2.18250956, 41.37945955 ], [ 2.18261722, 41.37916794 ], [ 2.18268207, 41.3790098 ], [ 2.18277692, 41.37877337 ], [ 2.18285152, 41.37857574 ], [ 2.18296828, 41.37827692 ], [ 2.18317842, 41.37772963 ], [ 2.18325362, 41.37755001 ], [ 2.18310822, 41.37736943 ], [ 2.18259698, 41.37672481 ], [ 2.18241537, 41.37649275 ], [ 2.18150562, 41.37535472 ], [ 2.18158771, 41.3750872 ], [ 2.18165331, 41.37488804 ], [ 2.18256923, 41.37447106 ], [ 2.18292354, 41.37431454 ], [ 2.18305748, 41.37433892 ], [ 2.18318958, 41.37449948 ], [ 2.18344948, 41.37483235 ], [ 2.18358402, 41.37500064 ], [ 2.18361338, 41.37504012 ], [ 2.18429502, 41.37589304 ], [ 2.18449686, 41.37614859 ], [ 2.18462638, 41.37631568 ], [ 2.18463697, 41.37632714 ], [ 2.18472105, 41.37643684 ], [ 2.18487414, 41.3766306 ], [ 2.18496607, 41.37674067 ], [ 2.18499293, 41.3767466 ], [ 2.1848716, 41.37705076 ], [ 2.18473176, 41.37741747 ], [ 2.18451078, 41.37797328 ], [ 2.18427037, 41.3785981 ], [ 2.18417013, 41.37886506 ], [ 2.18385362, 41.37967641 ], [ 2.18374854, 41.37995361 ], [ 2.18364889, 41.3801985 ], [ 2.18355048, 41.38045357 ], [ 2.18465709, 41.38070524 ], [ 2.18467094, 41.38070367 ], [ 2.18591701, 41.38010998 ], [ 2.18604673, 41.37978759 ], [ 2.18594502, 41.37976443 ], [ 2.18602911, 41.37955464 ], [ 2.18644607, 41.37964929 ], [ 2.18711517, 41.37797691 ], [ 2.18726355, 41.37759866 ], [ 2.18643648, 41.37741082 ], [ 2.18644207, 41.37733509 ], [ 2.18719738, 41.37722675 ], [ 2.18712528, 41.37693724 ], [ 2.18705825, 41.37668283 ], [ 2.18705732, 41.37667213 ], [ 2.18704463, 41.37663183 ], [ 2.18704458, 41.37662384 ], [ 2.18694168, 41.37622722 ], [ 2.18694162, 41.37621527 ], [ 2.18691164, 41.37608388 ], [ 2.1868947, 41.37600965 ], [ 2.18660195, 41.37604995 ], [ 2.18683518, 41.37590701 ], [ 2.18684708, 41.37595759 ], [ 2.18688022, 41.37595316 ], [ 2.18683293, 41.37576868 ], [ 2.18685045, 41.37576566 ], [ 2.18683083, 41.37568785 ], [ 2.18683419, 41.37567551 ], [ 2.18692682, 41.37562478 ], [ 2.18636057, 41.37540974 ], [ 2.18598268, 41.37527065 ], [ 2.18567771, 41.37514466 ], [ 2.18539549, 41.37503472 ], [ 2.18537043, 41.37502264 ], [ 2.18533595, 41.37500038 ], [ 2.18530674, 41.37497552 ], [ 2.18503479, 41.37500042 ], [ 2.18483267, 41.37501894 ], [ 2.18472996, 41.37502834 ], [ 2.18472843, 41.37501894 ], [ 2.18472542, 41.37500048 ], [ 2.184721, 41.37497342 ], [ 2.18527072, 41.37492245 ], [ 2.18526681, 41.37490406 ], [ 2.18526318, 41.37487285 ], [ 2.18520785, 41.37453117 ], [ 2.184548, 41.37463797 ], [ 2.18453524, 41.37458401 ], [ 2.18519789, 41.37447551 ], [ 2.18513698, 41.37408283 ], [ 2.18449212, 41.37422201 ], [ 2.18446974, 41.37416841 ], [ 2.18512862, 41.37402688 ], [ 2.18506633, 41.37363768 ], [ 2.18447354, 41.37381434 ], [ 2.18444665, 41.37376313 ], [ 2.18505796, 41.37358096 ], [ 2.18500355, 41.37323251 ], [ 2.1849425, 41.37321291 ], [ 2.18442253, 41.37340981 ], [ 2.18439219, 41.37335929 ], [ 2.18498724, 41.37313483 ], [ 2.18492982, 41.37278923 ], [ 2.18487419, 41.37277279 ], [ 2.18430152, 41.37303348 ], [ 2.18426417, 41.37298693 ], [ 2.18492531, 41.37268361 ], [ 2.18493239, 41.37267392 ], [ 2.18490666, 41.37265801 ], [ 2.18424481, 41.37296473 ], [ 2.18423353, 41.3729509 ], [ 2.18489213, 41.37264569 ], [ 2.18498359, 41.37264144 ], [ 2.18499392, 41.37263782 ], [ 2.18506666, 41.37263151 ], [ 2.18553245, 41.37259106 ], [ 2.18554876, 41.37259096 ], [ 2.18556559, 41.37259297 ], [ 2.1855822, 41.37259724 ], [ 2.18559782, 41.37260373 ], [ 2.18561167, 41.37261219 ], [ 2.18562317, 41.37262219 ], [ 2.18563196, 41.37263317 ], [ 2.18563798, 41.37264459 ], [ 2.18578604, 41.37357973 ], [ 2.1859343, 41.37453188 ], [ 2.18666053, 41.37481516 ], [ 2.18748921, 41.37455699 ], [ 2.18723406, 41.37407708 ], [ 2.18721409, 41.37404429 ], [ 2.18720833, 41.37404638 ], [ 2.18711851, 41.3738741 ], [ 2.18695038, 41.37370731 ], [ 2.18680186, 41.37355998 ], [ 2.18683882, 41.37353884 ], [ 2.18684449, 41.37353977 ], [ 2.18709201, 41.37378774 ], [ 2.18698091, 41.37358783 ], [ 2.1868186, 41.37328728 ], [ 2.18712128, 41.37319379 ], [ 2.18754555, 41.37315627 ], [ 2.18750003, 41.37286429 ], [ 2.18740321, 41.37227834 ], [ 2.18709254, 41.37230411 ], [ 2.18650647, 41.37235703 ], [ 2.1859244, 41.37240588 ], [ 2.18592035, 41.37240478 ], [ 2.18579654, 41.37169253 ], [ 2.18579795, 41.3716887 ], [ 2.18580256, 41.37168702 ], [ 2.18616429, 41.37165398 ], [ 2.18615217, 41.37158813 ], [ 2.18579763, 41.37161873 ], [ 2.18579196, 41.37161685 ], [ 2.18578946, 41.37161037 ], [ 2.18576928, 41.37149444 ], [ 2.18577022, 41.37148791 ], [ 2.18577306, 41.37148504 ], [ 2.18580768, 41.37148208 ], [ 2.18576759, 41.37120903 ], [ 2.18651115, 41.37114766 ], [ 2.18651336, 41.37116299 ], [ 2.18721365, 41.37110265 ], [ 2.18714292, 41.37064371 ], [ 2.18657156, 41.3707062 ], [ 2.18651118, 41.37071136 ], [ 2.18535073, 41.37083367 ], [ 2.18497376, 41.3708695 ], [ 2.18478455, 41.37089341 ], [ 2.18470954, 41.37090022 ], [ 2.18469126, 41.37089919 ], [ 2.18466402, 41.37089257 ], [ 2.18464014, 41.37088013 ], [ 2.18462248, 41.37086353 ], [ 2.18461223, 41.37084521 ], [ 2.18456198, 41.37054443 ], [ 2.18456029, 41.37051737 ], [ 2.18456762, 41.37049086 ], [ 2.18457878, 41.37047554 ], [ 2.18459466, 41.37046216 ], [ 2.1846142, 41.37045189 ], [ 2.18463573, 41.37044539 ], [ 2.1849643, 41.37041603 ], [ 2.18495653, 41.37035855 ], [ 2.18494796, 41.37035899 ], [ 2.1849193, 41.37018916 ], [ 2.18470407, 41.36901413 ], [ 2.18462435, 41.36860547 ], [ 2.18463486, 41.36858043 ], [ 2.18464671, 41.36856544 ], [ 2.18466295, 41.36855232 ], [ 2.18468275, 41.36854192 ], [ 2.18470477, 41.36853493 ], [ 2.18501946, 41.36849923 ], [ 2.18519249, 41.36848161 ], [ 2.18514523, 41.36821845 ], [ 2.18516042, 41.36821666 ], [ 2.18514534, 41.36814395 ], [ 2.18514867, 41.36814365 ], [ 2.18514588, 41.36812643 ], [ 2.18515039, 41.36812601 ], [ 2.18514689, 41.36810434 ], [ 2.1852402, 41.36809577 ], [ 2.18524812, 41.36814476 ], [ 2.1856884, 41.36810105 ], [ 2.18567955, 41.36804374 ], [ 2.18581999, 41.36803142 ], [ 2.18582056, 41.36803503 ], [ 2.18586008, 41.36803157 ], [ 2.18585942, 41.36802728 ], [ 2.18587339, 41.36802606 ], [ 2.18587464, 41.36803413 ], [ 2.18595353, 41.36802722 ], [ 2.18599432, 41.36825718 ], [ 2.18597621, 41.36825901 ], [ 2.18597828, 41.36827065 ], [ 2.18597148, 41.36827133 ], [ 2.18597618, 41.36829783 ], [ 2.18598448, 41.36829699 ], [ 2.18598802, 41.36831695 ], [ 2.18595119, 41.36831712 ], [ 2.18594879, 41.36835398 ], [ 2.18593978, 41.36838603 ], [ 2.18591838, 41.36841068 ], [ 2.18588684, 41.36843299 ], [ 2.18586054, 41.36844785 ], [ 2.18596228, 41.36902713 ], [ 2.1861736, 41.37012564 ], [ 2.18720181, 41.37000691 ], [ 2.18688013, 41.36830086 ], [ 2.1869727, 41.36829096 ], [ 2.18686128, 41.3677964 ], [ 2.18681756, 41.36757595 ], [ 2.18673053, 41.36716341 ], [ 2.1866808, 41.36691233 ], [ 2.18625242, 41.36640889 ], [ 2.1860275, 41.36615071 ], [ 2.18576033, 41.36582446 ], [ 2.1854817, 41.36550167 ], [ 2.1854632, 41.36547548 ], [ 2.18536379, 41.36535845 ], [ 2.18513332, 41.36568718 ], [ 2.18508737, 41.36570351 ], [ 2.18497612, 41.36566966 ], [ 2.18493432, 41.36563098 ], [ 2.18493025, 41.36559317 ], [ 2.18493595, 41.36525628 ], [ 2.1851317, 41.36529612 ], [ 2.18528871, 41.36482345 ], [ 2.18531284, 41.36475085 ], [ 2.18536651, 41.36471918 ], [ 2.18543001, 41.36471463 ], [ 2.18555005, 41.36476047 ], [ 2.18560787, 41.36474947 ], [ 2.18565026, 41.36468852 ], [ 2.18571783, 41.36459141 ], [ 2.18575929, 41.36453183 ], [ 2.18578841, 41.36448995 ], [ 2.18585773, 41.36439035 ], [ 2.185973, 41.36422466 ], [ 2.18607133, 41.36418608 ], [ 2.18628144, 41.36410624 ], [ 2.18640779, 41.36406067 ], [ 2.18648207, 41.36403656 ], [ 2.18653477, 41.36403154 ], [ 2.18659598, 41.36403415 ], [ 2.18664856, 41.36404526 ], [ 2.18670309, 41.36406792 ], [ 2.18674339, 41.36409455 ], [ 2.18676621, 41.36411305 ], [ 2.18679443, 41.36414103 ], [ 2.18679252, 41.36416247 ], [ 2.18677799, 41.36417878 ], [ 2.18652533, 41.36427151 ], [ 2.18615485, 41.36440748 ], [ 2.18610012, 41.36448615 ], [ 2.18594913, 41.36470316 ], [ 2.18586403, 41.36482547 ], [ 2.18586241, 41.36485206 ], [ 2.18587075, 41.36488479 ], [ 2.18592044, 41.36493699 ], [ 2.18631429, 41.36520518 ], [ 2.18668978, 41.36550434 ], [ 2.18683961, 41.36567302 ], [ 2.18703623, 41.3659105 ], [ 2.18710463, 41.36602364 ], [ 2.18715674, 41.36610788 ], [ 2.18726463, 41.36625072 ], [ 2.18732834, 41.36640577 ], [ 2.18739614, 41.36656522 ], [ 2.18744366, 41.36668634 ], [ 2.18745472, 41.36673149 ], [ 2.1874599, 41.36675732 ], [ 2.1874755, 41.36675408 ], [ 2.18753103, 41.36676893 ], [ 2.18755818, 41.36678404 ], [ 2.18765551, 41.36689532 ], [ 2.1877753, 41.36708012 ], [ 2.18789577, 41.36723062 ], [ 2.18793443, 41.36725628 ], [ 2.18806029, 41.36722144 ], [ 2.18832623, 41.36710489 ], [ 2.18891646, 41.36686043 ], [ 2.18924531, 41.36674405 ], [ 2.18928331, 41.3667172 ], [ 2.1893012, 41.36669759 ], [ 2.18930184, 41.36663807 ], [ 2.18928246, 41.36658225 ], [ 2.18922751, 41.36652605 ], [ 2.18901011, 41.36618385 ], [ 2.18896642, 41.3661154 ], [ 2.18878744, 41.36586701 ], [ 2.18858826, 41.36555641 ], [ 2.18759245, 41.36401752 ], [ 2.18749997, 41.36383388 ], [ 2.18749997, 41.3637116 ], [ 2.18741435, 41.36357535 ], [ 2.18726259, 41.36342131 ], [ 2.18719173, 41.36344137 ], [ 2.18706441, 41.36343701 ], [ 2.18687221, 41.36340924 ], [ 2.18673378, 41.36336437 ], [ 2.18671209, 41.36333367 ], [ 2.18668882, 41.36328764 ], [ 2.18667984, 41.36321719 ], [ 2.18713297, 41.36312734 ], [ 2.18716275, 41.36307859 ], [ 2.18713355, 41.36296302 ], [ 2.18709466, 41.36285151 ], [ 2.18694802, 41.36243912 ], [ 2.18686713, 41.36222604 ], [ 2.18680458, 41.36204087 ], [ 2.18679258, 41.36201305 ], [ 2.18676442, 41.36195837 ], [ 2.18672303, 41.36186218 ], [ 2.18668621, 41.36175167 ], [ 2.18664665, 41.36162424 ], [ 2.18662598, 41.36162665 ], [ 2.18654328, 41.36140681 ], [ 2.18645803, 41.36119058 ], [ 2.18625879, 41.36066725 ], [ 2.18598504, 41.35996397 ], [ 2.1858694, 41.35967279 ], [ 2.18577421, 41.3594123 ], [ 2.18551154, 41.35871569 ], [ 2.18528075, 41.3581126 ], [ 2.18512222, 41.35814529 ], [ 2.18505682, 41.3579806 ], [ 2.18503677, 41.3579776 ], [ 2.18466155, 41.3580599 ], [ 2.18459876, 41.35790286 ], [ 2.1853606, 41.35773416 ], [ 2.18545162, 41.35796703 ], [ 2.18552556, 41.35814525 ], [ 2.18583616, 41.35895006 ], [ 2.18611189, 41.35969012 ], [ 2.18637136, 41.36034721 ], [ 2.18684875, 41.36158853 ], [ 2.18708733, 41.36153977 ], [ 2.18714526, 41.36170764 ], [ 2.18708539, 41.36171855 ], [ 2.18711804, 41.36180346 ], [ 2.18750538, 41.36279421 ], [ 2.18772936, 41.36308337 ], [ 2.18775912, 41.36347113 ], [ 2.18802566, 41.36378755 ], [ 2.1883962, 41.36445677 ], [ 2.18867484, 41.36488784 ], [ 2.18901887, 41.36542007 ], [ 2.18928188, 41.36582695 ], [ 2.18955058, 41.36624264 ], [ 2.18981218, 41.36664734 ], [ 2.19012772, 41.36704648 ], [ 2.19015879, 41.36712923 ], [ 2.19045324, 41.36763902 ], [ 2.19075764, 41.3681099 ], [ 2.19095866, 41.36842085 ], [ 2.19112292, 41.36867494 ], [ 2.19128703, 41.36892882 ], [ 2.19139861, 41.36910138 ], [ 2.19159457, 41.36940451 ], [ 2.19172243, 41.3696023 ], [ 2.19178098, 41.36969289 ], [ 2.19183333, 41.36977387 ], [ 2.19185715, 41.36981068 ], [ 2.19187741, 41.36985702 ], [ 2.19188001, 41.36989201 ], [ 2.19187577, 41.36990792 ], [ 2.19186534, 41.36992065 ], [ 2.19179377, 41.36998207 ], [ 2.19156986, 41.37003722 ], [ 2.19146138, 41.36997029 ], [ 2.19146034, 41.36992711 ], [ 2.19132307, 41.36972093 ], [ 2.1912521, 41.36960836 ], [ 2.19121829, 41.36954062 ], [ 2.19115262, 41.36943774 ], [ 2.19111197, 41.36939483 ], [ 2.19099488, 41.36937842 ], [ 2.19087091, 41.36939522 ], [ 2.19054545, 41.36947904 ], [ 2.19034749, 41.36951536 ], [ 2.19016189, 41.36964419 ], [ 2.18984614, 41.36992848 ], [ 2.18969177, 41.37015798 ], [ 2.18952842, 41.37049523 ], [ 2.18949139, 41.37068911 ], [ 2.18948216, 41.37109643 ], [ 2.18950974, 41.37156225 ], [ 2.18968589, 41.37241042 ], [ 2.19023679, 41.37386701 ], [ 2.19063547, 41.37471056 ], [ 2.19086275, 41.37519145 ], [ 2.19129796, 41.37583646 ], [ 2.19167872, 41.37623883 ], [ 2.19194998, 41.37645492 ], [ 2.19223128, 41.37663672 ], [ 2.19276908, 41.37684165 ], [ 2.19320663, 41.37691942 ], [ 2.19341389, 41.37690794 ], [ 2.19344239, 41.37691793 ], [ 2.19320114, 41.37707812 ], [ 2.19307214, 41.37726297 ], [ 2.19296559, 41.37741565 ], [ 2.19286848, 41.37763603 ], [ 2.19281844, 41.3779427 ], [ 2.19287154, 41.37840349 ], [ 2.19295621, 41.37869563 ], [ 2.19296816, 41.37873689 ], [ 2.19318351, 41.37919672 ], [ 2.19329027, 41.37937329 ], [ 2.19341749, 41.37958368 ], [ 2.1939473, 41.38021168 ], [ 2.19450476, 41.38070903 ], [ 2.19488997, 41.38093174 ], [ 2.19497899, 41.3809694 ], [ 2.19653124, 41.3804099 ], [ 2.19650754, 41.38036427 ], [ 2.19653887, 41.38030451 ], [ 2.19656334, 41.38028915 ], [ 2.19659424, 41.38027138 ], [ 2.19663551, 41.38025223 ], [ 2.19671666, 41.38023905 ], [ 2.19682468, 41.38025782 ], [ 2.19690747, 41.38028209 ], [ 2.19692768, 41.38029728 ], [ 2.19693197, 41.38030619 ], [ 2.19693431, 41.38034665 ], [ 2.19692061, 41.38040611 ], [ 2.19694151, 41.38045186 ], [ 2.19692662, 41.38050954 ], [ 2.19689612, 41.38054162 ], [ 2.19682584, 41.38057335 ], [ 2.19681772, 41.38057476 ], [ 2.1967105, 41.38055547 ], [ 2.19669727, 41.38055313 ], [ 2.19668021, 41.38054681 ], [ 2.19664815, 41.3805192 ], [ 2.19535187, 41.38098667 ], [ 2.19568051, 41.38152153 ], [ 2.1969607, 41.38106568 ], [ 2.19693892, 41.38101082 ], [ 2.19694198, 41.38099594 ], [ 2.19694707, 41.380987 ], [ 2.19702439, 41.38095491 ], [ 2.1971109, 41.38095662 ], [ 2.19716614, 41.38096474 ], [ 2.19720352, 41.38099224 ], [ 2.19725267, 41.38102495 ], [ 2.19727143, 41.38104188 ], [ 2.19730526, 41.38107793 ], [ 2.19731708, 41.38110859 ], [ 2.19731593, 41.38111649 ], [ 2.19726974, 41.38115756 ], [ 2.19723805, 41.38121472 ], [ 2.19721838, 41.38122927 ], [ 2.19719749, 41.38123475 ], [ 2.19712249, 41.38124075 ], [ 2.19710513, 41.38124051 ], [ 2.19698806, 41.38123285 ], [ 2.19697571, 41.38120967 ], [ 2.19546199, 41.38174423 ], [ 2.19546147, 41.38206959 ], [ 2.19556852, 41.38252142 ], [ 2.19580519, 41.3830187 ], [ 2.19593412, 41.38319419 ], [ 2.19630828, 41.38360383 ], [ 2.19655959, 41.38382548 ], [ 2.19700391, 41.38410403 ], [ 2.19722364, 41.38421324 ], [ 2.1978466, 41.38442684 ], [ 2.19819402, 41.38447986 ], [ 2.19820365, 41.3844487 ], [ 2.19820703, 41.38444261 ], [ 2.1982132, 41.38443493 ], [ 2.19821554, 41.38443087 ], [ 2.19822576, 41.3843974 ], [ 2.19823856, 41.38437057 ], [ 2.19824061, 41.38436396 ], [ 2.19824267, 41.38435497 ], [ 2.19824446, 41.38435052 ], [ 2.19824891, 41.38434498 ], [ 2.198253, 41.38434192 ], [ 2.19826279, 41.38433718 ], [ 2.19826682, 41.38433717 ], [ 2.19827239, 41.38433893 ], [ 2.19827492, 41.38433912 ], [ 2.19827874, 41.38433701 ], [ 2.19828365, 41.38433318 ], [ 2.19828636, 41.38433284 ], [ 2.19829539, 41.38433561 ], [ 2.19830943, 41.38433864 ], [ 2.19831519, 41.38434102 ], [ 2.19831704, 41.384343 ], [ 2.19831847, 41.38434757 ], [ 2.19831893, 41.38435374 ], [ 2.19831949, 41.38435678 ], [ 2.1983246, 41.3843724 ], [ 2.19832587, 41.38438397 ], [ 2.19832518, 41.38438973 ], [ 2.19832125, 41.38440294 ], [ 2.1983136, 41.38442216 ], [ 2.19831332, 41.38442724 ], [ 2.19831448, 41.38443416 ], [ 2.19831416, 41.38443753 ], [ 2.19830717, 41.38444957 ], [ 2.19830437, 41.38446368 ], [ 2.1983007, 41.38447692 ], [ 2.19829788, 41.38449453 ], [ 2.19829184, 41.38450595 ], [ 2.19829041, 41.38451589 ], [ 2.19828569, 41.38452551 ], [ 2.19828065, 41.38453504 ], [ 2.19827964, 41.38454698 ], [ 2.19827501, 41.38455269 ], [ 2.19827234, 41.38455445 ], [ 2.19827227, 41.38455719 ], [ 2.19827402, 41.38456087 ], [ 2.19827424, 41.3845627 ], [ 2.19827199, 41.38457059 ], [ 2.19826454, 41.38458118 ], [ 2.19825804, 41.38459601 ], [ 2.19825383, 41.38460857 ], [ 2.19825316, 41.38461978 ], [ 2.19825051, 41.38463416 ], [ 2.19825052, 41.38464544 ], [ 2.19825444, 41.38465393 ], [ 2.19825446, 41.38465571 ], [ 2.19825269, 41.38465929 ], [ 2.19824817, 41.384661 ], [ 2.19824411, 41.38466766 ], [ 2.19824306, 41.38467119 ], [ 2.19824328, 41.38467499 ], [ 2.19824416, 41.38468007 ], [ 2.19824355, 41.38468248 ], [ 2.19823831, 41.38469059 ], [ 2.19823276, 41.3846979 ], [ 2.19822994, 41.38470306 ], [ 2.19823838, 41.38471166 ], [ 2.1982425, 41.38471395 ], [ 2.19824952, 41.38471563 ], [ 2.19825283, 41.38471669 ], [ 2.19826062, 41.38471992 ], [ 2.19826394, 41.38472206 ], [ 2.19827432, 41.38473143 ], [ 2.19829404, 41.38474958 ], [ 2.19830373, 41.38475933 ], [ 2.19830645, 41.38475996 ], [ 2.19831101, 41.38475949 ], [ 2.1983129, 41.38475996 ], [ 2.19832149, 41.38476665 ], [ 2.19833148, 41.38477792 ], [ 2.19833319, 41.38478378 ], [ 2.19833953, 41.38479081 ], [ 2.19834345, 41.38479376 ], [ 2.19835047, 41.38479701 ], [ 2.19836731, 41.38480109 ], [ 2.19838731, 41.38480473 ], [ 2.19840291, 41.38480829 ], [ 2.19841036, 41.38481089 ], [ 2.19842087, 41.38481599 ], [ 2.19843979, 41.38482803 ], [ 2.19847464, 41.38485262 ], [ 2.19850296, 41.38487458 ], [ 2.19852334, 41.38488975 ], [ 2.19853547, 41.38489896 ], [ 2.19854056, 41.38490428 ], [ 2.19854377, 41.38491108 ], [ 2.19854549, 41.3849207 ], [ 2.19854689, 41.38492539 ], [ 2.19855266, 41.38493867 ], [ 2.19855821, 41.38494965 ], [ 2.19856916, 41.38496336 ], [ 2.19857829, 41.38497422 ], [ 2.19858659, 41.38498304 ], [ 2.19859197, 41.38498963 ], [ 2.19860068, 41.384995 ], [ 2.19860405, 41.38499733 ], [ 2.1986108, 41.38499907 ], [ 2.19881645, 41.3848436 ], [ 2.19904439, 41.38467517 ], [ 2.19903872, 41.38467066 ], [ 2.19908339, 41.38463772 ], [ 2.19914975, 41.38466667 ], [ 2.19928711, 41.38473176 ], [ 2.1994172, 41.38479895 ], [ 2.19953191, 41.38486417 ], [ 2.199655, 41.38494025 ], [ 2.1997222, 41.38498742 ], [ 2.19800025, 41.38627964 ], [ 2.19641967, 41.38746571 ], [ 2.19637529, 41.38745653 ], [ 2.19631396, 41.38745408 ], [ 2.19622882, 41.38745422 ], [ 2.19617273, 41.38745861 ], [ 2.19611106, 41.38747172 ], [ 2.19605796, 41.38748844 ], [ 2.19599781, 41.38751171 ], [ 2.19594941, 41.38753827 ], [ 2.19590639, 41.38757084 ], [ 2.19586494, 41.38761242 ], [ 2.19583787, 41.38764815 ], [ 2.19581459, 41.38769625 ], [ 2.19580263, 41.38774883 ], [ 2.19580257, 41.38778578 ], [ 2.19580622, 41.3878134 ], [ 2.19575455, 41.38785245 ], [ 2.1935999, 41.3862596 ], [ 2.19357272, 41.38623951 ], [ 2.1934772, 41.38631532 ], [ 2.19347528, 41.38631684 ], [ 2.19336234, 41.38640648 ], [ 2.19335844, 41.38640938 ], [ 2.19334474, 41.3864196 ], [ 2.19332982, 41.38643071 ], [ 2.19310338, 41.38659948 ], [ 2.19307888, 41.38661774 ], [ 2.19306124, 41.38663089 ], [ 2.19299745, 41.38667887 ], [ 2.19294461, 41.38671861 ], [ 2.19290858, 41.38674586 ], [ 2.19290782, 41.38674462 ], [ 2.19288153, 41.3867663 ], [ 2.19284371, 41.3867949 ], [ 2.19274588, 41.38686946 ], [ 2.19267759, 41.38692273 ], [ 2.19260288, 41.38698035 ], [ 2.19256133, 41.38701239 ], [ 2.19239823, 41.38713552 ], [ 2.19239895, 41.38713649 ], [ 2.19204648, 41.38740413 ], [ 2.19204986, 41.38740664 ], [ 2.19192094, 41.38750071 ], [ 2.19184128, 41.38756189 ], [ 2.1914881, 41.3878331 ], [ 2.19148536, 41.38783105 ], [ 2.19141746, 41.38788136 ], [ 2.19123368, 41.38802434 ], [ 2.19067548, 41.3884443 ], [ 2.19049618, 41.38857919 ], [ 2.18971899, 41.38916389 ], [ 2.18943969, 41.38937401 ], [ 2.189149, 41.3895927 ], [ 2.18907706, 41.38964682 ], [ 2.18907703, 41.38964684 ], [ 2.18873849, 41.38990152 ], [ 2.18846954, 41.39010556 ], [ 2.18817845, 41.39032638 ], [ 2.1878953, 41.39054068 ], [ 2.18750002, 41.39083983 ], [ 2.18726918, 41.39101453 ], [ 2.18718103, 41.39108126 ], [ 2.1869841, 41.39123033 ], [ 2.18676972, 41.3913926 ], [ 2.18458564, 41.38975553 ], [ 2.18345135, 41.39061197 ] ] ] ] } },
{ "type": "Feature", "properties": { "id": "02", "kind": "district", "name": "Eixample" }, "geometry": { "type": "MultiPolygon", "coordinates": [ [ [ [ 2.18689546, 41.40165448 ], [ 2.18689547, 41.40165635 ], [ 2.18673847, 41.40177536 ], [ 2.18586351, 41.40243855 ], [ 2.18573667, 41.40253468 ], [ 2.18517532, 41.40296015 ], [ 2.18496684, 41.40311816 ], [ 2.18496359, 41.40312063 ], [ 2.18452702, 41.40345151 ], [ 2.18460847, 41.40351242 ], [ 2.18559009, 41.40424658 ], [ 2.18566931, 41.40430582 ], [ 2.18494527, 41.40485458 ], [ 2.18338261, 41.4060389 ], [ 2.18310253, 41.40625116 ], [ 2.1822521, 41.40689369 ], [ 2.18111627, 41.40775641 ], [ 2.18001925, 41.4085877 ], [ 2.17887982, 41.40944954 ], [ 2.17772348, 41.41032733 ], [ 2.17746327, 41.4105245 ], [ 2.17715327, 41.41075939 ], [ 2.17689296, 41.41095662 ], [ 2.17659404, 41.41118311 ], [ 2.17546779, 41.41203644 ], [ 2.17432893, 41.4111822 ], [ 2.17324183, 41.41036674 ], [ 2.1721373, 41.409538 ], [ 2.16997075, 41.40791287 ], [ 2.16865931, 41.40692898 ], [ 2.16978713, 41.40607588 ], [ 2.17089716, 41.40523622 ], [ 2.17204294, 41.40436948 ], [ 2.16977803, 41.4026724 ], [ 2.16866499, 41.4018382 ], [ 2.16735349, 41.40085534 ], [ 2.16622469, 41.40170476 ], [ 2.16621815, 41.40170968 ], [ 2.16524823, 41.40098157 ], [ 2.16410839, 41.40012587 ], [ 2.16290816, 41.3992248 ], [ 2.16184134, 41.39842386 ], [ 2.16159702, 41.39824043 ], [ 2.16157297, 41.39822237 ], [ 2.1595455, 41.3967001 ], [ 2.15922647, 41.39646056 ], [ 2.15865131, 41.39631503 ], [ 2.15590435, 41.39561994 ], [ 2.15571072, 41.39557094 ], [ 2.15471072, 41.39531793 ], [ 2.15130801, 41.39445694 ], [ 2.14961735, 41.3940291 ], [ 2.14792213, 41.39360008 ], [ 2.14668533, 41.39328706 ], [ 2.14621661, 41.39316843 ], [ 2.14616086, 41.39315432 ], [ 2.14556475, 41.39300344 ], [ 2.14497835, 41.39285501 ], [ 2.14499504, 41.39280301 ], [ 2.14500233, 41.39275457 ], [ 2.14500188, 41.39270628 ], [ 2.14499048, 41.39265064 ], [ 2.14496769, 41.39259702 ], [ 2.14493946, 41.39255368 ], [ 2.14489034, 41.39250109 ], [ 2.14485831, 41.39247616 ], [ 2.14483524, 41.3924582 ], [ 2.14478927, 41.39243085 ], [ 2.1447278, 41.392403 ], [ 2.14465696, 41.3923815 ], [ 2.14458264, 41.39236818 ], [ 2.14451926, 41.39236353 ], [ 2.14445184, 41.39236533 ], [ 2.14440113, 41.39237186 ], [ 2.14434447, 41.39238404 ], [ 2.14395823, 41.39147146 ], [ 2.14380157, 41.39102712 ], [ 2.14364933, 41.39050056 ], [ 2.14352943, 41.39004341 ], [ 2.14319771, 41.38871852 ], [ 2.14293973, 41.38767754 ], [ 2.14275105, 41.38660346 ], [ 2.14264568, 41.38565109 ], [ 2.14264196, 41.3856175 ], [ 2.14264194, 41.38561726 ], [ 2.14264193, 41.38561713 ], [ 2.14262437, 41.38536353 ], [ 2.14255881, 41.38441615 ], [ 2.14254022, 41.38414755 ], [ 2.1425341, 41.38405915 ], [ 2.14241911, 41.38239769 ], [ 2.14231131, 41.38083995 ], [ 2.14230284, 41.38071753 ], [ 2.14231583, 41.38070771 ], [ 2.14242078, 41.38062838 ], [ 2.14288901, 41.38027446 ], [ 2.14290317, 41.38026375 ], [ 2.14333352, 41.37993846 ], [ 2.14483733, 41.3788017 ], [ 2.14593182, 41.37797433 ], [ 2.14705471, 41.37712545 ], [ 2.14725217, 41.37697617 ], [ 2.1482362, 41.37623223 ], [ 2.14895785, 41.37576772 ], [ 2.14922689, 41.37556618 ], [ 2.1493463, 41.37547546 ], [ 2.14952715, 41.37533806 ], [ 2.14952858, 41.37533705 ], [ 2.14976671, 41.37516819 ], [ 2.14989887, 41.37507448 ], [ 2.1509892, 41.37503515 ], [ 2.15402512, 41.37500262 ], [ 2.1560865, 41.37500813 ], [ 2.15623786, 41.37500872 ], [ 2.15769973, 41.3750025 ], [ 2.15867493, 41.37499999 ], [ 2.15933496, 41.37499829 ], [ 2.16091446, 41.3749942 ], [ 2.1615433, 41.37499257 ], [ 2.16214996, 41.37499099 ], [ 2.16338503, 41.37498776 ], [ 2.16522748, 41.37498292 ], [ 2.16545804, 41.37498231 ], [ 2.16779689, 41.37497616 ], [ 2.16778816, 41.37516741 ], [ 2.16677833, 41.37591403 ], [ 2.16612827, 41.3764132 ], [ 2.16546254, 41.37692438 ], [ 2.16466734, 41.37753496 ], [ 2.16321416, 41.37865072 ], [ 2.16308877, 41.37874699 ], [ 2.16331091, 41.38034969 ], [ 2.16349004, 41.38164203 ], [ 2.16358416, 41.38231916 ], [ 2.16383423, 41.38412504 ], [ 2.16401077, 41.3853985 ], [ 2.16471379, 41.3859302 ], [ 2.16935834, 41.38553971 ], [ 2.16976891, 41.38557369 ], [ 2.16996328, 41.38566654 ], [ 2.17013302, 41.38576561 ], [ 2.17028425, 41.38587856 ], [ 2.17113804, 41.38684221 ], [ 2.17133598, 41.38694958 ], [ 2.17151019, 41.38704408 ], [ 2.17170232, 41.387263 ], [ 2.17276218, 41.3884706 ], [ 2.17276538, 41.38847425 ], [ 2.17340885, 41.38894837 ], [ 2.17375754, 41.38894846 ], [ 2.17585082, 41.38894897 ], [ 2.17739242, 41.39009153 ], [ 2.17749008, 41.39016392 ], [ 2.17985918, 41.3910522 ], [ 2.18022911, 41.39134783 ], [ 2.1813233, 41.39222223 ], [ 2.18238095, 41.39142013 ], [ 2.18352726, 41.39226839 ], [ 2.18388449, 41.39253273 ], [ 2.18467519, 41.39311781 ], [ 2.18581106, 41.39395827 ], [ 2.18673169, 41.39463945 ], [ 2.18670734, 41.39466006 ], [ 2.18668184, 41.39469048 ], [ 2.18666427, 41.39472394 ], [ 2.18665523, 41.39475927 ], [ 2.18665504, 41.39479524 ], [ 2.18666371, 41.39483062 ], [ 2.18668092, 41.39486418 ], [ 2.18670609, 41.39489476 ], [ 2.18672834, 41.39491306 ], [ 2.18673835, 41.3949213 ], [ 2.18677658, 41.39494288 ], [ 2.18681945, 41.39495875 ], [ 2.18686549, 41.39496837 ], [ 2.18686595, 41.39507113 ], [ 2.18687288, 41.39661788 ], [ 2.18688017, 41.39824211 ], [ 2.18688566, 41.39946703 ], [ 2.18688695, 41.39975532 ], [ 2.18689194, 41.40086739 ], [ 2.18689546, 41.40165448 ] ] ] ] } },
{ "type": "Feature", "properties": { "id": "03", "kind": "district", "name": "Sants-Montjuïc" }, "geometry": { "type": "MultiPolygon", "coordinates": [ [ [ [ 2.1482362, 41.37623223 ], [ 2.14725217, 41.37697617 ], [ 2.14705471, 41.37712545 ], [ 2.14593182, 41.37797433 ], [ 2.14483733, 41.3788017 ], [ 2.14333352, 41.37993846 ], [ 2.14290317, 41.38026375 ], [ 2.14288901, 41.38027446 ], [ 2.14242078, 41.38062838 ], [ 2.14231583, 41.38070771 ], [ 2.14230284, 41.38071753 ], [ 2.14231131, 41.38083995 ], [ 2.14241911, 41.38239769 ], [ 2.1425341, 41.38405915 ], [ 2.14254022, 41.38414755 ], [ 2.14255881, 41.38441615 ], [ 2.14262437, 41.38536353 ], [ 2.14264193, 41.38561713 ], [ 2.14230405, 41.38536466 ], [ 2.14070713, 41.38417137 ], [ 2.14033999, 41.38395887 ], [ 2.13905717, 41.38321637 ], [ 2.13761293, 41.38257101 ], [ 2.13758603, 41.38256105 ], [ 2.13719177, 41.38241506 ], [ 2.13694741, 41.38232457 ], [ 2.13626587, 41.3820722 ], [ 2.13587417, 41.38192716 ], [ 2.13549693, 41.38178746 ], [ 2.13480769, 41.38153223 ], [ 2.13354933, 41.3811591 ], [ 2.13277032, 41.38092811 ], [ 2.132401, 41.38081859 ], [ 2.13177824, 41.38063392 ], [ 2.13166745, 41.38060107 ], [ 2.13083721, 41.38027076 ], [ 2.13071658, 41.38020742 ], [ 2.12993423, 41.3797966 ], [ 2.12920754, 41.37941499 ], [ 2.12915421, 41.37938698 ], [ 2.1285358, 41.37906223 ], [ 2.12758218, 41.37856144 ], [ 2.12751093, 41.37851969 ], [ 2.12698922, 41.37821404 ], [ 2.12574406, 41.37748452 ], [ 2.12528503, 41.37721557 ], [ 2.12504902, 41.37707729 ], [ 2.12442163, 41.37670193 ], [ 2.12371138, 41.37627699 ], [ 2.12270317, 41.37567376 ], [ 2.12178694, 41.37569467 ], [ 2.12184059, 41.3755762 ], [ 2.12208144, 41.37541466 ], [ 2.12234765, 41.37528645 ], [ 2.12324079, 41.37485037 ], [ 2.12327521, 41.37481885 ], [ 2.12349699, 41.37461083 ], [ 2.12360011, 41.37451348 ], [ 2.12369252, 41.37442056 ], [ 2.1237608, 41.37434127 ], [ 2.12380975, 41.37427503 ], [ 2.12382411, 41.37425399 ], [ 2.12390443, 41.3741126 ], [ 2.12419225, 41.37363441 ], [ 2.1242181, 41.37359208 ], [ 2.12422782, 41.37357801 ], [ 2.12423433, 41.37357052 ], [ 2.12424366, 41.37356026 ], [ 2.12425476, 41.37354994 ], [ 2.12426696, 41.37354036 ], [ 2.12428017, 41.37353158 ], [ 2.12429844, 41.37352097 ], [ 2.12439253, 41.37347189 ], [ 2.12486844, 41.37321752 ], [ 2.12493488, 41.37318025 ], [ 2.12545421, 41.37288891 ], [ 2.12570033, 41.37271979 ], [ 2.12600776, 41.37250252 ], [ 2.1261325, 41.37242125 ], [ 2.12644873, 41.37221521 ], [ 2.12656964, 41.37213163 ], [ 2.12685146, 41.37193666 ], [ 2.12698946, 41.37184174 ], [ 2.12730064, 41.37162607 ], [ 2.12734778, 41.37160293 ], [ 2.12741296, 41.37157092 ], [ 2.12794894, 41.37127589 ], [ 2.12813611, 41.37118099 ], [ 2.12851604, 41.37104628 ], [ 2.1288722, 41.37091777 ], [ 2.12923012, 41.37072614 ], [ 2.12934516, 41.37062825 ], [ 2.12943729, 41.37054918 ], [ 2.12990375, 41.37015556 ], [ 2.12999621, 41.37008338 ], [ 2.13008867, 41.3700112 ], [ 2.13016636, 41.36995412 ], [ 2.13024133, 41.36989493 ], [ 2.13031746, 41.3698293 ], [ 2.13041521, 41.36973469 ], [ 2.1304682, 41.36967908 ], [ 2.13051521, 41.3696271 ], [ 2.13058123, 41.36955177 ], [ 2.13064638, 41.36947281 ], [ 2.13069522, 41.36940566 ], [ 2.13074865, 41.36933003 ], [ 2.13086548, 41.36917416 ], [ 2.13104065, 41.36892654 ], [ 2.13115125, 41.36876105 ], [ 2.13125615, 41.36859567 ], [ 2.13142809, 41.36831539 ], [ 2.13148452, 41.3682199 ], [ 2.1314951, 41.36820197 ], [ 2.13163076, 41.3679722 ], [ 2.13189493, 41.36725425 ], [ 2.13203051, 41.36677799 ], [ 2.13231111, 41.36637114 ], [ 2.13288542, 41.36553842 ], [ 2.13286796, 41.36536098 ], [ 2.13289385, 41.36530768 ], [ 2.13355387, 41.36394737 ], [ 2.13365628, 41.36361457 ], [ 2.13379734, 41.36350829 ], [ 2.1340932, 41.36328539 ], [ 2.13543006, 41.36225651 ], [ 2.13499223, 41.36151402 ], [ 2.13486733, 41.36134334 ], [ 2.13477906, 41.36124271 ], [ 2.13468432, 41.36114892 ], [ 2.13456151, 41.36104212 ], [ 2.1344809, 41.36098202 ], [ 2.13315941, 41.35999663 ], [ 2.13296658, 41.35985284 ], [ 2.1333098, 41.35938065 ], [ 2.13285238, 41.35919153 ], [ 2.13336514, 41.35848448 ], [ 2.133216, 41.35842656 ], [ 2.13321252, 41.35802304 ], [ 2.13319356, 41.35741657 ], [ 2.13310332, 41.35687619 ], [ 2.13297007, 41.35649683 ], [ 2.13318792, 41.35617744 ], [ 2.13206956, 41.35574352 ], [ 2.13305359, 41.35430326 ], [ 2.13389983, 41.35305961 ], [ 2.13377096, 41.35300506 ], [ 2.13504216, 41.35130105 ], [ 2.13517537, 41.3511351 ], [ 2.13529941, 41.35099176 ], [ 2.1355949, 41.35068184 ], [ 2.13562859, 41.35064684 ], [ 2.13652206, 41.34971362 ], [ 2.13671131, 41.34951594 ], [ 2.13693268, 41.34928473 ], [ 2.13720242, 41.34900297 ], [ 2.13726396, 41.34893869 ], [ 2.13742208, 41.34877355 ], [ 2.13707442, 41.34865249 ], [ 2.13678614, 41.34836475 ], [ 2.135664, 41.34797848 ], [ 2.13479622, 41.34768442 ], [ 2.13354545, 41.34725565 ], [ 2.13211903, 41.34676858 ], [ 2.13122222, 41.34644773 ], [ 2.13006072, 41.34601527 ], [ 2.12926815, 41.34571816 ], [ 2.12874242, 41.34552305 ], [ 2.12809194, 41.34529805 ], [ 2.11120201, 41.33969953 ], [ 2.10803908, 41.33860777 ], [ 2.1013685, 41.3363341 ], [ 2.10052652, 41.33604205 ], [ 2.1022497, 41.33535068 ], [ 2.10276922, 41.33510138 ], [ 2.10313466, 41.33490412 ], [ 2.10412839, 41.3343354 ], [ 2.10478878, 41.33393115 ], [ 2.10538936, 41.3334943 ], [ 2.10582966, 41.33316176 ], [ 2.10657155, 41.33258096 ], [ 2.10765371, 41.331745 ], [ 2.10837851, 41.33110334 ], [ 2.10874883, 41.33072958 ], [ 2.10911823, 41.33024511 ], [ 2.110131, 41.3289296 ], [ 2.11137894, 41.32724754 ], [ 2.11230244, 41.32611669 ], [ 2.11310982, 41.32559604 ], [ 2.11403875, 41.32488096 ], [ 2.11565267, 41.32388988 ], [ 2.11704335, 41.32332096 ], [ 2.11890079, 41.32273402 ], [ 2.12174501, 41.32206619 ], [ 2.12313535, 41.32180662 ], [ 2.12579805, 41.32135293 ], [ 2.12851899, 41.32096138 ], [ 2.13071182, 41.32077179 ], [ 2.13211677, 41.3208087 ], [ 2.13258209, 41.32084638 ], [ 2.13976877, 41.32111536 ], [ 2.14126791, 41.32109031 ], [ 2.14374271, 41.32094413 ], [ 2.14574153, 41.32075092 ], [ 2.14661763, 41.32077984 ], [ 2.14672915, 41.3207602 ], [ 2.14685951, 41.32075425 ], [ 2.14771162, 41.32075768 ], [ 2.14951987, 41.32074056 ], [ 2.14962, 41.32074361 ], [ 2.14972841, 41.32075759 ], [ 2.14985731, 41.32068288 ], [ 2.15069568, 41.32152952 ], [ 2.15081577, 41.3216741 ], [ 2.15092611, 41.32184858 ], [ 2.15114259, 41.32220138 ], [ 2.15139583, 41.32261409 ], [ 2.15172693, 41.32315367 ], [ 2.15172723, 41.32315356 ], [ 2.15226521, 41.32296422 ], [ 2.15228826, 41.32298703 ], [ 2.152351, 41.32307581 ], [ 2.15237219, 41.32319091 ], [ 2.15246423, 41.32336703 ], [ 2.15260863, 41.32362959 ], [ 2.15269332, 41.32386476 ], [ 2.15271111, 41.32397696 ], [ 2.15277645, 41.3241081 ], [ 2.15285036, 41.32430579 ], [ 2.15289676, 41.3244003 ], [ 2.15295676, 41.32464695 ], [ 2.15300445, 41.32479814 ], [ 2.15303657, 41.32491274 ], [ 2.15304901, 41.32495332 ], [ 2.15304841, 41.32502126 ], [ 2.1530946, 41.32516492 ], [ 2.15310431, 41.32520551 ], [ 2.15312965, 41.32532799 ], [ 2.15317357, 41.32542 ], [ 2.15318095, 41.32548633 ], [ 2.15321753, 41.32556282 ], [ 2.15327354, 41.32565611 ], [ 2.15329281, 41.32575544 ], [ 2.15333222, 41.32585795 ], [ 2.15334341, 41.32590977 ], [ 2.15336941, 41.32596904 ], [ 2.15337693, 41.32604178 ], [ 2.15339856, 41.3261144 ], [ 2.15341261, 41.32617003 ], [ 2.15345573, 41.32627516 ], [ 2.15348978, 41.32632219 ], [ 2.15350653, 41.3263856 ], [ 2.15353566, 41.32644497 ], [ 2.15354904, 41.32649561 ], [ 2.15361439, 41.32657778 ], [ 2.15363681, 41.32664622 ], [ 2.1536892, 41.32684006 ], [ 2.15372166, 41.32694738 ], [ 2.15382592, 41.3273177 ], [ 2.15384357, 41.32737197 ], [ 2.15387731, 41.32747206 ], [ 2.15387955, 41.32750349 ], [ 2.15382478, 41.32752126 ], [ 2.1538702, 41.3275944 ], [ 2.15392333, 41.32757587 ], [ 2.15396268, 41.32766517 ], [ 2.15399693, 41.32767982 ], [ 2.15408004, 41.3276587 ], [ 2.1541667, 41.32761876 ], [ 2.15422065, 41.32755693 ], [ 2.15423193, 41.32751837 ], [ 2.15424892, 41.32750366 ], [ 2.15422495, 41.32747078 ], [ 2.15416822, 41.32742508 ], [ 2.15404167, 41.32731912 ], [ 2.15403987, 41.3272692 ], [ 2.15404007, 41.32725307 ], [ 2.15405566, 41.32723954 ], [ 2.15418738, 41.32721621 ], [ 2.15421302, 41.32721378 ], [ 2.1542619, 41.32721849 ], [ 2.15433925, 41.32727105 ], [ 2.15442607, 41.32735479 ], [ 2.15449509, 41.3274662 ], [ 2.15449483, 41.32755616 ], [ 2.15448106, 41.32761544 ], [ 2.15439466, 41.32774732 ], [ 2.15428259, 41.32781247 ], [ 2.15426241, 41.32783542 ], [ 2.15426604, 41.32785386 ], [ 2.15429952, 41.32786016 ], [ 2.15478328, 41.32784159 ], [ 2.15697676, 41.32782546 ], [ 2.15884522, 41.32783479 ], [ 2.15886971, 41.32778893 ], [ 2.15892552, 41.32776764 ], [ 2.15897109, 41.32776308 ], [ 2.15890499, 41.32757278 ], [ 2.15882877, 41.32754549 ], [ 2.15879322, 41.32747793 ], [ 2.15873603, 41.32733829 ], [ 2.15872251, 41.32728083 ], [ 2.15875554, 41.32722515 ], [ 2.15877697, 41.32719389 ], [ 2.15881679, 41.32716002 ], [ 2.1588986, 41.32713936 ], [ 2.15902764, 41.32714067 ], [ 2.15909067, 41.32715338 ], [ 2.15914883, 41.32718018 ], [ 2.15920241, 41.32722085 ], [ 2.1592474, 41.32729901 ], [ 2.15930895, 41.32741908 ], [ 2.15946452, 41.32782555 ], [ 2.15953274, 41.32796203 ], [ 2.15963189, 41.32809362 ], [ 2.15973205, 41.3282376 ], [ 2.15980999, 41.32851156 ], [ 2.15999726, 41.32899581 ], [ 2.16007126, 41.32916605 ], [ 2.16028783, 41.3296851 ], [ 2.16064738, 41.33051953 ], [ 2.16086435, 41.33100824 ], [ 2.16109918, 41.33158679 ], [ 2.16116433, 41.33172613 ], [ 2.16132052, 41.33204873 ], [ 2.16138623, 41.33223995 ], [ 2.16146363, 41.33242161 ], [ 2.16157307, 41.33268499 ], [ 2.1616709, 41.33287732 ], [ 2.16171211, 41.33297432 ], [ 2.16182442, 41.33322886 ], [ 2.1620396, 41.33371569 ], [ 2.1621951, 41.33407907 ], [ 2.16226525, 41.33421542 ], [ 2.16230923, 41.33434962 ], [ 2.16240841, 41.33453295 ], [ 2.16245059, 41.33465115 ], [ 2.16249264, 41.33472719 ], [ 2.16257595, 41.33488849 ], [ 2.16259568, 41.33493557 ], [ 2.16266026, 41.33509195 ], [ 2.16274708, 41.33529349 ], [ 2.16293885, 41.33572026 ], [ 2.16312052, 41.33607799 ], [ 2.1632406, 41.33631832 ], [ 2.16333794, 41.33650249 ], [ 2.16344919, 41.3368004 ], [ 2.16356598, 41.33704694 ], [ 2.16363121, 41.33717533 ], [ 2.16359947, 41.33723335 ], [ 2.16363912, 41.3373187 ], [ 2.16368628, 41.33733385 ], [ 2.16372816, 41.33735562 ], [ 2.16374609, 41.33736801 ], [ 2.16374947, 41.33737983 ], [ 2.16375106, 41.33739613 ], [ 2.16375149, 41.33739689 ], [ 2.16375156, 41.33739701 ], [ 2.1637582, 41.33740867 ], [ 2.16375527, 41.3374139 ], [ 2.16375518, 41.33741406 ], [ 2.16374567, 41.3374158 ], [ 2.16373733, 41.33741258 ], [ 2.16372452, 41.33743052 ], [ 2.1637318, 41.33743594 ], [ 2.16373136, 41.33744111 ], [ 2.16371247, 41.33745116 ], [ 2.16368825, 41.33744917 ], [ 2.16368364, 41.33746127 ], [ 2.16370472, 41.33750186 ], [ 2.16370928, 41.33751063 ], [ 2.16372982, 41.33753557 ], [ 2.16374973, 41.33759081 ], [ 2.16378024, 41.33766764 ], [ 2.16379893, 41.33768615 ], [ 2.16379531, 41.33770133 ], [ 2.16380766, 41.33772589 ], [ 2.16381449, 41.33773948 ], [ 2.16382981, 41.33776992 ], [ 2.16385113, 41.3378103 ], [ 2.16385477, 41.3378113 ], [ 2.16385735, 41.33783752 ], [ 2.16387779, 41.33786522 ], [ 2.16389164, 41.33789205 ], [ 2.16389314, 41.33791113 ], [ 2.16390212, 41.33793693 ], [ 2.16391383, 41.33797157 ], [ 2.16392908, 41.3379938 ], [ 2.16393648, 41.33800579 ], [ 2.16394563, 41.33800737 ], [ 2.16401262, 41.33799686 ], [ 2.1642002, 41.33797002 ], [ 2.1642652, 41.33796061 ], [ 2.16426567, 41.33796054 ], [ 2.16447449, 41.33793031 ], [ 2.1647512, 41.33788475 ], [ 2.16480749, 41.33787502 ], [ 2.16483323, 41.33787556 ], [ 2.16486129, 41.33788327 ], [ 2.16488051, 41.33789384 ], [ 2.16488783, 41.3379103 ], [ 2.16509971, 41.33787639 ], [ 2.16502349, 41.33761321 ], [ 2.16517843, 41.33758773 ], [ 2.16538866, 41.33831364 ], [ 2.16523516, 41.33833889 ], [ 2.16515461, 41.33807321 ], [ 2.16494125, 41.33811216 ], [ 2.16494529, 41.33813101 ], [ 2.16494057, 41.33813904 ], [ 2.16492177, 41.33815316 ], [ 2.16490539, 41.33816484 ], [ 2.16488738, 41.33817389 ], [ 2.16486799, 41.33818069 ], [ 2.16480053, 41.33819387 ], [ 2.16466564, 41.33821932 ], [ 2.16460078, 41.33823478 ], [ 2.16444866, 41.33825829 ], [ 2.16436847, 41.33827248 ], [ 2.16436562, 41.33827298 ], [ 2.16434599, 41.33827646 ], [ 2.16432678, 41.33827985 ], [ 2.16424802, 41.33829678 ], [ 2.16410375, 41.33831344 ], [ 2.16407522, 41.33832207 ], [ 2.16418123, 41.33854481 ], [ 2.1642684, 41.33874545 ], [ 2.16436863, 41.33896209 ], [ 2.16461317, 41.33949968 ], [ 2.16481216, 41.33995254 ], [ 2.16492514, 41.34022067 ], [ 2.16493664, 41.34024515 ], [ 2.16494847, 41.34025289 ], [ 2.16495959, 41.34025602 ], [ 2.16497048, 41.34025846 ], [ 2.16498168, 41.34025738 ], [ 2.16508225, 41.34022948 ], [ 2.16507606, 41.3402152 ], [ 2.1651193, 41.34020455 ], [ 2.16514721, 41.34026892 ], [ 2.16560052, 41.34015729 ], [ 2.16572936, 41.34061329 ], [ 2.16563474, 41.34062876 ], [ 2.16552849, 41.34025302 ], [ 2.16517821, 41.34034022 ], [ 2.16528835, 41.34059148 ], [ 2.16524522, 41.34060221 ], [ 2.16522555, 41.34055733 ], [ 2.1652076, 41.34056134 ], [ 2.16519865, 41.34056417 ], [ 2.16519123, 41.34056851 ], [ 2.1651863, 41.34057275 ], [ 2.16517649, 41.34057532 ], [ 2.16516681, 41.34057893 ], [ 2.16516071, 41.34058285 ], [ 2.16515212, 41.34058221 ], [ 2.16514651, 41.34058534 ], [ 2.1651424, 41.34059061 ], [ 2.16514364, 41.34059467 ], [ 2.16514356, 41.3405987 ], [ 2.16513472, 41.34060266 ], [ 2.16512927, 41.34060809 ], [ 2.16512689, 41.3406153 ], [ 2.16512732, 41.34062109 ], [ 2.165124, 41.34062695 ], [ 2.16512183, 41.3406315 ], [ 2.1651228, 41.34063817 ], [ 2.16512524, 41.34064543 ], [ 2.16512158, 41.34065145 ], [ 2.16511646, 41.34065738 ], [ 2.16511453, 41.34066423 ], [ 2.16511438, 41.34067257 ], [ 2.16511696, 41.34067996 ], [ 2.16511862, 41.34068883 ], [ 2.16512096, 41.34069598 ], [ 2.16512494, 41.34069927 ], [ 2.16512691, 41.34070543 ], [ 2.16513011, 41.34071913 ], [ 2.16513595, 41.34072434 ], [ 2.16514044, 41.34073199 ], [ 2.16514365, 41.3407411 ], [ 2.16514999, 41.34075552 ], [ 2.16515756, 41.34076543 ], [ 2.16516233, 41.3407735 ], [ 2.16517124, 41.34079057 ], [ 2.16517669, 41.34080043 ], [ 2.1651784, 41.34081597 ], [ 2.16519139, 41.34084143 ], [ 2.16519676, 41.34085341 ], [ 2.16520291, 41.34087246 ], [ 2.16520955, 41.34088615 ], [ 2.16521662, 41.34089418 ], [ 2.16522614, 41.34090637 ], [ 2.16523091, 41.3409148 ], [ 2.16523752, 41.34093106 ], [ 2.16524055, 41.34094465 ], [ 2.16524326, 41.34095512 ], [ 2.16524416, 41.34096709 ], [ 2.16524662, 41.34097552 ], [ 2.16524798, 41.34098016 ], [ 2.16525383, 41.3409922 ], [ 2.16525915, 41.34100569 ], [ 2.16526365, 41.34101645 ], [ 2.16527002, 41.34102324 ], [ 2.16527181, 41.34102515 ], [ 2.16527382, 41.34102729 ], [ 2.16527994, 41.34103834 ], [ 2.1652844, 41.34105023 ], [ 2.16528707, 41.34106201 ], [ 2.16529465, 41.3410729 ], [ 2.16529851, 41.34107609 ], [ 2.16531116, 41.34110771 ], [ 2.16531396, 41.34112029 ], [ 2.16531717, 41.3411293 ], [ 2.16532041, 41.34113583 ], [ 2.16532662, 41.34114121 ], [ 2.16533493, 41.34114586 ], [ 2.16534305, 41.34115015 ], [ 2.16534891, 41.34115551 ], [ 2.16535351, 41.34116235 ], [ 2.16535948, 41.34117016 ], [ 2.16537004, 41.34117606 ], [ 2.16538131, 41.34117893 ], [ 2.16539027, 41.3411793 ], [ 2.16540209, 41.34117899 ], [ 2.16542256, 41.34117815 ], [ 2.16543503, 41.34117323 ], [ 2.16544672, 41.34117326 ], [ 2.16546544, 41.34117269 ], [ 2.16548233, 41.34116977 ], [ 2.16550038, 41.34116583 ], [ 2.16551741, 41.34116347 ], [ 2.1655371, 41.34115806 ], [ 2.16555127, 41.34115473 ], [ 2.16556831, 41.34115287 ], [ 2.16558314, 41.34114889 ], [ 2.16559512, 41.34114672 ], [ 2.16561342, 41.34114694 ], [ 2.165627, 41.34114692 ], [ 2.16564497, 41.34114546 ], [ 2.1656582, 41.34114078 ], [ 2.16567696, 41.34113569 ], [ 2.16568883, 41.34113474 ], [ 2.16570485, 41.34113369 ], [ 2.16574468, 41.34113044 ], [ 2.16576638, 41.34112663 ], [ 2.16578446, 41.34112266 ], [ 2.16580325, 41.34111676 ], [ 2.16582331, 41.3411107 ], [ 2.16583556, 41.34110781 ], [ 2.16584942, 41.34110454 ], [ 2.16586623, 41.34110238 ], [ 2.16590586, 41.34110234 ], [ 2.16592607, 41.34109807 ], [ 2.16594784, 41.34109283 ], [ 2.16596767, 41.3410865 ], [ 2.16599049, 41.3410831 ], [ 2.16600601, 41.34107739 ], [ 2.16602177, 41.34107254 ], [ 2.16603502, 41.34107049 ], [ 2.16604901, 41.34106776 ], [ 2.16606353, 41.34106563 ], [ 2.1660947, 41.34106501 ], [ 2.16611518, 41.34106567 ], [ 2.16613692, 41.34106885 ], [ 2.16615481, 41.34107337 ], [ 2.16616881, 41.34107993 ], [ 2.16618229, 41.34108534 ], [ 2.16619251, 41.34109236 ], [ 2.1662031, 41.34110168 ], [ 2.16621412, 41.34111264 ], [ 2.16622529, 41.34112686 ], [ 2.16623146, 41.34113986 ], [ 2.16623233, 41.34115422 ], [ 2.16623236, 41.34116881 ], [ 2.16623721, 41.34118477 ], [ 2.16624316, 41.34120436 ], [ 2.16624661, 41.34121893 ], [ 2.16624781, 41.34122805 ], [ 2.16623995, 41.34125013 ], [ 2.16623349, 41.34125639 ], [ 2.16622861, 41.34126392 ], [ 2.16622469, 41.34127324 ], [ 2.16622148, 41.34128321 ], [ 2.16621895, 41.34129386 ], [ 2.16620584, 41.34130286 ], [ 2.16618683, 41.34131043 ], [ 2.16617705, 41.34131728 ], [ 2.16616575, 41.3413252 ], [ 2.16614421, 41.34133115 ], [ 2.16612203, 41.34133466 ], [ 2.16610486, 41.34133895 ], [ 2.16608283, 41.3413422 ], [ 2.16606076, 41.34134424 ], [ 2.16603045, 41.34134566 ], [ 2.16600518, 41.34134994 ], [ 2.16598371, 41.34135214 ], [ 2.1659607, 41.34134929 ], [ 2.16594132, 41.34134737 ], [ 2.16592152, 41.3413444 ], [ 2.16588036, 41.34132295 ], [ 2.16586393, 41.34131613 ], [ 2.16584821, 41.34131911 ], [ 2.16583368, 41.34132633 ], [ 2.16581255, 41.34132647 ], [ 2.16579845, 41.34132799 ], [ 2.16578481, 41.34132771 ], [ 2.16576768, 41.34132092 ], [ 2.16576115, 41.3413213 ], [ 2.16574866, 41.34132204 ], [ 2.1657265, 41.34132833 ], [ 2.16571131, 41.34133449 ], [ 2.1656921, 41.34133763 ], [ 2.16567377, 41.34133715 ], [ 2.16562326, 41.34134477 ], [ 2.16559037, 41.34134856 ], [ 2.16556396, 41.34134967 ], [ 2.16554526, 41.34135391 ], [ 2.16552379, 41.34135995 ], [ 2.16549859, 41.34136397 ], [ 2.16549757, 41.3413642 ], [ 2.16547764, 41.34136886 ], [ 2.16544811, 41.3413769 ], [ 2.16542094, 41.341376 ], [ 2.1653942, 41.34137721 ], [ 2.16537909, 41.3413775 ], [ 2.16535198, 41.34138359 ], [ 2.16532812, 41.34139107 ], [ 2.16530713, 41.34139522 ], [ 2.16528727, 41.34139805 ], [ 2.16524648, 41.34140681 ], [ 2.16521617, 41.34141226 ], [ 2.16519202, 41.34141452 ], [ 2.16517956, 41.34141693 ], [ 2.16517015, 41.34142178 ], [ 2.16515452, 41.34142567 ], [ 2.16514016, 41.34142688 ], [ 2.16513661, 41.34142752 ], [ 2.16512528, 41.34142958 ], [ 2.16511228, 41.34142715 ], [ 2.16508883, 41.34142916 ], [ 2.16507994, 41.34143619 ], [ 2.16507164, 41.34144251 ], [ 2.1650607, 41.34145117 ], [ 2.16504645, 41.34146092 ], [ 2.16503156, 41.34147214 ], [ 2.16501738, 41.3414851 ], [ 2.16500042, 41.34148998 ], [ 2.1649814, 41.341495 ], [ 2.16496699, 41.34150249 ], [ 2.16495482, 41.34150815 ], [ 2.16493303, 41.34151281 ], [ 2.16491934, 41.34151762 ], [ 2.16490724, 41.34152148 ], [ 2.16489071, 41.34152064 ], [ 2.1648715, 41.34152052 ], [ 2.16484034, 41.34152318 ], [ 2.16483318, 41.34152379 ], [ 2.16481323, 41.34152896 ], [ 2.16479264, 41.34152778 ], [ 2.16476912, 41.3415274 ], [ 2.16474604, 41.34152671 ], [ 2.16473591, 41.3415266 ], [ 2.16471199, 41.34152197 ], [ 2.16469055, 41.34152321 ], [ 2.16467074, 41.34152709 ], [ 2.16465796, 41.34153182 ], [ 2.1646374, 41.34153594 ], [ 2.1646259, 41.341536 ], [ 2.16460008, 41.34153576 ], [ 2.16458391, 41.34153334 ], [ 2.16456506, 41.34152875 ], [ 2.1645478, 41.34152492 ], [ 2.16454134, 41.3415237 ], [ 2.16452858, 41.3415213 ], [ 2.16451242, 41.34151978 ], [ 2.16450069, 41.34152602 ], [ 2.16448467, 41.34152687 ], [ 2.16446583, 41.34152311 ], [ 2.16444675, 41.34152364 ], [ 2.16442713, 41.34152851 ], [ 2.16441025, 41.34153437 ], [ 2.16439526, 41.34153655 ], [ 2.16438193, 41.34153991 ], [ 2.16436639, 41.34154205 ], [ 2.16435183, 41.34154196 ], [ 2.16433377, 41.34154291 ], [ 2.16431421, 41.34154561 ], [ 2.16427832, 41.34154218 ], [ 2.16426112, 41.34154537 ], [ 2.16424667, 41.34154777 ], [ 2.1642304, 41.3415456 ], [ 2.16421224, 41.34154477 ], [ 2.16419389, 41.34155348 ], [ 2.16418982, 41.34155817 ], [ 2.1641819, 41.34156045 ], [ 2.16417747, 41.34156629 ], [ 2.16417159, 41.34157039 ], [ 2.16416187, 41.34157164 ], [ 2.16415751, 41.34157015 ], [ 2.16415078, 41.34156785 ], [ 2.1641377, 41.34156618 ], [ 2.16411017, 41.3415691 ], [ 2.16408823, 41.34157215 ], [ 2.16406737, 41.34157756 ], [ 2.16405029, 41.34158023 ], [ 2.1640339, 41.34158368 ], [ 2.16402268, 41.34158992 ], [ 2.16401687, 41.34159175 ], [ 2.16399881, 41.34159267 ], [ 2.16398158, 41.34159402 ], [ 2.16396546, 41.34159324 ], [ 2.16394412, 41.34159639 ], [ 2.16394084, 41.34159675 ], [ 2.16393025, 41.34160365 ], [ 2.16392604, 41.34160641 ], [ 2.16391606, 41.3416108 ], [ 2.16390483, 41.34160881 ], [ 2.16389226, 41.341612 ], [ 2.16388154, 41.34161302 ], [ 2.16387083, 41.34161501 ], [ 2.16386088, 41.34162103 ], [ 2.16385084, 41.34162238 ], [ 2.16384839, 41.34162206 ], [ 2.1638326, 41.34162425 ], [ 2.1638123, 41.34162682 ], [ 2.16379243, 41.34162732 ], [ 2.16377715, 41.34162806 ], [ 2.16375555, 41.34163235 ], [ 2.16374356, 41.34163931 ], [ 2.16373865, 41.34164398 ], [ 2.16372567, 41.34164721 ], [ 2.1637128, 41.34165179 ], [ 2.16369575, 41.34165224 ], [ 2.16364981, 41.34166542 ], [ 2.16363564, 41.34166634 ], [ 2.16362602, 41.3416676 ], [ 2.16362413, 41.34166804 ], [ 2.16362298, 41.3416685 ], [ 2.1636137, 41.34167227 ], [ 2.16361309, 41.34168061 ], [ 2.16361402, 41.34168458 ], [ 2.16361624, 41.34170178 ], [ 2.16362375, 41.34173873 ], [ 2.16362455, 41.34176172 ], [ 2.16362671, 41.34177526 ], [ 2.16362862, 41.34178733 ], [ 2.16363909, 41.34181346 ], [ 2.16364999, 41.34183231 ], [ 2.16366076, 41.34184976 ], [ 2.16367806, 41.34185774 ], [ 2.16369801, 41.34186076 ], [ 2.16371864, 41.34185915 ], [ 2.1637218, 41.34185776 ], [ 2.1637409, 41.3418494 ], [ 2.1637617, 41.34184512 ], [ 2.163785, 41.34183992 ], [ 2.16380859, 41.34183494 ], [ 2.16384008, 41.34183225 ], [ 2.16387243, 41.34182989 ], [ 2.16390015, 41.34183067 ], [ 2.16392134, 41.34183316 ], [ 2.16394531, 41.34184314 ], [ 2.16395762, 41.34185631 ], [ 2.16396513, 41.34187506 ], [ 2.16397762, 41.34188899 ], [ 2.16398755, 41.34190138 ], [ 2.16399381, 41.34191595 ], [ 2.16399894, 41.34193011 ], [ 2.16400107, 41.34194663 ], [ 2.16401555, 41.3419739 ], [ 2.16402924, 41.34199572 ], [ 2.16403801, 41.34201229 ], [ 2.16404354, 41.34202883 ], [ 2.16404432, 41.34204217 ], [ 2.1640499, 41.34205868 ], [ 2.16405036, 41.34206044 ], [ 2.16405368, 41.34207297 ], [ 2.16405821, 41.34208561 ], [ 2.16406365, 41.34209376 ], [ 2.16406841, 41.34209902 ], [ 2.16407463, 41.34210227 ], [ 2.16407764, 41.34211022 ], [ 2.16406918, 41.34213094 ], [ 2.16420499, 41.34210774 ], [ 2.16424084, 41.34222704 ], [ 2.1625293, 41.34250141 ], [ 2.16249541, 41.34238198 ], [ 2.1626447, 41.34235917 ], [ 2.16264361, 41.3423416 ], [ 2.16264608, 41.34233114 ], [ 2.16264619, 41.34231918 ], [ 2.16264179, 41.34230088 ], [ 2.16263959, 41.34229311 ], [ 2.16263198, 41.34227875 ], [ 2.16262605, 41.34226408 ], [ 2.16262635, 41.34224445 ], [ 2.16261922, 41.34222591 ], [ 2.16261105, 41.3422037 ], [ 2.16260627, 41.34218111 ], [ 2.16260625, 41.34218102 ], [ 2.16259661, 41.34214927 ], [ 2.16259162, 41.34213279 ], [ 2.16258829, 41.34210607 ], [ 2.16258847, 41.34208809 ], [ 2.16259315, 41.34207353 ], [ 2.16260085, 41.34206188 ], [ 2.16261854, 41.34205087 ], [ 2.16264078, 41.34204264 ], [ 2.16266733, 41.34203721 ], [ 2.16269391, 41.34203034 ], [ 2.16272416, 41.34202357 ], [ 2.16275976, 41.34201792 ], [ 2.16278893, 41.34201349 ], [ 2.16281755, 41.34201081 ], [ 2.16283636, 41.34200591 ], [ 2.16283914, 41.34199746 ], [ 2.16283669, 41.34198735 ], [ 2.16283588, 41.34198288 ], [ 2.16283441, 41.34197491 ], [ 2.16282497, 41.34193549 ], [ 2.16282037, 41.34191438 ], [ 2.16281778, 41.34189638 ], [ 2.16281179, 41.34187458 ], [ 2.16280908, 41.3418587 ], [ 2.16277692, 41.34180497 ], [ 2.16276125, 41.34180035 ], [ 2.16272382, 41.3418004 ], [ 2.16270379, 41.34180397 ], [ 2.16270106, 41.34180552 ], [ 2.16269064, 41.34181147 ], [ 2.16266492, 41.341815 ], [ 2.16263726, 41.34181753 ], [ 2.16259571, 41.34182446 ], [ 2.16257138, 41.34183233 ], [ 2.16254688, 41.34184152 ], [ 2.16251858, 41.34184834 ], [ 2.16249996, 41.3418507 ], [ 2.1624909, 41.34185185 ], [ 2.16246564, 41.34185761 ], [ 2.16243997, 41.34186463 ], [ 2.16241315, 41.34186786 ], [ 2.16238567, 41.34187086 ], [ 2.16235908, 41.34187568 ], [ 2.16235712, 41.34187667 ], [ 2.16234503, 41.34188282 ], [ 2.16232687, 41.34188899 ], [ 2.16230266, 41.34189098 ], [ 2.16227845, 41.34189235 ], [ 2.16222778, 41.34190654 ], [ 2.16219838, 41.34191032 ], [ 2.1621725, 41.34191507 ], [ 2.16214845, 41.34191915 ], [ 2.16212324, 41.34192541 ], [ 2.16212183, 41.34192576 ], [ 2.16207648, 41.34193913 ], [ 2.16201917, 41.34194163 ], [ 2.16199331, 41.34194482 ], [ 2.16196634, 41.34194575 ], [ 2.16193843, 41.34194853 ], [ 2.16191304, 41.34195249 ], [ 2.16189202, 41.34195508 ], [ 2.16186466, 41.3419561 ], [ 2.16185227, 41.34196041 ], [ 2.16183972, 41.34196559 ], [ 2.16175607, 41.34196854 ], [ 2.16170792, 41.34198005 ], [ 2.16169266, 41.34198554 ], [ 2.16167877, 41.34199054 ], [ 2.16165179, 41.34199863 ], [ 2.16162715, 41.34200775 ], [ 2.161602, 41.3420156 ], [ 2.16157773, 41.34201766 ], [ 2.16155268, 41.34202184 ], [ 2.16154229, 41.34202717 ], [ 2.16153752, 41.34202962 ], [ 2.16152437, 41.34203338 ], [ 2.16150778, 41.34204086 ], [ 2.16149153, 41.34204413 ], [ 2.1614737, 41.34203993 ], [ 2.16146355, 41.34203369 ], [ 2.16144285, 41.34203408 ], [ 2.1614153, 41.34203438 ], [ 2.16138863, 41.34203019 ], [ 2.1613676, 41.34202975 ], [ 2.16133218, 41.34203698 ], [ 2.16129547, 41.34204735 ], [ 2.16127323, 41.34205561 ], [ 2.16124655, 41.3420596 ], [ 2.16122604, 41.34206331 ], [ 2.16120747, 41.34207193 ], [ 2.16117964, 41.34208015 ], [ 2.16115048, 41.34207991 ], [ 2.16112959, 41.34207936 ], [ 2.16109837, 41.34207963 ], [ 2.16107359, 41.34208086 ], [ 2.16104854, 41.34208428 ], [ 2.16104226, 41.34208658 ], [ 2.16102616, 41.34209247 ], [ 2.16102414, 41.34210806 ], [ 2.16103136, 41.34212147 ], [ 2.16103938, 41.34213772 ], [ 2.16104541, 41.3421499 ], [ 2.16105337, 41.34217414 ], [ 2.16105612, 41.34219383 ], [ 2.16106528, 41.34221822 ], [ 2.16108105, 41.34223754 ], [ 2.16109452, 41.3422603 ], [ 2.1611123, 41.34227967 ], [ 2.16112115, 41.34229418 ], [ 2.16112851, 41.34231643 ], [ 2.16114544, 41.34237236 ], [ 2.16116056, 41.3423866 ], [ 2.16116622, 41.34242987 ], [ 2.16116431, 41.34245987 ], [ 2.16116444, 41.34247162 ], [ 2.16116865, 41.34248689 ], [ 2.16116375, 41.3424959 ], [ 2.16116579, 41.34250799 ], [ 2.16117058, 41.3425185 ], [ 2.16117409, 41.34253197 ], [ 2.16117543, 41.34254711 ], [ 2.16117226, 41.34255927 ], [ 2.1611646, 41.34256457 ], [ 2.16117891, 41.34259229 ], [ 2.16068958, 41.34278003 ], [ 2.15947961, 41.34325172 ], [ 2.15946477, 41.34322823 ], [ 2.15939771, 41.3432482 ], [ 2.15933369, 41.34326665 ], [ 2.15928411, 41.34327028 ], [ 2.1592638, 41.34326981 ], [ 2.15923852, 41.34326184 ], [ 2.15920726, 41.34324609 ], [ 2.15914204, 41.3432042 ], [ 2.15844153, 41.34275623 ], [ 2.1584352, 41.34276214 ], [ 2.1584075, 41.34274533 ], [ 2.15842247, 41.34273133 ], [ 2.15840018, 41.34271293 ], [ 2.15839208, 41.34269932 ], [ 2.15838292, 41.34268701 ], [ 2.15837282, 41.34267248 ], [ 2.15835133, 41.34264887 ], [ 2.15833169, 41.34263687 ], [ 2.15831765, 41.34263144 ], [ 2.15829824, 41.34262056 ], [ 2.15828652, 41.34260995 ], [ 2.15826702, 41.34259432 ], [ 2.15825002, 41.34258562 ], [ 2.15822969, 41.34258251 ], [ 2.15820761, 41.34258235 ], [ 2.15818339, 41.34258405 ], [ 2.15813845, 41.34258837 ], [ 2.15811115, 41.34259156 ], [ 2.15809137, 41.3425944 ], [ 2.15806665, 41.34259444 ], [ 2.15804201, 41.34259645 ], [ 2.1580115, 41.34260048 ], [ 2.15799185, 41.3426035 ], [ 2.15798779, 41.34260413 ], [ 2.15794535, 41.34260306 ], [ 2.1579126, 41.34259929 ], [ 2.15787099, 41.34258919 ], [ 2.15781641, 41.34256906 ], [ 2.15779153, 41.34255989 ], [ 2.15772025, 41.34253324 ], [ 2.15768752, 41.34252411 ], [ 2.1576378, 41.34250234 ], [ 2.15760224, 41.34248287 ], [ 2.15757059, 41.34246412 ], [ 2.1575246, 41.34243926 ], [ 2.15747287, 41.34241192 ], [ 2.15744015, 41.34239903 ], [ 2.15738817, 41.34237329 ], [ 2.15733436, 41.34234994 ], [ 2.15731878, 41.34234943 ], [ 2.15730295, 41.34234564 ], [ 2.15726191, 41.34232135 ], [ 2.15724139, 41.34230864 ], [ 2.1572271, 41.3422998 ], [ 2.15720636, 41.34229118 ], [ 2.15718584, 41.34228479 ], [ 2.15713682, 41.34226029 ], [ 2.15708095, 41.34223361 ], [ 2.15704797, 41.34227546 ], [ 2.15715296, 41.34232437 ], [ 2.15708808, 41.34240558 ], [ 2.15704378, 41.34238485 ], [ 2.1568491, 41.34229372 ], [ 2.15691516, 41.34221357 ], [ 2.15692682, 41.34221901 ], [ 2.15696087, 41.3421775 ], [ 2.15694103, 41.34216494 ], [ 2.15691402, 41.34215685 ], [ 2.15687639, 41.34213921 ], [ 2.1568317, 41.34211972 ], [ 2.15681059, 41.34214399 ], [ 2.15681665, 41.34214735 ], [ 2.15678601, 41.34217789 ], [ 2.15674601, 41.34215511 ], [ 2.15677247, 41.34212651 ], [ 2.15677541, 41.34212806 ], [ 2.15678447, 41.34211828 ], [ 2.15678723, 41.34211973 ], [ 2.15679885, 41.34210717 ], [ 2.15679099, 41.34210306 ], [ 2.15677452, 41.34209368 ], [ 2.15675812, 41.34208613 ], [ 2.15673538, 41.34207732 ], [ 2.1567272, 41.34207482 ], [ 2.15670979, 41.34207107 ], [ 2.15670631, 41.34207044 ], [ 2.15668805, 41.34205853 ], [ 2.15667841, 41.34204981 ], [ 2.15663675, 41.34203332 ], [ 2.15660021, 41.34201594 ], [ 2.15659551, 41.34201376 ], [ 2.15655162, 41.3419933 ], [ 2.15652805, 41.34198254 ], [ 2.15651002, 41.34197188 ], [ 2.15649606, 41.3419649 ], [ 2.15648372, 41.34195731 ], [ 2.15646961, 41.34195069 ], [ 2.15645547, 41.34194579 ], [ 2.15644171, 41.34193827 ], [ 2.156413, 41.3419248 ], [ 2.15639775, 41.34192141 ], [ 2.15638329, 41.34191586 ], [ 2.15636497, 41.34190528 ], [ 2.15632722, 41.34188393 ], [ 2.15628133, 41.3418618 ], [ 2.15627829, 41.34186033 ], [ 2.15624839, 41.34183889 ], [ 2.15623281, 41.34181989 ], [ 2.15622535, 41.34180553 ], [ 2.15620612, 41.34178035 ], [ 2.15619456, 41.34176142 ], [ 2.15618827, 41.34174884 ], [ 2.15618033, 41.34173408 ], [ 2.15617514, 41.34172104 ], [ 2.1561689, 41.34170434 ], [ 2.15615857, 41.34168989 ], [ 2.15614101, 41.34166807 ], [ 2.15613669, 41.34166271 ], [ 2.15612268, 41.34164427 ], [ 2.15610694, 41.34162682 ], [ 2.15609268, 41.3416132 ], [ 2.15608231, 41.34159818 ], [ 2.15607345, 41.34158067 ], [ 2.15606659, 41.34156405 ], [ 2.15606266, 41.34154647 ], [ 2.1560583, 41.34152821 ], [ 2.15604805, 41.34151109 ], [ 2.15603659, 41.34149519 ], [ 2.15602893, 41.34148133 ], [ 2.15601223, 41.34146413 ], [ 2.15600457, 41.34145446 ], [ 2.1560016, 41.34145069 ], [ 2.15598586, 41.341418 ], [ 2.15596956, 41.3413994 ], [ 2.15595883, 41.34138599 ], [ 2.1559508, 41.34136716 ], [ 2.155939, 41.3413487 ], [ 2.15591807, 41.34131053 ], [ 2.15590776, 41.34129777 ], [ 2.15589257, 41.34127511 ], [ 2.15587192, 41.34123766 ], [ 2.15586197, 41.34121597 ], [ 2.15585468, 41.3412007 ], [ 2.15585201, 41.34119507 ], [ 2.15583804, 41.34117353 ], [ 2.15581068, 41.34114098 ], [ 2.1557863, 41.341119 ], [ 2.15576874, 41.34108684 ], [ 2.15575162, 41.34106463 ], [ 2.15574614, 41.34105598 ], [ 2.1557353, 41.34104026 ], [ 2.15573521, 41.34102962 ], [ 2.15572914, 41.34101737 ], [ 2.15571593, 41.34100005 ], [ 2.15570235, 41.34098511 ], [ 2.1556926, 41.34097405 ], [ 2.15568108, 41.34096268 ], [ 2.15567487, 41.34095158 ], [ 2.15567655, 41.34093941 ], [ 2.15566804, 41.34092897 ], [ 2.15565965, 41.3409154 ], [ 2.1556523, 41.34089657 ], [ 2.15562734, 41.34085798 ], [ 2.15554986, 41.34081401 ], [ 2.15555482, 41.34078816 ], [ 2.15555203, 41.34077052 ], [ 2.15554759, 41.34076278 ], [ 2.15554204, 41.34075186 ], [ 2.15553578, 41.34074061 ], [ 2.15553077, 41.34071802 ], [ 2.15552013, 41.34070136 ], [ 2.15551444, 41.3406828 ], [ 2.15550505, 41.34066623 ], [ 2.15549499, 41.34064512 ], [ 2.15548581, 41.34062322 ], [ 2.15547785, 41.34060655 ], [ 2.15547032, 41.34059345 ], [ 2.15546075, 41.34057936 ], [ 2.15545719, 41.34056298 ], [ 2.15544861, 41.3405494 ], [ 2.15543803, 41.34053982 ], [ 2.15542675, 41.34052503 ], [ 2.15541742, 41.34051776 ], [ 2.1554095, 41.34050894 ], [ 2.15539677, 41.34048088 ], [ 2.15538847, 41.34047002 ], [ 2.15538233, 41.34045466 ], [ 2.15538154, 41.34044608 ], [ 2.15538141, 41.34044093 ], [ 2.15537926, 41.34042964 ], [ 2.15537265, 41.34041511 ], [ 2.15532695, 41.34042604 ], [ 2.15532193, 41.34041414 ], [ 2.15535772, 41.34040557 ], [ 2.15533648, 41.34039963 ], [ 2.15532391, 41.34038484 ], [ 2.15532048, 41.34037246 ], [ 2.1553119, 41.34034429 ], [ 2.15530378, 41.34032995 ], [ 2.15530022, 41.34032367 ], [ 2.15529019, 41.34030028 ], [ 2.15528223, 41.34028044 ], [ 2.15527206, 41.34026088 ], [ 2.15525829, 41.34024643 ], [ 2.1552454, 41.34022609 ], [ 2.15523541, 41.34020779 ], [ 2.15522276, 41.34019141 ], [ 2.15520852, 41.34017239 ], [ 2.15519868, 41.34015325 ], [ 2.15519018, 41.34013388 ], [ 2.15518125, 41.34011483 ], [ 2.15517394, 41.34009578 ], [ 2.15516228, 41.340077 ], [ 2.15514586, 41.34005616 ], [ 2.15513388, 41.34003615 ], [ 2.15510705, 41.33998929 ], [ 2.15510238, 41.33996966 ], [ 2.15510003, 41.3399536 ], [ 2.15509996, 41.33995317 ], [ 2.15508985, 41.33993984 ], [ 2.15507825, 41.33992369 ], [ 2.15507169, 41.33991304 ], [ 2.15506837, 41.33990765 ], [ 2.15506042, 41.33989808 ], [ 2.15505269, 41.33988959 ], [ 2.15502909, 41.3398513 ], [ 2.15500595, 41.33981831 ], [ 2.1549899, 41.33979502 ], [ 2.15498227, 41.33977807 ], [ 2.15497115, 41.33975849 ], [ 2.15494785, 41.33973735 ], [ 2.15493364, 41.33971913 ], [ 2.15491653, 41.33970001 ], [ 2.15489483, 41.3396742 ], [ 2.15488187, 41.33965202 ], [ 2.15487992, 41.33964065 ], [ 2.15487669, 41.33962723 ], [ 2.15487511, 41.3396163 ], [ 2.15486996, 41.33960077 ], [ 2.15485828, 41.33958699 ], [ 2.15484995, 41.33956978 ], [ 2.15484311, 41.3395623 ], [ 2.15483493, 41.33954819 ], [ 2.15483052, 41.33952676 ], [ 2.15482494, 41.33951857 ], [ 2.15481764, 41.33950586 ], [ 2.15478368, 41.33946807 ], [ 2.154772, 41.339464 ], [ 2.15476567, 41.33945873 ], [ 2.15475673, 41.33945067 ], [ 2.15475113, 41.33944775 ], [ 2.15474348, 41.33943653 ], [ 2.15472125, 41.33936932 ], [ 2.15469466, 41.33932329 ], [ 2.15468243, 41.33930905 ], [ 2.15467422, 41.33929731 ], [ 2.15466698, 41.33928386 ], [ 2.15465696, 41.33927186 ], [ 2.15464152, 41.33925276 ], [ 2.15463025, 41.33923736 ], [ 2.15461876, 41.33923122 ], [ 2.15460708, 41.33922843 ], [ 2.15459551, 41.33922107 ], [ 2.15458025, 41.33920684 ], [ 2.15456211, 41.3391826 ], [ 2.154551, 41.33916947 ], [ 2.15454481, 41.33916094 ], [ 2.15453945, 41.33915354 ], [ 2.15452639, 41.33912098 ], [ 2.15451517, 41.33910843 ], [ 2.15450304, 41.33909994 ], [ 2.15449542, 41.33908663 ], [ 2.15449054, 41.33907596 ], [ 2.15448217, 41.3390687 ], [ 2.15447363, 41.33906384 ], [ 2.15446138, 41.33906087 ], [ 2.15445187, 41.33906098 ], [ 2.15443947, 41.33906204 ], [ 2.15442668, 41.33906389 ], [ 2.1544159, 41.33906208 ], [ 2.15440618, 41.33905971 ], [ 2.15439849, 41.3390554 ], [ 2.15438146, 41.33903416 ], [ 2.1543721, 41.33901514 ], [ 2.15435983, 41.33897919 ], [ 2.15434214, 41.33895853 ], [ 2.15433744, 41.33895219 ], [ 2.15433542, 41.33894547 ], [ 2.15433334, 41.33893984 ], [ 2.15433239, 41.33893223 ], [ 2.15433218, 41.33892607 ], [ 2.15433591, 41.33891914 ], [ 2.1543424, 41.33891231 ], [ 2.15434979, 41.33890609 ], [ 2.15435929, 41.33890004 ], [ 2.15437336, 41.3388952 ], [ 2.15437953, 41.3388915 ], [ 2.15438997, 41.33888607 ], [ 2.15439698, 41.33888028 ], [ 2.15439915, 41.33887511 ], [ 2.15439992, 41.33886715 ], [ 2.15440004, 41.33885832 ], [ 2.15440176, 41.33885088 ], [ 2.15440186, 41.33884288 ], [ 2.1543989, 41.33883126 ], [ 2.15438962, 41.33881746 ], [ 2.15435719, 41.33877435 ], [ 2.15433747, 41.33874639 ], [ 2.15432691, 41.33872365 ], [ 2.15432441, 41.33871033 ], [ 2.15431776, 41.3386994 ], [ 2.15431333, 41.33869054 ], [ 2.15430004, 41.33867152 ], [ 2.15429084, 41.33865741 ], [ 2.154269, 41.33862799 ], [ 2.15426201, 41.33862119 ], [ 2.15424477, 41.33859809 ], [ 2.15423353, 41.3385872 ], [ 2.15422813, 41.33857592 ], [ 2.15422331, 41.3385641 ], [ 2.15421762, 41.33854629 ], [ 2.15420747, 41.33853228 ], [ 2.15419446, 41.33851067 ], [ 2.15418846, 41.33849747 ], [ 2.15417843, 41.33848263 ], [ 2.15417143, 41.33846874 ], [ 2.1541667, 41.33846366 ], [ 2.15416276, 41.33845945 ], [ 2.15415429, 41.33845215 ], [ 2.15414029, 41.3384332 ], [ 2.15413219, 41.33841632 ], [ 2.15412736, 41.33840926 ], [ 2.15412405, 41.33840314 ], [ 2.15412333, 41.33839751 ], [ 2.15410638, 41.33840356 ], [ 2.15409518, 41.3383859 ], [ 2.15411423, 41.3383795 ], [ 2.1541054, 41.33836806 ], [ 2.15410242, 41.33836185 ], [ 2.15409556, 41.33835614 ], [ 2.15409126, 41.33834926 ], [ 2.1540927, 41.33834066 ], [ 2.15409756, 41.33833497 ], [ 2.15409442, 41.33832615 ], [ 2.15408964, 41.33831156 ], [ 2.15408055, 41.33829741 ], [ 2.15406095, 41.33827914 ], [ 2.15405147, 41.3382616 ], [ 2.1540407, 41.33824404 ], [ 2.15403545, 41.33823629 ], [ 2.15402278, 41.33822146 ], [ 2.15401144, 41.33820729 ], [ 2.15400623, 41.33819241 ], [ 2.15399418, 41.33818144 ], [ 2.15398032, 41.33817042 ], [ 2.15397389, 41.33816122 ], [ 2.15396517, 41.33814775 ], [ 2.15395858, 41.33813625 ], [ 2.15395158, 41.33812308 ], [ 2.1539448, 41.33810725 ], [ 2.15393258, 41.33808716 ], [ 2.15391826, 41.33807481 ], [ 2.15390842, 41.33806277 ], [ 2.15389797, 41.33804338 ], [ 2.15389277, 41.33803478 ], [ 2.15389105, 41.33803192 ], [ 2.15388907, 41.33802865 ], [ 2.15388626, 41.33801667 ], [ 2.15387809, 41.3380053 ], [ 2.15386756, 41.33798832 ], [ 2.15385742, 41.33797376 ], [ 2.15385547, 41.33796161 ], [ 2.1538556, 41.33794075 ], [ 2.1538473, 41.33792843 ], [ 2.15383516, 41.33791671 ], [ 2.15382582, 41.33790367 ], [ 2.15381942, 41.33789602 ], [ 2.153814, 41.33788571 ], [ 2.15380634, 41.33786461 ], [ 2.15380285, 41.33785338 ], [ 2.15379664, 41.33784206 ], [ 2.15378974, 41.33783221 ], [ 2.15378649, 41.33782091 ], [ 2.15377748, 41.33781158 ], [ 2.15376548, 41.33780789 ], [ 2.15375342, 41.33780924 ], [ 2.15374743, 41.33781366 ], [ 2.15374192, 41.33781863 ], [ 2.15373452, 41.33782128 ], [ 2.15372465, 41.33782297 ], [ 2.15371228, 41.33782587 ], [ 2.15370298, 41.33783207 ], [ 2.15369003, 41.33783504 ], [ 2.15367942, 41.33783511 ], [ 2.15366835, 41.33783286 ], [ 2.15366196, 41.33782842 ], [ 2.15365326, 41.3378245 ], [ 2.1536436, 41.33781755 ], [ 2.15363337, 41.33780962 ], [ 2.15362641, 41.3378051 ], [ 2.15361952, 41.33780181 ], [ 2.15360657, 41.3377912 ], [ 2.15358923, 41.33775778 ], [ 2.1535816, 41.33774309 ], [ 2.15357843, 41.33772955 ], [ 2.15357853, 41.33772527 ], [ 2.15358034, 41.3377185 ], [ 2.15358692, 41.33771257 ], [ 2.15359313, 41.33770538 ], [ 2.15359918, 41.33769594 ], [ 2.15360968, 41.33768986 ], [ 2.15361701, 41.33768516 ], [ 2.15362391, 41.33768031 ], [ 2.15363319, 41.33767616 ], [ 2.1536411, 41.3376746 ], [ 2.15364904, 41.33767408 ], [ 2.15365722, 41.33766989 ], [ 2.1536638, 41.33766385 ], [ 2.15366766, 41.3376575 ], [ 2.1536664, 41.33765118 ], [ 2.15366529, 41.33764094 ], [ 2.15366626, 41.33763292 ], [ 2.15366634, 41.33762676 ], [ 2.15365631, 41.33761861 ], [ 2.15364894, 41.33760778 ], [ 2.15364158, 41.33759289 ], [ 2.15363783, 41.33758385 ], [ 2.15362941, 41.3375764 ], [ 2.15362267, 41.3375658 ], [ 2.15361777, 41.33755174 ], [ 2.1536071, 41.33754176 ], [ 2.15359923, 41.33752927 ], [ 2.15359125, 41.33751728 ], [ 2.15357934, 41.33750722 ], [ 2.1535742, 41.33750117 ], [ 2.15356926, 41.33749536 ], [ 2.15356691, 41.33748453 ], [ 2.15356258, 41.33747193 ], [ 2.15355746, 41.33745787 ], [ 2.15354688, 41.33745196 ], [ 2.15353898, 41.33744513 ], [ 2.15353209, 41.33743434 ], [ 2.153524, 41.33742423 ], [ 2.15351311, 41.33741579 ], [ 2.15350503, 41.33740528 ], [ 2.15350187, 41.33739412 ], [ 2.1534948, 41.33738287 ], [ 2.15348603, 41.33737322 ], [ 2.15348344, 41.33735979 ], [ 2.15347151, 41.33734674 ], [ 2.15346267, 41.33733536 ], [ 2.15345379, 41.33732329 ], [ 2.15344383, 41.33731371 ], [ 2.1534352, 41.33730049 ], [ 2.15342529, 41.33728331 ], [ 2.15341822, 41.33727165 ], [ 2.15341426, 41.33726388 ], [ 2.15341036, 41.3372516 ], [ 2.1534051, 41.33723272 ], [ 2.15340147, 41.33722523 ], [ 2.1533917, 41.33721586 ], [ 2.15338501, 41.33720403 ], [ 2.15336738, 41.33717385 ], [ 2.15335987, 41.33716684 ], [ 2.15335159, 41.33715695 ], [ 2.15334691, 41.33714509 ], [ 2.15334617, 41.33714151 ], [ 2.15334466, 41.33713427 ], [ 2.15334134, 41.33712484 ], [ 2.15333195, 41.33711155 ], [ 2.15332666, 41.33710293 ], [ 2.15331714, 41.33709441 ], [ 2.15330561, 41.33709864 ], [ 2.15329457, 41.33708158 ], [ 2.15330172, 41.33707896 ], [ 2.15329098, 41.33706754 ], [ 2.1532852, 41.33706008 ], [ 2.15327733, 41.33704737 ], [ 2.15327385, 41.33703931 ], [ 2.15326976, 41.33703046 ], [ 2.15326756, 41.33702367 ], [ 2.15326709, 41.33702222 ], [ 2.15326393, 41.33701524 ], [ 2.15325926, 41.33701063 ], [ 2.15325153, 41.33700557 ], [ 2.15324747, 41.33699779 ], [ 2.15324126, 41.33698679 ], [ 2.15323662, 41.3369757 ], [ 2.15322991, 41.33696978 ], [ 2.15322729, 41.33695797 ], [ 2.15322543, 41.33694301 ], [ 2.15321684, 41.33693055 ], [ 2.15320613, 41.33691566 ], [ 2.15318035, 41.33687613 ], [ 2.15317041, 41.33686132 ], [ 2.15315846, 41.33684304 ], [ 2.15314928, 41.33682041 ], [ 2.15313967, 41.33679833 ], [ 2.15312971, 41.33678136 ], [ 2.15312144, 41.33676288 ], [ 2.15311758, 41.33675111 ], [ 2.15310564, 41.33673167 ], [ 2.15309248, 41.33672192 ], [ 2.15308255, 41.33670974 ], [ 2.15307532, 41.33669567 ], [ 2.15306942, 41.33668669 ], [ 2.15306665, 41.33668246 ], [ 2.15304866, 41.33666514 ], [ 2.15304203, 41.3366523 ], [ 2.15303708, 41.33663962 ], [ 2.15302969, 41.33663081 ], [ 2.15301949, 41.33661729 ], [ 2.15300992, 41.33659347 ], [ 2.15300449, 41.33657996 ], [ 2.15299173, 41.33655346 ], [ 2.1529749, 41.33651341 ], [ 2.15296371, 41.33649488 ], [ 2.15295398, 41.33647471 ], [ 2.15295071, 41.33646121 ], [ 2.15294038, 41.33645007 ], [ 2.15293659, 41.33644028 ], [ 2.15293264, 41.33643167 ], [ 2.15291231, 41.33641794 ], [ 2.15289826, 41.33641758 ], [ 2.15288947, 41.33642011 ], [ 2.15287742, 41.33642038 ], [ 2.15286685, 41.33642135 ], [ 2.15284202, 41.33643025 ], [ 2.15282691, 41.33643035 ], [ 2.15281683, 41.33642974 ], [ 2.1528046, 41.33643242 ], [ 2.15279323, 41.33643241 ], [ 2.15278361, 41.33642939 ], [ 2.15277421, 41.33642456 ], [ 2.15276497, 41.33641444 ], [ 2.15275481, 41.33640141 ], [ 2.15274006, 41.33636602 ], [ 2.1527371, 41.33636296 ], [ 2.1527343, 41.33635646 ], [ 2.15273268, 41.33634213 ], [ 2.15273138, 41.33633674 ], [ 2.15272716, 41.33632606 ], [ 2.15272601, 41.33631816 ], [ 2.15272645, 41.33631636 ], [ 2.15272859, 41.33631301 ], [ 2.15273199, 41.33630999 ], [ 2.15274053, 41.33630494 ], [ 2.15276879, 41.33629304 ], [ 2.15278322, 41.3362864 ], [ 2.15278987, 41.33628181 ], [ 2.15279256, 41.33627915 ], [ 2.1527963, 41.33627352 ], [ 2.15279839, 41.33626757 ], [ 2.15280016, 41.33625536 ], [ 2.15280226, 41.3362376 ], [ 2.15280206, 41.33622873 ], [ 2.15280173, 41.33622744 ], [ 2.15279988, 41.33622024 ], [ 2.1527978, 41.33621622 ], [ 2.15277844, 41.3361855 ], [ 2.15277191, 41.33617767 ], [ 2.15276558, 41.33616866 ], [ 2.15276216, 41.33616239 ], [ 2.15275681, 41.33614948 ], [ 2.15275248, 41.33613989 ], [ 2.15274327, 41.33612352 ], [ 2.15273788, 41.33611557 ], [ 2.1527227, 41.33609881 ], [ 2.15271164, 41.33608878 ], [ 2.15271084, 41.33608618 ], [ 2.15271364, 41.33608007 ], [ 2.15271446, 41.33607714 ], [ 2.15271411, 41.33607583 ], [ 2.15271285, 41.3360742 ], [ 2.15270898, 41.33607154 ], [ 2.15269286, 41.33606541 ], [ 2.15268841, 41.33606293 ], [ 2.15268676, 41.33606143 ], [ 2.15268606, 41.33606017 ], [ 2.15268526, 41.33605876 ], [ 2.15268322, 41.33604664 ], [ 2.15267941, 41.33603374 ], [ 2.15267668, 41.33602742 ], [ 2.15267346, 41.33602316 ], [ 2.15266451, 41.33601582 ], [ 2.15265874, 41.33600992 ], [ 2.15264681, 41.33598641 ], [ 2.15263288, 41.33596959 ], [ 2.15263101, 41.33595891 ], [ 2.15262252, 41.33594441 ], [ 2.15261694, 41.33593762 ], [ 2.15260172, 41.33592425 ], [ 2.15259435, 41.3359156 ], [ 2.15259167, 41.33591092 ], [ 2.15259166, 41.33590956 ], [ 2.15259361, 41.33590685 ], [ 2.15259433, 41.33590481 ], [ 2.1525923, 41.33589736 ], [ 2.15259061, 41.33589364 ], [ 2.1525868, 41.33588818 ], [ 2.15257461, 41.33587714 ], [ 2.15256499, 41.33586698 ], [ 2.15256187, 41.33586179 ], [ 2.15255354, 41.3358429 ], [ 2.15254044, 41.33582083 ], [ 2.15253637, 41.33581701 ], [ 2.1525252, 41.33581113 ], [ 2.15252033, 41.3358078 ], [ 2.15251855, 41.33580575 ], [ 2.15251436, 41.33579707 ], [ 2.15250899, 41.33578725 ], [ 2.1525045, 41.33578295 ], [ 2.15250196, 41.33578185 ], [ 2.15249181, 41.33578098 ], [ 2.15248501, 41.33577969 ], [ 2.15248239, 41.33577796 ], [ 2.15248127, 41.3357749 ], [ 2.1524827, 41.33576873 ], [ 2.15248024, 41.33575002 ], [ 2.15247174, 41.33575349 ], [ 2.15246166, 41.33573827 ], [ 2.15247672, 41.3357322 ], [ 2.15246988, 41.33571551 ], [ 2.15245126, 41.33568425 ], [ 2.15244642, 41.33567856 ], [ 2.15243411, 41.33566868 ], [ 2.15242527, 41.335661 ], [ 2.15240796, 41.33564007 ], [ 2.15240054, 41.33562911 ], [ 2.15239755, 41.33562259 ], [ 2.15239441, 41.33560878 ], [ 2.1523908, 41.33559884 ], [ 2.15238834, 41.33559584 ], [ 2.1523818, 41.33559044 ], [ 2.15237815, 41.33558592 ], [ 2.15236581, 41.33554987 ], [ 2.15235619, 41.33552782 ], [ 2.15235046, 41.33551704 ], [ 2.15234555, 41.33550928 ], [ 2.15232751, 41.3354807 ], [ 2.15230528, 41.33544724 ], [ 2.15229951, 41.33543465 ], [ 2.15229221, 41.33540852 ], [ 2.15229068, 41.33540218 ], [ 2.15228834, 41.33538938 ], [ 2.15228578, 41.33537987 ], [ 2.15228104, 41.33537031 ], [ 2.15226739, 41.33535257 ], [ 2.15226217, 41.33534705 ], [ 2.15225057, 41.33533668 ], [ 2.15224285, 41.33532846 ], [ 2.15223963, 41.33532336 ], [ 2.15223702, 41.33531742 ], [ 2.15223484, 41.33531249 ], [ 2.15223102, 41.33530459 ], [ 2.15222895, 41.33530191 ], [ 2.15222374, 41.33529684 ], [ 2.15222065, 41.3352927 ], [ 2.15222045, 41.33528909 ], [ 2.15222466, 41.33528168 ], [ 2.15222607, 41.33527798 ], [ 2.15222593, 41.33527616 ], [ 2.1522226, 41.33526618 ], [ 2.15222028, 41.33526124 ], [ 2.15221561, 41.33525404 ], [ 2.15219355, 41.33523009 ], [ 2.15217937, 41.33520989 ], [ 2.15217536, 41.33520502 ], [ 2.15216674, 41.3351955 ], [ 2.15216168, 41.33518785 ], [ 2.15215045, 41.33516204 ], [ 2.15214166, 41.33514228 ], [ 2.15213196, 41.33512047 ], [ 2.15212866, 41.33511638 ], [ 2.15211851, 41.33510978 ], [ 2.15211409, 41.33510617 ], [ 2.15211258, 41.33510404 ], [ 2.15210171, 41.33507917 ], [ 2.15209294, 41.33506233 ], [ 2.15208789, 41.33505399 ], [ 2.15207996, 41.33504485 ], [ 2.15207323, 41.33503964 ], [ 2.15206819, 41.33503654 ], [ 2.15205702, 41.33503121 ], [ 2.1520505, 41.33502951 ], [ 2.15204142, 41.33502959 ], [ 2.15203723, 41.33503064 ], [ 2.15199668, 41.33504634 ], [ 2.15197867, 41.33505267 ], [ 2.15196961, 41.33505522 ], [ 2.15196302, 41.33505538 ], [ 2.15195849, 41.3350543 ], [ 2.15195035, 41.33505054 ], [ 2.15193613, 41.33504185 ], [ 2.15191672, 41.33501504 ], [ 2.15189962, 41.33498112 ], [ 2.15187917, 41.33496333 ], [ 2.15187669, 41.33495645 ], [ 2.15187468, 41.33494847 ], [ 2.15187464, 41.33494447 ], [ 2.15187654, 41.33493865 ], [ 2.15188134, 41.33493303 ], [ 2.1518855, 41.33492987 ], [ 2.15189499, 41.33492438 ], [ 2.15189871, 41.33492307 ], [ 2.151907, 41.33492194 ], [ 2.15191253, 41.33492047 ], [ 2.15191341, 41.3349194 ], [ 2.15191378, 41.3349163 ], [ 2.15191509, 41.33491472 ], [ 2.15192266, 41.33491377 ], [ 2.15193916, 41.33491032 ], [ 2.15194685, 41.33490631 ], [ 2.15195014, 41.33490345 ], [ 2.15195469, 41.33489745 ], [ 2.15195717, 41.33489117 ], [ 2.15195888, 41.33487822 ], [ 2.15195918, 41.33486307 ], [ 2.15195832, 41.33485548 ], [ 2.15195511, 41.33484433 ], [ 2.15195213, 41.33483877 ], [ 2.15194447, 41.33482827 ], [ 2.15193945, 41.33482029 ], [ 2.15193434, 41.33480159 ], [ 2.1519308, 41.33479723 ], [ 2.1519206, 41.33478981 ], [ 2.15191421, 41.33478378 ], [ 2.15191186, 41.33477856 ], [ 2.15190972, 41.33476712 ], [ 2.15190791, 41.33476166 ], [ 2.1519064, 41.33475915 ], [ 2.15190295, 41.33475567 ], [ 2.15189419, 41.33474948 ], [ 2.15188891, 41.33474425 ], [ 2.15188397, 41.33473413 ], [ 2.15186451, 41.33470905 ], [ 2.15184958, 41.33469285 ], [ 2.15184424, 41.33468707 ], [ 2.15184034, 41.33467803 ], [ 2.15183617, 41.33467359 ], [ 2.15182555, 41.33466568 ], [ 2.15182097, 41.33466139 ], [ 2.15181927, 41.33465899 ], [ 2.15181035, 41.33463846 ], [ 2.15180174, 41.33462471 ], [ 2.15180064, 41.33462132 ], [ 2.1518003, 41.33461419 ], [ 2.15179917, 41.33460884 ], [ 2.15179298, 41.33459806 ], [ 2.1517876, 41.3345915 ], [ 2.15178347, 41.33458742 ], [ 2.15177402, 41.3345799 ], [ 2.15177178, 41.33457981 ], [ 2.15176674, 41.33458347 ], [ 2.15176434, 41.33458449 ], [ 2.15176325, 41.33458422 ], [ 2.15175959, 41.33458131 ], [ 2.15175873, 41.33458064 ], [ 2.15175711, 41.33457841 ], [ 2.151755, 41.33457289 ], [ 2.15175323, 41.33456174 ], [ 2.15175055, 41.33455378 ], [ 2.15173472, 41.33452873 ], [ 2.1517257, 41.33451656 ], [ 2.1517243, 41.33451293 ], [ 2.15172397, 41.33450503 ], [ 2.15172306, 41.33450126 ], [ 2.151722, 41.33449953 ], [ 2.15171679, 41.33449361 ], [ 2.15170462, 41.3344829 ], [ 2.15169213, 41.33447344 ], [ 2.15169137, 41.33446515 ], [ 2.15168209, 41.33444368 ], [ 2.15166411, 41.33441501 ], [ 2.15165944, 41.33438975 ], [ 2.15164418, 41.33439514 ], [ 2.15163332, 41.33437982 ], [ 2.15164757, 41.33437443 ], [ 2.15162449, 41.33434919 ], [ 2.15161091, 41.3343354 ], [ 2.15160787, 41.33432902 ], [ 2.15160714, 41.33431606 ], [ 2.15160837, 41.33430966 ], [ 2.1516068, 41.33430705 ], [ 2.15160182, 41.3343026 ], [ 2.15159855, 41.33429914 ], [ 2.15159609, 41.33429436 ], [ 2.15159197, 41.33428434 ], [ 2.15158756, 41.33427729 ], [ 2.15158142, 41.33427134 ], [ 2.15157271, 41.33426443 ], [ 2.1515694, 41.33426013 ], [ 2.15156457, 41.33425089 ], [ 2.15155819, 41.33423427 ], [ 2.15154837, 41.3342249 ], [ 2.15154729, 41.33421913 ], [ 2.1515371, 41.33420191 ], [ 2.15153427, 41.33419592 ], [ 2.15152943, 41.33418369 ], [ 2.15152474, 41.33417465 ], [ 2.15152053, 41.33417049 ], [ 2.1515089, 41.33416451 ], [ 2.15150738, 41.33416416 ], [ 2.1515039, 41.33416404 ], [ 2.15150213, 41.33416317 ], [ 2.15149854, 41.33415233 ], [ 2.15149028, 41.33413361 ], [ 2.15147775, 41.3341039 ], [ 2.15147319, 41.33409445 ], [ 2.15146196, 41.33407618 ], [ 2.15144966, 41.33406615 ], [ 2.15143965, 41.33404791 ], [ 2.15143606, 41.33403845 ], [ 2.15143287, 41.33402834 ], [ 2.15142943, 41.33401887 ], [ 2.15142327, 41.33400903 ], [ 2.15141997, 41.33400374 ], [ 2.15141276, 41.33399423 ], [ 2.15140211, 41.33398019 ], [ 2.1514003, 41.33397607 ], [ 2.15139891, 41.33396726 ], [ 2.15139691, 41.33396084 ], [ 2.1513938, 41.3339559 ], [ 2.1513862, 41.33394656 ], [ 2.15138391, 41.33394458 ], [ 2.15137865, 41.33394099 ], [ 2.15137599, 41.33393777 ], [ 2.15137202, 41.33392635 ], [ 2.15136688, 41.33391046 ], [ 2.15136163, 41.33389743 ], [ 2.15135732, 41.33388894 ], [ 2.15134729, 41.33387234 ], [ 2.15133209, 41.33385753 ], [ 2.15132827, 41.3338503 ], [ 2.15132219, 41.33383245 ], [ 2.15131034, 41.33381024 ], [ 2.15130286, 41.33379685 ], [ 2.15129037, 41.33377226 ], [ 2.15128849, 41.33376202 ], [ 2.15128108, 41.33375108 ], [ 2.15127365, 41.3337418 ], [ 2.15127013, 41.33373984 ], [ 2.1512608, 41.33373855 ], [ 2.1512543, 41.33373741 ], [ 2.151251, 41.33373553 ], [ 2.15124464, 41.33373042 ], [ 2.15124139, 41.33372873 ], [ 2.15123969, 41.33372844 ], [ 2.15123417, 41.3337293 ], [ 2.15123032, 41.33373082 ], [ 2.15122307, 41.33373509 ], [ 2.15121697, 41.33374059 ], [ 2.15121177, 41.33374387 ], [ 2.15120785, 41.33374489 ], [ 2.1511993, 41.33374505 ], [ 2.1511932, 41.33374539 ], [ 2.1511897, 41.33374655 ], [ 2.15118283, 41.33375015 ], [ 2.15117782, 41.33375176 ], [ 2.15117532, 41.33375116 ], [ 2.15117061, 41.33374733 ], [ 2.15116691, 41.33374527 ], [ 2.15116365, 41.33374525 ], [ 2.15115627, 41.33374645 ], [ 2.15115103, 41.33374601 ], [ 2.15114402, 41.33374259 ], [ 2.15114135, 41.33374025 ], [ 2.15111506, 41.33370897 ], [ 2.15108285, 41.33368175 ], [ 2.15106595, 41.33365894 ], [ 2.15106453, 41.33365601 ], [ 2.15106347, 41.33365003 ], [ 2.15106438, 41.3336414 ], [ 2.15106614, 41.33363711 ], [ 2.15107108, 41.33363106 ], [ 2.15107506, 41.3336281 ], [ 2.15108938, 41.33362024 ], [ 2.15109836, 41.3336139 ], [ 2.15110147, 41.33361283 ], [ 2.15110874, 41.33361235 ], [ 2.15111378, 41.33361127 ], [ 2.15112247, 41.33360682 ], [ 2.15113911, 41.33359698 ], [ 2.15114939, 41.3335903 ], [ 2.15115388, 41.33358628 ], [ 2.15115535, 41.33358437 ], [ 2.15115705, 41.33358022 ], [ 2.15115735, 41.33357583 ], [ 2.15115508, 41.33356726 ], [ 2.15115262, 41.33356206 ], [ 2.15114492, 41.33354583 ], [ 2.15114065, 41.33353797 ], [ 2.15112707, 41.33351567 ], [ 2.15112417, 41.33350941 ], [ 2.15111964, 41.33349651 ], [ 2.1511152, 41.33348712 ], [ 2.15110818, 41.3334766 ], [ 2.15109285, 41.33345612 ], [ 2.15107412, 41.3334335 ], [ 2.1510735, 41.33343167 ], [ 2.15107405, 41.33342765 ], [ 2.15107366, 41.33342477 ], [ 2.15106732, 41.33341469 ], [ 2.15105263, 41.33339522 ], [ 2.15103575, 41.33337686 ], [ 2.15103388, 41.33337326 ], [ 2.15103224, 41.33336532 ], [ 2.15102957, 41.33335988 ], [ 2.15101178, 41.33334541 ], [ 2.15100156, 41.33333413 ], [ 2.15098897, 41.33332024 ], [ 2.15098352, 41.333313 ], [ 2.15097579, 41.33329744 ], [ 2.15097585, 41.33329499 ], [ 2.15097885, 41.33328992 ], [ 2.15097943, 41.33328747 ], [ 2.15097899, 41.33328629 ], [ 2.15097393, 41.33328037 ], [ 2.15096125, 41.33326987 ], [ 2.15095274, 41.33326167 ], [ 2.15094072, 41.33324458 ], [ 2.15093831, 41.33324251 ], [ 2.1509322, 41.33323891 ], [ 2.15092965, 41.33323563 ], [ 2.15092979, 41.3332324 ], [ 2.15093424, 41.33322082 ], [ 2.15093715, 41.33320642 ], [ 2.15093699, 41.3331993 ], [ 2.15093533, 41.33319681 ], [ 2.15092833, 41.33319317 ], [ 2.1509252, 41.33319112 ], [ 2.15092421, 41.33318983 ], [ 2.15091959, 41.33318103 ], [ 2.15091255, 41.33317476 ], [ 2.15090879, 41.33317186 ], [ 2.15090211, 41.33317414 ], [ 2.15089251, 41.33315819 ], [ 2.15089823, 41.33315623 ], [ 2.15088582, 41.33313786 ], [ 2.1508714, 41.33311631 ], [ 2.15085698, 41.33309486 ], [ 2.15084124, 41.33306447 ], [ 2.15083864, 41.33306349 ], [ 2.1507364, 41.33292589 ], [ 2.15071673, 41.33290247 ], [ 2.15071334, 41.33287586 ], [ 2.15070537, 41.33285188 ], [ 2.15069314, 41.33282765 ], [ 2.15067094, 41.3327884 ], [ 2.15064695, 41.33274985 ], [ 2.15061908, 41.33271514 ], [ 2.15059252, 41.33268 ], [ 2.15057584, 41.33264907 ], [ 2.15055975, 41.33261805 ], [ 2.15054227, 41.33258352 ], [ 2.15050216, 41.33253035 ], [ 2.15048535, 41.33251257 ], [ 2.15046822, 41.33250658 ], [ 2.15043702, 41.33249807 ], [ 2.15037223, 41.33247856 ], [ 2.15035181, 41.33247078 ], [ 2.15030473, 41.33241494 ], [ 2.15029828, 41.33239679 ], [ 2.15029182, 41.33237855 ], [ 2.15029784, 41.33235697 ], [ 2.15031967, 41.33233254 ], [ 2.15034196, 41.3323092 ], [ 2.15035024, 41.33229755 ], [ 2.15035673, 41.33228535 ], [ 2.15035903, 41.33227383 ], [ 2.15035619, 41.33226237 ], [ 2.15033983, 41.3322337 ], [ 2.15032071, 41.33220599 ], [ 2.15029109, 41.33216857 ], [ 2.15026194, 41.33213098 ], [ 2.15022849, 41.33208362 ], [ 2.15019685, 41.33203556 ], [ 2.15018299, 41.33200789 ], [ 2.15016793, 41.33198076 ], [ 2.15014537, 41.33195077 ], [ 2.15012282, 41.33192079 ], [ 2.15010625, 41.33189896 ], [ 2.15008981, 41.33187704 ], [ 2.15008725, 41.33186225 ], [ 2.15008661, 41.33184675 ], [ 2.15007717, 41.33182831 ], [ 2.15006233, 41.33181171 ], [ 2.15004455, 41.33180104 ], [ 2.15002675, 41.33179091 ], [ 2.15001444, 41.331782 ], [ 2.15000489, 41.33177166 ], [ 2.1499987, 41.33176053 ], [ 2.14999252, 41.33174932 ], [ 2.14997163, 41.33171025 ], [ 2.14995075, 41.33167118 ], [ 2.14992034, 41.33162061 ], [ 2.14988836, 41.33157065 ], [ 2.14985279, 41.33151238 ], [ 2.14980438, 41.33143077 ], [ 2.14975608, 41.33134916 ], [ 2.14974341, 41.33133106 ], [ 2.14972606, 41.33131498 ], [ 2.14970447, 41.33130266 ], [ 2.14968117, 41.33129258 ], [ 2.14966528, 41.33128355 ], [ 2.14957438, 41.33123415 ], [ 2.14956589, 41.3312258 ], [ 2.14955261, 41.33120831 ], [ 2.14952447, 41.33115784 ], [ 2.14949968, 41.33110641 ], [ 2.1494933, 41.33109177 ], [ 2.14948835, 41.33107705 ], [ 2.14948776, 41.33105795 ], [ 2.14949339, 41.33103889 ], [ 2.14950819, 41.33101297 ], [ 2.14952358, 41.33098705 ], [ 2.14953014, 41.33096972 ], [ 2.14953276, 41.33095235 ], [ 2.14952789, 41.33093142 ], [ 2.14951525, 41.33091115 ], [ 2.14948797, 41.33088572 ], [ 2.14946261, 41.33086068 ], [ 2.1494415, 41.33082953 ], [ 2.14942028, 41.3307983 ], [ 2.14941664, 41.33079296 ], [ 2.14937411, 41.3307277 ], [ 2.14932141, 41.33064489 ], [ 2.14926907, 41.330562 ], [ 2.14921044, 41.33046707 ], [ 2.14919301, 41.33043839 ], [ 2.14915253, 41.33037188 ], [ 2.14910307, 41.33028748 ], [ 2.1490529, 41.33020334 ], [ 2.14900724, 41.33013112 ], [ 2.1489611, 41.33005872 ], [ 2.14894895, 41.33003683 ], [ 2.14893693, 41.33001503 ], [ 2.14893329, 41.33001041 ], [ 2.14892714, 41.33000496 ], [ 2.14892205, 41.33000159 ], [ 2.14891265, 41.3299981 ], [ 2.14889809, 41.32999682 ], [ 2.14888366, 41.32999473 ], [ 2.14886686, 41.32999073 ], [ 2.14885008, 41.32998538 ], [ 2.14884245, 41.32998407 ], [ 2.14883492, 41.32998446 ], [ 2.14880912, 41.32999256 ], [ 2.14878332, 41.33000092 ], [ 2.14875356, 41.3300098 ], [ 2.14871034, 41.33001615 ], [ 2.14868832, 41.33001905 ], [ 2.14868051, 41.33001809 ], [ 2.14854616, 41.33006618 ], [ 2.14768948, 41.33036643 ], [ 2.14590166, 41.33098771 ], [ 2.14608536, 41.33128587 ], [ 2.14584881, 41.33137118 ], [ 2.14728038, 41.33369747 ], [ 2.14427926, 41.3347474 ], [ 2.14531429, 41.33642677 ], [ 2.14561208, 41.33632326 ], [ 2.14562784, 41.33632446 ], [ 2.14561256, 41.33655063 ], [ 2.14955488, 41.33666808 ], [ 2.1495599, 41.3366696 ], [ 2.14956767, 41.33667562 ], [ 2.14960465, 41.33693014 ], [ 2.14963168, 41.33713666 ], [ 2.14974501, 41.33796946 ], [ 2.14980303, 41.33836507 ], [ 2.14987905, 41.33894893 ], [ 2.14994913, 41.33943698 ], [ 2.14997833, 41.33966266 ], [ 2.15003701, 41.34005881 ], [ 2.15019684, 41.34122983 ], [ 2.15025909, 41.34166739 ], [ 2.15033836, 41.342253 ], [ 2.15040724, 41.34273991 ], [ 2.15092428, 41.34648342 ], [ 2.15102984, 41.3464749 ], [ 2.15103237, 41.34647139 ], [ 2.15108904, 41.34646726 ], [ 2.15109158, 41.34647002 ], [ 2.15118176, 41.34646276 ], [ 2.15118333, 41.34645953 ], [ 2.15124076, 41.34645484 ], [ 2.15124398, 41.34645781 ], [ 2.15186972, 41.34640801 ], [ 2.15184938, 41.34625834 ], [ 2.1518356, 41.34625888 ], [ 2.15180985, 41.34606896 ], [ 2.15182238, 41.34606811 ], [ 2.15180156, 41.34591202 ], [ 2.1517872, 41.34591292 ], [ 2.15177127, 41.34579938 ], [ 2.15176996, 41.34576342 ], [ 2.15178239, 41.34573889 ], [ 2.15179473, 41.34572636 ], [ 2.15180967, 41.34571993 ], [ 2.15182347, 41.34571928 ], [ 2.15183544, 41.34572154 ], [ 2.15184965, 41.34572783 ], [ 2.15186681, 41.34574223 ], [ 2.15188212, 41.34577548 ], [ 2.1519014, 41.34590332 ], [ 2.1518881, 41.34590408 ], [ 2.15191007, 41.34606062 ], [ 2.15192442, 41.34606007 ], [ 2.15194847, 41.34624919 ], [ 2.15193641, 41.34624968 ], [ 2.15195749, 41.34640145 ], [ 2.15256991, 41.34635415 ], [ 2.15257301, 41.346351 ], [ 2.15262891, 41.34634623 ], [ 2.15263289, 41.346349 ], [ 2.15274058, 41.3463402 ], [ 2.15264242, 41.34562832 ], [ 2.15283664, 41.34561245 ], [ 2.1528412, 41.34560758 ], [ 2.1529595, 41.34559873 ], [ 2.152967, 41.34560289 ], [ 2.1530074, 41.34559973 ], [ 2.15285393, 41.3444929 ], [ 2.15321767, 41.34446314 ], [ 2.15301064, 41.34298762 ], [ 2.15300596, 41.34294312 ], [ 2.15311326, 41.34273487 ], [ 2.15330828, 41.34270114 ], [ 2.1533717, 41.34273597 ], [ 2.15376519, 41.34296223 ], [ 2.15396584, 41.34307452 ], [ 2.15768968, 41.34519279 ], [ 2.15767344, 41.34520974 ], [ 2.16040629, 41.34676168 ], [ 2.1614939, 41.34738006 ], [ 2.16250002, 41.3479471 ], [ 2.16287924, 41.34816239 ], [ 2.16323921, 41.34836925 ], [ 2.163143, 41.34846432 ], [ 2.1630698, 41.34842226 ], [ 2.1630412, 41.34845132 ], [ 2.16337782, 41.34864124 ], [ 2.16369636, 41.3485209 ], [ 2.16367366, 41.34848981 ], [ 2.16363463, 41.34850445 ], [ 2.16356276, 41.34839562 ], [ 2.16690655, 41.34714392 ], [ 2.16713359, 41.34749288 ], [ 2.16738594, 41.3478709 ], [ 2.16760842, 41.3482097 ], [ 2.16792546, 41.34869918 ], [ 2.16810071, 41.34896094 ], [ 2.17062331, 41.35280864 ], [ 2.17092953, 41.35327142 ], [ 2.17152731, 41.35418496 ], [ 2.1720423, 41.35496799 ], [ 2.17281414, 41.35614803 ], [ 2.17305129, 41.3565027 ], [ 2.1730544, 41.35651548 ], [ 2.17305021, 41.35652538 ], [ 2.17303942, 41.35653577 ], [ 2.17295507, 41.35659374 ], [ 2.16990053, 41.35864739 ], [ 2.17001718, 41.35883601 ], [ 2.17019875, 41.35911637 ], [ 2.17029607, 41.3592711 ], [ 2.17060057, 41.35973617 ], [ 2.17093088, 41.36025132 ], [ 2.17500738, 41.35874777 ], [ 2.17532893, 41.35862453 ], [ 2.17535936, 41.35861551 ], [ 2.17537982, 41.35861266 ], [ 2.1754034, 41.35861426 ], [ 2.1754245, 41.35862035 ], [ 2.17544752, 41.35863076 ], [ 2.17546418, 41.35864394 ], [ 2.17564325, 41.35891669 ], [ 2.17585734, 41.35925342 ], [ 2.17609715, 41.35962137 ], [ 2.17612572, 41.35961081 ], [ 2.17673901, 41.36055285 ], [ 2.1761744, 41.36076209 ], [ 2.17616036, 41.36073984 ], [ 2.17536135, 41.36103385 ], [ 2.17490791, 41.36120472 ], [ 2.17453615, 41.36133836 ], [ 2.17404227, 41.36151352 ], [ 2.17369117, 41.36164571 ], [ 2.17384398, 41.36187989 ], [ 2.17348007, 41.36203542 ], [ 2.17598308, 41.36532412 ], [ 2.17682451, 41.36502035 ], [ 2.17722542, 41.3648718 ], [ 2.17806717, 41.36456608 ], [ 2.1792795, 41.36412017 ], [ 2.17899288, 41.36367786 ], [ 2.17931367, 41.36355987 ], [ 2.1797048, 41.36416341 ], [ 2.18023693, 41.36499028 ], [ 2.1807215, 41.36575388 ], [ 2.18075234, 41.36579561 ], [ 2.18075555, 41.36581315 ], [ 2.1807531, 41.36583679 ], [ 2.18074355, 41.36585886 ], [ 2.18072904, 41.36587569 ], [ 2.18071231, 41.36588791 ], [ 2.18069684, 41.36589569 ], [ 2.1803296, 41.36603119 ], [ 2.17982667, 41.36622069 ], [ 2.17967547, 41.36597881 ], [ 2.17651978, 41.36713182 ], [ 2.17668888, 41.3673979 ], [ 2.17639269, 41.36742281 ], [ 2.17651662, 41.36825031 ], [ 2.17656201, 41.36856604 ], [ 2.17668222, 41.36938573 ], [ 2.17703918, 41.3693566 ], [ 2.17710884, 41.3698209 ], [ 2.17675174, 41.36984995 ], [ 2.17708961, 41.37214361 ], [ 2.17737594, 41.37211942 ], [ 2.17746095, 41.37216052 ], [ 2.17761852, 41.37236196 ], [ 2.17762122, 41.37236071 ], [ 2.17762155, 41.37236118 ], [ 2.17762006, 41.37236186 ], [ 2.17759848, 41.37237166 ], [ 2.17752524, 41.37240494 ], [ 2.17745209, 41.37243818 ], [ 2.1773539, 41.3724828 ], [ 2.17732123, 41.37249765 ], [ 2.17728812, 41.37251268 ], [ 2.17709494, 41.37275328 ], [ 2.17693995, 41.37279202 ], [ 2.17652985, 41.37289455 ], [ 2.17643825, 41.37291745 ], [ 2.17630238, 41.37295142 ], [ 2.17629909, 41.37295293 ], [ 2.17629169, 41.37295634 ], [ 2.17620046, 41.37299837 ], [ 2.1760661, 41.37306026 ], [ 2.17606099, 41.37306261 ], [ 2.17605544, 41.37306517 ], [ 2.17604458, 41.37307018 ], [ 2.17589733, 41.37313607 ], [ 2.1758637, 41.37315147 ], [ 2.17585936, 41.37315347 ], [ 2.17585757, 41.37315427 ], [ 2.17585186, 41.37315683 ], [ 2.17582956, 41.3731668 ], [ 2.17573503, 41.37320911 ], [ 2.17572941, 41.37321162 ], [ 2.17563844, 41.37325232 ], [ 2.17547278, 41.37332645 ], [ 2.17555396, 41.37342767 ], [ 2.17562885, 41.37352105 ], [ 2.17559364, 41.37354852 ], [ 2.17550578, 41.37366589 ], [ 2.17546002, 41.37379614 ], [ 2.17545929, 41.37393088 ], [ 2.17550366, 41.37406142 ], [ 2.17560536, 41.37420663 ], [ 2.17573812, 41.37429195 ], [ 2.17552938, 41.37450848 ], [ 2.17540734, 41.37458137 ], [ 2.17529771, 41.37462138 ], [ 2.17519532, 41.37463773 ], [ 2.17504134, 41.37464952 ], [ 2.17352924, 41.37474676 ], [ 2.17318676, 41.37476698 ], [ 2.17273048, 41.37479392 ], [ 2.16999862, 41.37495564 ], [ 2.16779689, 41.37497616 ], [ 2.16545804, 41.37498231 ], [ 2.16522748, 41.37498292 ], [ 2.16338503, 41.37498776 ], [ 2.16214996, 41.37499099 ], [ 2.1615433, 41.37499257 ], [ 2.16091446, 41.3749942 ], [ 2.15933496, 41.37499829 ], [ 2.15867493, 41.37499999 ], [ 2.15769973, 41.3750025 ], [ 2.15623786, 41.37500872 ], [ 2.1560865, 41.37500813 ], [ 2.15402512, 41.37500262 ], [ 2.1509892, 41.37503515 ], [ 2.14989887, 41.37507448 ], [ 2.14976671, 41.37516819 ], [ 2.14952858, 41.37533705 ], [ 2.14952715, 41.37533806 ], [ 2.1493463, 41.37547546 ], [ 2.14922689, 41.37556618 ], [ 2.14895785, 41.37576772 ], [ 2.1482362, 41.37623223 ] ] ], [ [ [ 2.17520934, 41.34983861 ], [ 2.1751859, 41.34984898 ], [ 2.17517388, 41.3498633 ], [ 2.17516412, 41.34987909 ], [ 2.17515808, 41.34989319 ], [ 2.17515767, 41.34990714 ], [ 2.17516301, 41.34991979 ], [ 2.17516978, 41.34993236 ], [ 2.17517854, 41.34994882 ], [ 2.17518958, 41.34996466 ], [ 2.17521071, 41.34997607 ], [ 2.17523691, 41.34998419 ], [ 2.17524281, 41.3499899 ], [ 2.17524226, 41.34999585 ], [ 2.17521904, 41.35000721 ], [ 2.17519251, 41.35001621 ], [ 2.17518447, 41.35002858 ], [ 2.17518407, 41.35004119 ], [ 2.17518618, 41.35005363 ], [ 2.17519356, 41.35006603 ], [ 2.17520552, 41.35007512 ], [ 2.17521882, 41.35008188 ], [ 2.17523549, 41.35008686 ], [ 2.17525154, 41.35009373 ], [ 2.17525527, 41.35011097 ], [ 2.1752449, 41.35012746 ], [ 2.17523191, 41.35013413 ], [ 2.1752188, 41.35014007 ], [ 2.17520005, 41.35015759 ], [ 2.17519495, 41.35017332 ], [ 2.17519308, 41.35018925 ], [ 2.17519185, 41.35021076 ], [ 2.17519397, 41.35023231 ], [ 2.17520083, 41.35024749 ], [ 2.17521141, 41.35026171 ], [ 2.17523189, 41.35027762 ], [ 2.17523123, 41.35029194 ], [ 2.17521391, 41.35030046 ], [ 2.1752132, 41.35030919 ], [ 2.17522645, 41.35032928 ], [ 2.17523743, 41.35035008 ], [ 2.17524042, 41.35036848 ], [ 2.17524536, 41.35038472 ], [ 2.17525029, 41.35040088 ], [ 2.1752593, 41.35043563 ], [ 2.17526711, 41.35047063 ], [ 2.17527237, 41.35050814 ], [ 2.17528111, 41.35054504 ], [ 2.17529149, 41.35056566 ], [ 2.17530295, 41.35058592 ], [ 2.17531241, 41.35060319 ], [ 2.17532212, 41.35062037 ], [ 2.17533864, 41.35063715 ], [ 2.17535696, 41.35065332 ], [ 2.1753666, 41.35066627 ], [ 2.17537348, 41.3506801 ], [ 2.17537801, 41.35070013 ], [ 2.17538206, 41.35072006 ], [ 2.17538888, 41.35073849 ], [ 2.17539486, 41.350757 ], [ 2.17539519, 41.35076907 ], [ 2.17539504, 41.35078123 ], [ 2.17539689, 41.35079538 ], [ 2.17539994, 41.35080955 ], [ 2.17541103, 41.35084007 ], [ 2.17542728, 41.35086928 ], [ 2.17544889, 41.35089916 ], [ 2.175474, 41.35092718 ], [ 2.17549396, 41.35094633 ], [ 2.17551392, 41.35096547 ], [ 2.17552702, 41.35097881 ], [ 2.17554037, 41.35099197 ], [ 2.17556202, 41.35100978 ], [ 2.17558403, 41.35102723 ], [ 2.17560768, 41.35104739 ], [ 2.17563134, 41.35106765 ], [ 2.17564411, 41.35107882 ], [ 2.17565652, 41.35109008 ], [ 2.17567073, 41.35110955 ], [ 2.17568458, 41.35112082 ], [ 2.17570141, 41.35112292 ], [ 2.17571837, 41.3511234 ], [ 2.17573523, 41.3511237 ], [ 2.1757488, 41.35112785 ], [ 2.17576053, 41.35113613 ], [ 2.17577296, 41.35115559 ], [ 2.17577063, 41.35116908 ], [ 2.17576179, 41.35117857 ], [ 2.17577067, 41.35119467 ], [ 2.17578288, 41.35120295 ], [ 2.17579437, 41.35121096 ], [ 2.17580367, 41.35123183 ], [ 2.1758238, 41.35124729 ], [ 2.17584429, 41.35126248 ], [ 2.17585982, 41.3512725 ], [ 2.1758745, 41.35128368 ], [ 2.17587838, 41.35129866 ], [ 2.17587746, 41.35131478 ], [ 2.17588123, 41.35132886 ], [ 2.17588643, 41.35134277 ], [ 2.17590214, 41.35135756 ], [ 2.17591546, 41.35137279 ], [ 2.17591678, 41.35139073 ], [ 2.17591688, 41.35141162 ], [ 2.17592529, 41.35143645 ], [ 2.17593646, 41.35146076 ], [ 2.17595031, 41.35149086 ], [ 2.17596463, 41.35152087 ], [ 2.17597258, 41.35153516 ], [ 2.17598281, 41.35154874 ], [ 2.1759965, 41.35155352 ], [ 2.17601175, 41.35155732 ], [ 2.1760301, 41.35157142 ], [ 2.17604268, 41.35158826 ], [ 2.17604982, 41.35161011 ], [ 2.17605444, 41.35163212 ], [ 2.17605789, 41.35165205 ], [ 2.17605836, 41.35167187 ], [ 2.17604843, 41.35169144 ], [ 2.17603982, 41.35170138 ], [ 2.17603121, 41.35171122 ], [ 2.17601515, 41.35173309 ], [ 2.17600088, 41.35175595 ], [ 2.17599518, 41.35177168 ], [ 2.17599402, 41.35178761 ], [ 2.17600167, 41.35180712 ], [ 2.1760199, 41.35182121 ], [ 2.17603197, 41.35184049 ], [ 2.17603638, 41.35186043 ], [ 2.17603756, 41.35188034 ], [ 2.17603639, 41.35189709 ], [ 2.17603511, 41.35191392 ], [ 2.17603505, 41.35192761 ], [ 2.17603596, 41.35194122 ], [ 2.17604319, 41.35195523 ], [ 2.17605175, 41.3519689 ], [ 2.1760542, 41.35198297 ], [ 2.17605199, 41.35199718 ], [ 2.17604624, 41.35200768 ], [ 2.17603787, 41.35201744 ], [ 2.17602413, 41.35202626 ], [ 2.1760182, 41.35204144 ], [ 2.1760186, 41.35205675 ], [ 2.17602268, 41.35207435 ], [ 2.17602844, 41.35209177 ], [ 2.17603617, 41.3521048 ], [ 2.17604162, 41.35211799 ], [ 2.1760419, 41.35213348 ], [ 2.17604206, 41.35214907 ], [ 2.1760421, 41.35216474 ], [ 2.17604227, 41.35218033 ], [ 2.17604802, 41.3522073 ], [ 2.17605869, 41.35223386 ], [ 2.17607412, 41.35227072 ], [ 2.17609291, 41.35230652 ], [ 2.17611755, 41.35234327 ], [ 2.1761452, 41.35237851 ], [ 2.17617041, 41.35240787 ], [ 2.17619575, 41.35243724 ], [ 2.17621247, 41.35245727 ], [ 2.17622919, 41.35247729 ], [ 2.17624502, 41.35249227 ], [ 2.17626145, 41.35250698 ], [ 2.17627383, 41.35252085 ], [ 2.17628608, 41.35253481 ], [ 2.17630143, 41.35255032 ], [ 2.17631798, 41.35256503 ], [ 2.17634302, 41.35257926 ], [ 2.17636891, 41.35259305 ], [ 2.17638997, 41.35261022 ], [ 2.17640838, 41.35262936 ], [ 2.17642025, 41.35264548 ], [ 2.17642888, 41.35266257 ], [ 2.17643359, 41.3526871 ], [ 2.1764383, 41.35271154 ], [ 2.17644747, 41.35273395 ], [ 2.17645963, 41.35275547 ], [ 2.1764749, 41.35277702 ], [ 2.17649028, 41.35279848 ], [ 2.17650744, 41.35282229 ], [ 2.17652459, 41.3528461 ], [ 2.17653512, 41.35286456 ], [ 2.17654576, 41.35288292 ], [ 2.1765627, 41.35290502 ], [ 2.17657988, 41.35292694 ], [ 2.17659685, 41.35294607 ], [ 2.17660854, 41.35296669 ], [ 2.17661093, 41.35298616 ], [ 2.17661236, 41.35300572 ], [ 2.17661501, 41.35303231 ], [ 2.17661802, 41.3530589 ], [ 2.1766302, 41.35307908 ], [ 2.1766521, 41.35309608 ], [ 2.17666647, 41.35310339 ], [ 2.17668073, 41.3531106 ], [ 2.17669659, 41.35312315 ], [ 2.17670836, 41.35313791 ], [ 2.17671367, 41.35315227 ], [ 2.17671624, 41.35316688 ], [ 2.1767167, 41.35318715 ], [ 2.17671788, 41.35320743 ], [ 2.17672379, 41.35323143 ], [ 2.17673222, 41.35325509 ], [ 2.17674057, 41.35327542 ], [ 2.17675277, 41.35329442 ], [ 2.17677118, 41.35331329 ], [ 2.17678971, 41.35333198 ], [ 2.17680564, 41.35334876 ], [ 2.1768212, 41.3533658 ], [ 2.17683956, 41.35338863 ], [ 2.176856, 41.35341226 ], [ 2.1768689, 41.35343235 ], [ 2.17688168, 41.35345244 ], [ 2.17689316, 41.35347062 ], [ 2.17690453, 41.35348881 ], [ 2.17691655, 41.35351214 ], [ 2.17692869, 41.35353537 ], [ 2.17694698, 41.35356379 ], [ 2.17696539, 41.35359211 ], [ 2.17698896, 41.35362876 ], [ 2.17701288, 41.35366532 ], [ 2.17704309, 41.35370589 ], [ 2.17707475, 41.35374575 ], [ 2.17710568, 41.35378642 ], [ 2.17713637, 41.35382708 ], [ 2.17715856, 41.35385904 ], [ 2.17718027, 41.35389108 ], [ 2.17719795, 41.35391075 ], [ 2.17721576, 41.35393052 ], [ 2.17722795, 41.3539497 ], [ 2.17723726, 41.35396976 ], [ 2.17724289, 41.35398791 ], [ 2.1772484, 41.35400605 ], [ 2.177258, 41.35403143 ], [ 2.17727132, 41.35405576 ], [ 2.17729308, 41.35408411 ], [ 2.17731592, 41.35411192 ], [ 2.17733489, 41.35413377 ], [ 2.17735314, 41.35415597 ], [ 2.17736803, 41.35417958 ], [ 2.17737153, 41.35418627 ], [ 2.17738075, 41.35420381 ], [ 2.17739229, 41.35422768 ], [ 2.1774043, 41.35425136 ], [ 2.17741662, 41.35427009 ], [ 2.17743062, 41.35428812 ], [ 2.17744429, 41.35430335 ], [ 2.17745809, 41.35431867 ], [ 2.17747301, 41.35433923 ], [ 2.17748349, 41.35436101 ], [ 2.17748843, 41.35437762 ], [ 2.177493, 41.35439431 ], [ 2.17750039, 41.35442463 ], [ 2.17750849, 41.35445487 ], [ 2.17751708, 41.35447564 ], [ 2.1775277, 41.3544959 ], [ 2.17753987, 41.35451706 ], [ 2.17755131, 41.35453849 ], [ 2.17756201, 41.35456235 ], [ 2.17757259, 41.3545862 ], [ 2.17758305, 41.35460979 ], [ 2.17759352, 41.35463328 ], [ 2.17760703, 41.35466094 ], [ 2.17762175, 41.35468825 ], [ 2.17763462, 41.35471113 ], [ 2.17764988, 41.35473313 ], [ 2.17766848, 41.35475578 ], [ 2.17768721, 41.35477834 ], [ 2.17770581, 41.354801 ], [ 2.17772417, 41.35482365 ], [ 2.17773862, 41.35484447 ], [ 2.17775102, 41.35486599 ], [ 2.17776819, 41.35489809 ], [ 2.17778536, 41.35493019 ], [ 2.17780351, 41.35496023 ], [ 2.17782154, 41.35499026 ], [ 2.17783532, 41.35501648 ], [ 2.17784849, 41.35504288 ], [ 2.17785834, 41.35506754 ], [ 2.17786999, 41.35509185 ], [ 2.1778833, 41.35510744 ], [ 2.17789878, 41.35512187 ], [ 2.17791687, 41.3551384 ], [ 2.17793459, 41.35515519 ], [ 2.17794945, 41.35517115 ], [ 2.17796407, 41.35518728 ], [ 2.17798387, 41.35520949 ], [ 2.17800307, 41.35523224 ], [ 2.1780109, 41.35524653 ], [ 2.17801502, 41.35526169 ], [ 2.17801428, 41.3552824 ], [ 2.17800769, 41.35529307 ], [ 2.17800039, 41.35530338 ], [ 2.1779975, 41.35531417 ], [ 2.1780018, 41.35532429 ], [ 2.17802069, 41.35533361 ], [ 2.17803581, 41.35533813 ], [ 2.1780496, 41.35534409 ], [ 2.17806353, 41.35535824 ], [ 2.1780747, 41.35537363 ], [ 2.17809362, 41.35539935 ], [ 2.17811158, 41.35542551 ], [ 2.17812702, 41.35545255 ], [ 2.1781421, 41.35547968 ], [ 2.17816179, 41.35551117 ], [ 2.17818448, 41.3555415 ], [ 2.178217, 41.35556975 ], [ 2.17825133, 41.35559702 ], [ 2.17827057, 41.35561661 ], [ 2.17828752, 41.35563745 ], [ 2.1783005, 41.35566006 ], [ 2.17831361, 41.35568249 ], [ 2.17833253, 41.35570893 ], [ 2.17835144, 41.35573537 ], [ 2.17836483, 41.35575465 ], [ 2.17837785, 41.35577411 ], [ 2.17838706, 41.35579282 ], [ 2.17839315, 41.35581232 ], [ 2.1783968, 41.35583577 ], [ 2.17840093, 41.35585903 ], [ 2.17841054, 41.35588405 ], [ 2.17842219, 41.35590864 ], [ 2.17843409, 41.3559316 ], [ 2.17844744, 41.35595413 ], [ 2.17846035, 41.35597295 ], [ 2.17847374, 41.35599152 ], [ 2.17849185, 41.3560156 ], [ 2.17850996, 41.35603969 ], [ 2.17852593, 41.35606287 ], [ 2.17854213, 41.35608604 ], [ 2.17856445, 41.35610773 ], [ 2.17859039, 41.35612737 ], [ 2.17861056, 41.35613968 ], [ 2.17862976, 41.35615278 ], [ 2.17864437, 41.35616991 ], [ 2.17865585, 41.35618828 ], [ 2.17866707, 41.35620917 ], [ 2.17867876, 41.35622979 ], [ 2.17869002, 41.35624734 ], [ 2.17870127, 41.3562649 ], [ 2.17871429, 41.35628481 ], [ 2.17872719, 41.35630472 ], [ 2.17873641, 41.3563228 ], [ 2.17874419, 41.35634132 ], [ 2.17875091, 41.35635785 ], [ 2.17875764, 41.35637447 ], [ 2.17876607, 41.35638831 ], [ 2.17877824, 41.35640029 ], [ 2.17879518, 41.35641257 ], [ 2.17881224, 41.35642467 ], [ 2.17883296, 41.35644022 ], [ 2.17884106, 41.35645244 ], [ 2.17884256, 41.35646614 ], [ 2.17884028, 41.35648621 ], [ 2.17883708, 41.35650295 ], [ 2.17883799, 41.35652538 ], [ 2.17884465, 41.35653813 ], [ 2.17885611, 41.35654893 ], [ 2.17887093, 41.35655867 ], [ 2.17888611, 41.35656779 ], [ 2.17890238, 41.35657655 ], [ 2.17891841, 41.35658576 ], [ 2.17893128, 41.3565982 ], [ 2.17894054, 41.35661259 ], [ 2.17895024, 41.35663031 ], [ 2.17895791, 41.35664847 ], [ 2.17896304, 41.35666805 ], [ 2.17896817, 41.35668755 ], [ 2.17897571, 41.35670642 ], [ 2.17898492, 41.35672496 ], [ 2.17899722, 41.35674504 ], [ 2.17901084, 41.35676459 ], [ 2.17903087, 41.35678843 ], [ 2.17904993, 41.35681252 ], [ 2.17906622, 41.35683885 ], [ 2.17908166, 41.35686535 ], [ 2.17909452, 41.35688877 ], [ 2.17910774, 41.35691211 ], [ 2.17912487, 41.35693718 ], [ 2.17914442, 41.35696137 ], [ 2.17916221, 41.35698167 ], [ 2.17918013, 41.35700198 ], [ 2.17919898, 41.35702373 ], [ 2.17921652, 41.35704611 ], [ 2.17923294, 41.35707135 ], [ 2.17924899, 41.35709678 ], [ 2.17926847, 41.35712619 ], [ 2.17928807, 41.35715552 ], [ 2.17930228, 41.35717562 ], [ 2.17931673, 41.35719572 ], [ 2.17933679, 41.35722675 ], [ 2.1793542, 41.35725868 ], [ 2.17936833, 41.35729472 ], [ 2.17938102, 41.3573312 ], [ 2.17939137, 41.35735469 ], [ 2.17940507, 41.35737731 ], [ 2.17942389, 41.35739194 ], [ 2.17944465, 41.35740542 ], [ 2.17946721, 41.35742693 ], [ 2.1794864, 41.35745049 ], [ 2.17949504, 41.35746703 ], [ 2.17949996, 41.35748427 ], [ 2.17950238, 41.3575014 ], [ 2.17950396, 41.35751853 ], [ 2.17950436, 41.35753385 ], [ 2.17950477, 41.35754916 ], [ 2.17950749, 41.35756071 ], [ 2.17951574, 41.35757077 ], [ 2.17953866, 41.35758246 ], [ 2.1795605, 41.35759541 ], [ 2.17957676, 41.35761399 ], [ 2.17958474, 41.35763539 ], [ 2.17958637, 41.3576482 ], [ 2.17958777, 41.35766091 ], [ 2.17959071, 41.35767417 ], [ 2.17959581, 41.35768709 ], [ 2.17961299, 41.35770865 ], [ 2.17963102, 41.35772958 ], [ 2.17964486, 41.35775094 ], [ 2.17965762, 41.35777274 ], [ 2.17966632, 41.35779397 ], [ 2.17967526, 41.35781511 ], [ 2.17969007, 41.3578353 ], [ 2.179705, 41.35785541 ], [ 2.17971502, 41.3578761 ], [ 2.17972516, 41.35789689 ], [ 2.17973955, 41.35792177 ], [ 2.17975671, 41.35794558 ], [ 2.17977297, 41.35796416 ], [ 2.17978936, 41.35798265 ], [ 2.17980975, 41.35800568 ], [ 2.17983038, 41.3580287 ], [ 2.17985681, 41.35804709 ], [ 2.17988468, 41.35806485 ], [ 2.17989826, 41.35807882 ], [ 2.17991014, 41.35809377 ], [ 2.17992177, 41.35811015 ], [ 2.17993028, 41.35812751 ], [ 2.17993503, 41.35814961 ], [ 2.17993714, 41.35817187 ], [ 2.17993772, 41.35819224 ], [ 2.1799383, 41.35821269 ], [ 2.17994233, 41.35823424 ], [ 2.17995163, 41.35825512 ], [ 2.17996446, 41.35827133 ], [ 2.17997994, 41.35828594 ], [ 2.17999676, 41.35829849 ], [ 2.18001345, 41.35831131 ], [ 2.18002807, 41.35832763 ], [ 2.18003645, 41.3583458 ], [ 2.18003733, 41.35836139 ], [ 2.1800375, 41.35837697 ], [ 2.18003825, 41.35839328 ], [ 2.18004343, 41.3584089 ], [ 2.18005544, 41.35842367 ], [ 2.18006782, 41.3584379 ], [ 2.18007971, 41.35845257 ], [ 2.18009172, 41.35846716 ], [ 2.18010836, 41.35848412 ], [ 2.18012525, 41.35850109 ], [ 2.18013851, 41.35852055 ], [ 2.18014781, 41.35854124 ], [ 2.18015421, 41.35856543 ], [ 2.1801606, 41.35858953 ], [ 2.18016894, 41.35861039 ], [ 2.18017957, 41.35863073 ], [ 2.18019484, 41.35865237 ], [ 2.18021251, 41.35867303 ], [ 2.1802288, 41.35868981 ], [ 2.18024642, 41.35870561 ], [ 2.18026385, 41.358717 ], [ 2.18028152, 41.35872838 ], [ 2.18029594, 41.35874128 ], [ 2.18030772, 41.35875568 ], [ 2.18032141, 41.35877929 ], [ 2.1803315, 41.35880377 ], [ 2.18033937, 41.35883382 ], [ 2.18034785, 41.35886361 ], [ 2.18036307, 41.35889867 ], [ 2.18037817, 41.35893372 ], [ 2.18038624, 41.35895756 ], [ 2.18039431, 41.35898149 ], [ 2.1804038, 41.3590066 ], [ 2.18041652, 41.35903083 ], [ 2.18043461, 41.35905663 ], [ 2.1804527, 41.35908243 ], [ 2.18046726, 41.35910343 ], [ 2.1804817, 41.35912443 ], [ 2.18049602, 41.35914597 ], [ 2.18051105, 41.35916724 ], [ 2.18053287, 41.35919127 ], [ 2.18055637, 41.3592145 ], [ 2.18057431, 41.359233 ], [ 2.18059225, 41.3592515 ], [ 2.18060876, 41.35926945 ], [ 2.18062431, 41.35928785 ], [ 2.18064255, 41.35931149 ], [ 2.1806597, 41.35933566 ], [ 2.18067883, 41.35936408 ], [ 2.18069568, 41.35939339 ], [ 2.18070743, 41.35941923 ], [ 2.18071786, 41.35944534 ], [ 2.18072733, 41.35947162 ], [ 2.18073693, 41.35949781 ], [ 2.18074776, 41.35952085 ], [ 2.18076027, 41.35954337 ], [ 2.18077292, 41.35956409 ], [ 2.18078737, 41.3595841 ], [ 2.1808033, 41.35960151 ], [ 2.18081922, 41.35961892 ], [ 2.18083559, 41.35963885 ], [ 2.18085135, 41.35965914 ], [ 2.18087379, 41.35969109 ], [ 2.18089622, 41.35972296 ], [ 2.18091174, 41.35974352 ], [ 2.18092739, 41.35976399 ], [ 2.18094244, 41.35978427 ], [ 2.18095664, 41.359805 ], [ 2.18096668, 41.35982417 ], [ 2.18097505, 41.35984377 ], [ 2.18097954, 41.35985759 ], [ 2.18098547, 41.35987096 ], [ 2.18099817, 41.35988735 ], [ 2.1810116, 41.35990339 ], [ 2.18102172, 41.35991598 ], [ 2.18103245, 41.3599284 ], [ 2.18104652, 41.35994066 ], [ 2.18106156, 41.3599523 ], [ 2.18108691, 41.35997067 ], [ 2.18110661, 41.3599918 ], [ 2.18111363, 41.36001401 ], [ 2.18111801, 41.36003647 ], [ 2.18113098, 41.36007025 ], [ 2.18114382, 41.36010412 ], [ 2.18116047, 41.36014027 ], [ 2.18119149, 41.36019282 ], [ 2.18122263, 41.36024538 ], [ 2.18130347, 41.36039683 ], [ 2.1813849, 41.3605482 ], [ 2.18142593, 41.36062298 ], [ 2.18146708, 41.36069768 ], [ 2.18155768, 41.36086118 ], [ 2.18165045, 41.36102406 ], [ 2.18169757, 41.36109916 ], [ 2.18177414, 41.3612096 ], [ 2.18184951, 41.36132048 ], [ 2.18190716, 41.36141411 ], [ 2.18196529, 41.36150766 ], [ 2.18203293, 41.36160507 ], [ 2.18209974, 41.36170282 ], [ 2.18218366, 41.36183727 ], [ 2.1822671, 41.36197181 ], [ 2.18232381, 41.36206391 ], [ 2.18238064, 41.36215601 ], [ 2.18244079, 41.36224129 ], [ 2.18250238, 41.36232594 ], [ 2.1825659, 41.36242872 ], [ 2.18262929, 41.3625315 ], [ 2.18272272, 41.36266088 ], [ 2.18276998, 41.36272535 ], [ 2.18281375, 41.36279114 ], [ 2.18288121, 41.36290368 ], [ 2.18294807, 41.36301639 ], [ 2.18299189, 41.3630884 ], [ 2.1830363, 41.36316023 ], [ 2.18305712, 41.36318758 ], [ 2.18308455, 41.36321255 ], [ 2.18311208, 41.36322878 ], [ 2.18314376, 41.36323864 ], [ 2.18318015, 41.36324484 ], [ 2.1832168, 41.36324952 ], [ 2.18329395, 41.3632561 ], [ 2.18337134, 41.36326277 ], [ 2.18341369, 41.36327073 ], [ 2.18343356, 41.36327853 ], [ 2.18345242, 41.36329064 ], [ 2.18346447, 41.36330226 ], [ 2.18347476, 41.36332044 ], [ 2.18347584, 41.36333945 ], [ 2.18343787, 41.3635078 ], [ 2.18341768, 41.36359215 ], [ 2.18340048, 41.3636767 ], [ 2.18337376, 41.36383468 ], [ 2.18334668, 41.36399257 ], [ 2.18332437, 41.36412266 ], [ 2.18329596, 41.36425217 ], [ 2.18326311, 41.36435552 ], [ 2.18322584, 41.36445803 ], [ 2.18315068, 41.36466477 ], [ 2.18307822, 41.36486407 ], [ 2.18328142, 41.3649086 ], [ 2.18305957, 41.36519802 ], [ 2.18301029, 41.36521888 ], [ 2.18288994, 41.36519354 ], [ 2.18285864, 41.36515513 ], [ 2.18290093, 41.36485482 ], [ 2.18252834, 41.36477952 ], [ 2.18252478, 41.36477401 ], [ 2.18240156, 41.36474923 ], [ 2.18232245, 41.36463164 ], [ 2.18211967, 41.3643139 ], [ 2.18089795, 41.36241567 ], [ 2.18016593, 41.36128817 ], [ 2.17994458, 41.36094649 ], [ 2.17970096, 41.36056474 ], [ 2.1790992, 41.35963952 ], [ 2.17803589, 41.35798131 ], [ 2.17776322, 41.35756554 ], [ 2.17709322, 41.3565181 ], [ 2.17673363, 41.35596794 ], [ 2.17627103, 41.35524427 ], [ 2.17526641, 41.35369507 ], [ 2.17515682, 41.35353137 ], [ 2.17462043, 41.3526954 ], [ 2.17451057, 41.35252944 ], [ 2.17446073, 41.35244855 ], [ 2.173478, 41.3509269 ], [ 2.17254223, 41.34947747 ], [ 2.17242306, 41.34928902 ], [ 2.1721025, 41.34940379 ], [ 2.17202655, 41.34928804 ], [ 2.17199106, 41.34923067 ], [ 2.17191764, 41.34906435 ], [ 2.17190244, 41.34900883 ], [ 2.17186903, 41.34885324 ], [ 2.17221957, 41.3488105 ], [ 2.17193158, 41.34747281 ], [ 2.17181446, 41.34694349 ], [ 2.17167745, 41.34630481 ], [ 2.17155057, 41.34572473 ], [ 2.17154275, 41.3456799 ], [ 2.17129073, 41.34452251 ], [ 2.17139304, 41.34450986 ], [ 2.17145402, 41.34449843 ], [ 2.17146994, 41.34449719 ], [ 2.17148579, 41.34450091 ], [ 2.17149599, 41.3445071 ], [ 2.17150788, 41.34452133 ], [ 2.1715114, 41.34453559 ], [ 2.17151355, 41.34456407 ], [ 2.17155409, 41.34468506 ], [ 2.17156392, 41.3447018 ], [ 2.17158036, 41.34471579 ], [ 2.17159473, 41.34472301 ], [ 2.17160843, 41.3447268 ], [ 2.17162251, 41.34472807 ], [ 2.17167107, 41.34472599 ], [ 2.17169118, 41.34472325 ], [ 2.17170249, 41.34471811 ], [ 2.17180176, 41.34464649 ], [ 2.17224907, 41.34431373 ], [ 2.17230988, 41.34425886 ], [ 2.17233483, 41.34421427 ], [ 2.1723406, 41.34419278 ], [ 2.17234308, 41.34412903 ], [ 2.17234334, 41.34408057 ], [ 2.17233989, 41.34403208 ], [ 2.17230063, 41.34383778 ], [ 2.172297, 41.34373723 ], [ 2.1722736, 41.34362239 ], [ 2.17224433, 41.34350823 ], [ 2.1721771, 41.34329553 ], [ 2.17215948, 41.34322398 ], [ 2.1720709, 41.34277206 ], [ 2.17201221, 41.34254582 ], [ 2.1719833, 41.34233726 ], [ 2.17195011, 41.34218317 ], [ 2.17192743, 41.34209618 ], [ 2.17189637, 41.34187725 ], [ 2.17188926, 41.34185423 ], [ 2.17187127, 41.34182086 ], [ 2.17185628, 41.34178689 ], [ 2.17184381, 41.34171465 ], [ 2.17182438, 41.34165398 ], [ 2.17180215, 41.34155023 ], [ 2.17179671, 41.34150794 ], [ 2.1717895, 41.34134134 ], [ 2.17177936, 41.34128299 ], [ 2.17176169, 41.3412253 ], [ 2.1717367, 41.3411691 ], [ 2.17172365, 41.34110532 ], [ 2.17172138, 41.34106684 ], [ 2.17171625, 41.3410287 ], [ 2.17166508, 41.3408979 ], [ 2.17166334, 41.34084664 ], [ 2.17163437, 41.34072726 ], [ 2.17160746, 41.34063483 ], [ 2.17160456, 41.34060923 ], [ 2.17160637, 41.34055069 ], [ 2.17160231, 41.34053174 ], [ 2.17154338, 41.3403817 ], [ 2.17153057, 41.34034576 ], [ 2.17152269, 41.34031616 ], [ 2.17152515, 41.3403014 ], [ 2.17153597, 41.34028743 ], [ 2.17155357, 41.34027504 ], [ 2.17158615, 41.34026059 ], [ 2.1716118, 41.34025438 ], [ 2.17165154, 41.34024998 ], [ 2.17187275, 41.34024166 ], [ 2.17204683, 41.34023742 ], [ 2.17207543, 41.34023448 ], [ 2.17208754, 41.34023168 ], [ 2.17210341, 41.34022369 ], [ 2.17211647, 41.34021153 ], [ 2.17212402, 41.3402006 ], [ 2.17212961, 41.34018415 ], [ 2.17212898, 41.34016757 ], [ 2.17208432, 41.3399853 ], [ 2.17206979, 41.33990548 ], [ 2.17205264, 41.33982582 ], [ 2.17201735, 41.33971477 ], [ 2.17193204, 41.33946717 ], [ 2.17191838, 41.33941366 ], [ 2.17189403, 41.33925062 ], [ 2.17180473, 41.3388187 ], [ 2.17178926, 41.33870923 ], [ 2.17177859, 41.33866315 ], [ 2.17172091, 41.33866927 ], [ 2.17171703, 41.33866657 ], [ 2.17166234, 41.33867462 ], [ 2.17166407, 41.33868057 ], [ 2.17160908, 41.33868629 ], [ 2.17160747, 41.33868179 ], [ 2.17100547, 41.33875026 ], [ 2.17100645, 41.33875477 ], [ 2.17099358, 41.33875637 ], [ 2.17095057, 41.33855927 ], [ 2.17097121, 41.33855571 ], [ 2.17099267, 41.33851227 ], [ 2.17101057, 41.3384679 ], [ 2.17102921, 41.33843975 ], [ 2.17105059, 41.33841261 ], [ 2.17107105, 41.33836331 ], [ 2.17109733, 41.33834539 ], [ 2.17110658, 41.33833249 ], [ 2.17111022, 41.33831891 ], [ 2.17109169, 41.33818736 ], [ 2.1710057, 41.33781526 ], [ 2.17097481, 41.33771578 ], [ 2.17095388, 41.33763204 ], [ 2.1709352, 41.33751237 ], [ 2.17091831, 41.33744929 ], [ 2.17091126, 41.33734547 ], [ 2.17090535, 41.33717996 ], [ 2.17090062, 41.33712939 ], [ 2.17089241, 41.33707907 ], [ 2.17087382, 41.33699922 ], [ 2.17082386, 41.33672674 ], [ 2.17080168, 41.33660011 ], [ 2.17077416, 41.33647102 ], [ 2.1707338, 41.33631696 ], [ 2.17071299, 41.33626178 ], [ 2.17068966, 41.33620702 ], [ 2.1706783, 41.33616983 ], [ 2.17063281, 41.3359408 ], [ 2.17061345, 41.33585572 ], [ 2.17060461, 41.33583683 ], [ 2.17059217, 41.33581882 ], [ 2.17057767, 41.33580313 ], [ 2.17056557, 41.33578665 ], [ 2.17055454, 41.33574162 ], [ 2.17054616, 41.33569634 ], [ 2.17053688, 41.33566439 ], [ 2.17054685, 41.33563239 ], [ 2.17055132, 41.33560972 ], [ 2.1705534, 41.33558686 ], [ 2.1705459, 41.33553754 ], [ 2.17054784, 41.33552611 ], [ 2.17056092, 41.33551197 ], [ 2.17061237, 41.33547919 ], [ 2.17065738, 41.33544493 ], [ 2.17069909, 41.33540731 ], [ 2.17070858, 41.33539405 ], [ 2.17071485, 41.33538004 ], [ 2.17074044, 41.33529465 ], [ 2.17075035, 41.33523834 ], [ 2.17074805, 41.33521283 ], [ 2.17074108, 41.33518738 ], [ 2.17072141, 41.33515481 ], [ 2.17072422, 41.33514077 ], [ 2.17073575, 41.33512717 ], [ 2.17074733, 41.33511842 ], [ 2.17076573, 41.33510946 ], [ 2.17078419, 41.33510536 ], [ 2.17088832, 41.33510214 ], [ 2.17097579, 41.33509368 ], [ 2.1710394, 41.33509116 ], [ 2.17106062, 41.33508564 ], [ 2.1710674, 41.33507893 ], [ 2.17106657, 41.33506938 ], [ 2.17105942, 41.3350487 ], [ 2.17105345, 41.33499164 ], [ 2.17102417, 41.33486001 ], [ 2.1710261, 41.33482976 ], [ 2.1710504, 41.33479822 ], [ 2.17095473, 41.33409936 ], [ 2.17014428, 41.33419243 ], [ 2.17014164, 41.33419644 ], [ 2.17020856, 41.33451131 ], [ 2.17021749, 41.33452122 ], [ 2.17026396, 41.33454985 ], [ 2.17027156, 41.33456022 ], [ 2.17027137, 41.33456683 ], [ 2.17026245, 41.33457943 ], [ 2.17024982, 41.3345913 ], [ 2.17023593, 41.33460116 ], [ 2.17020765, 41.33461576 ], [ 2.17017573, 41.33462243 ], [ 2.17014435, 41.33462259 ], [ 2.17010393, 41.33461613 ], [ 2.17008282, 41.33460628 ], [ 2.1700604, 41.3345883 ], [ 2.17004765, 41.33456238 ], [ 2.17003616, 41.33451901 ], [ 2.17002024, 41.33443919 ], [ 2.16997339, 41.3342358 ], [ 2.16997684, 41.3341998 ], [ 2.16998662, 41.33415806 ], [ 2.16999483, 41.33413467 ], [ 2.17000674, 41.33411733 ], [ 2.17003522, 41.33409612 ], [ 2.17006339, 41.33408178 ], [ 2.1701034, 41.33406423 ], [ 2.17013148, 41.33405708 ], [ 2.17026942, 41.33404121 ], [ 2.17068909, 41.33398518 ], [ 2.17111891, 41.33393495 ], [ 2.17114032, 41.33391933 ], [ 2.17112995, 41.33388293 ], [ 2.17110843, 41.33378353 ], [ 2.17110332, 41.3337599 ], [ 2.17107395, 41.33363604 ], [ 2.1710558, 41.33355694 ], [ 2.17103968, 41.33348661 ], [ 2.17099993, 41.33333517 ], [ 2.17099518, 41.33331711 ], [ 2.17098407, 41.3332562 ], [ 2.17098397, 41.33325561 ], [ 2.17098391, 41.33325535 ], [ 2.17098344, 41.33325275 ], [ 2.17096423, 41.33316799 ], [ 2.17095113, 41.33310693 ], [ 2.17093844, 41.33304273 ], [ 2.17093483, 41.33302599 ], [ 2.17091947, 41.33295488 ], [ 2.17090461, 41.33288429 ], [ 2.17086808, 41.3327374 ], [ 2.17086617, 41.33272796 ], [ 2.17084306, 41.33261378 ], [ 2.17083329, 41.3325776 ], [ 2.17081481, 41.33250915 ], [ 2.17081156, 41.33249532 ], [ 2.17078133, 41.33236627 ], [ 2.17074912, 41.33224464 ], [ 2.17073837, 41.3322011 ], [ 2.17071699, 41.33211443 ], [ 2.17069122, 41.33198886 ], [ 2.17068544, 41.33196499 ], [ 2.1706666, 41.33188711 ], [ 2.17064302, 41.3317812 ], [ 2.17063532, 41.33175183 ], [ 2.17061706, 41.3316733 ], [ 2.17060541, 41.3316232 ], [ 2.17059804, 41.33158654 ], [ 2.17058848, 41.33154093 ], [ 2.17057943, 41.33150022 ], [ 2.17056224, 41.33143425 ], [ 2.1705581, 41.33141835 ], [ 2.17054112, 41.33133968 ], [ 2.17053283, 41.33130013 ], [ 2.17052474, 41.33127471 ], [ 2.17051334, 41.33122375 ], [ 2.17049424, 41.33114577 ], [ 2.17049261, 41.33113915 ], [ 2.1704709, 41.3310273 ], [ 2.17046109, 41.3309863 ], [ 2.17045222, 41.33094689 ], [ 2.17044365, 41.33090299 ], [ 2.17044145, 41.33089176 ], [ 2.17042228, 41.33081999 ], [ 2.17040538, 41.33075069 ], [ 2.17038794, 41.33069392 ], [ 2.17038031, 41.33066187 ], [ 2.17037449, 41.33062364 ], [ 2.1703733, 41.33061814 ], [ 2.17037015, 41.33060363 ], [ 2.17036828, 41.33059495 ], [ 2.17036546, 41.33058192 ], [ 2.17035334, 41.33054249 ], [ 2.17034055, 41.33049585 ], [ 2.17033402, 41.33045271 ], [ 2.1703282, 41.33042874 ], [ 2.17031707, 41.33038715 ], [ 2.17031453, 41.33037337 ], [ 2.17031098, 41.33035411 ], [ 2.17030206, 41.33031859 ], [ 2.17028919, 41.33027814 ], [ 2.17028298, 41.33025489 ], [ 2.1702742, 41.3302237 ], [ 2.17026708, 41.33018214 ], [ 2.17025474, 41.33011475 ], [ 2.17024881, 41.33009113 ], [ 2.17024164, 41.33006248 ], [ 2.17023251, 41.3300431 ], [ 2.17022909, 41.3300118 ], [ 2.17022134, 41.32998926 ], [ 2.17021287, 41.32996369 ], [ 2.17020884, 41.3299347 ], [ 2.17020694, 41.32990413 ], [ 2.17019617, 41.32986341 ], [ 2.17019293, 41.32984352 ], [ 2.17019174, 41.32983614 ], [ 2.17018412, 41.3298038 ], [ 2.1701763, 41.32977189 ], [ 2.1701687, 41.32973783 ], [ 2.1701585, 41.32969769 ], [ 2.17014552, 41.3296509 ], [ 2.17013555, 41.32959303 ], [ 2.17012848, 41.32956419 ], [ 2.17012069, 41.32953244 ], [ 2.17010701, 41.32947666 ], [ 2.17009172, 41.32940118 ], [ 2.17006879, 41.32931301 ], [ 2.1700476, 41.32923152 ], [ 2.17003492, 41.32916847 ], [ 2.17002672, 41.32912774 ], [ 2.17000321, 41.32903699 ], [ 2.16999811, 41.32901728 ], [ 2.16994933, 41.32880839 ], [ 2.16994402, 41.32878251 ], [ 2.16993168, 41.32872236 ], [ 2.16988607, 41.32851998 ], [ 2.16988395, 41.32850892 ], [ 2.16986598, 41.32841534 ], [ 2.16984288, 41.32832294 ], [ 2.16982638, 41.32825107 ], [ 2.16981788, 41.32821409 ], [ 2.16979205, 41.32809573 ], [ 2.16977379, 41.32802699 ], [ 2.16976117, 41.32798138 ], [ 2.16974381, 41.32791854 ], [ 2.16972906, 41.3278605 ], [ 2.16970193, 41.32776821 ], [ 2.16969234, 41.32772191 ], [ 2.16966644, 41.32759688 ], [ 2.16964159, 41.32749091 ], [ 2.16963369, 41.32745453 ], [ 2.1696201, 41.32739189 ], [ 2.16959799, 41.3273116 ], [ 2.16956892, 41.32719123 ], [ 2.16956887, 41.32719102 ], [ 2.16956856, 41.32718975 ], [ 2.16954717, 41.3270975 ], [ 2.16952496, 41.32700943 ], [ 2.16950556, 41.32692481 ], [ 2.16948126, 41.32682132 ], [ 2.16944904, 41.32667899 ], [ 2.16944454, 41.32666062 ], [ 2.16943201, 41.32660952 ], [ 2.1694205, 41.32656262 ], [ 2.1694, 41.32647528 ], [ 2.16939001, 41.32639929 ], [ 2.16938902, 41.32639175 ], [ 2.16935525, 41.3263709 ], [ 2.16937273, 41.32632524 ], [ 2.16938015, 41.32626771 ], [ 2.16941064, 41.32622304 ], [ 2.16942585, 41.32616219 ], [ 2.1694303, 41.32614637 ], [ 2.16943986, 41.32611242 ], [ 2.16945992, 41.32606126 ], [ 2.16947109, 41.32601695 ], [ 2.16948521, 41.32598203 ], [ 2.16949689, 41.3259427 ], [ 2.16951867, 41.3259141 ], [ 2.16952299, 41.32589576 ], [ 2.16953079, 41.32586259 ], [ 2.16954645, 41.32580355 ], [ 2.1695644, 41.32574538 ], [ 2.16957285, 41.32568873 ], [ 2.16958283, 41.32564794 ], [ 2.16959587, 41.32562478 ], [ 2.16959731, 41.32562225 ], [ 2.16959981, 41.32559034 ], [ 2.16959949, 41.32557031 ], [ 2.16963398, 41.32553474 ], [ 2.16962632, 41.32552027 ], [ 2.16963839, 41.32550307 ], [ 2.16965108, 41.32547549 ], [ 2.16965747, 41.32543849 ], [ 2.16967894, 41.32542676 ], [ 2.16968031, 41.32540133 ], [ 2.16968397, 41.32538898 ], [ 2.16969439, 41.32535387 ], [ 2.16971522, 41.32530185 ], [ 2.16973061, 41.32525743 ], [ 2.16975957, 41.32520736 ], [ 2.16978605, 41.32513609 ], [ 2.16979038, 41.32512088 ], [ 2.16980959, 41.32505336 ], [ 2.16982672, 41.32503015 ], [ 2.16983394, 41.32500183 ], [ 2.16985281, 41.32492776 ], [ 2.16986078, 41.32487294 ], [ 2.16986091, 41.32487271 ], [ 2.16988562, 41.32482336 ], [ 2.16989822, 41.324772 ], [ 2.1699189, 41.32472932 ], [ 2.16992821, 41.32468611 ], [ 2.1699393, 41.32463855 ], [ 2.16994704, 41.32460121 ], [ 2.16994808, 41.32459802 ], [ 2.16996972, 41.32453183 ], [ 2.16999247, 41.32447024 ], [ 2.17001164, 41.3244172 ], [ 2.17003587, 41.32435476 ], [ 2.17004611, 41.32432835 ], [ 2.17006562, 41.32424234 ], [ 2.17011235, 41.32415886 ], [ 2.17013266, 41.32409501 ], [ 2.17013679, 41.32407965 ], [ 2.17013765, 41.32407639 ], [ 2.17014107, 41.32406368 ], [ 2.17015252, 41.32402097 ], [ 2.1701586, 41.32395138 ], [ 2.17017031, 41.32391013 ], [ 2.17019381, 41.32387913 ], [ 2.17019847, 41.3238378 ], [ 2.1701989, 41.32383403 ], [ 2.17020492, 41.32381624 ], [ 2.17021066, 41.32379621 ], [ 2.17021709, 41.32377616 ], [ 2.17022774, 41.32375317 ], [ 2.17025521, 41.32365983 ], [ 2.1702701, 41.3236541 ], [ 2.17029023, 41.32362693 ], [ 2.17026865, 41.32361049 ], [ 2.1702935, 41.32358062 ], [ 2.17029052, 41.32357668 ], [ 2.17027695, 41.32355874 ], [ 2.17029646, 41.32355031 ], [ 2.17032097, 41.32350991 ], [ 2.17034149, 41.32348974 ], [ 2.17033281, 41.32346525 ], [ 2.17034035, 41.32343633 ], [ 2.17034916, 41.32338977 ], [ 2.17037279, 41.32335788 ], [ 2.17037238, 41.32333028 ], [ 2.17036542, 41.32330601 ], [ 2.17038306, 41.32328712 ], [ 2.17040009, 41.32325553 ], [ 2.17041767, 41.32323303 ], [ 2.17041056, 41.32319846 ], [ 2.17042324, 41.32318602 ], [ 2.170422, 41.32317008 ], [ 2.17043123, 41.32314356 ], [ 2.17044263, 41.32313391 ], [ 2.17044811, 41.32310895 ], [ 2.17045882, 41.32308618 ], [ 2.17045923, 41.32308541 ], [ 2.17047624, 41.32305424 ], [ 2.17048667, 41.32302282 ], [ 2.17049652, 41.32300012 ], [ 2.17050348, 41.32297149 ], [ 2.17051278, 41.32294655 ], [ 2.1705178, 41.32291236 ], [ 2.17052353, 41.32289086 ], [ 2.17053729, 41.32286076 ], [ 2.1705427, 41.3228522 ], [ 2.17055319, 41.32283558 ], [ 2.17056427, 41.32279113 ], [ 2.17059633, 41.32270532 ], [ 2.17059576, 41.32267474 ], [ 2.17060538, 41.32263964 ], [ 2.17062033, 41.32259175 ], [ 2.17064927, 41.32257451 ], [ 2.17065018, 41.32257395 ], [ 2.17064563, 41.32254121 ], [ 2.17064857, 41.32252018 ], [ 2.17065975, 41.32248265 ], [ 2.17068476, 41.32245559 ], [ 2.17069307, 41.32241861 ], [ 2.17068074, 41.32241045 ], [ 2.17070565, 41.32236134 ], [ 2.17071046, 41.32235134 ], [ 2.17076966, 41.32222819 ], [ 2.17078124, 41.32217394 ], [ 2.17079514, 41.32216338 ], [ 2.17079955, 41.32213199 ], [ 2.1708135, 41.32206584 ], [ 2.17081461, 41.32206061 ], [ 2.17083332, 41.32201721 ], [ 2.17083647, 41.3220099 ], [ 2.17085357, 41.32200281 ], [ 2.1708506, 41.32197053 ], [ 2.17086888, 41.32194243 ], [ 2.17088341, 41.32184983 ], [ 2.17089061, 41.32184703 ], [ 2.17089686, 41.32184459 ], [ 2.17091399, 41.32180566 ], [ 2.1708963, 41.32179818 ], [ 2.17091462, 41.32174052 ], [ 2.17093245, 41.3216915 ], [ 2.17094864, 41.32163556 ], [ 2.17096221, 41.32160602 ], [ 2.17097504, 41.32156488 ], [ 2.17097555, 41.32156327 ], [ 2.17098024, 41.32152553 ], [ 2.17101697, 41.32147896 ], [ 2.17102057, 41.32143618 ], [ 2.17103016, 41.32143351 ], [ 2.17103973, 41.32141758 ], [ 2.17103414, 41.32140644 ], [ 2.17105258, 41.32136939 ], [ 2.17106119, 41.32135058 ], [ 2.17108246, 41.32130418 ], [ 2.1711003, 41.32125429 ], [ 2.1711139, 41.32123666 ], [ 2.17110639, 41.32122609 ], [ 2.17112014, 41.32118238 ], [ 2.17114953, 41.32111038 ], [ 2.17114776, 41.32109927 ], [ 2.17115638, 41.32105873 ], [ 2.17115976, 41.32104286 ], [ 2.17119132, 41.32104107 ], [ 2.17119979, 41.32102139 ], [ 2.17117945, 41.32099775 ], [ 2.17118653, 41.32098152 ], [ 2.17117254, 41.32096931 ], [ 2.17119169, 41.32092189 ], [ 2.1712073, 41.32092661 ], [ 2.17121657, 41.32090463 ], [ 2.17122617, 41.32088312 ], [ 2.17124569, 41.3208394 ], [ 2.17124656, 41.32083513 ], [ 2.17125465, 41.32079551 ], [ 2.17129753, 41.32065415 ], [ 2.17130789, 41.32060623 ], [ 2.17131768, 41.32058266 ], [ 2.17132603, 41.32056255 ], [ 2.17135805, 41.32048005 ], [ 2.17137367, 41.32042396 ], [ 2.17138714, 41.32038687 ], [ 2.17139986, 41.32036477 ], [ 2.17140845, 41.32034984 ], [ 2.17141323, 41.32031947 ], [ 2.171428, 41.32028484 ], [ 2.1715003, 41.3200627 ], [ 2.17152627, 41.31998289 ], [ 2.17154292, 41.31995073 ], [ 2.1715378, 41.31991783 ], [ 2.17156411, 41.31986268 ], [ 2.17156859, 41.31984776 ], [ 2.17159325, 41.31976546 ], [ 2.1716126, 41.31968734 ], [ 2.17163536, 41.31962597 ], [ 2.17166009, 41.31957512 ], [ 2.17167522, 41.31955764 ], [ 2.17168404, 41.31954705 ], [ 2.17168668, 41.31954389 ], [ 2.17167833, 41.31953864 ], [ 2.17169035, 41.3194792 ], [ 2.17170816, 41.31941606 ], [ 2.17172452, 41.31939226 ], [ 2.17174782, 41.31936403 ], [ 2.17174112, 41.31934986 ], [ 2.17174044, 41.31934098 ], [ 2.17173817, 41.31931121 ], [ 2.17176184, 41.31926872 ], [ 2.17182944, 41.31910851 ], [ 2.17184278, 41.31908108 ], [ 2.17185155, 41.31903762 ], [ 2.17185191, 41.31903661 ], [ 2.1719259, 41.31882644 ], [ 2.17198957, 41.31864559 ], [ 2.17202804, 41.31851448 ], [ 2.17203851, 41.31847877 ], [ 2.17204389, 41.31846165 ], [ 2.1720669, 41.31835085 ], [ 2.17210856, 41.31831458 ], [ 2.17211329, 41.31831047 ], [ 2.1720972, 41.31829287 ], [ 2.17213099, 41.31823316 ], [ 2.17213312, 41.3181778 ], [ 2.17215451, 41.31813342 ], [ 2.17219859, 41.31802802 ], [ 2.17220483, 41.31800889 ], [ 2.17227007, 41.31780882 ], [ 2.17227218, 41.31780396 ], [ 2.1723498, 41.31762442 ], [ 2.17239576, 41.31748995 ], [ 2.17240978, 41.31744895 ], [ 2.17239861, 41.31737803 ], [ 2.17237373, 41.31736686 ], [ 2.17234054, 41.31735536 ], [ 2.17232219, 41.31735127 ], [ 2.17230373, 41.31734681 ], [ 2.17229223, 41.31734015 ], [ 2.17228717, 41.3173339 ], [ 2.17228546, 41.31732731 ], [ 2.17228622, 41.31731408 ], [ 2.17228824, 41.31726779 ], [ 2.1722954, 41.31722146 ], [ 2.17230523, 41.31719072 ], [ 2.1723226, 41.31715851 ], [ 2.17234758, 41.31712959 ], [ 2.17236872, 41.31711128 ], [ 2.17241017, 41.31708383 ], [ 2.17245546, 41.31706362 ], [ 2.17248893, 41.31705323 ], [ 2.17254941, 41.31704196 ], [ 2.17261027, 41.31703852 ], [ 2.17265039, 41.31703989 ], [ 2.17268965, 41.31704396 ], [ 2.17272837, 41.31705261 ], [ 2.1727537, 41.31706189 ], [ 2.17278326, 41.31707679 ], [ 2.17280874, 41.31709355 ], [ 2.17285364, 41.31713287 ], [ 2.17288548, 41.31716616 ], [ 2.17291229, 41.31720031 ], [ 2.17292657, 41.31722392 ], [ 2.17294012, 41.31725726 ], [ 2.17294568, 41.31729063 ], [ 2.17294334, 41.3173243 ], [ 2.17293721, 41.31734605 ], [ 2.17291422, 41.31740678 ], [ 2.17289123, 41.31746759 ], [ 2.17283634, 41.31761267 ], [ 2.17278158, 41.31775784 ], [ 2.17272443, 41.31792128 ], [ 2.17267277, 41.31808584 ], [ 2.17257051, 41.31841505 ], [ 2.17236486, 41.31902195 ], [ 2.17216027, 41.31962912 ], [ 2.17209317, 41.31984248 ], [ 2.17202559, 41.32005574 ], [ 2.17193226, 41.32033098 ], [ 2.17183761, 41.32060593 ], [ 2.17170337, 41.32098824 ], [ 2.17157008, 41.32137073 ], [ 2.17144734, 41.32175051 ], [ 2.17132567, 41.32213047 ], [ 2.17119454, 41.322521 ], [ 2.17106235, 41.32291125 ], [ 2.17094203, 41.32325934 ], [ 2.17082195, 41.32360743 ], [ 2.17076322, 41.32379148 ], [ 2.17070532, 41.32397572 ], [ 2.17062957, 41.32420198 ], [ 2.17055166, 41.32442787 ], [ 2.17045623, 41.32468859 ], [ 2.17036187, 41.32494958 ], [ 2.17028211, 41.32518933 ], [ 2.17020438, 41.32542936 ], [ 2.17011301, 41.3257182 ], [ 2.17002247, 41.32600715 ], [ 2.16997622, 41.3261304 ], [ 2.16992555, 41.32625281 ], [ 2.16989607, 41.32633537 ], [ 2.16988971, 41.32636505 ], [ 2.16988802, 41.32639531 ], [ 2.16989323, 41.3264556 ], [ 2.16990444, 41.32651342 ], [ 2.16992092, 41.32657083 ], [ 2.16995866, 41.32668559 ], [ 2.16997871, 41.32676248 ], [ 2.16998544, 41.32680675 ], [ 2.16998501, 41.32685918 ], [ 2.16998124, 41.32691184 ], [ 2.16998223, 41.3269468 ], [ 2.16999278, 41.32703794 ], [ 2.1700068, 41.32712893 ], [ 2.17001978, 41.32718901 ], [ 2.17004387, 41.3272681 ], [ 2.17011549, 41.32746273 ], [ 2.17019164, 41.32767675 ], [ 2.17019957, 41.32771095 ], [ 2.17032209, 41.32824526 ], [ 2.17044556, 41.32877949 ], [ 2.17060859, 41.32947398 ], [ 2.17077103, 41.33016856 ], [ 2.1709341, 41.33087881 ], [ 2.17109467, 41.33158941 ], [ 2.17124133, 41.33225639 ], [ 2.17138931, 41.3329233 ], [ 2.17148748, 41.33335268 ], [ 2.17151352, 41.33346663 ], [ 2.17163774, 41.33400996 ], [ 2.17168094, 41.33422249 ], [ 2.17172414, 41.33443502 ], [ 2.17175139, 41.33454791 ], [ 2.17178499, 41.33465984 ], [ 2.17185853, 41.33488286 ], [ 2.1718878, 41.33496837 ], [ 2.1719154, 41.33505423 ], [ 2.171929, 41.33510297 ], [ 2.17194261, 41.33515162 ], [ 2.17194844, 41.33517193 ], [ 2.17194499, 41.33518974 ], [ 2.17193604, 41.33520751 ], [ 2.17192194, 41.33522614 ], [ 2.17190999, 41.33524506 ], [ 2.17190629, 41.33527269 ], [ 2.17190786, 41.33530044 ], [ 2.17191044, 41.33532307 ], [ 2.17191517, 41.33534563 ], [ 2.17192651, 41.33537516 ], [ 2.17193809, 41.33540452 ], [ 2.1719477, 41.33543792 ], [ 2.17195528, 41.33547157 ], [ 2.17195602, 41.33549851 ], [ 2.17195795, 41.33552527 ], [ 2.17196553, 41.33554938 ], [ 2.17197395, 41.33557331 ], [ 2.17197929, 41.33558596 ], [ 2.17198367, 41.33559878 ], [ 2.17198412, 41.33561067 ], [ 2.17198361, 41.33562265 ], [ 2.17198266, 41.33565012 ], [ 2.17198578, 41.33567743 ], [ 2.17199297, 41.33569505 ], [ 2.17200112, 41.33571231 ], [ 2.17200995, 41.33573165 ], [ 2.17201879, 41.3357509 ], [ 2.17203417, 41.33577281 ], [ 2.17204703, 41.33579533 ], [ 2.1720491, 41.3358112 ], [ 2.17204962, 41.33582706 ], [ 2.17205015, 41.33585102 ], [ 2.17205068, 41.33587499 ], [ 2.1720513, 41.33590192 ], [ 2.17205191, 41.33592886 ], [ 2.17205924, 41.33594504 ], [ 2.17206848, 41.33596105 ], [ 2.1720697, 41.33597736 ], [ 2.17206705, 41.33598851 ], [ 2.17206464, 41.33599966 ], [ 2.17206501, 41.33601795 ], [ 2.17206705, 41.33603625 ], [ 2.17207036, 41.33605789 ], [ 2.17207882, 41.33607876 ], [ 2.17208883, 41.33609 ], [ 2.17209946, 41.33610062 ], [ 2.1721083, 41.33611041 ], [ 2.17211569, 41.336121 ], [ 2.17211902, 41.3361321 ], [ 2.17211959, 41.33614346 ], [ 2.17211999, 41.33615859 ], [ 2.17212028, 41.33617373 ], [ 2.17212013, 41.33619498 ], [ 2.17212022, 41.33621624 ], [ 2.17212384, 41.33623221 ], [ 2.17212986, 41.33624784 ], [ 2.17213686, 41.33626158 ], [ 2.17214326, 41.33627523 ], [ 2.17213895, 41.33629465 ], [ 2.17212631, 41.33631123 ], [ 2.17211948, 41.33632172 ], [ 2.17211421, 41.33633258 ], [ 2.17211273, 41.33634554 ], [ 2.17211543, 41.33635862 ], [ 2.17212366, 41.33637849 ], [ 2.17213082, 41.33639863 ], [ 2.17213417, 41.33641694 ], [ 2.17213753, 41.33643525 ], [ 2.17214143, 41.33645708 ], [ 2.17214534, 41.3364789 ], [ 2.17214609, 41.33649494 ], [ 2.17214577, 41.33651106 ], [ 2.17214618, 41.33653494 ], [ 2.17215246, 41.33655858 ], [ 2.1721625, 41.33656766 ], [ 2.17217568, 41.33657451 ], [ 2.17219055, 41.33657984 ], [ 2.17220313, 41.33658687 ], [ 2.17219943, 41.33660558 ], [ 2.17219271, 41.33661733 ], [ 2.17218754, 41.33662918 ], [ 2.1721948, 41.33665004 ], [ 2.1722074, 41.33666464 ], [ 2.17220881, 41.33668591 ], [ 2.17220875, 41.33670005 ], [ 2.17220881, 41.33671419 ], [ 2.17220919, 41.33674085 ], [ 2.1722104, 41.33676753 ], [ 2.17221583, 41.33679207 ], [ 2.1722252, 41.33681618 ], [ 2.17223312, 41.3368329 ], [ 2.17224308, 41.33684892 ], [ 2.17225574, 41.33685874 ], [ 2.17226732, 41.33686891 ], [ 2.17227088, 41.33688047 ], [ 2.17227408, 41.33689211 ], [ 2.17228419, 41.3369147 ], [ 2.17229418, 41.33693738 ], [ 2.17229724, 41.33695046 ], [ 2.17229779, 41.33696362 ], [ 2.17229165, 41.33697718 ], [ 2.17227292, 41.33698407 ], [ 2.17226358, 41.33699445 ], [ 2.17225878, 41.3370054 ], [ 2.17225947, 41.33701748 ], [ 2.1722666, 41.33702942 ], [ 2.17228261, 41.33703944 ], [ 2.17229739, 41.3370427 ], [ 2.1723118, 41.33704686 ], [ 2.17232498, 41.33706263 ], [ 2.1723298, 41.33707879 ], [ 2.17232912, 41.33709472 ], [ 2.17232431, 41.3371064 ], [ 2.172317, 41.3371177 ], [ 2.17230554, 41.33712626 ], [ 2.17229634, 41.33713529 ], [ 2.17229558, 41.33714826 ], [ 2.17229696, 41.33716133 ], [ 2.17229866, 41.33717855 ], [ 2.17230334, 41.3371956 ], [ 2.17231193, 41.33720647 ], [ 2.17232328, 41.33721583 ], [ 2.17233609, 41.33722367 ], [ 2.17234877, 41.33723277 ], [ 2.17235468, 41.33724705 ], [ 2.17234584, 41.33726536 ], [ 2.17234491, 41.33728229 ], [ 2.17234374, 41.33729939 ], [ 2.17233934, 41.33731647 ], [ 2.17233482, 41.33733356 ], [ 2.17233312, 41.33734507 ], [ 2.17233669, 41.33735618 ], [ 2.1723506, 41.33737069 ], [ 2.17236526, 41.33738404 ], [ 2.17238073, 41.33739829 ], [ 2.17238041, 41.33741432 ], [ 2.17236468, 41.33742979 ], [ 2.17234216, 41.3374426 ], [ 2.17234154, 41.33746376 ], [ 2.17234771, 41.33747669 ], [ 2.17235304, 41.33748979 ], [ 2.17235538, 41.33750341 ], [ 2.17235784, 41.33751703 ], [ 2.17236183, 41.33753219 ], [ 2.17236666, 41.33754718 ], [ 2.17237652, 41.33757076 ], [ 2.17239453, 41.3375925 ], [ 2.17241249, 41.3375993 ], [ 2.17243553, 41.337601 ], [ 2.17244587, 41.33761539 ], [ 2.17245186, 41.33763282 ], [ 2.17245224, 41.33764994 ], [ 2.17244514, 41.33766322 ], [ 2.17243721, 41.33767649 ], [ 2.17243263, 41.3376979 ], [ 2.17243876, 41.33771406 ], [ 2.17244908, 41.33772963 ], [ 2.17246512, 41.33774695 ], [ 2.17246852, 41.33776121 ], [ 2.17247133, 41.33777555 ], [ 2.17247774, 41.33779739 ], [ 2.17248596, 41.33781889 ], [ 2.17249847, 41.33784105 ], [ 2.17251337, 41.33786241 ], [ 2.17252808, 41.33788108 ], [ 2.1725429, 41.33789965 ], [ 2.17255229, 41.33791314 ], [ 2.17255988, 41.33792733 ], [ 2.1725643, 41.33794655 ], [ 2.17256286, 41.33796582 ], [ 2.17255681, 41.33799072 ], [ 2.17254825, 41.33801534 ], [ 2.1725348, 41.33803939 ], [ 2.17252314, 41.33806371 ], [ 2.17252093, 41.33808685 ], [ 2.17252219, 41.33811001 ], [ 2.17252547, 41.33814327 ], [ 2.17253151, 41.33817646 ], [ 2.17253799, 41.33819299 ], [ 2.17254819, 41.33820865 ], [ 2.17256203, 41.33821983 ], [ 2.17257623, 41.3382311 ], [ 2.17258602, 41.33825116 ], [ 2.17258299, 41.33827285 ], [ 2.17257778, 41.33828849 ], [ 2.17257387, 41.33830431 ], [ 2.17257285, 41.33832862 ], [ 2.17257278, 41.33835294 ], [ 2.17257294, 41.33837826 ], [ 2.17257369, 41.33840357 ], [ 2.17257644, 41.33842251 ], [ 2.17258374, 41.33844085 ], [ 2.17259968, 41.33846573 ], [ 2.1726173, 41.33848964 ], [ 2.17263483, 41.33851156 ], [ 2.17265236, 41.33853367 ], [ 2.1726615, 41.33854824 ], [ 2.17266728, 41.33856368 ], [ 2.17266868, 41.33857576 ], [ 2.17266852, 41.33858792 ], [ 2.17266705, 41.3386098 ], [ 2.17266427, 41.33863158 ], [ 2.17265679, 41.33865548 ], [ 2.17264872, 41.3386792 ], [ 2.17264659, 41.33869693 ], [ 2.17264708, 41.33871477 ], [ 2.17264941, 41.3387292 ], [ 2.17265736, 41.33874268 ], [ 2.17267799, 41.33875616 ], [ 2.17269065, 41.33876589 ], [ 2.17270223, 41.33877669 ], [ 2.1727085, 41.33879088 ], [ 2.17270748, 41.33880537 ], [ 2.17269566, 41.33882366 ], [ 2.17269391, 41.33883887 ], [ 2.17269563, 41.33885402 ], [ 2.17270159, 41.33887424 ], [ 2.17270779, 41.33889437 ], [ 2.17271953, 41.33892985 ], [ 2.17273044, 41.33896551 ], [ 2.17273738, 41.33899268 ], [ 2.17274421, 41.33901984 ], [ 2.17274842, 41.33903671 ], [ 2.17275263, 41.3390535 ], [ 2.17274855, 41.33906437 ], [ 2.17274112, 41.33907521 ], [ 2.1727363, 41.33909725 ], [ 2.17274067, 41.33912025 ], [ 2.17274564, 41.33914334 ], [ 2.17274546, 41.33916694 ], [ 2.17274671, 41.33919055 ], [ 2.17275314, 41.33921113 ], [ 2.17275994, 41.33923163 ], [ 2.17276563, 41.3392541 ], [ 2.17277024, 41.33927674 ], [ 2.1727721, 41.33930008 ], [ 2.17277347, 41.33932351 ], [ 2.17278115, 41.33936825 ], [ 2.17279135, 41.33941282 ], [ 2.17279652, 41.33942898 ], [ 2.17280397, 41.33944479 ], [ 2.17281848, 41.33945949 ], [ 2.17283812, 41.33946621 ], [ 2.17285041, 41.33947756 ], [ 2.17285909, 41.33949059 ], [ 2.17286512, 41.33950495 ], [ 2.1728678, 41.33951948 ], [ 2.17286775, 41.33953308 ], [ 2.1728677, 41.33954668 ], [ 2.17286808, 41.33956353 ], [ 2.17286847, 41.33958028 ], [ 2.17286918, 41.33959938 ], [ 2.17286978, 41.33961857 ], [ 2.17287014, 41.33963722 ], [ 2.17287062, 41.33965587 ], [ 2.17287101, 41.33967191 ], [ 2.17287153, 41.33968785 ], [ 2.17287184, 41.3397011 ], [ 2.17287215, 41.33971443 ], [ 2.17287281, 41.33972804 ], [ 2.17287599, 41.33974148 ], [ 2.17288297, 41.3397563 ], [ 2.1728908, 41.33977086 ], [ 2.17289781, 41.3397837 ], [ 2.17290481, 41.33979654 ], [ 2.17291341, 41.33980706 ], [ 2.17291888, 41.33981808 ], [ 2.17291783, 41.33983537 ], [ 2.17291635, 41.33985743 ], [ 2.17292171, 41.33986864 ], [ 2.17293258, 41.33987862 ], [ 2.17294821, 41.33988982 ], [ 2.17296313, 41.33990154 ], [ 2.17297087, 41.33991304 ], [ 2.17297561, 41.33992532 ], [ 2.17297922, 41.33994219 ], [ 2.17297961, 41.33995895 ], [ 2.17297741, 41.33997253 ], [ 2.17297449, 41.33998602 ], [ 2.17297099, 41.33999798 ], [ 2.17296761, 41.34000994 ], [ 2.17297046, 41.34002995 ], [ 2.17297368, 41.34004997 ], [ 2.17296647, 41.34007172 ], [ 2.17295819, 41.34009328 ], [ 2.17295627, 41.34011263 ], [ 2.17296415, 41.34012305 ], [ 2.17297659, 41.34013151 ], [ 2.17299469, 41.34013678 ], [ 2.17301255, 41.34014204 ], [ 2.17301865, 41.34015127 ], [ 2.17301566, 41.34016053 ], [ 2.17299763, 41.34016868 ], [ 2.1729756, 41.34017195 ], [ 2.17296806, 41.34019162 ], [ 2.17296683, 41.34020359 ], [ 2.17297039, 41.34021542 ], [ 2.17298043, 41.34022504 ], [ 2.1729924, 41.34023287 ], [ 2.17300714, 41.34023928 ], [ 2.17302078, 41.3402474 ], [ 2.17303012, 41.34026458 ], [ 2.17303109, 41.34028233 ], [ 2.17302936, 41.34029637 ], [ 2.17302775, 41.3403105 ], [ 2.17302478, 41.34033777 ], [ 2.17302527, 41.34036498 ], [ 2.17303558, 41.34039081 ], [ 2.17304817, 41.34041622 ], [ 2.17305602, 41.3404378 ], [ 2.17306316, 41.34045947 ], [ 2.17307141, 41.34048754 ], [ 2.17307966, 41.34051571 ], [ 2.17308515, 41.34053457 ], [ 2.17309053, 41.34055344 ], [ 2.17308788, 41.34056486 ], [ 2.17308188, 41.34057616 ], [ 2.17307875, 41.34058731 ], [ 2.17307729, 41.34059847 ], [ 2.17308263, 41.34061085 ], [ 2.17308977, 41.34062324 ], [ 2.17309261, 41.34063506 ], [ 2.17309282, 41.34064695 ], [ 2.17308206, 41.3406657 ], [ 2.1730784, 41.34068072 ], [ 2.17308145, 41.34069524 ], [ 2.17309484, 41.34071344 ], [ 2.17310836, 41.34073164 ], [ 2.17312469, 41.34075383 ], [ 2.1731409, 41.3407761 ], [ 2.17315361, 41.34080106 ], [ 2.17316105, 41.3408275 ], [ 2.17316701, 41.34086664 ], [ 2.17316544, 41.34090554 ], [ 2.17315761, 41.34092908 ], [ 2.17315014, 41.34095272 ], [ 2.17314797, 41.34098288 ], [ 2.17314747, 41.34101305 ], [ 2.17314813, 41.34103639 ], [ 2.17315118, 41.34105965 ], [ 2.1731618, 41.34107972 ], [ 2.1731735, 41.34109962 ], [ 2.17318244, 41.34112968 ], [ 2.17318804, 41.34116017 ], [ 2.17318973, 41.34118675 ], [ 2.17319119, 41.34121342 ], [ 2.17319289, 41.3412392 ], [ 2.17319795, 41.34126482 ], [ 2.17320709, 41.34127857 ], [ 2.17321804, 41.34129171 ], [ 2.17322613, 41.34130474 ], [ 2.17323373, 41.34131804 ], [ 2.17324621, 41.34134245 ], [ 2.17325581, 41.34136756 ], [ 2.17326217, 41.34139364 ], [ 2.1732671, 41.34141988 ], [ 2.17327128, 41.34144838 ], [ 2.17327594, 41.34147687 ], [ 2.17328176, 41.34149871 ], [ 2.17328914, 41.3415203 ], [ 2.17329874, 41.34154568 ], [ 2.17330942, 41.3415707 ], [ 2.17331959, 41.34158879 ], [ 2.17332999, 41.34160688 ], [ 2.17333825, 41.34162523 ], [ 2.17334363, 41.34164409 ], [ 2.17334661, 41.34166312 ], [ 2.1733496, 41.34168215 ], [ 2.1733553, 41.34171326 ], [ 2.17335957, 41.34174455 ], [ 2.17336046, 41.34176879 ], [ 2.17336063, 41.34179311 ], [ 2.17336107, 41.34181491 ], [ 2.17336151, 41.34183662 ], [ 2.17336509, 41.34186574 ], [ 2.17337034, 41.34189469 ], [ 2.17337279, 41.34191786 ], [ 2.17337549, 41.34194103 ], [ 2.17338234, 41.34196603 ], [ 2.17339291, 41.34199043 ], [ 2.17340342, 41.34201032 ], [ 2.17341524, 41.34202977 ], [ 2.17342513, 41.34204227 ], [ 2.17343489, 41.34205495 ], [ 2.17344386, 41.34207267 ], [ 2.17344889, 41.34209117 ], [ 2.17345373, 41.3421339 ], [ 2.17345713, 41.34217671 ], [ 2.17345811, 41.34220293 ], [ 2.17345958, 41.34222906 ], [ 2.17346652, 41.34225668 ], [ 2.17347466, 41.34228421 ], [ 2.17347798, 41.3423045 ], [ 2.17348024, 41.34232478 ], [ 2.17348112, 41.34234956 ], [ 2.17347997, 41.34237423 ], [ 2.17347738, 41.34239034 ], [ 2.17347454, 41.34240644 ], [ 2.17347363, 41.34242166 ], [ 2.17347428, 41.34243698 ], [ 2.17348153, 41.34245856 ], [ 2.17349084, 41.34246961 ], [ 2.17350038, 41.3424804 ], [ 2.17351037, 41.34249434 ], [ 2.17351843, 41.34250908 ], [ 2.17352279, 41.34252308 ], [ 2.17352452, 41.34253723 ], [ 2.17352483, 41.34255083 ], [ 2.17352514, 41.34256444 ], [ 2.17352576, 41.34258147 ], [ 2.17352722, 41.3425985 ], [ 2.17353822, 41.34261678 ], [ 2.17355726, 41.34263259 ], [ 2.17357435, 41.34264217 ], [ 2.17359072, 41.34265228 ], [ 2.17359943, 41.34266324 ], [ 2.17360501, 41.34267526 ], [ 2.17360913, 41.34269007 ], [ 2.17361049, 41.34270494 ], [ 2.17360974, 41.34271709 ], [ 2.17360851, 41.34272915 ], [ 2.17360655, 41.34274265 ], [ 2.17360459, 41.34275615 ], [ 2.17360335, 41.3427692 ], [ 2.17360306, 41.34278226 ], [ 2.17360615, 41.34279336 ], [ 2.17361439, 41.34280351 ], [ 2.1736327, 41.34281085 ], [ 2.17364207, 41.34281668 ], [ 2.17364451, 41.34282219 ], [ 2.17362106, 41.34283346 ], [ 2.1736036, 41.34284334 ], [ 2.17361142, 41.34285825 ], [ 2.17360975, 41.34287716 ], [ 2.17360454, 41.34289225 ], [ 2.17360136, 41.34290718 ], [ 2.1736113, 41.34293446 ], [ 2.17362338, 41.34296184 ], [ 2.173631, 41.34299261 ], [ 2.1736385, 41.34302347 ], [ 2.17364202, 41.34303781 ], [ 2.17364555, 41.34305216 ], [ 2.17366249, 41.34306417 ], [ 2.17368083, 41.34307881 ], [ 2.17368453, 41.34308838 ], [ 2.17368153, 41.34309845 ], [ 2.17366496, 41.34311463 ], [ 2.17365607, 41.34313709 ], [ 2.17364741, 41.34315964 ], [ 2.17364185, 41.34317464 ], [ 2.1736364, 41.34318964 ], [ 2.17363601, 41.34320108 ], [ 2.17364137, 41.34321256 ], [ 2.17366875, 41.34322131 ], [ 2.173679, 41.34324228 ], [ 2.17367693, 41.34326416 ], [ 2.17366622, 41.34327939 ], [ 2.1736567, 41.34329491 ], [ 2.17365504, 41.34331246 ], [ 2.17365566, 41.34333012 ], [ 2.17365631, 41.34334436 ], [ 2.17366128, 41.34335835 ], [ 2.1736718, 41.34336744 ], [ 2.17368462, 41.34337446 ], [ 2.17370589, 41.34338425 ], [ 2.17370997, 41.34339266 ], [ 2.17370746, 41.34340165 ], [ 2.17369354, 41.34341587 ], [ 2.17368812, 41.34342844 ], [ 2.17368497, 41.34344121 ], [ 2.17368463, 41.3434776 ], [ 2.17369003, 41.34351412 ], [ 2.17369716, 41.34353615 ], [ 2.17370992, 41.34355696 ], [ 2.17372476, 41.34356535 ], [ 2.1737402, 41.34357321 ], [ 2.1737502, 41.34358571 ], [ 2.17375756, 41.3435991 ], [ 2.17376265, 41.34361201 ], [ 2.17376106, 41.34362443 ], [ 2.1737433, 41.34363962 ], [ 2.17372825, 41.34364861 ], [ 2.17372909, 41.34365771 ], [ 2.17373626, 41.34366731 ], [ 2.17375112, 41.34368327 ], [ 2.17376489, 41.34369012 ], [ 2.17377121, 41.34370125 ], [ 2.17376168, 41.34371721 ], [ 2.17375822, 41.34373566 ], [ 2.17376134, 41.34375414 ], [ 2.17377461, 41.34377279 ], [ 2.17378395, 41.3437898 ], [ 2.17378426, 41.34380358 ], [ 2.17378456, 41.34381745 ], [ 2.17378501, 41.34383835 ], [ 2.17378547, 41.34385925 ], [ 2.17378601, 41.34388223 ], [ 2.17378644, 41.34390529 ], [ 2.17378604, 41.34391754 ], [ 2.17378553, 41.34392978 ], [ 2.17378633, 41.34394231 ], [ 2.17379012, 41.34395468 ], [ 2.17379952, 41.34396745 ], [ 2.17381277, 41.34397808 ], [ 2.17383045, 41.34398857 ], [ 2.17384824, 41.34399896 ], [ 2.17385902, 41.34400697 ], [ 2.17386859, 41.34401613 ], [ 2.17387725, 41.3440307 ], [ 2.17387801, 41.34404566 ], [ 2.1738667, 41.34406161 ], [ 2.17384418, 41.34407478 ], [ 2.17383534, 41.34409282 ], [ 2.17384006, 41.34410745 ], [ 2.17384657, 41.34412208 ], [ 2.1738552, 41.34413908 ], [ 2.17386395, 41.3441559 ], [ 2.17387545, 41.34417282 ], [ 2.17388503, 41.34419037 ], [ 2.17388607, 41.34420272 ], [ 2.17388567, 41.34421514 ], [ 2.17388646, 41.34422884 ], [ 2.17388855, 41.34424246 ], [ 2.17389463, 41.34425349 ], [ 2.17390226, 41.34426426 ], [ 2.17391444, 41.34428426 ], [ 2.17391968, 41.34430474 ], [ 2.17391703, 41.34431589 ], [ 2.17391366, 41.34432704 ], [ 2.17391077, 41.34433837 ], [ 2.17390835, 41.34434979 ], [ 2.17392023, 41.34436492 ], [ 2.17394029, 41.34436686 ], [ 2.17396024, 41.34436764 ], [ 2.17397376, 41.3443762 ], [ 2.17398438, 41.34438736 ], [ 2.17398962, 41.34439838 ], [ 2.17399103, 41.34440938 ], [ 2.17398374, 41.34442861 ], [ 2.17397489, 41.34444773 ], [ 2.17398372, 41.34446779 ], [ 2.17396267, 41.34447809 ], [ 2.17394066, 41.34448901 ], [ 2.17392797, 41.34450918 ], [ 2.17392903, 41.34452009 ], [ 2.17393752, 41.3445297 ], [ 2.17395155, 41.34453511 ], [ 2.17396561, 41.344539 ], [ 2.17398916, 41.34454754 ], [ 2.17399479, 41.34456587 ], [ 2.17399524, 41.34458695 ], [ 2.17399555, 41.34460056 ], [ 2.17399573, 41.34461407 ], [ 2.1739797, 41.3446253 ], [ 2.17395912, 41.34463578 ], [ 2.17395575, 41.34465648 ], [ 2.17395367, 41.34467042 ], [ 2.17395684, 41.34468432 ], [ 2.17397737, 41.34469581 ], [ 2.17400104, 41.34470499 ], [ 2.17400748, 41.34471558 ], [ 2.17400758, 41.3447263 ], [ 2.17400469, 41.34473745 ], [ 2.17399917, 41.34474858 ], [ 2.17398117, 41.34476385 ], [ 2.17398113, 41.34477682 ], [ 2.17398132, 41.34478988 ], [ 2.17398166, 41.34480997 ], [ 2.17398213, 41.34483006 ], [ 2.17398634, 41.34485576 ], [ 2.17399415, 41.34488113 ], [ 2.17400575, 41.34489977 ], [ 2.17401663, 41.3449184 ], [ 2.17401738, 41.34493507 ], [ 2.17401489, 41.34495199 ], [ 2.1740076, 41.34497085 ], [ 2.17402522, 41.34497683 ], [ 2.17404586, 41.34497941 ], [ 2.17406075, 41.34498375 ], [ 2.17407201, 41.3449914 ], [ 2.17407199, 41.34501194 ], [ 2.17406927, 41.3450284 ], [ 2.17406762, 41.34504488 ], [ 2.17406808, 41.34506596 ], [ 2.17406853, 41.34508695 ], [ 2.17406899, 41.34510713 ], [ 2.17406945, 41.34512722 ], [ 2.17406983, 41.34514425 ], [ 2.17407046, 41.34516127 ], [ 2.17408792, 41.3451795 ], [ 2.17410552, 41.3451863 ], [ 2.17412252, 41.34519362 ], [ 2.17413361, 41.3452055 ], [ 2.17414001, 41.34521879 ], [ 2.17414385, 41.34523665 ], [ 2.17414589, 41.34525468 ], [ 2.17414591, 41.34527216 ], [ 2.17414665, 41.34528964 ], [ 2.17414953, 41.34530713 ], [ 2.1741523, 41.34532463 ], [ 2.17415445, 41.34534338 ], [ 2.17415661, 41.34536213 ], [ 2.1741584, 41.34538079 ], [ 2.1741602, 41.34539954 ], [ 2.17417064, 41.34543375 ], [ 2.17418145, 41.34546779 ], [ 2.1741822, 41.34548419 ], [ 2.17417972, 41.34550056 ], [ 2.17417471, 41.34551863 ], [ 2.1741697, 41.34553661 ], [ 2.17416607, 41.34554965 ], [ 2.17416268, 41.34556268 ], [ 2.1741757, 41.34557286 ], [ 2.17419805, 41.34557294 ], [ 2.17420892, 41.34558274 ], [ 2.17421298, 41.34559268 ], [ 2.17420349, 41.34560594 ], [ 2.17420067, 41.34562069 ], [ 2.17420192, 41.34563575 ], [ 2.17420943, 41.34564661 ], [ 2.17421766, 41.34565721 ], [ 2.1742187, 41.34566973 ], [ 2.17420066, 41.34567897 ], [ 2.17419216, 41.34568873 ], [ 2.17419795, 41.34570381 ], [ 2.17420711, 41.34571676 ], [ 2.17420195, 41.34572798 ], [ 2.17418197, 41.34573856 ], [ 2.17417395, 41.34574931 ], [ 2.17416962, 41.34576063 ], [ 2.17416944, 41.34577531 ], [ 2.17417559, 41.34578968 ], [ 2.17418741, 41.34580012 ], [ 2.17419948, 41.34581011 ], [ 2.17421071, 41.34582902 ], [ 2.17421164, 41.34584047 ], [ 2.17420935, 41.34585171 ], [ 2.17419766, 41.34586883 ], [ 2.17420462, 41.34588564 ], [ 2.17422848, 41.34589878 ], [ 2.17424389, 41.34590871 ], [ 2.17424829, 41.34592 ], [ 2.17424838, 41.34593171 ], [ 2.17424938, 41.34595712 ], [ 2.17425049, 41.34598244 ], [ 2.17425257, 41.34601614 ], [ 2.17425466, 41.34604984 ], [ 2.17425501, 41.34606912 ], [ 2.17425548, 41.34608849 ], [ 2.17426213, 41.34612106 ], [ 2.17427427, 41.34615303 ], [ 2.174285, 41.34617427 ], [ 2.17429585, 41.34619543 ], [ 2.17430268, 41.34621277 ], [ 2.17430748, 41.34623055 ], [ 2.1743085, 41.34624452 ], [ 2.17430737, 41.34625839 ], [ 2.17430268, 41.34627943 ], [ 2.1743019, 41.34629384 ], [ 2.17430411, 41.34630817 ], [ 2.17431337, 41.34632247 ], [ 2.17432371, 41.34633669 ], [ 2.17432877, 41.34635258 ], [ 2.17433084, 41.34636845 ], [ 2.17432528, 41.34638291 ], [ 2.1743356, 41.34639857 ], [ 2.17435019, 41.34640741 ], [ 2.17436238, 41.34641695 ], [ 2.17436598, 41.34643445 ], [ 2.17436609, 41.34645418 ], [ 2.17436642, 41.34646598 ], [ 2.17436711, 41.34647779 ], [ 2.17436981, 41.34649114 ], [ 2.17437359, 41.34650432 ], [ 2.17437935, 41.34652147 ], [ 2.17438511, 41.34653863 ], [ 2.17438698, 41.34655098 ], [ 2.17438647, 41.34656332 ], [ 2.17438334, 41.34657456 ], [ 2.17437973, 41.34658579 ], [ 2.17437839, 41.34659704 ], [ 2.1743798, 41.3466084 ], [ 2.17438704, 41.34662187 ], [ 2.17439812, 41.34663429 ], [ 2.17440853, 41.34664319 ], [ 2.17442003, 41.34665084 ], [ 2.17444276, 41.3466583 ], [ 2.17445063, 41.3466698 ], [ 2.17444324, 41.34668686 ], [ 2.17444413, 41.34670173 ], [ 2.17444501, 41.3467166 ], [ 2.17444566, 41.34673182 ], [ 2.17444642, 41.34674705 ], [ 2.17445341, 41.34676133 ], [ 2.17446184, 41.34677545 ], [ 2.17446232, 41.34679455 ], [ 2.17445811, 41.3468056 ], [ 2.17445379, 41.34681673 ], [ 2.17444815, 41.34683723 ], [ 2.17444911, 41.34684652 ], [ 2.17445665, 41.34685513 ], [ 2.17447211, 41.34686109 ], [ 2.17448811, 41.3468631 ], [ 2.17451346, 41.3468622 ], [ 2.17453863, 41.34686652 ], [ 2.17454558, 41.34687396 ], [ 2.17454596, 41.3468818 ], [ 2.17453623, 41.34689506 ], [ 2.17452007, 41.34690674 ], [ 2.17451896, 41.34691908 ], [ 2.17451964, 41.34693151 ], [ 2.17451649, 41.34694419 ], [ 2.17451095, 41.34695649 ], [ 2.1744942, 41.34696772 ], [ 2.17448702, 41.34697776 ], [ 2.17448593, 41.34698784 ], [ 2.17449823, 41.34700819 ], [ 2.1745057, 41.34702194 ], [ 2.17451174, 41.34703621 ], [ 2.17451277, 41.34704937 ], [ 2.17451236, 41.3470627 ], [ 2.17451374, 41.34707631 ], [ 2.17451788, 41.34708976 ], [ 2.17453812, 41.34710522 ], [ 2.17455187, 41.34712361 ], [ 2.17455288, 41.3471382 ], [ 2.1745713, 41.34714698 ], [ 2.17459057, 41.34715424 ], [ 2.17460446, 41.34716172 ], [ 2.1746175, 41.34717046 ], [ 2.17462287, 41.34718041 ], [ 2.17462071, 41.34719076 ], [ 2.17460355, 41.34720558 ], [ 2.17459693, 41.34721914 ], [ 2.17459197, 41.34723306 ], [ 2.17458881, 41.34724646 ], [ 2.17458613, 41.34725987 ], [ 2.17458449, 41.34727598 ], [ 2.17458286, 41.347292 ], [ 2.17457839, 41.34730512 ], [ 2.17457404, 41.34731824 ], [ 2.1745731, 41.3473358 ], [ 2.17457479, 41.34735337 ], [ 2.17457987, 41.34737701 ], [ 2.17458507, 41.34740056 ], [ 2.17458688, 41.34741849 ], [ 2.1745888, 41.34743652 ], [ 2.17459685, 41.34745252 ], [ 2.17461077, 41.34746668 ], [ 2.17463036, 41.34747736 ], [ 2.17465019, 41.34748786 ], [ 2.17466442, 41.34750651 ], [ 2.17466792, 41.34752248 ], [ 2.17466665, 41.34753824 ], [ 2.17466119, 41.34755423 ], [ 2.17465584, 41.34757041 ], [ 2.17465253, 41.34758651 ], [ 2.17465053, 41.34760271 ], [ 2.17465084, 41.34761622 ], [ 2.17465557, 41.34762967 ], [ 2.17467304, 41.347647 ], [ 2.1746957, 41.34766095 ], [ 2.17470105, 41.34767234 ], [ 2.17470317, 41.34768424 ], [ 2.17470623, 41.34770705 ], [ 2.17470415, 41.34772965 ], [ 2.17469306, 41.34774677 ], [ 2.17468065, 41.3477638 ], [ 2.174672, 41.34778625 ], [ 2.1746661, 41.34780891 ], [ 2.17466381, 41.34782898 ], [ 2.17467133, 41.34784903 ], [ 2.17468234, 41.34785749 ], [ 2.17469565, 41.34786326 ], [ 2.17471235, 41.34786653 ], [ 2.1747283, 41.34787169 ], [ 2.17473929, 41.34789131 ], [ 2.17473897, 41.34790698 ], [ 2.17474504, 41.34792802 ], [ 2.17475212, 41.34795392 ], [ 2.17475717, 41.34798008 ], [ 2.17475706, 41.34799854 ], [ 2.17475599, 41.34801709 ], [ 2.17475647, 41.34803529 ], [ 2.17475672, 41.34805348 ], [ 2.17475048, 41.34806533 ], [ 2.17474244, 41.34807698 ], [ 2.17473742, 41.34809568 ], [ 2.17473503, 41.34811449 ], [ 2.17473593, 41.34812909 ], [ 2.17474184, 41.34814363 ], [ 2.17475894, 41.34815231 ], [ 2.17477617, 41.34816036 ], [ 2.17479117, 41.34818425 ], [ 2.17480473, 41.34820885 ], [ 2.17481597, 41.34822731 ], [ 2.17482052, 41.34824526 ], [ 2.1748131, 41.34825566 ], [ 2.17480293, 41.34826576 ], [ 2.17479491, 41.34827625 ], [ 2.1747882, 41.34828692 ], [ 2.17478773, 41.34830547 ], [ 2.17479742, 41.34832391 ], [ 2.17481106, 41.34834113 ], [ 2.17482447, 41.34835825 ], [ 2.17483996, 41.34838169 ], [ 2.17485556, 41.34840504 ], [ 2.17487392, 41.3484276 ], [ 2.17489288, 41.34845034 ], [ 2.17490461, 41.34846835 ], [ 2.17490569, 41.34848638 ], [ 2.17489679, 41.34850036 ], [ 2.17488717, 41.34851435 ], [ 2.17487767, 41.34852878 ], [ 2.17486983, 41.34854386 ], [ 2.17486742, 41.34857366 ], [ 2.17486871, 41.34860366 ], [ 2.17486411, 41.34864659 ], [ 2.17485938, 41.34868953 ], [ 2.1748578, 41.34873915 ], [ 2.17486099, 41.34878889 ], [ 2.17486761, 41.34881416 ], [ 2.17488321, 41.34883742 ], [ 2.17489728, 41.34884968 ], [ 2.17491184, 41.34886123 ], [ 2.17493303, 41.34887786 ], [ 2.17494418, 41.34889406 ], [ 2.17493553, 41.34889761 ], [ 2.17491863, 41.34890109 ], [ 2.17490709, 41.34891515 ], [ 2.17490104, 41.34893105 ], [ 2.1749006, 41.34894681 ], [ 2.17490781, 41.34897172 ], [ 2.17491587, 41.34899655 ], [ 2.17492533, 41.34902373 ], [ 2.17493479, 41.34905082 ], [ 2.17494199, 41.3490769 ], [ 2.17494931, 41.34910299 ], [ 2.17496137, 41.34913262 ], [ 2.17497582, 41.34916173 ], [ 2.17499056, 41.34918759 ], [ 2.17500565, 41.34921346 ], [ 2.17501475, 41.34923109 ], [ 2.17502085, 41.34924942 ], [ 2.17502152, 41.3492633 ], [ 2.17502027, 41.34927716 ], [ 2.17501724, 41.34929903 ], [ 2.17501457, 41.3493209 ], [ 2.17501255, 41.34934854 ], [ 2.17501113, 41.34937627 ], [ 2.17501094, 41.34940059 ], [ 2.17501194, 41.34942501 ], [ 2.17501523, 41.34944854 ], [ 2.17502403, 41.34947166 ], [ 2.17503603, 41.34948652 ], [ 2.17505165, 41.34949933 ], [ 2.17506661, 41.3495071 ], [ 2.17508156, 41.34951621 ], [ 2.1750923, 41.34953665 ], [ 2.17508795, 41.3495494 ], [ 2.17507942, 41.34956213 ], [ 2.17506589, 41.34957375 ], [ 2.17506247, 41.34958913 ], [ 2.17506335, 41.34960463 ], [ 2.17506535, 41.34961689 ], [ 2.17506949, 41.34962908 ], [ 2.17508599, 41.34964811 ], [ 2.17510165, 41.34966696 ], [ 2.17510836, 41.34968484 ], [ 2.17511458, 41.3497029 ], [ 2.1751206, 41.34971898 ], [ 2.17512434, 41.34973513 ], [ 2.1751215, 41.34975178 ], [ 2.17511663, 41.3497684 ], [ 2.17511444, 41.349781 ], [ 2.17511248, 41.3497936 ], [ 2.17511206, 41.34980837 ], [ 2.17512012, 41.34982302 ], [ 2.17513056, 41.3498294 ], [ 2.17514249, 41.3498311 ], [ 2.17517192, 41.34982897 ], [ 2.17520018, 41.34982548 ], [ 2.17520788, 41.34983094 ], [ 2.17520934, 41.34983861 ] ] ] ] } },
{ "type": "Feature", "properties": { "id": "04", "kind": "district", "name": "Les Corts" }, "geometry": { "type": "MultiPolygon", "coordinates": [ [ [ [ 2.10341813, 41.40110207 ], [ 2.10332884, 41.40111417 ], [ 2.10327294, 41.40110815 ], [ 2.10321932, 41.40110106 ], [ 2.10317968, 41.40109535 ], [ 2.10314866, 41.40108898 ], [ 2.10311961, 41.40108786 ], [ 2.10308883, 41.40109014 ], [ 2.10306211, 41.40109353 ], [ 2.10303777, 41.40109767 ], [ 2.10300898, 41.40110285 ], [ 2.10299534, 41.40110182 ], [ 2.10292578, 41.40109658 ], [ 2.10290943, 41.40105832 ], [ 2.10289313, 41.40097736 ], [ 2.10289739, 41.40087799 ], [ 2.10290191, 41.40076004 ], [ 2.10289449, 41.40066713 ], [ 2.10286929, 41.4006003 ], [ 2.10283267, 41.40052027 ], [ 2.10277615, 41.40044542 ], [ 2.10267442, 41.40032388 ], [ 2.10254895, 41.40019376 ], [ 2.10241812, 41.40005109 ], [ 2.1023425, 41.39995463 ], [ 2.10228754, 41.39990027 ], [ 2.10221693, 41.39982581 ], [ 2.10216231, 41.39974648 ], [ 2.10212639, 41.39965731 ], [ 2.10208903, 41.39957712 ], [ 2.10203565, 41.39950379 ], [ 2.10197154, 41.39943937 ], [ 2.10191916, 41.39939002 ], [ 2.10180659, 41.39928028 ], [ 2.10173603, 41.39920282 ], [ 2.10168104, 41.39915046 ], [ 2.1015759, 41.39907872 ], [ 2.10148379, 41.39902507 ], [ 2.10136914, 41.39897024 ], [ 2.10126371, 41.39892048 ], [ 2.10116223, 41.39887274 ], [ 2.10106305, 41.39883288 ], [ 2.10092758, 41.39877553 ], [ 2.10082808, 41.39873298 ], [ 2.10070941, 41.39868121 ], [ 2.10057647, 41.3986148 ], [ 2.10052989, 41.39858265 ], [ 2.10049558, 41.39855145 ], [ 2.10046272, 41.39850709 ], [ 2.10045937, 41.39834536 ], [ 2.1004772, 41.3982657 ], [ 2.1004631, 41.39807449 ], [ 2.10044457, 41.39800294 ], [ 2.1003838, 41.3979143 ], [ 2.1003683, 41.39787005 ], [ 2.10031926, 41.39778566 ], [ 2.10027089, 41.39772817 ], [ 2.10021436, 41.39766191 ], [ 2.10017504, 41.39761553 ], [ 2.10014704, 41.3975636 ], [ 2.10009235, 41.39736384 ], [ 2.10006758, 41.39725834 ], [ 2.10003981, 41.39709923 ], [ 2.10001031, 41.39697394 ], [ 2.09996777, 41.39688993 ], [ 2.09992513, 41.39681249 ], [ 2.0998417, 41.39670466 ], [ 2.09975507, 41.39660947 ], [ 2.09962747, 41.39649088 ], [ 2.09949861, 41.39638444 ], [ 2.09938708, 41.39627165 ], [ 2.09926493, 41.39607038 ], [ 2.09917171, 41.39587907 ], [ 2.09911936, 41.39576999 ], [ 2.09907454, 41.39558392 ], [ 2.0990209, 41.39541238 ], [ 2.09896792, 41.39534952 ], [ 2.09887109, 41.39526442 ], [ 2.09874841, 41.3951783 ], [ 2.09861912, 41.39507592 ], [ 2.09850885, 41.39498266 ], [ 2.09846015, 41.39490853 ], [ 2.09840835, 41.39478867 ], [ 2.09832762, 41.39460975 ], [ 2.09821149, 41.39444016 ], [ 2.09808699, 41.39425266 ], [ 2.09792227, 41.39409322 ], [ 2.09779181, 41.39395711 ], [ 2.09801663, 41.39363764 ], [ 2.09803835, 41.39360322 ], [ 2.09805129, 41.39342872 ], [ 2.0984794, 41.39315626 ], [ 2.0989048, 41.39297026 ], [ 2.09898992, 41.39292223 ], [ 2.09912769, 41.39281139 ], [ 2.09922723, 41.3927028 ], [ 2.09937577, 41.39246334 ], [ 2.09947874, 41.39236845 ], [ 2.09964456, 41.39219202 ], [ 2.09971464, 41.39211328 ], [ 2.09979602, 41.39200454 ], [ 2.09980213, 41.39182413 ], [ 2.0997755, 41.39164893 ], [ 2.09977507, 41.39145616 ], [ 2.09982413, 41.39097915 ], [ 2.09985582, 41.39078968 ], [ 2.09994697, 41.39042037 ], [ 2.09997368, 41.39026711 ], [ 2.10001758, 41.39014045 ], [ 2.10017074, 41.38990468 ], [ 2.10024877, 41.38968685 ], [ 2.10024686, 41.3895884 ], [ 2.10019747, 41.38937884 ], [ 2.10020603, 41.38929617 ], [ 2.10025688, 41.38909878 ], [ 2.10030788, 41.38895398 ], [ 2.1004924, 41.38860599 ], [ 2.10058986, 41.38840988 ], [ 2.10070484, 41.38826416 ], [ 2.10116726, 41.3880059 ], [ 2.10159178, 41.38778774 ], [ 2.10188116, 41.38765465 ], [ 2.10210763, 41.38757068 ], [ 2.10229077, 41.38751811 ], [ 2.10225467, 41.38746741 ], [ 2.10223472, 41.38746474 ], [ 2.10221519, 41.38746032 ], [ 2.10219636, 41.38745424 ], [ 2.10216721, 41.38744056 ], [ 2.10212708, 41.38741457 ], [ 2.10206971, 41.38737742 ], [ 2.10203234, 41.38735578 ], [ 2.1020125, 41.38734633 ], [ 2.10196818, 41.38733113 ], [ 2.10192675, 41.38731835 ], [ 2.10183181, 41.38729567 ], [ 2.10175041, 41.38727918 ], [ 2.10159834, 41.38724988 ], [ 2.10149587, 41.38722293 ], [ 2.10144777, 41.38721017 ], [ 2.10138723, 41.3871911 ], [ 2.10128743, 41.3871583 ], [ 2.10124963, 41.38714671 ], [ 2.10118528, 41.38711631 ], [ 2.10111441, 41.38708146 ], [ 2.10134985, 41.38684924 ], [ 2.10144379, 41.38679596 ], [ 2.10153858, 41.38672698 ], [ 2.10158046, 41.38664321 ], [ 2.10167853, 41.38657899 ], [ 2.10180699, 41.38649491 ], [ 2.10188097, 41.38641207 ], [ 2.10191266, 41.38640139 ], [ 2.1019464, 41.38633876 ], [ 2.10200639, 41.38628526 ], [ 2.10202927, 41.38624585 ], [ 2.10226262, 41.3861179 ], [ 2.10229195, 41.38606334 ], [ 2.10235193, 41.38599348 ], [ 2.10238977, 41.38594581 ], [ 2.10249114, 41.38588522 ], [ 2.10251073, 41.38584677 ], [ 2.10252446, 41.3858196 ], [ 2.10260988, 41.38575043 ], [ 2.10268012, 41.38558543 ], [ 2.10268586, 41.38555237 ], [ 2.10289323, 41.38548747 ], [ 2.10338139, 41.38457895 ], [ 2.1033936, 41.38455325 ], [ 2.10335449, 41.38451674 ], [ 2.10336712, 41.38449329 ], [ 2.10343485, 41.38436752 ], [ 2.10334622, 41.38425855 ], [ 2.1032378, 41.38412363 ], [ 2.1031261, 41.38399197 ], [ 2.10293152, 41.38378359 ], [ 2.10289457, 41.38375046 ], [ 2.10285618, 41.38371823 ], [ 2.10281639, 41.38368694 ], [ 2.10277526, 41.38365664 ], [ 2.10273285, 41.38362737 ], [ 2.102684, 41.38359812 ], [ 2.10263374, 41.38357025 ], [ 2.10258214, 41.38354381 ], [ 2.10252926, 41.38351882 ], [ 2.10247521, 41.38349532 ], [ 2.10225397, 41.38342221 ], [ 2.102179, 41.3834058 ], [ 2.10207487, 41.38338459 ], [ 2.10192565, 41.38335271 ], [ 2.10166888, 41.38330137 ], [ 2.10159129, 41.3832856 ], [ 2.10151429, 41.38326826 ], [ 2.10143796, 41.38324931 ], [ 2.10136234, 41.38322879 ], [ 2.10118154, 41.38317566 ], [ 2.10170772, 41.3818271 ], [ 2.10170791, 41.38182661 ], [ 2.10172885, 41.38177293 ], [ 2.10193167, 41.38134303 ], [ 2.10254098, 41.38068672 ], [ 2.10259288, 41.3806418 ], [ 2.10265583, 41.38059632 ], [ 2.10317911, 41.38027971 ], [ 2.10325721, 41.38027036 ], [ 2.103333, 41.38025759 ], [ 2.10339134, 41.38024577 ], [ 2.10344068, 41.38023396 ], [ 2.10348535, 41.38022192 ], [ 2.10354136, 41.38020494 ], [ 2.10360027, 41.38018465 ], [ 2.10365143, 41.38016609 ], [ 2.1037201, 41.38013775 ], [ 2.10377434, 41.38011234 ], [ 2.10382119, 41.38008805 ], [ 2.1038616, 41.38006518 ], [ 2.10390133, 41.38003997 ], [ 2.10396279, 41.37999952 ], [ 2.10400246, 41.37997198 ], [ 2.10404463, 41.37994269 ], [ 2.10549897, 41.37887676 ], [ 2.10598258, 41.37923379 ], [ 2.10609569, 41.37917619 ], [ 2.10749436, 41.37846456 ], [ 2.10814093, 41.37813559 ], [ 2.10816764, 41.37809409 ], [ 2.10822963, 41.37800659 ], [ 2.10831199, 41.37790341 ], [ 2.10838922, 41.37781749 ], [ 2.10850278, 41.37770496 ], [ 2.10863951, 41.37758135 ], [ 2.10873311, 41.37748804 ], [ 2.1088196, 41.37739014 ], [ 2.10892188, 41.37726059 ], [ 2.10898556, 41.37716944 ], [ 2.10906498, 41.37703791 ], [ 2.10912866, 41.37691541 ], [ 2.10918174, 41.37680004 ], [ 2.10922739, 41.37667328 ], [ 2.10925345, 41.37658136 ], [ 2.10928919, 41.37642877 ], [ 2.10930378, 41.376328 ], [ 2.10931408, 41.3762391 ], [ 2.10931725, 41.37619458 ], [ 2.10931927, 41.376149 ], [ 2.1093064, 41.37594486 ], [ 2.11357112, 41.37585999 ], [ 2.11736609, 41.37578433 ], [ 2.11780122, 41.37577565 ], [ 2.11969864, 41.37690122 ], [ 2.1197272, 41.37691817 ], [ 2.12105796, 41.3777076 ], [ 2.12144123, 41.37798562 ], [ 2.12148831, 41.37784022 ], [ 2.12153184, 41.37768576 ], [ 2.12158157, 41.37757138 ], [ 2.12164543, 41.37734162 ], [ 2.12165335, 41.37726071 ], [ 2.12162865, 41.37644464 ], [ 2.12161858, 41.37611186 ], [ 2.12166193, 41.37597114 ], [ 2.1217026, 41.3758809 ], [ 2.12178694, 41.37569467 ], [ 2.12270317, 41.37567376 ], [ 2.12371138, 41.37627699 ], [ 2.12442163, 41.37670193 ], [ 2.12504902, 41.37707729 ], [ 2.12528503, 41.37721557 ], [ 2.12574406, 41.37748452 ], [ 2.12698922, 41.37821404 ], [ 2.12751093, 41.37851969 ], [ 2.12758218, 41.37856144 ], [ 2.1285358, 41.37906223 ], [ 2.12915421, 41.37938698 ], [ 2.12920754, 41.37941499 ], [ 2.12993423, 41.3797966 ], [ 2.13071658, 41.38020742 ], [ 2.13083721, 41.38027076 ], [ 2.13166745, 41.38060107 ], [ 2.13177824, 41.38063392 ], [ 2.132401, 41.38081859 ], [ 2.13277032, 41.38092811 ], [ 2.13354933, 41.3811591 ], [ 2.13480769, 41.38153223 ], [ 2.13549693, 41.38178746 ], [ 2.13587417, 41.38192716 ], [ 2.13626587, 41.3820722 ], [ 2.13694741, 41.38232457 ], [ 2.13719177, 41.38241506 ], [ 2.13758603, 41.38256105 ], [ 2.13761293, 41.38257101 ], [ 2.13905717, 41.38321637 ], [ 2.14033999, 41.38395887 ], [ 2.14070713, 41.38417137 ], [ 2.14230405, 41.38536466 ], [ 2.14264193, 41.38561713 ], [ 2.14264194, 41.38561726 ], [ 2.14264196, 41.3856175 ], [ 2.14264568, 41.38565109 ], [ 2.14275105, 41.38660346 ], [ 2.14293973, 41.38767754 ], [ 2.14319771, 41.38871852 ], [ 2.14352943, 41.39004341 ], [ 2.14364933, 41.39050056 ], [ 2.14380157, 41.39102712 ], [ 2.14395823, 41.39147146 ], [ 2.14434447, 41.39238404 ], [ 2.14425781, 41.39241379 ], [ 2.14418408, 41.39245255 ], [ 2.14414636, 41.39247888 ], [ 2.14409686, 41.39252339 ], [ 2.14406625, 41.39255772 ], [ 2.1440544, 41.39257459 ], [ 2.14231586, 41.39213339 ], [ 2.13936574, 41.39139033 ], [ 2.13876746, 41.39123837 ], [ 2.13746807, 41.39143518 ], [ 2.13642358, 41.39159383 ], [ 2.13248013, 41.39219273 ], [ 2.13178466, 41.39229833 ], [ 2.13066887, 41.39246775 ], [ 2.1302281, 41.3926292 ], [ 2.13016881, 41.39266037 ], [ 2.13008376, 41.39268207 ], [ 2.12997766, 41.39268395 ], [ 2.12988773, 41.39266397 ], [ 2.12981721, 41.39264117 ], [ 2.12975254, 41.39262004 ], [ 2.12969523, 41.39259356 ], [ 2.12963092, 41.39255621 ], [ 2.12958579, 41.39252089 ], [ 2.12936976, 41.39240267 ], [ 2.12933301, 41.39238257 ], [ 2.1290476, 41.39231143 ], [ 2.12735188, 41.39188875 ], [ 2.12706576, 41.39181743 ], [ 2.1258498, 41.39151432 ], [ 2.1256512, 41.39146482 ], [ 2.125581, 41.39144731 ], [ 2.12389546, 41.39102712 ], [ 2.1234046, 41.39090474 ], [ 2.12287052, 41.39077159 ], [ 2.12226983, 41.39062183 ], [ 2.12176932, 41.39042797 ], [ 2.12151428, 41.39032918 ], [ 2.12126107, 41.3902311 ], [ 2.12089865, 41.39009072 ], [ 2.12073062, 41.39053334 ], [ 2.12055184, 41.39080415 ], [ 2.12039927, 41.39095132 ], [ 2.12033678, 41.3910116 ], [ 2.12001305, 41.3912757 ], [ 2.11991964, 41.39132627 ], [ 2.11983864, 41.39137013 ], [ 2.11936959, 41.39157084 ], [ 2.11856541, 41.39177914 ], [ 2.11800652, 41.3919239 ], [ 2.11756907, 41.39221853 ], [ 2.11756064, 41.39222421 ], [ 2.11776469, 41.39237911 ], [ 2.11798404, 41.39259401 ], [ 2.11818402, 41.39287722 ], [ 2.1183579, 41.39319725 ], [ 2.11842892, 41.39345969 ], [ 2.11847726, 41.39376038 ], [ 2.11844497, 41.39407462 ], [ 2.11837342, 41.39440587 ], [ 2.11829419, 41.39458833 ], [ 2.11816439, 41.3947819 ], [ 2.1180115, 41.39495848 ], [ 2.11780354, 41.39512934 ], [ 2.11763003, 41.39524133 ], [ 2.11736191, 41.39536423 ], [ 2.11682543, 41.39550193 ], [ 2.11596242, 41.39572345 ], [ 2.1158168, 41.3957862 ], [ 2.11561144, 41.3958747 ], [ 2.11485201, 41.39629168 ], [ 2.11330604, 41.39715776 ], [ 2.11312565, 41.39725881 ], [ 2.11269677, 41.39701159 ], [ 2.11267591, 41.39699957 ], [ 2.11218565, 41.39654791 ], [ 2.11193675, 41.39636396 ], [ 2.11164198, 41.39618667 ], [ 2.11107759, 41.3958929 ], [ 2.11091317, 41.39582848 ], [ 2.10994275, 41.39517447 ], [ 2.10977895, 41.39532903 ], [ 2.10961706, 41.39550651 ], [ 2.109578, 41.39557987 ], [ 2.10954218, 41.39569942 ], [ 2.10953565, 41.39577824 ], [ 2.10953766, 41.39586438 ], [ 2.10949807, 41.39591269 ], [ 2.10965565, 41.39612411 ], [ 2.1097325, 41.39626746 ], [ 2.10974609, 41.39630448 ], [ 2.10973605, 41.39635537 ], [ 2.10971978, 41.39644581 ], [ 2.10969769, 41.39657676 ], [ 2.10966483, 41.3966586 ], [ 2.10964266, 41.39670361 ], [ 2.10962869, 41.39672746 ], [ 2.10959437, 41.39677416 ], [ 2.10950845, 41.39685864 ], [ 2.10942953, 41.39694108 ], [ 2.10934799, 41.39703503 ], [ 2.10933647, 41.39714089 ], [ 2.10932164, 41.39718796 ], [ 2.10930552, 41.39722408 ], [ 2.10928962, 41.39724446 ], [ 2.10926446, 41.39726798 ], [ 2.10924314, 41.39728395 ], [ 2.10914953, 41.3973426 ], [ 2.10905137, 41.39741736 ], [ 2.10902435, 41.39744264 ], [ 2.10900297, 41.39746723 ], [ 2.10895279, 41.39755399 ], [ 2.10894856, 41.39756611 ], [ 2.10894816, 41.39757609 ], [ 2.10895035, 41.39758684 ], [ 2.10895951, 41.39760202 ], [ 2.10897227, 41.39763315 ], [ 2.10897138, 41.39766088 ], [ 2.1089573, 41.39768942 ], [ 2.10889562, 41.3977872 ], [ 2.10887806, 41.3978295 ], [ 2.10879105, 41.3980094 ], [ 2.10871247, 41.39819548 ], [ 2.10870355, 41.39824921 ], [ 2.10871168, 41.39827912 ], [ 2.10875002, 41.3983111 ], [ 2.10865123, 41.39845026 ], [ 2.10842722, 41.3985651 ], [ 2.10834982, 41.39860618 ], [ 2.10833435, 41.3986144 ], [ 2.10828726, 41.39864358 ], [ 2.10827274, 41.39865674 ], [ 2.10825697, 41.39867643 ], [ 2.10822776, 41.39874166 ], [ 2.10819161, 41.3988224 ], [ 2.10817056, 41.39884267 ], [ 2.1081524, 41.3988593 ], [ 2.10813797, 41.39887251 ], [ 2.10809607, 41.39891088 ], [ 2.1080643, 41.39893997 ], [ 2.107993, 41.3990068 ], [ 2.10795318, 41.39904412 ], [ 2.10784747, 41.39913231 ], [ 2.10777583, 41.39920264 ], [ 2.10776566, 41.39921091 ], [ 2.10773816, 41.39923326 ], [ 2.10767497, 41.39925031 ], [ 2.10763759, 41.39926041 ], [ 2.10749923, 41.39929859 ], [ 2.1074152, 41.39933435 ], [ 2.10735312, 41.39936822 ], [ 2.10730575, 41.39941116 ], [ 2.10726271, 41.39946366 ], [ 2.10719928, 41.39958179 ], [ 2.10716011, 41.3996707 ], [ 2.1071257, 41.39973683 ], [ 2.10712073, 41.39974275 ], [ 2.10707173, 41.39980119 ], [ 2.10698409, 41.39984835 ], [ 2.10693932, 41.39987087 ], [ 2.10689883, 41.39989124 ], [ 2.10684788, 41.39991781 ], [ 2.10684788, 41.39991782 ], [ 2.10676959, 41.39998637 ], [ 2.10676478, 41.39998905 ], [ 2.10675996, 41.39999172 ], [ 2.10675514, 41.39999439 ], [ 2.10675032, 41.39999705 ], [ 2.10674548, 41.3999997 ], [ 2.10674065, 41.40000235 ], [ 2.1067358, 41.40000499 ], [ 2.10673095, 41.40000763 ], [ 2.1067261, 41.40001026 ], [ 2.10672123, 41.40001288 ], [ 2.10671637, 41.4000155 ], [ 2.1067115, 41.40001811 ], [ 2.10670662, 41.40002072 ], [ 2.10670173, 41.40002332 ], [ 2.10669685, 41.40002591 ], [ 2.10669195, 41.4000285 ], [ 2.10668705, 41.40003108 ], [ 2.10668214, 41.40003366 ], [ 2.10667723, 41.40003623 ], [ 2.10667232, 41.40003879 ], [ 2.10666739, 41.40004135 ], [ 2.10666247, 41.4000439 ], [ 2.10665753, 41.40004645 ], [ 2.10665259, 41.40004898 ], [ 2.10664765, 41.40005152 ], [ 2.1066427, 41.40005405 ], [ 2.10663774, 41.40005657 ], [ 2.10663278, 41.40005908 ], [ 2.10662781, 41.40006159 ], [ 2.10662284, 41.4000641 ], [ 2.10661786, 41.40006659 ], [ 2.10661288, 41.40006908 ], [ 2.10660789, 41.40007157 ], [ 2.1066029, 41.40007405 ], [ 2.1065979, 41.40007652 ], [ 2.10659289, 41.40007899 ], [ 2.10658788, 41.40008145 ], [ 2.10658287, 41.4000839 ], [ 2.10657785, 41.40008635 ], [ 2.10657282, 41.40008879 ], [ 2.10656779, 41.40009122 ], [ 2.10656276, 41.40009365 ], [ 2.10655771, 41.40009608 ], [ 2.10655267, 41.40009849 ], [ 2.10654762, 41.4001009 ], [ 2.10654256, 41.40010331 ], [ 2.1065375, 41.40010571 ], [ 2.10653243, 41.4001081 ], [ 2.10652736, 41.40011048 ], [ 2.10652228, 41.40011286 ], [ 2.10651719, 41.40011524 ], [ 2.10651211, 41.4001176 ], [ 2.10650701, 41.40011997 ], [ 2.10650191, 41.40012232 ], [ 2.10649681, 41.40012467 ], [ 2.1064917, 41.40012701 ], [ 2.10648659, 41.40012935 ], [ 2.10648147, 41.40013168 ], [ 2.10647635, 41.400134 ], [ 2.10647122, 41.40013632 ], [ 2.10646608, 41.40013863 ], [ 2.10646094, 41.40014093 ], [ 2.1064558, 41.40014323 ], [ 2.10645065, 41.40014552 ], [ 2.1064455, 41.4001478 ], [ 2.10644034, 41.40015008 ], [ 2.10643517, 41.40015236 ], [ 2.10643001, 41.40015462 ], [ 2.10642483, 41.40015688 ], [ 2.10641965, 41.40015914 ], [ 2.10641447, 41.40016138 ], [ 2.10640928, 41.40016362 ], [ 2.10640409, 41.40016586 ], [ 2.10639889, 41.40016809 ], [ 2.10639369, 41.40017031 ], [ 2.10638848, 41.40017252 ], [ 2.10638327, 41.40017473 ], [ 2.10637805, 41.40017693 ], [ 2.10637283, 41.40017913 ], [ 2.1063676, 41.40018132 ], [ 2.10636237, 41.4001835 ], [ 2.10635713, 41.40018568 ], [ 2.10635189, 41.40018785 ], [ 2.10634665, 41.40019001 ], [ 2.1063414, 41.40019217 ], [ 2.10633614, 41.40019432 ], [ 2.10633088, 41.40019647 ], [ 2.10632562, 41.4001986 ], [ 2.10632035, 41.40020073 ], [ 2.10631508, 41.40020286 ], [ 2.1063098, 41.40020498 ], [ 2.10630452, 41.40020709 ], [ 2.10629923, 41.4002092 ], [ 2.10629394, 41.40021129 ], [ 2.10628864, 41.40021339 ], [ 2.10628334, 41.40021547 ], [ 2.10627804, 41.40021755 ], [ 2.10627273, 41.40021962 ], [ 2.10626741, 41.40022169 ], [ 2.10626209, 41.40022375 ], [ 2.10625677, 41.40022581 ], [ 2.10625317, 41.40022719 ], [ 2.10557439, 41.40048777 ], [ 2.10557372, 41.40048803 ], [ 2.10556843, 41.40049012 ], [ 2.10556318, 41.40049228 ], [ 2.10555798, 41.40049451 ], [ 2.10555284, 41.40049681 ], [ 2.10554776, 41.40049918 ], [ 2.10554273, 41.40050162 ], [ 2.10553776, 41.40050412 ], [ 2.10553285, 41.40050669 ], [ 2.105528, 41.40050933 ], [ 2.10552321, 41.40051203 ], [ 2.10551849, 41.4005148 ], [ 2.10551384, 41.40051763 ], [ 2.10550925, 41.40052052 ], [ 2.10550473, 41.40052347 ], [ 2.10550029, 41.40052648 ], [ 2.10549591, 41.40052955 ], [ 2.10549161, 41.40053268 ], [ 2.10548739, 41.40053587 ], [ 2.10548324, 41.40053911 ], [ 2.10547917, 41.40054241 ], [ 2.10547517, 41.40054576 ], [ 2.10547126, 41.40054917 ], [ 2.10546743, 41.40055263 ], [ 2.10546368, 41.40055614 ], [ 2.10546002, 41.4005597 ], [ 2.10545631, 41.40056323 ], [ 2.10545246, 41.40056668 ], [ 2.10544845, 41.40057002 ], [ 2.1054443, 41.40057326 ], [ 2.10544001, 41.4005764 ], [ 2.10543558, 41.40057942 ], [ 2.10543102, 41.40058234 ], [ 2.10542633, 41.40058513 ], [ 2.10542152, 41.40058781 ], [ 2.1054166, 41.40059037 ], [ 2.10541156, 41.4005928 ], [ 2.10540642, 41.4005951 ], [ 2.10540118, 41.40059727 ], [ 2.10539585, 41.40059931 ], [ 2.10539043, 41.40060122 ], [ 2.10538493, 41.40060299 ], [ 2.10537936, 41.40060462 ], [ 2.10537371, 41.4006061 ], [ 2.105368, 41.40060745 ], [ 2.10536224, 41.40060865 ], [ 2.10535643, 41.40060971 ], [ 2.10535529, 41.4006099 ], [ 2.10491345, 41.40068208 ], [ 2.10458887, 41.40076891 ], [ 2.10440783, 41.40082634 ], [ 2.10399949, 41.40095589 ], [ 2.10399921, 41.40095597 ], [ 2.10399915, 41.40095599 ], [ 2.10396539, 41.40096641 ], [ 2.10391661, 41.40098147 ], [ 2.10383829, 41.40100518 ], [ 2.10377368, 41.40102306 ], [ 2.10368484, 41.40104614 ], [ 2.10360933, 41.40106519 ], [ 2.10351597, 41.40108608 ], [ 2.10341813, 41.40110207 ] ] ] ] } },
{ "type": "Feature", "properties": { "id": "05", "kind": "district", "name": "Sarrià-Sant Gervasi" }, "geometry": { "type": "MultiPolygon", "coordinates": [ [ [ [ 2.07255496, 41.43546886 ], [ 2.07251899, 41.43548795 ], [ 2.07252232, 41.43550452 ], [ 2.07278777, 41.43575234 ], [ 2.07292221, 41.43599067 ], [ 2.07300971, 41.43610085 ], [ 2.07310043, 41.43615917 ], [ 2.073286, 41.43634758 ], [ 2.07334021, 41.43644847 ], [ 2.07302787, 41.43660693 ], [ 2.0726129, 41.4365546 ], [ 2.07209977, 41.43640247 ], [ 2.07181302, 41.43632524 ], [ 2.07176783, 41.43630237 ], [ 2.07166617, 41.43617366 ], [ 2.0711807, 41.43530087 ], [ 2.07105962, 41.43505204 ], [ 2.07098218, 41.43473989 ], [ 2.0709378, 41.4343987 ], [ 2.07099787, 41.43419327 ], [ 2.0711841, 41.43387197 ], [ 2.07135636, 41.43335321 ], [ 2.07147546, 41.43307795 ], [ 2.07223732, 41.43203987 ], [ 2.07312178, 41.43066516 ], [ 2.07344576, 41.43050493 ], [ 2.0736016, 41.43042144 ], [ 2.07371947, 41.43036815 ], [ 2.07390808, 41.43030299 ], [ 2.07411363, 41.43020747 ], [ 2.07433329, 41.43007025 ], [ 2.0744179, 41.43000545 ], [ 2.07446095, 41.42994399 ], [ 2.07449407, 41.42991641 ], [ 2.07453209, 41.42989452 ], [ 2.07465231, 41.42984543 ], [ 2.07487649, 41.42976106 ], [ 2.07497626, 41.42971035 ], [ 2.07506508, 41.4296744 ], [ 2.07526845, 41.42961301 ], [ 2.07541819, 41.42957639 ], [ 2.07547792, 41.42955166 ], [ 2.07554239, 41.42951437 ], [ 2.07563483, 41.42943833 ], [ 2.07572745, 41.42934855 ], [ 2.07580491, 41.42925521 ], [ 2.07583111, 41.4292325 ], [ 2.07592019, 41.42917821 ], [ 2.07609626, 41.42910972 ], [ 2.07621559, 41.42906943 ], [ 2.07630457, 41.42902201 ], [ 2.07647503, 41.42890303 ], [ 2.07661719, 41.42870916 ], [ 2.07546239, 41.42835916 ], [ 2.07458631, 41.42810791 ], [ 2.07399237, 41.42798293 ], [ 2.07381818, 41.42793193 ], [ 2.073526, 41.42779984 ], [ 2.07322096, 41.427681 ], [ 2.073133, 41.42762688 ], [ 2.07299151, 41.42752327 ], [ 2.07320481, 41.42746043 ], [ 2.07322806, 41.42741555 ], [ 2.07320847, 41.4272943 ], [ 2.07313863, 41.42708185 ], [ 2.07310474, 41.42689241 ], [ 2.07308771, 41.42684846 ], [ 2.07306348, 41.42674939 ], [ 2.07301134, 41.42667174 ], [ 2.07297633, 41.42659138 ], [ 2.07294982, 41.42628911 ], [ 2.07291497, 41.4262123 ], [ 2.07281684, 41.42613093 ], [ 2.07271723, 41.42605713 ], [ 2.07263986, 41.4259793 ], [ 2.07257327, 41.42587231 ], [ 2.07254369, 41.42578279 ], [ 2.07254464, 41.42575655 ], [ 2.07261831, 41.42562029 ], [ 2.07265611, 41.42558631 ], [ 2.07272584, 41.42553853 ], [ 2.07277405, 41.4254942 ], [ 2.07278761, 41.42543775 ], [ 2.07278285, 41.42537357 ], [ 2.0727625, 41.42532707 ], [ 2.07272204, 41.42518577 ], [ 2.07270469, 41.42515284 ], [ 2.07300636, 41.42498938 ], [ 2.07305273, 41.42497471 ], [ 2.07318752, 41.42494418 ], [ 2.073424, 41.42494563 ], [ 2.07353812, 41.42492989 ], [ 2.0736392, 41.42490341 ], [ 2.07393991, 41.42485895 ], [ 2.07402553, 41.42484254 ], [ 2.07406559, 41.42482401 ], [ 2.07414841, 41.42480689 ], [ 2.07426554, 41.42480809 ], [ 2.07439647, 41.42479161 ], [ 2.07454037, 41.42477999 ], [ 2.07461022, 41.42480955 ], [ 2.0746714, 41.42482929 ], [ 2.07477023, 41.42484817 ], [ 2.07480051, 41.42486726 ], [ 2.07492593, 41.42490874 ], [ 2.07515875, 41.42499591 ], [ 2.07532367, 41.4249942 ], [ 2.07540793, 41.42497928 ], [ 2.07544672, 41.42496222 ], [ 2.07551218, 41.42494392 ], [ 2.07561204, 41.42493827 ], [ 2.07570504, 41.42492518 ], [ 2.07594829, 41.42496624 ], [ 2.07604812, 41.42497759 ], [ 2.07607506, 41.4249859 ], [ 2.0761739, 41.42500288 ], [ 2.07632618, 41.42500906 ], [ 2.0763746, 41.42502576 ], [ 2.07647008, 41.42504224 ], [ 2.0765616, 41.42504321 ], [ 2.07662798, 41.42505329 ], [ 2.07676298, 41.42504354 ], [ 2.07678099, 41.42504713 ], [ 2.07690094, 41.42504947 ], [ 2.07713854, 41.42504771 ], [ 2.07722247, 41.42503834 ], [ 2.07740938, 41.42500091 ], [ 2.07760492, 41.42494344 ], [ 2.07798147, 41.42494747 ], [ 2.0781182, 41.42494177 ], [ 2.07831145, 41.42489864 ], [ 2.07884375, 41.42468381 ], [ 2.07923396, 41.42454503 ], [ 2.07967931, 41.42446898 ], [ 2.07981281, 41.42447866 ], [ 2.07990668, 41.42446572 ], [ 2.0800496, 41.42446698 ], [ 2.0802306, 41.42448555 ], [ 2.08027805, 41.4245122 ], [ 2.08036286, 41.42457122 ], [ 2.08054353, 41.4245794 ], [ 2.08058785, 41.42441183 ], [ 2.08096158, 41.42400439 ], [ 2.08058916, 41.42405892 ], [ 2.0805519, 41.42405481 ], [ 2.0803608, 41.42398674 ], [ 2.0802455, 41.42383004 ], [ 2.08022428, 41.42372782 ], [ 2.08026015, 41.42346628 ], [ 2.0802424, 41.42336238 ], [ 2.08016142, 41.4231845 ], [ 2.08006908, 41.42306486 ], [ 2.07906281, 41.42274793 ], [ 2.07870385, 41.42266091 ], [ 2.07805329, 41.42252572 ], [ 2.07795464, 41.42248799 ], [ 2.07790806, 41.42247839 ], [ 2.07770325, 41.42248914 ], [ 2.07759841, 41.42248936 ], [ 2.0771957, 41.42241539 ], [ 2.0760608, 41.42230814 ], [ 2.07543933, 41.42206798 ], [ 2.07534036, 41.4219773 ], [ 2.07539049, 41.42190686 ], [ 2.07548179, 41.42184375 ], [ 2.07567549, 41.42175534 ], [ 2.07585971, 41.42165063 ], [ 2.07601972, 41.42153912 ], [ 2.07611328, 41.42148995 ], [ 2.07628483, 41.42138439 ], [ 2.07636672, 41.42134821 ], [ 2.0765193, 41.42125766 ], [ 2.07664853, 41.42120169 ], [ 2.07681771, 41.42113882 ], [ 2.07695295, 41.42102305 ], [ 2.07703236, 41.42080569 ], [ 2.07699643, 41.42069622 ], [ 2.07699627, 41.42062219 ], [ 2.07700893, 41.4205798 ], [ 2.07699306, 41.42051761 ], [ 2.07695918, 41.42043192 ], [ 2.07693866, 41.42041205 ], [ 2.07694172, 41.42014962 ], [ 2.07693122, 41.42010323 ], [ 2.07695532, 41.42003788 ], [ 2.07695948, 41.41995982 ], [ 2.07693898, 41.4199056 ], [ 2.07685112, 41.41979148 ], [ 2.07683051, 41.41961279 ], [ 2.07683119, 41.41953265 ], [ 2.07685503, 41.41948301 ], [ 2.07690289, 41.41942565 ], [ 2.07695375, 41.41938889 ], [ 2.07707401, 41.41935011 ], [ 2.07711957, 41.41931872 ], [ 2.07719683, 41.4192445 ], [ 2.0772725, 41.41922627 ], [ 2.07734507, 41.41919045 ], [ 2.07744677, 41.41907971 ], [ 2.07751532, 41.41902618 ], [ 2.0775571, 41.41893168 ], [ 2.07756978, 41.41891703 ], [ 2.07760773, 41.41880616 ], [ 2.07765616, 41.41869746 ], [ 2.07764993, 41.41859752 ], [ 2.07799248, 41.41864353 ], [ 2.07818261, 41.41870212 ], [ 2.07847415, 41.41882632 ], [ 2.07875767, 41.41886399 ], [ 2.07868731, 41.41878158 ], [ 2.07861476, 41.41863864 ], [ 2.07860367, 41.41857334 ], [ 2.07860478, 41.41852914 ], [ 2.07864099, 41.41848419 ], [ 2.07873723, 41.41844339 ], [ 2.07876196, 41.41842187 ], [ 2.07876873, 41.4183957 ], [ 2.07876754, 41.41836912 ], [ 2.07872714, 41.41829508 ], [ 2.07868622, 41.41818418 ], [ 2.07867014, 41.41815984 ], [ 2.07864905, 41.41805231 ], [ 2.07864763, 41.418004 ], [ 2.07867206, 41.41792939 ], [ 2.07874656, 41.41790394 ], [ 2.07879243, 41.41787781 ], [ 2.07891564, 41.41776144 ], [ 2.07903196, 41.41760117 ], [ 2.07908639, 41.41746401 ], [ 2.07919621, 41.41710472 ], [ 2.07923915, 41.41700905 ], [ 2.0792609, 41.41693408 ], [ 2.07926302, 41.41678332 ], [ 2.07928296, 41.41674711 ], [ 2.07947613, 41.41651635 ], [ 2.07955272, 41.4164477 ], [ 2.07974059, 41.41632821 ], [ 2.07980927, 41.41624586 ], [ 2.07974441, 41.41565924 ], [ 2.07963425, 41.41563724 ], [ 2.07950463, 41.41559683 ], [ 2.07945746, 41.41556813 ], [ 2.07942197, 41.41551944 ], [ 2.07934257, 41.41538955 ], [ 2.07924227, 41.41528137 ], [ 2.0790441, 41.41513301 ], [ 2.07902448, 41.41510158 ], [ 2.07902005, 41.41507544 ], [ 2.07903298, 41.41504362 ], [ 2.07912302, 41.41497827 ], [ 2.07906699, 41.41493554 ], [ 2.07858519, 41.41497881 ], [ 2.07733922, 41.41462777 ], [ 2.07732502, 41.41451293 ], [ 2.07730728, 41.41445445 ], [ 2.07731039, 41.41444147 ], [ 2.07726546, 41.41440733 ], [ 2.07717413, 41.41438836 ], [ 2.07711495, 41.41434998 ], [ 2.07707718, 41.41430014 ], [ 2.07707299, 41.4142826 ], [ 2.07700676, 41.41424384 ], [ 2.07689202, 41.41413922 ], [ 2.07684496, 41.41406952 ], [ 2.07683157, 41.41402811 ], [ 2.07673425, 41.41396054 ], [ 2.07670065, 41.41393016 ], [ 2.07660171, 41.41387529 ], [ 2.07655729, 41.41387288 ], [ 2.07651585, 41.41382502 ], [ 2.07649472, 41.41377703 ], [ 2.07639317, 41.41364766 ], [ 2.07630438, 41.41355039 ], [ 2.0762824, 41.41343982 ], [ 2.07622855, 41.41334889 ], [ 2.07611607, 41.41314031 ], [ 2.07604218, 41.41293043 ], [ 2.07599204, 41.41283612 ], [ 2.0759817, 41.41279893 ], [ 2.07597427, 41.41278731 ], [ 2.07599166, 41.41275869 ], [ 2.07603608, 41.41274154 ], [ 2.07604743, 41.41272787 ], [ 2.07595268, 41.41268139 ], [ 2.07581337, 41.41256068 ], [ 2.07554526, 41.41239106 ], [ 2.07543288, 41.41233961 ], [ 2.07531521, 41.4123196 ], [ 2.07526315, 41.41230492 ], [ 2.07511085, 41.41229908 ], [ 2.07488332, 41.41225879 ], [ 2.0747322, 41.41224372 ], [ 2.07454097, 41.41220154 ], [ 2.0744701, 41.41216529 ], [ 2.07437509, 41.41204634 ], [ 2.07425082, 41.41193031 ], [ 2.07413407, 41.41188476 ], [ 2.07395124, 41.41187038 ], [ 2.0735576, 41.41187814 ], [ 2.07343956, 41.4118608 ], [ 2.07331339, 41.41178352 ], [ 2.07323841, 41.41168833 ], [ 2.07306096, 41.41142565 ], [ 2.07294405, 41.41139734 ], [ 2.07291376, 41.41134526 ], [ 2.07283755, 41.41133258 ], [ 2.07280969, 41.411306 ], [ 2.07263498, 41.41124149 ], [ 2.07260989, 41.4112155 ], [ 2.0725986, 41.41117965 ], [ 2.07250887, 41.41115681 ], [ 2.07238916, 41.41114844 ], [ 2.07228024, 41.41111149 ], [ 2.07222313, 41.41107129 ], [ 2.07217773, 41.41098694 ], [ 2.07213695, 41.41095452 ], [ 2.07215861, 41.41082865 ], [ 2.07214241, 41.41073555 ], [ 2.07210312, 41.41062485 ], [ 2.07208125, 41.41058694 ], [ 2.07196262, 41.41043004 ], [ 2.07186703, 41.41017022 ], [ 2.07165274, 41.40968124 ], [ 2.07161648, 41.40954897 ], [ 2.0715753, 41.40941605 ], [ 2.07151164, 41.409289 ], [ 2.07143943, 41.40918713 ], [ 2.07139717, 41.40904639 ], [ 2.0713593, 41.40891724 ], [ 2.07135972, 41.40882673 ], [ 2.07135053, 41.40880665 ], [ 2.07135082, 41.40876424 ], [ 2.07136981, 41.40869441 ], [ 2.0714389, 41.40858036 ], [ 2.07156791, 41.40844405 ], [ 2.0716277, 41.40835617 ], [ 2.07169992, 41.40827143 ], [ 2.07174172, 41.40822666 ], [ 2.07183318, 41.40810601 ], [ 2.07196191, 41.40789273 ], [ 2.07203901, 41.40772585 ], [ 2.07206187, 41.40754459 ], [ 2.0719237, 41.40740142 ], [ 2.0715235, 41.40718651 ], [ 2.07095005, 41.40720914 ], [ 2.07031682, 41.40722996 ], [ 2.06999959, 41.40702777 ], [ 2.07018554, 41.40666779 ], [ 2.07027243, 41.40644333 ], [ 2.07050216, 41.40604077 ], [ 2.07105488, 41.40528223 ], [ 2.07146582, 41.40472975 ], [ 2.0717496, 41.40438108 ], [ 2.07205826, 41.40409409 ], [ 2.07219228, 41.40346419 ], [ 2.07279245, 41.4031575 ], [ 2.07375156, 41.4032962 ], [ 2.07489361, 41.40290898 ], [ 2.07504048, 41.40299087 ], [ 2.07533418, 41.40310409 ], [ 2.07560716, 41.40317791 ], [ 2.07585086, 41.40320693 ], [ 2.0764067, 41.40319326 ], [ 2.07696242, 41.40309138 ], [ 2.07735024, 41.40300302 ], [ 2.07777482, 41.40286732 ], [ 2.07787264, 41.40288424 ], [ 2.07797995, 41.40291353 ], [ 2.07807182, 41.40294587 ], [ 2.07821366, 41.40300599 ], [ 2.07835297, 41.40304713 ], [ 2.07847837, 41.40308289 ], [ 2.07859255, 41.40312067 ], [ 2.07867437, 41.40317188 ], [ 2.07874082, 41.40322086 ], [ 2.0787849, 41.40326967 ], [ 2.0789006, 41.40339804 ], [ 2.07895394, 41.40348483 ], [ 2.07898923, 41.40356201 ], [ 2.07903617, 41.40362593 ], [ 2.07913251, 41.40373582 ], [ 2.07917893, 41.40377312 ], [ 2.07923002, 41.40381832 ], [ 2.07930807, 41.4038679 ], [ 2.07940646, 41.40393399 ], [ 2.0795852, 41.40405655 ], [ 2.07974023, 41.40417364 ], [ 2.07994344, 41.40434695 ], [ 2.08006351, 41.40446377 ], [ 2.08011968, 41.40454743 ], [ 2.08016177, 41.40463835 ], [ 2.08020362, 41.40474612 ], [ 2.0802368, 41.40487383 ], [ 2.0802586, 41.40497732 ], [ 2.08031324, 41.40514991 ], [ 2.08028282, 41.40538904 ], [ 2.08027693, 41.40554061 ], [ 2.08028148, 41.40566212 ], [ 2.08035795, 41.40587139 ], [ 2.08042225, 41.40596347 ], [ 2.08057755, 41.40600383 ], [ 2.08067371, 41.40605527 ], [ 2.08076, 41.40613402 ], [ 2.08083918, 41.40624298 ], [ 2.08091063, 41.4063343 ], [ 2.08097531, 41.40639036 ], [ 2.08114466, 41.40646682 ], [ 2.08130744, 41.40652915 ], [ 2.08145179, 41.40658209 ], [ 2.08162109, 41.40663995 ], [ 2.08175173, 41.40668902 ], [ 2.08183287, 41.40672427 ], [ 2.08202375, 41.4068249 ], [ 2.08220122, 41.40692426 ], [ 2.08233148, 41.40700063 ], [ 2.08239474, 41.4070388 ], [ 2.08245169, 41.40708069 ], [ 2.08249717, 41.40713756 ], [ 2.08256143, 41.40725423 ], [ 2.08259577, 41.40732492 ], [ 2.08264037, 41.4074798 ], [ 2.0826964, 41.40755886 ], [ 2.08279152, 41.40776251 ], [ 2.08286329, 41.40781055 ], [ 2.08293552, 41.40784712 ], [ 2.08304905, 41.40790279 ], [ 2.0831808, 41.40799302 ], [ 2.08326416, 41.40806481 ], [ 2.08340281, 41.40816848 ], [ 2.08354259, 41.40827912 ], [ 2.08356021, 41.40835594 ], [ 2.08362069, 41.40848942 ], [ 2.08363789, 41.40854257 ], [ 2.08377043, 41.40863144 ], [ 2.08387288, 41.40872453 ], [ 2.08396152, 41.40878415 ], [ 2.0840659, 41.40886288 ], [ 2.08409799, 41.4088891 ], [ 2.08413527, 41.40893835 ], [ 2.08416148, 41.40899039 ], [ 2.0841769, 41.40904855 ], [ 2.08418642, 41.40909292 ], [ 2.08417579, 41.40915637 ], [ 2.08415428, 41.40921484 ], [ 2.08412781, 41.40928223 ], [ 2.08412596, 41.40931999 ], [ 2.08413339, 41.40935484 ], [ 2.08418576, 41.40938706 ], [ 2.08426521, 41.4094051 ], [ 2.08443692, 41.40945686 ], [ 2.08456818, 41.40949914 ], [ 2.08472382, 41.40954008 ], [ 2.08488959, 41.40958111 ], [ 2.08503326, 41.40960669 ], [ 2.08520719, 41.40964472 ], [ 2.08545574, 41.40971389 ], [ 2.08569479, 41.40973717 ], [ 2.08600147, 41.40971211 ], [ 2.08625071, 41.40965289 ], [ 2.08653887, 41.40958045 ], [ 2.08669573, 41.40953283 ], [ 2.0868241, 41.40949261 ], [ 2.08689354, 41.40945956 ], [ 2.08698202, 41.40937016 ], [ 2.08707464, 41.40927467 ], [ 2.08715891, 41.40919592 ], [ 2.08725738, 41.40911729 ], [ 2.08738225, 41.40903733 ], [ 2.08748657, 41.40897554 ], [ 2.08759196, 41.4089299 ], [ 2.08786667, 41.40884969 ], [ 2.08805983, 41.40878766 ], [ 2.08823879, 41.40873494 ], [ 2.08844605, 41.40867066 ], [ 2.08866947, 41.40860996 ], [ 2.08888205, 41.40857172 ], [ 2.08922839, 41.4085109 ], [ 2.08959991, 41.40843969 ], [ 2.09004185, 41.40836197 ], [ 2.09032391, 41.40831476 ], [ 2.09044595, 41.40830748 ], [ 2.09063819, 41.40831135 ], [ 2.09078979, 41.40831491 ], [ 2.09089919, 41.40831694 ], [ 2.09107455, 41.40829832 ], [ 2.09134731, 41.40823629 ], [ 2.09153473, 41.40820705 ], [ 2.09172533, 41.40819319 ], [ 2.091878, 41.40821743 ], [ 2.09205444, 41.40824442 ], [ 2.09222209, 41.40827482 ], [ 2.09236498, 41.40828247 ], [ 2.09250506, 41.40828466 ], [ 2.09266415, 41.4082696 ], [ 2.09279447, 41.4082467 ], [ 2.09310167, 41.40817626 ], [ 2.09332027, 41.408141 ], [ 2.09362868, 41.40808688 ], [ 2.09382422, 41.40804819 ], [ 2.09400828, 41.40800396 ], [ 2.09410834, 41.40797539 ], [ 2.09423151, 41.40794699 ], [ 2.09435982, 41.40793131 ], [ 2.09456108, 41.40793001 ], [ 2.09475028, 41.4079315 ], [ 2.09500738, 41.40793134 ], [ 2.09515482, 41.4079238 ], [ 2.09528064, 41.40791283 ], [ 2.09548937, 41.40788577 ], [ 2.09565229, 41.40784989 ], [ 2.0956525, 41.40784979 ], [ 2.09581516, 41.40788004 ], [ 2.09595334, 41.4079055 ], [ 2.09612893, 41.40793862 ], [ 2.09616997, 41.40794617 ], [ 2.09619637, 41.40795618 ], [ 2.0962242, 41.40796674 ], [ 2.09632861, 41.40803548 ], [ 2.0964422, 41.40810959 ], [ 2.09651819, 41.40815641 ], [ 2.0966551, 41.40824061 ], [ 2.09669833, 41.40835742 ], [ 2.09678583, 41.40857239 ], [ 2.09687292, 41.40870184 ], [ 2.09694624, 41.40880473 ], [ 2.09707957, 41.40893126 ], [ 2.09722161, 41.4090503 ], [ 2.09726715, 41.40908311 ], [ 2.09732429, 41.40910736 ], [ 2.09744621, 41.40912346 ], [ 2.09760131, 41.40913008 ], [ 2.09780555, 41.40911653 ], [ 2.09796099, 41.40909828 ], [ 2.09815833, 41.40906412 ], [ 2.09840769, 41.40900874 ], [ 2.0986571, 41.40895011 ], [ 2.09883016, 41.40890494 ], [ 2.09900336, 41.40886179 ], [ 2.09944212, 41.40870187 ], [ 2.09968584, 41.40861153 ], [ 2.10027682, 41.40841445 ], [ 2.10036198, 41.4084048 ], [ 2.10049073, 41.40838758 ], [ 2.1006072, 41.40836817 ], [ 2.10065411, 41.40826121 ], [ 2.10073356, 41.40811705 ], [ 2.10090737, 41.40783765 ], [ 2.10098635, 41.40771282 ], [ 2.10102063, 41.40765634 ], [ 2.10105705, 41.40761484 ], [ 2.10113874, 41.40752671 ], [ 2.10123929, 41.40740407 ], [ 2.10130637, 41.40731626 ], [ 2.10143711, 41.40722454 ], [ 2.10145693, 41.40720265 ], [ 2.10151469, 41.40713504 ], [ 2.10155926, 41.40708677 ], [ 2.10160185, 41.4069957 ], [ 2.1016101, 41.40691 ], [ 2.10163019, 41.40681312 ], [ 2.10165821, 41.40671671 ], [ 2.10166736, 41.40660989 ], [ 2.10170791, 41.40645131 ], [ 2.10171393, 41.40629246 ], [ 2.10171153, 41.40618843 ], [ 2.10170484, 41.40608054 ], [ 2.10172668, 41.40599514 ], [ 2.10175406, 41.40588256 ], [ 2.10176628, 41.40575727 ], [ 2.10175287, 41.40560186 ], [ 2.10175365, 41.40544231 ], [ 2.10177202, 41.40523716 ], [ 2.10178727, 41.40515537 ], [ 2.10181178, 41.40511939 ], [ 2.10185316, 41.40508993 ], [ 2.10190712, 41.40507014 ], [ 2.10197667, 41.40504622 ], [ 2.10205752, 41.40502345 ], [ 2.10213976, 41.40500175 ], [ 2.1022433, 41.40497277 ], [ 2.1024304, 41.40492849 ], [ 2.10255659, 41.40489543 ], [ 2.10268766, 41.40486119 ], [ 2.10286498, 41.40481606 ], [ 2.10305878, 41.40471437 ], [ 2.1032013, 41.40464171 ], [ 2.10341197, 41.40450708 ], [ 2.10359041, 41.40440311 ], [ 2.10365339, 41.40431491 ], [ 2.10370764, 41.40423529 ], [ 2.10375368, 41.40412532 ], [ 2.1037867, 41.40402282 ], [ 2.10380221, 41.40393965 ], [ 2.10381655, 41.40383593 ], [ 2.10382981, 41.40370732 ], [ 2.10383817, 41.40362193 ], [ 2.10384358, 41.40354193 ], [ 2.10384316, 41.4034673 ], [ 2.10384281, 41.40338833 ], [ 2.1038255, 41.40328869 ], [ 2.10380342, 41.40322254 ], [ 2.10378401, 41.40317155 ], [ 2.10374486, 41.40309336 ], [ 2.10371688, 41.40303798 ], [ 2.10368482, 41.40296743 ], [ 2.10364765, 41.40284924 ], [ 2.10362565, 41.4027766 ], [ 2.10358679, 41.40267786 ], [ 2.10354619, 41.40260075 ], [ 2.10348715, 41.40250619 ], [ 2.1034081, 41.4024039 ], [ 2.10331481, 41.40229285 ], [ 2.10322015, 41.40217746 ], [ 2.10317942, 41.402109 ], [ 2.10315293, 41.40205038 ], [ 2.10313665, 41.40198103 ], [ 2.10313062, 41.40189662 ], [ 2.10314187, 41.40181017 ], [ 2.10316413, 41.40175843 ], [ 2.10317773, 41.40170878 ], [ 2.10317565, 41.40165143 ], [ 2.10314653, 41.40157549 ], [ 2.10311855, 41.40152011 ], [ 2.10309826, 41.40146397 ], [ 2.10308898, 41.40140054 ], [ 2.10306526, 41.40133154 ], [ 2.10301555, 41.40125359 ], [ 2.10295722, 41.40117012 ], [ 2.10292578, 41.40109658 ], [ 2.10299534, 41.40110182 ], [ 2.10300898, 41.40110285 ], [ 2.10303777, 41.40109767 ], [ 2.10306211, 41.40109353 ], [ 2.10308883, 41.40109014 ], [ 2.10311961, 41.40108786 ], [ 2.10314866, 41.40108898 ], [ 2.10317968, 41.40109535 ], [ 2.10321932, 41.40110106 ], [ 2.10327294, 41.40110815 ], [ 2.10332884, 41.40111417 ], [ 2.10341813, 41.40110207 ], [ 2.10351597, 41.40108608 ], [ 2.10360933, 41.40106519 ], [ 2.10368484, 41.40104614 ], [ 2.10377368, 41.40102306 ], [ 2.10383829, 41.40100518 ], [ 2.10391661, 41.40098147 ], [ 2.10396539, 41.40096641 ], [ 2.10399915, 41.40095599 ], [ 2.10399921, 41.40095597 ], [ 2.10399949, 41.40095589 ], [ 2.10440783, 41.40082634 ], [ 2.10458887, 41.40076891 ], [ 2.10491345, 41.40068208 ], [ 2.10535529, 41.4006099 ], [ 2.10535643, 41.40060971 ], [ 2.10536224, 41.40060865 ], [ 2.105368, 41.40060745 ], [ 2.10537371, 41.4006061 ], [ 2.10537936, 41.40060462 ], [ 2.10538493, 41.40060299 ], [ 2.10539043, 41.40060122 ], [ 2.10539585, 41.40059931 ], [ 2.10540118, 41.40059727 ], [ 2.10540642, 41.4005951 ], [ 2.10541156, 41.4005928 ], [ 2.1054166, 41.40059037 ], [ 2.10542152, 41.40058781 ], [ 2.10542633, 41.40058513 ], [ 2.10543102, 41.40058234 ], [ 2.10543558, 41.40057942 ], [ 2.10544001, 41.4005764 ], [ 2.1054443, 41.40057326 ], [ 2.10544845, 41.40057002 ], [ 2.10545246, 41.40056668 ], [ 2.10545631, 41.40056323 ], [ 2.10546002, 41.4005597 ], [ 2.10546368, 41.40055614 ], [ 2.10546743, 41.40055263 ], [ 2.10547126, 41.40054917 ], [ 2.10547517, 41.40054576 ], [ 2.10547917, 41.40054241 ], [ 2.10548324, 41.40053911 ], [ 2.10548739, 41.40053587 ], [ 2.10549161, 41.40053268 ], [ 2.10549591, 41.40052955 ], [ 2.10550029, 41.40052648 ], [ 2.10550473, 41.40052347 ], [ 2.10550925, 41.40052052 ], [ 2.10551384, 41.40051763 ], [ 2.10551849, 41.4005148 ], [ 2.10552321, 41.40051203 ], [ 2.105528, 41.40050933 ], [ 2.10553285, 41.40050669 ], [ 2.10553776, 41.40050412 ], [ 2.10554273, 41.40050162 ], [ 2.10554776, 41.40049918 ], [ 2.10555284, 41.40049681 ], [ 2.10555798, 41.40049451 ], [ 2.10556318, 41.40049228 ], [ 2.10556843, 41.40049012 ], [ 2.10557372, 41.40048803 ], [ 2.10557439, 41.40048777 ], [ 2.10625317, 41.40022719 ], [ 2.10625677, 41.40022581 ], [ 2.10626209, 41.40022375 ], [ 2.10626741, 41.40022169 ], [ 2.10627273, 41.40021962 ], [ 2.10627804, 41.40021755 ], [ 2.10628334, 41.40021547 ], [ 2.10628864, 41.40021339 ], [ 2.10629394, 41.40021129 ], [ 2.10629923, 41.4002092 ], [ 2.10630452, 41.40020709 ], [ 2.1063098, 41.40020498 ], [ 2.10631508, 41.40020286 ], [ 2.10632035, 41.40020073 ], [ 2.10632562, 41.4001986 ], [ 2.10633088, 41.40019647 ], [ 2.10633614, 41.40019432 ], [ 2.1063414, 41.40019217 ], [ 2.10634665, 41.40019001 ], [ 2.10635189, 41.40018785 ], [ 2.10635713, 41.40018568 ], [ 2.10636237, 41.4001835 ], [ 2.1063676, 41.40018132 ], [ 2.10637283, 41.40017913 ], [ 2.10637805, 41.40017693 ], [ 2.10638327, 41.40017473 ], [ 2.10638848, 41.40017252 ], [ 2.10639369, 41.40017031 ], [ 2.10639889, 41.40016809 ], [ 2.10640409, 41.40016586 ], [ 2.10640928, 41.40016362 ], [ 2.10641447, 41.40016138 ], [ 2.10641965, 41.40015914 ], [ 2.10642483, 41.40015688 ], [ 2.10643001, 41.40015462 ], [ 2.10643517, 41.40015236 ], [ 2.10644034, 41.40015008 ], [ 2.1064455, 41.4001478 ], [ 2.10645065, 41.40014552 ], [ 2.1064558, 41.40014323 ], [ 2.10646094, 41.40014093 ], [ 2.10646608, 41.40013863 ], [ 2.10647122, 41.40013632 ], [ 2.10647635, 41.400134 ], [ 2.10648147, 41.40013168 ], [ 2.10648659, 41.40012935 ], [ 2.1064917, 41.40012701 ], [ 2.10649681, 41.40012467 ], [ 2.10650191, 41.40012232 ], [ 2.10650701, 41.40011997 ], [ 2.10651211, 41.4001176 ], [ 2.10651719, 41.40011524 ], [ 2.10652228, 41.40011286 ], [ 2.10652736, 41.40011048 ], [ 2.10653243, 41.4001081 ], [ 2.1065375, 41.40010571 ], [ 2.10654256, 41.40010331 ], [ 2.10654762, 41.4001009 ], [ 2.10655267, 41.40009849 ], [ 2.10655771, 41.40009608 ], [ 2.10656276, 41.40009365 ], [ 2.10656779, 41.40009122 ], [ 2.10657282, 41.40008879 ], [ 2.10657785, 41.40008635 ], [ 2.10658287, 41.4000839 ], [ 2.10658788, 41.40008145 ], [ 2.10659289, 41.40007899 ], [ 2.1065979, 41.40007652 ], [ 2.1066029, 41.40007405 ], [ 2.10660789, 41.40007157 ], [ 2.10661288, 41.40006908 ], [ 2.10661786, 41.40006659 ], [ 2.10662284, 41.4000641 ], [ 2.10662781, 41.40006159 ], [ 2.10663278, 41.40005908 ], [ 2.10663774, 41.40005657 ], [ 2.1066427, 41.40005405 ], [ 2.10664765, 41.40005152 ], [ 2.10665259, 41.40004898 ], [ 2.10665753, 41.40004645 ], [ 2.10666247, 41.4000439 ], [ 2.10666739, 41.40004135 ], [ 2.10667232, 41.40003879 ], [ 2.10667723, 41.40003623 ], [ 2.10668214, 41.40003366 ], [ 2.10668705, 41.40003108 ], [ 2.10669195, 41.4000285 ], [ 2.10669685, 41.40002591 ], [ 2.10670173, 41.40002332 ], [ 2.10670662, 41.40002072 ], [ 2.1067115, 41.40001811 ], [ 2.10671637, 41.4000155 ], [ 2.10672123, 41.40001288 ], [ 2.1067261, 41.40001026 ], [ 2.10673095, 41.40000763 ], [ 2.1067358, 41.40000499 ], [ 2.10674065, 41.40000235 ], [ 2.10674548, 41.3999997 ], [ 2.10675032, 41.39999705 ], [ 2.10675514, 41.39999439 ], [ 2.10675996, 41.39999172 ], [ 2.10676478, 41.39998905 ], [ 2.10676959, 41.39998637 ], [ 2.10684788, 41.39991782 ], [ 2.10684788, 41.39991781 ], [ 2.10689883, 41.39989124 ], [ 2.10693932, 41.39987087 ], [ 2.10698409, 41.39984835 ], [ 2.10707173, 41.39980119 ], [ 2.10712073, 41.39974275 ], [ 2.1071257, 41.39973683 ], [ 2.10716011, 41.3996707 ], [ 2.10719928, 41.39958179 ], [ 2.10726271, 41.39946366 ], [ 2.10730575, 41.39941116 ], [ 2.10735312, 41.39936822 ], [ 2.1074152, 41.39933435 ], [ 2.10749923, 41.39929859 ], [ 2.10763759, 41.39926041 ], [ 2.10767497, 41.39925031 ], [ 2.10773816, 41.39923326 ], [ 2.10776566, 41.39921091 ], [ 2.10777583, 41.39920264 ], [ 2.10784747, 41.39913231 ], [ 2.10795318, 41.39904412 ], [ 2.107993, 41.3990068 ], [ 2.1080643, 41.39893997 ], [ 2.10809607, 41.39891088 ], [ 2.10813797, 41.39887251 ], [ 2.1081524, 41.3988593 ], [ 2.10817056, 41.39884267 ], [ 2.10819161, 41.3988224 ], [ 2.10822776, 41.39874166 ], [ 2.10825697, 41.39867643 ], [ 2.10827274, 41.39865674 ], [ 2.10828726, 41.39864358 ], [ 2.10833435, 41.3986144 ], [ 2.10834982, 41.39860618 ], [ 2.10842722, 41.3985651 ], [ 2.10865123, 41.39845026 ], [ 2.10875002, 41.3983111 ], [ 2.10871168, 41.39827912 ], [ 2.10870355, 41.39824921 ], [ 2.10871247, 41.39819548 ], [ 2.10879105, 41.3980094 ], [ 2.10887806, 41.3978295 ], [ 2.10889562, 41.3977872 ], [ 2.1089573, 41.39768942 ], [ 2.10897138, 41.39766088 ], [ 2.10897227, 41.39763315 ], [ 2.10895951, 41.39760202 ], [ 2.10895035, 41.39758684 ], [ 2.10894816, 41.39757609 ], [ 2.10894856, 41.39756611 ], [ 2.10895279, 41.39755399 ], [ 2.10900297, 41.39746723 ], [ 2.10902435, 41.39744264 ], [ 2.10905137, 41.39741736 ], [ 2.10914953, 41.3973426 ], [ 2.10924314, 41.39728395 ], [ 2.10926446, 41.39726798 ], [ 2.10928962, 41.39724446 ], [ 2.10930552, 41.39722408 ], [ 2.10932164, 41.39718796 ], [ 2.10933647, 41.39714089 ], [ 2.10934799, 41.39703503 ], [ 2.10942953, 41.39694108 ], [ 2.10950845, 41.39685864 ], [ 2.10959437, 41.39677416 ], [ 2.10962869, 41.39672746 ], [ 2.10964266, 41.39670361 ], [ 2.10966483, 41.3966586 ], [ 2.10969769, 41.39657676 ], [ 2.10971978, 41.39644581 ], [ 2.10973605, 41.39635537 ], [ 2.10974609, 41.39630448 ], [ 2.1097325, 41.39626746 ], [ 2.10965565, 41.39612411 ], [ 2.10949807, 41.39591269 ], [ 2.10953766, 41.39586438 ], [ 2.10953565, 41.39577824 ], [ 2.10954218, 41.39569942 ], [ 2.109578, 41.39557987 ], [ 2.10961706, 41.39550651 ], [ 2.10977895, 41.39532903 ], [ 2.10994275, 41.39517447 ], [ 2.11091317, 41.39582848 ], [ 2.11107759, 41.3958929 ], [ 2.11164198, 41.39618667 ], [ 2.11193675, 41.39636396 ], [ 2.11218565, 41.39654791 ], [ 2.11267591, 41.39699957 ], [ 2.11269677, 41.39701159 ], [ 2.11312565, 41.39725881 ], [ 2.11330604, 41.39715776 ], [ 2.11485201, 41.39629168 ], [ 2.11561144, 41.3958747 ], [ 2.1158168, 41.3957862 ], [ 2.11596242, 41.39572345 ], [ 2.11682543, 41.39550193 ], [ 2.11736191, 41.39536423 ], [ 2.11763003, 41.39524133 ], [ 2.11780354, 41.39512934 ], [ 2.1180115, 41.39495848 ], [ 2.11816439, 41.3947819 ], [ 2.11829419, 41.39458833 ], [ 2.11837342, 41.39440587 ], [ 2.11844497, 41.39407462 ], [ 2.11847726, 41.39376038 ], [ 2.11842892, 41.39345969 ], [ 2.1183579, 41.39319725 ], [ 2.11818402, 41.39287722 ], [ 2.11798404, 41.39259401 ], [ 2.11776469, 41.39237911 ], [ 2.11756064, 41.39222421 ], [ 2.11756907, 41.39221853 ], [ 2.11800652, 41.3919239 ], [ 2.11856541, 41.39177914 ], [ 2.11936959, 41.39157084 ], [ 2.11983864, 41.39137013 ], [ 2.11991964, 41.39132627 ], [ 2.12001305, 41.3912757 ], [ 2.12033678, 41.3910116 ], [ 2.12039927, 41.39095132 ], [ 2.12055184, 41.39080415 ], [ 2.12073062, 41.39053334 ], [ 2.12089865, 41.39009072 ], [ 2.12126107, 41.3902311 ], [ 2.12151428, 41.39032918 ], [ 2.12176932, 41.39042797 ], [ 2.12226983, 41.39062183 ], [ 2.12287052, 41.39077159 ], [ 2.1234046, 41.39090474 ], [ 2.12389546, 41.39102712 ], [ 2.125581, 41.39144731 ], [ 2.1256512, 41.39146482 ], [ 2.1258498, 41.39151432 ], [ 2.12706576, 41.39181743 ], [ 2.12735188, 41.39188875 ], [ 2.1290476, 41.39231143 ], [ 2.12933301, 41.39238257 ], [ 2.12936976, 41.39240267 ], [ 2.12958579, 41.39252089 ], [ 2.12963092, 41.39255621 ], [ 2.12969523, 41.39259356 ], [ 2.12975254, 41.39262004 ], [ 2.12981721, 41.39264117 ], [ 2.12988773, 41.39266397 ], [ 2.12997766, 41.39268395 ], [ 2.13008376, 41.39268207 ], [ 2.13016881, 41.39266037 ], [ 2.1302281, 41.3926292 ], [ 2.13066887, 41.39246775 ], [ 2.13178466, 41.39229833 ], [ 2.13248013, 41.39219273 ], [ 2.13642358, 41.39159383 ], [ 2.13746807, 41.39143518 ], [ 2.13876746, 41.39123837 ], [ 2.13936574, 41.39139033 ], [ 2.14231586, 41.39213339 ], [ 2.1440544, 41.39257459 ], [ 2.14406625, 41.39255772 ], [ 2.14409686, 41.39252339 ], [ 2.14414636, 41.39247888 ], [ 2.14418408, 41.39245255 ], [ 2.14425781, 41.39241379 ], [ 2.14434447, 41.39238404 ], [ 2.14440113, 41.39237186 ], [ 2.14445184, 41.39236533 ], [ 2.14451926, 41.39236353 ], [ 2.14458264, 41.39236818 ], [ 2.14465696, 41.3923815 ], [ 2.1447278, 41.392403 ], [ 2.14478927, 41.39243085 ], [ 2.14483524, 41.3924582 ], [ 2.14485831, 41.39247616 ], [ 2.14489034, 41.39250109 ], [ 2.14493946, 41.39255368 ], [ 2.14496769, 41.39259702 ], [ 2.14499048, 41.39265064 ], [ 2.14500188, 41.39270628 ], [ 2.14500233, 41.39275457 ], [ 2.14499504, 41.39280301 ], [ 2.14497835, 41.39285501 ], [ 2.14556475, 41.39300344 ], [ 2.14616086, 41.39315432 ], [ 2.14621661, 41.39316843 ], [ 2.14668533, 41.39328706 ], [ 2.14792213, 41.39360008 ], [ 2.14961735, 41.3940291 ], [ 2.15130801, 41.39445694 ], [ 2.15471072, 41.39531793 ], [ 2.15571072, 41.39557094 ], [ 2.15570936, 41.39557328 ], [ 2.15525894, 41.3963531 ], [ 2.15493117, 41.39677717 ], [ 2.15403825, 41.39767242 ], [ 2.15323949, 41.39847323 ], [ 2.15203868, 41.39967707 ], [ 2.15165875, 41.40005795 ], [ 2.15122579, 41.40049199 ], [ 2.15115945, 41.40072589 ], [ 2.15117016, 41.40090377 ], [ 2.15122467, 41.40105276 ], [ 2.1512295, 41.40115148 ], [ 2.15121342, 41.40132315 ], [ 2.15115528, 41.40149223 ], [ 2.15107106, 41.40162985 ], [ 2.15087288, 41.40188586 ], [ 2.15083909, 41.40192951 ], [ 2.15057481, 41.4022709 ], [ 2.15010079, 41.40288323 ], [ 2.15001375, 41.40301473 ], [ 2.14999151, 41.40306209 ], [ 2.14992319, 41.40320756 ], [ 2.14991936, 41.40326774 ], [ 2.15002818, 41.40378054 ], [ 2.15008763, 41.40387583 ], [ 2.15024, 41.40401793 ], [ 2.15025138, 41.40402855 ], [ 2.15025742, 41.40403757 ], [ 2.15032612, 41.40414021 ], [ 2.1503676, 41.40425338 ], [ 2.15037355, 41.4043673 ], [ 2.15035529, 41.40445119 ], [ 2.15002149, 41.40530537 ], [ 2.14997107, 41.40550936 ], [ 2.14997728, 41.40559845 ], [ 2.14999451, 41.40564698 ], [ 2.1500417, 41.40577984 ], [ 2.15006737, 41.40599494 ], [ 2.14994458, 41.40611495 ], [ 2.14974768, 41.40630738 ], [ 2.14957117, 41.40647989 ], [ 2.14953123, 41.40650412 ], [ 2.14945011, 41.40655333 ], [ 2.14934114, 41.40661943 ], [ 2.14933558, 41.4066228 ], [ 2.14905966, 41.40686193 ], [ 2.14902691, 41.40689032 ], [ 2.14902416, 41.40688841 ], [ 2.14897918, 41.40685707 ], [ 2.14893572, 41.4068268 ], [ 2.14894136, 41.40682221 ], [ 2.14883992, 41.40675153 ], [ 2.14883544, 41.40675536 ], [ 2.14879135, 41.40672611 ], [ 2.1488275, 41.4066954 ], [ 2.14882977, 41.40669691 ], [ 2.14896545, 41.40658428 ], [ 2.14891362, 41.40654888 ], [ 2.14879627, 41.40665016 ], [ 2.14877165, 41.40663411 ], [ 2.14874571, 41.4066164 ], [ 2.14872256, 41.40660214 ], [ 2.14869736, 41.40662339 ], [ 2.14870305, 41.40662689 ], [ 2.14865456, 41.40666715 ], [ 2.14853492, 41.40676775 ], [ 2.14852392, 41.40677701 ], [ 2.14851121, 41.40676845 ], [ 2.14848586, 41.40677233 ], [ 2.14847243, 41.40678228 ], [ 2.1484473, 41.4067642 ], [ 2.14841841, 41.40678553 ], [ 2.14838483, 41.40681202 ], [ 2.14849719, 41.40689171 ], [ 2.14848167, 41.40690455 ], [ 2.14847996, 41.40690339 ], [ 2.14837647, 41.40698897 ], [ 2.14840409, 41.40700847 ], [ 2.14859118, 41.40713952 ], [ 2.14865895, 41.40718832 ], [ 2.14864965, 41.40719595 ], [ 2.14863988, 41.40720396 ], [ 2.14766788, 41.40800148 ], [ 2.14719301, 41.40858759 ], [ 2.14644858, 41.40950639 ], [ 2.14630015, 41.40968959 ], [ 2.14627963, 41.40971491 ], [ 2.14607542, 41.40996695 ], [ 2.14596475, 41.41013446 ], [ 2.1458828, 41.41029021 ], [ 2.14560119, 41.41082539 ], [ 2.14546494, 41.41095735 ], [ 2.14536133, 41.41105251 ], [ 2.14526323, 41.41113227 ], [ 2.1451625, 41.41119279 ], [ 2.14500394, 41.41126956 ], [ 2.14477495, 41.41134122 ], [ 2.14446937, 41.41138285 ], [ 2.14315046, 41.41148572 ], [ 2.14310032, 41.41149123 ], [ 2.14095604, 41.41172674 ], [ 2.14095493, 41.4117271 ], [ 2.14092625, 41.41173629 ], [ 2.1408183, 41.4117709 ], [ 2.14069769, 41.41183851 ], [ 2.1403159, 41.4121361 ], [ 2.13994307, 41.41242669 ], [ 2.13827035, 41.41373041 ], [ 2.13795741, 41.41397431 ], [ 2.13783725, 41.41404381 ], [ 2.13772304, 41.41410985 ], [ 2.13746356, 41.41422393 ], [ 2.13743791, 41.4142352 ], [ 2.13730879, 41.41429196 ], [ 2.13722037, 41.41433083 ], [ 2.13708491, 41.41441947 ], [ 2.1370711, 41.4144285 ], [ 2.13702497, 41.41445869 ], [ 2.13621073, 41.41517165 ], [ 2.13615171, 41.41522333 ], [ 2.13612459, 41.41527939 ], [ 2.13609017, 41.41535053 ], [ 2.13607749, 41.41542601 ], [ 2.13606258, 41.41558883 ], [ 2.13610888, 41.41571128 ], [ 2.13619892, 41.41587364 ], [ 2.1363148, 41.41598785 ], [ 2.1361538, 41.41613187 ], [ 2.13598489, 41.41628297 ], [ 2.13596464, 41.41630109 ], [ 2.13578358, 41.41646305 ], [ 2.13571322, 41.41652599 ], [ 2.13557328, 41.41665116 ], [ 2.13525987, 41.41693151 ], [ 2.13491838, 41.41721393 ], [ 2.13467679, 41.41741373 ], [ 2.13464651, 41.41743877 ], [ 2.13455834, 41.41751169 ], [ 2.13432148, 41.41770757 ], [ 2.13417907, 41.41779709 ], [ 2.13395661, 41.41790046 ], [ 2.13367529, 41.41801054 ], [ 2.13349599, 41.41806892 ], [ 2.1327854, 41.41830029 ], [ 2.13258159, 41.4184019 ], [ 2.13241577, 41.41851012 ], [ 2.13235299, 41.4185511 ], [ 2.13227789, 41.41857807 ], [ 2.13217975, 41.41858299 ], [ 2.13207733, 41.41855684 ], [ 2.13204539, 41.41853937 ], [ 2.13182667, 41.41841974 ], [ 2.13160363, 41.41832393 ], [ 2.13147621, 41.41828512 ], [ 2.13135802, 41.41825714 ], [ 2.13134248, 41.41825347 ], [ 2.13124467, 41.41823533 ], [ 2.13114466, 41.41822601 ], [ 2.13106998, 41.41822723 ], [ 2.13099095, 41.41823822 ], [ 2.13066945, 41.41831169 ], [ 2.13061262, 41.41831248 ], [ 2.13054544, 41.41828484 ], [ 2.1305123, 41.41832359 ], [ 2.13022046, 41.41866483 ], [ 2.13005905, 41.41911182 ], [ 2.13008119, 41.41924602 ], [ 2.13009138, 41.41929888 ], [ 2.13010334, 41.41937121 ], [ 2.1301171, 41.41944265 ], [ 2.13012975, 41.41950814 ], [ 2.13013507, 41.41956709 ], [ 2.13012881, 41.41960524 ], [ 2.13008649, 41.41964725 ], [ 2.13004251, 41.41966079 ], [ 2.12999542, 41.41965683 ], [ 2.12994916, 41.41963486 ], [ 2.12990884, 41.41960736 ], [ 2.12986743, 41.41957246 ], [ 2.12983764, 41.41954467 ], [ 2.12979495, 41.41951588 ], [ 2.12975358, 41.4194862 ], [ 2.12969995, 41.41946094 ], [ 2.12964679, 41.41944486 ], [ 2.1295962, 41.41943439 ], [ 2.12954669, 41.41943167 ], [ 2.1295027, 41.41943693 ], [ 2.12946296, 41.41944671 ], [ 2.12939942, 41.41947397 ], [ 2.12938589, 41.41948161 ], [ 2.12931723, 41.41952035 ], [ 2.12925232, 41.41953315 ], [ 2.12920672, 41.41954464 ], [ 2.12915429, 41.41956217 ], [ 2.12907061, 41.41959654 ], [ 2.12902512, 41.41963745 ], [ 2.1289516, 41.41978444 ], [ 2.12891389, 41.41986666 ], [ 2.12888183, 41.41989893 ], [ 2.12885493, 41.41991873 ], [ 2.12882315, 41.41993099 ], [ 2.12878983, 41.41993324 ], [ 2.12875824, 41.41993174 ], [ 2.12872335, 41.41992773 ], [ 2.12868861, 41.41991246 ], [ 2.12864091, 41.4198696 ], [ 2.12847948, 41.4197446 ], [ 2.12840511, 41.41970653 ], [ 2.1283453, 41.41969858 ], [ 2.12822506, 41.41972892 ], [ 2.12813335, 41.41974322 ], [ 2.12806198, 41.41972769 ], [ 2.12788707, 41.41961759 ], [ 2.12785091, 41.41959708 ], [ 2.12758172, 41.41949742 ], [ 2.12745275, 41.41937546 ], [ 2.12746219, 41.41924978 ], [ 2.12756599, 41.41919409 ], [ 2.12772355, 41.41911352 ], [ 2.12792054, 41.41900984 ], [ 2.1280243, 41.41894797 ], [ 2.12813313, 41.41881732 ], [ 2.1281668, 41.41876344 ], [ 2.12817994, 41.41870477 ], [ 2.12816819, 41.41865981 ], [ 2.128089, 41.41857568 ], [ 2.12796062, 41.41847571 ], [ 2.1279079, 41.41841655 ], [ 2.12790062, 41.41834534 ], [ 2.12790961, 41.41828817 ], [ 2.12794312, 41.41824512 ], [ 2.12801598, 41.41818534 ], [ 2.12814452, 41.41811903 ], [ 2.12837277, 41.41798773 ], [ 2.12861603, 41.41781015 ], [ 2.12885921, 41.41756218 ], [ 2.12892406, 41.4174861 ], [ 2.12893605, 41.41743593 ], [ 2.1289285, 41.41742166 ], [ 2.12889905, 41.41743409 ], [ 2.12879297, 41.41747887 ], [ 2.12878617, 41.41746909 ], [ 2.12878384, 41.41746579 ], [ 2.1286957, 41.41750502 ], [ 2.12866821, 41.41751705 ], [ 2.12855782, 41.41756739 ], [ 2.12840734, 41.41763507 ], [ 2.12827937, 41.41769247 ], [ 2.12816693, 41.41774296 ], [ 2.12804499, 41.41779752 ], [ 2.12792028, 41.41785296 ], [ 2.12778967, 41.41791088 ], [ 2.12764088, 41.41797749 ], [ 2.12745622, 41.41805986 ], [ 2.12730104, 41.41812912 ], [ 2.12716947, 41.41818757 ], [ 2.12693859, 41.41828994 ], [ 2.12679184, 41.41835567 ], [ 2.12644406, 41.41851066 ], [ 2.12625712, 41.41859337 ], [ 2.12616997, 41.4186318 ], [ 2.12586241, 41.41876782 ], [ 2.12565733, 41.41885795 ], [ 2.1255994, 41.41888341 ], [ 2.12542558, 41.41895937 ], [ 2.12538552, 41.41897689 ], [ 2.12537466, 41.41898164 ], [ 2.12531618, 41.41900721 ], [ 2.12524224, 41.41903813 ], [ 2.12519047, 41.41905726 ], [ 2.12515226, 41.41907373 ], [ 2.12512131, 41.41908547 ], [ 2.12508911, 41.41909617 ], [ 2.12492806, 41.41915443 ], [ 2.1248425, 41.41917986 ], [ 2.12475573, 41.4192041 ], [ 2.12472885, 41.41921096 ], [ 2.12471544, 41.4192166 ], [ 2.12450923, 41.41930335 ], [ 2.12445676, 41.41932539 ], [ 2.12439117, 41.41935293 ], [ 2.1242874, 41.41939651 ], [ 2.12409546, 41.41947862 ], [ 2.12403485, 41.41950422 ], [ 2.12387578, 41.41957142 ], [ 2.12364548, 41.41966955 ], [ 2.12337545, 41.41978546 ], [ 2.12334669, 41.41979781 ], [ 2.12333393, 41.41980326 ], [ 2.12302897, 41.41993346 ], [ 2.12300705, 41.4199426 ], [ 2.12287346, 41.41999831 ], [ 2.12253018, 41.42014534 ], [ 2.12226627, 41.42025743 ], [ 2.12217648, 41.42029607 ], [ 2.12214567, 41.4203092 ], [ 2.12205662, 41.42034716 ], [ 2.12195222, 41.42039249 ], [ 2.12182244, 41.42044773 ], [ 2.12169878, 41.42050094 ], [ 2.12160812, 41.42053994 ], [ 2.12155844, 41.42056131 ], [ 2.12155785, 41.42056029 ], [ 2.12155171, 41.42054966 ], [ 2.12154756, 41.42054248 ], [ 2.12153031, 41.42054998 ], [ 2.12152303, 41.42055314 ], [ 2.12144532, 41.42058692 ], [ 2.12135744, 41.42062333 ], [ 2.12128713, 41.42065189 ], [ 2.12129006, 41.42065587 ], [ 2.12126491, 41.42066631 ], [ 2.12122145, 41.42068506 ], [ 2.12121566, 41.42068752 ], [ 2.12120736, 41.42069105 ], [ 2.12117218, 41.42070609 ], [ 2.12116287, 41.42071007 ], [ 2.12116291, 41.42071009 ], [ 2.12147167, 41.42084292 ], [ 2.12150538, 41.42086858 ], [ 2.12153328, 41.4209208 ], [ 2.12153741, 41.42098385 ], [ 2.12151211, 41.42112444 ], [ 2.12147013, 41.42123432 ], [ 2.1214015, 41.42134865 ], [ 2.12130758, 41.42145968 ], [ 2.12098238, 41.42176238 ], [ 2.12088297, 41.42187714 ], [ 2.12077177, 41.42205255 ], [ 2.12042651, 41.42272192 ], [ 2.12043831, 41.42280234 ], [ 2.12053732, 41.42305819 ], [ 2.12054509, 41.42311375 ], [ 2.12044997, 41.42374698 ], [ 2.12046791, 41.42394004 ], [ 2.12051526, 41.42410765 ], [ 2.12131122, 41.42538658 ], [ 2.12134386, 41.42546733 ], [ 2.12135893, 41.42555075 ], [ 2.12134715, 41.42562022 ], [ 2.12132168, 41.42567589 ], [ 2.12125387, 41.42575546 ], [ 2.12121495, 41.42578263 ], [ 2.12126689, 41.42583184 ], [ 2.12121975, 41.42586801 ], [ 2.12118345, 41.42588691 ], [ 2.12111587, 41.42590974 ], [ 2.12102769, 41.42593259 ], [ 2.12095969, 41.42594269 ], [ 2.12088814, 41.4259461 ], [ 2.12075289, 41.42593456 ], [ 2.1195593, 41.42573999 ], [ 2.11928199, 41.42586833 ], [ 2.11893488, 41.4258133 ], [ 2.11847874, 41.42596772 ], [ 2.1180615, 41.42613849 ], [ 2.11774575, 41.42621782 ], [ 2.11710539, 41.42626862 ], [ 2.11680864, 41.42641509 ], [ 2.11632229, 41.42666172 ], [ 2.11566134, 41.42677736 ], [ 2.11546098, 41.42687671 ], [ 2.11540917, 41.42694891 ], [ 2.11540601, 41.42718668 ], [ 2.11543254, 41.42738009 ], [ 2.11541659, 41.4274944 ], [ 2.1153638, 41.42759369 ], [ 2.11508305, 41.42781747 ], [ 2.11447915, 41.42806147 ], [ 2.11418324, 41.42815045 ], [ 2.11375377, 41.42832599 ], [ 2.11355854, 41.42839861 ], [ 2.11332362, 41.42850357 ], [ 2.11300669, 41.42836952 ], [ 2.11293952, 41.42836021 ], [ 2.11287361, 41.42837899 ], [ 2.112463, 41.42859083 ], [ 2.11237694, 41.42861142 ], [ 2.11233695, 41.42861301 ], [ 2.11225978, 41.42859706 ], [ 2.11219774, 41.42857483 ], [ 2.11216211, 41.42855515 ], [ 2.11202214, 41.4284248 ], [ 2.1119885, 41.42840244 ], [ 2.11192347, 41.42837196 ], [ 2.11186415, 41.42835033 ], [ 2.11174057, 41.42833398 ], [ 2.11141, 41.42831041 ], [ 2.11116356, 41.42828703 ], [ 2.11101459, 41.42828378 ], [ 2.11094311, 41.4282908 ], [ 2.11014884, 41.42847595 ], [ 2.10971268, 41.42841655 ], [ 2.10920077, 41.42872837 ], [ 2.10900573, 41.42875113 ], [ 2.10840317, 41.42872195 ], [ 2.10772033, 41.42863547 ], [ 2.10667902, 41.42863283 ], [ 2.106341, 41.42850331 ], [ 2.10585369, 41.42856392 ], [ 2.10581, 41.42861485 ], [ 2.10574881, 41.42877448 ], [ 2.10574533, 41.42878355 ], [ 2.10553598, 41.42880509 ], [ 2.1053061, 41.42883947 ], [ 2.10436341, 41.42852927 ], [ 2.10404295, 41.42836129 ], [ 2.10359477, 41.42810962 ], [ 2.10322044, 41.42807403 ], [ 2.10298126, 41.4282621 ], [ 2.10270573, 41.42843237 ], [ 2.10260704, 41.42847492 ], [ 2.10252049, 41.42850062 ], [ 2.10213149, 41.42866853 ], [ 2.10211036, 41.4286856 ], [ 2.1019377, 41.42895645 ], [ 2.10184206, 41.42908751 ], [ 2.10169604, 41.42922005 ], [ 2.101384, 41.42952134 ], [ 2.10129528, 41.42961271 ], [ 2.10127356, 41.42964468 ], [ 2.10126067, 41.42967881 ], [ 2.10126092, 41.42971083 ], [ 2.10126682, 41.42971604 ], [ 2.10126341, 41.42972484 ], [ 2.1011456, 41.42978791 ], [ 2.10096952, 41.42983772 ], [ 2.10068248, 41.4299051 ], [ 2.09989954, 41.43011078 ], [ 2.09955638, 41.43013767 ], [ 2.09914551, 41.4301221 ], [ 2.09879469, 41.4307544 ], [ 2.09872488, 41.4308896 ], [ 2.09885174, 41.43131033 ], [ 2.09890694, 41.43146842 ], [ 2.09892737, 41.43157426 ], [ 2.09894077, 41.43169865 ], [ 2.09881169, 41.43174856 ], [ 2.09851121, 41.43192779 ], [ 2.09765623, 41.43222186 ], [ 2.09721239, 41.43244747 ], [ 2.09708501, 41.43250143 ], [ 2.09699411, 41.43261277 ], [ 2.09696385, 41.43264083 ], [ 2.09690859, 41.432673 ], [ 2.09686443, 41.43269259 ], [ 2.09672382, 41.43273705 ], [ 2.09631604, 41.43310395 ], [ 2.09623448, 41.43317116 ], [ 2.09606933, 41.43327241 ], [ 2.09573347, 41.43309092 ], [ 2.09558574, 41.43292589 ], [ 2.09548888, 41.43285382 ], [ 2.09539055, 41.43284454 ], [ 2.0948371, 41.43275636 ], [ 2.09471278, 41.43275891 ], [ 2.09451935, 41.43255581 ], [ 2.0943249, 41.43239541 ], [ 2.09417748, 41.43218607 ], [ 2.09414787, 41.43215851 ], [ 2.09407219, 41.43210986 ], [ 2.0940392, 41.43203403 ], [ 2.09392923, 41.43171305 ], [ 2.09383672, 41.43164901 ], [ 2.09375076, 41.43153689 ], [ 2.09363393, 41.43131286 ], [ 2.09360033, 41.43126859 ], [ 2.09351124, 41.43118093 ], [ 2.09339464, 41.43104057 ], [ 2.09334054, 41.43098341 ], [ 2.09308817, 41.43083281 ], [ 2.09304927, 41.43079322 ], [ 2.09299627, 41.43075417 ], [ 2.09294542, 41.43072875 ], [ 2.09290498, 41.43068145 ], [ 2.09285033, 41.43054549 ], [ 2.09279662, 41.4304351 ], [ 2.0927669, 41.43038789 ], [ 2.09270839, 41.43031211 ], [ 2.0926239, 41.43024299 ], [ 2.0925203, 41.43018674 ], [ 2.09249734, 41.43016498 ], [ 2.09244777, 41.43005699 ], [ 2.0924396, 41.4300235 ], [ 2.09244304, 41.42993262 ], [ 2.0924285, 41.42981563 ], [ 2.09228803, 41.42961261 ], [ 2.09213671, 41.42954691 ], [ 2.09205618, 41.42952956 ], [ 2.09194058, 41.429525 ], [ 2.09175178, 41.42948743 ], [ 2.09159041, 41.42936774 ], [ 2.09149755, 41.42929111 ], [ 2.09142825, 41.42924311 ], [ 2.09133006, 41.42921305 ], [ 2.0911368, 41.4291879 ], [ 2.09111685, 41.42917731 ], [ 2.09103343, 41.42909794 ], [ 2.09100746, 41.42906731 ], [ 2.09099317, 41.42896419 ], [ 2.09083455, 41.42881272 ], [ 2.09042597, 41.42864378 ], [ 2.09015995, 41.42887103 ], [ 2.09003334, 41.42893916 ], [ 2.08920575, 41.42921384 ], [ 2.08910325, 41.42921554 ], [ 2.08905894, 41.42920454 ], [ 2.08901592, 41.42918292 ], [ 2.08897651, 41.42914444 ], [ 2.08893789, 41.42907274 ], [ 2.08893059, 41.42900471 ], [ 2.0889063, 41.42890837 ], [ 2.08885199, 41.42881675 ], [ 2.08882231, 41.42874037 ], [ 2.08878988, 41.42862155 ], [ 2.08832775, 41.42864643 ], [ 2.08810877, 41.42867553 ], [ 2.08767525, 41.42875134 ], [ 2.08725981, 41.42878404 ], [ 2.08691313, 41.42883565 ], [ 2.08645729, 41.42888025 ], [ 2.08615735, 41.42891492 ], [ 2.08606051, 41.42893926 ], [ 2.0859359, 41.42898368 ], [ 2.08589175, 41.42899287 ], [ 2.08573329, 41.42900182 ], [ 2.08557601, 41.42907032 ], [ 2.08555108, 41.4291029 ], [ 2.08543033, 41.42922955 ], [ 2.08539031, 41.42929265 ], [ 2.08536891, 41.42931573 ], [ 2.0840901, 41.42988823 ], [ 2.08389049, 41.429973 ], [ 2.08380729, 41.4300343 ], [ 2.08374302, 41.43009272 ], [ 2.08370422, 41.43016454 ], [ 2.08370585, 41.43024074 ], [ 2.08372811, 41.43028968 ], [ 2.08385332, 41.43041764 ], [ 2.0838016, 41.43049672 ], [ 2.08366877, 41.43064695 ], [ 2.0834183, 41.43085275 ], [ 2.08333389, 41.43082305 ], [ 2.08329618, 41.43081434 ], [ 2.08305562, 41.43079948 ], [ 2.08299129, 41.43078499 ], [ 2.08275783, 41.4307584 ], [ 2.08266399, 41.43076404 ], [ 2.08263164, 41.43077284 ], [ 2.08261064, 41.43078459 ], [ 2.08259557, 41.43080231 ], [ 2.08256433, 41.43088876 ], [ 2.08247995, 41.43103735 ], [ 2.08246002, 41.43109175 ], [ 2.08245108, 41.4311385 ], [ 2.0824511, 41.43118535 ], [ 2.08245959, 41.43122634 ], [ 2.08251565, 41.43132986 ], [ 2.08258245, 41.4314814 ], [ 2.08249629, 41.43153868 ], [ 2.08231761, 41.43162932 ], [ 2.0821946, 41.43166493 ], [ 2.08210328, 41.43167263 ], [ 2.08203686, 41.43166965 ], [ 2.08143705, 41.43157643 ], [ 2.08138842, 41.43151987 ], [ 2.08122455, 41.43137618 ], [ 2.08117281, 41.43132274 ], [ 2.081142, 41.43128185 ], [ 2.08112013, 41.43124081 ], [ 2.08110778, 41.43120126 ], [ 2.08110458, 41.43116612 ], [ 2.08111002, 41.43113118 ], [ 2.08112275, 41.43110252 ], [ 2.08119464, 41.43101672 ], [ 2.08120905, 41.43099159 ], [ 2.08121629, 41.43096115 ], [ 2.08121781, 41.43086266 ], [ 2.0812257, 41.43082901 ], [ 2.08125164, 41.43076747 ], [ 2.08125284, 41.43074629 ], [ 2.08124558, 41.43073096 ], [ 2.08122606, 41.43071397 ], [ 2.08117279, 41.43068362 ], [ 2.08112027, 41.4306627 ], [ 2.08105568, 41.43064553 ], [ 2.08098201, 41.43063319 ], [ 2.08091008, 41.43062793 ], [ 2.08084389, 41.4306296 ], [ 2.08076957, 41.43063883 ], [ 2.0806872, 41.43065615 ], [ 2.08042837, 41.43072506 ], [ 2.08035347, 41.43075187 ], [ 2.08028391, 41.43078416 ], [ 2.08021683, 41.43082308 ], [ 2.08017638, 41.43085322 ], [ 2.08015181, 41.4308798 ], [ 2.08013823, 41.43090498 ], [ 2.08013331, 41.43093095 ], [ 2.08013685, 41.4309539 ], [ 2.08017441, 41.43101472 ], [ 2.08018135, 41.43104012 ], [ 2.08017337, 41.43113592 ], [ 2.08017791, 41.43116049 ], [ 2.08023087, 41.43124587 ], [ 2.08024645, 41.43128383 ], [ 2.08025817, 41.43133653 ], [ 2.08026655, 41.43142287 ], [ 2.08026655, 41.43150452 ], [ 2.08025973, 41.43155946 ], [ 2.08021565, 41.4317072 ], [ 2.08019832, 41.43173957 ], [ 2.08017319, 41.43176812 ], [ 2.08013298, 41.43179995 ], [ 2.07996981, 41.43189036 ], [ 2.07993027, 41.43190598 ], [ 2.07988563, 41.4319161 ], [ 2.07963513, 41.43194292 ], [ 2.07958503, 41.43194339 ], [ 2.07947505, 41.43193396 ], [ 2.07920582, 41.43194841 ], [ 2.07905895, 41.4319841 ], [ 2.07901839, 41.43198877 ], [ 2.07883142, 41.43196905 ], [ 2.07867341, 41.43195783 ], [ 2.07859851, 41.43195773 ], [ 2.07816471, 41.43203494 ], [ 2.07802647, 41.43207088 ], [ 2.07791529, 41.43210619 ], [ 2.07782311, 41.43214184 ], [ 2.07774273, 41.43218026 ], [ 2.07754397, 41.43230027 ], [ 2.07736051, 41.43239442 ], [ 2.0773134, 41.43242567 ], [ 2.07721655, 41.43251883 ], [ 2.07708207, 41.4326195 ], [ 2.07689357, 41.43277008 ], [ 2.07671417, 41.43284999 ], [ 2.07610008, 41.43291377 ], [ 2.07558476, 41.43293673 ], [ 2.0754002, 41.4329364 ], [ 2.07534893, 41.43295225 ], [ 2.07529368, 41.43296243 ], [ 2.07517437, 41.4330396 ], [ 2.07509558, 41.43319509 ], [ 2.0749512, 41.43330164 ], [ 2.07490124, 41.43334813 ], [ 2.07486793, 41.43338826 ], [ 2.0748451, 41.43344413 ], [ 2.07484656, 41.43347754 ], [ 2.074872, 41.43356692 ], [ 2.07505768, 41.4338488 ], [ 2.07506597, 41.43387059 ], [ 2.07506433, 41.43393374 ], [ 2.07504806, 41.43400098 ], [ 2.07504512, 41.43405248 ], [ 2.07507991, 41.43418345 ], [ 2.07512824, 41.43445768 ], [ 2.07513127, 41.43450373 ], [ 2.07512372, 41.43456501 ], [ 2.07499452, 41.43486497 ], [ 2.07477229, 41.43530179 ], [ 2.07432627, 41.43535339 ], [ 2.07419209, 41.43535869 ], [ 2.07394887, 41.43534803 ], [ 2.0738864, 41.43533046 ], [ 2.07381323, 41.43529456 ], [ 2.07378392, 41.43528892 ], [ 2.07367572, 41.43528205 ], [ 2.07348975, 41.43525439 ], [ 2.07332344, 41.43524425 ], [ 2.07318731, 41.43521162 ], [ 2.07312614, 41.43521803 ], [ 2.07309249, 41.43523094 ], [ 2.07302053, 41.43527074 ], [ 2.0730002, 41.43528677 ], [ 2.07286275, 41.4354402 ], [ 2.07283207, 41.43545869 ], [ 2.07275406, 41.43546607 ], [ 2.07260656, 41.43546023 ], [ 2.07255496, 41.43546886 ] ] ], [ [ [ 2.05896992, 41.43541978 ], [ 2.05881353, 41.43555721 ], [ 2.05831772, 41.43565944 ], [ 2.05810591, 41.43573877 ], [ 2.05766925, 41.43580636 ], [ 2.05767248, 41.43574873 ], [ 2.05772658, 41.43556633 ], [ 2.05772748, 41.43550418 ], [ 2.05766697, 41.43530192 ], [ 2.05765153, 41.43512795 ], [ 2.05749041, 41.43468257 ], [ 2.05748191, 41.43460774 ], [ 2.05750831, 41.43452058 ], [ 2.05756144, 41.43440572 ], [ 2.05788529, 41.43394449 ], [ 2.05790647, 41.43388702 ], [ 2.05790478, 41.43383837 ], [ 2.05789083, 41.43380943 ], [ 2.05778344, 41.43370406 ], [ 2.05767688, 41.43362392 ], [ 2.05763913, 41.43358578 ], [ 2.05760293, 41.43352334 ], [ 2.05759687, 41.43344582 ], [ 2.05762624, 41.43340103 ], [ 2.05770979, 41.43333416 ], [ 2.05773672, 41.43329294 ], [ 2.05776318, 41.43320128 ], [ 2.05778902, 41.43290425 ], [ 2.05785254, 41.43264986 ], [ 2.05785442, 41.43260304 ], [ 2.0584167, 41.43129529 ], [ 2.0584016, 41.4311798 ], [ 2.058438, 41.43089821 ], [ 2.05844237, 41.43042986 ], [ 2.05841233, 41.42994141 ], [ 2.05839335, 41.42976381 ], [ 2.05844845, 41.42959492 ], [ 2.05844719, 41.42918508 ], [ 2.05833018, 41.42900037 ], [ 2.05825804, 41.42877459 ], [ 2.05799244, 41.4282716 ], [ 2.05769025, 41.42789892 ], [ 2.05758216, 41.42751162 ], [ 2.05755423, 41.42712587 ], [ 2.05767867, 41.42679632 ], [ 2.05766497, 41.4264197 ], [ 2.05747285, 41.42621546 ], [ 2.05679052, 41.42581444 ], [ 2.0564284, 41.42569708 ], [ 2.05586781, 41.42548441 ], [ 2.05529908, 41.42542119 ], [ 2.05466331, 41.42527635 ], [ 2.05325746, 41.42500718 ], [ 2.05288557, 41.42482217 ], [ 2.05242925, 41.4244356 ], [ 2.05235555, 41.42427729 ], [ 2.05233291, 41.42423033 ], [ 2.05240743, 41.42420753 ], [ 2.05246169, 41.42418005 ], [ 2.05247995, 41.42415859 ], [ 2.05248015, 41.42406221 ], [ 2.05243311, 41.42392311 ], [ 2.05243833, 41.42389342 ], [ 2.0524737, 41.42384778 ], [ 2.05251604, 41.4238166 ], [ 2.05259185, 41.4237875 ], [ 2.05306223, 41.4237004 ], [ 2.05316088, 41.42366428 ], [ 2.05371898, 41.42314014 ], [ 2.05375916, 41.42309273 ], [ 2.05380347, 41.42300842 ], [ 2.0539204, 41.42286707 ], [ 2.05400089, 41.42284611 ], [ 2.05416049, 41.42273303 ], [ 2.05423251, 41.42271831 ], [ 2.05444185, 41.42272363 ], [ 2.05447687, 41.4227023 ], [ 2.05455378, 41.42251468 ], [ 2.05461724, 41.42242963 ], [ 2.05464379, 41.42241454 ], [ 2.05497356, 41.4223677 ], [ 2.05514545, 41.42231507 ], [ 2.05551319, 41.42229017 ], [ 2.05554456, 41.42227241 ], [ 2.05559458, 41.42220707 ], [ 2.05571677, 41.42211529 ], [ 2.05577542, 41.42203201 ], [ 2.05594114, 41.42190906 ], [ 2.05603496, 41.42187651 ], [ 2.05607984, 41.42183454 ], [ 2.05614331, 41.42174859 ], [ 2.05619027, 41.42172916 ], [ 2.05621936, 41.42170327 ], [ 2.05637998, 41.42143707 ], [ 2.05640309, 41.42141114 ], [ 2.05644413, 41.42138716 ], [ 2.0564649, 41.4213576 ], [ 2.05648524, 41.4212749 ], [ 2.05648628, 41.42120285 ], [ 2.05644134, 41.42100072 ], [ 2.05643959, 41.42095656 ], [ 2.05637751, 41.42078131 ], [ 2.05637711, 41.42047776 ], [ 2.05640038, 41.42044102 ], [ 2.05652302, 41.42031862 ], [ 2.05657067, 41.42025056 ], [ 2.05658459, 41.42019843 ], [ 2.05657129, 41.42012536 ], [ 2.05658068, 41.42005518 ], [ 2.05661822, 41.41994199 ], [ 2.05663297, 41.41974935 ], [ 2.05668115, 41.41964526 ], [ 2.05668869, 41.41953724 ], [ 2.05684088, 41.41927457 ], [ 2.05685633, 41.41919903 ], [ 2.05685368, 41.41913415 ], [ 2.05686501, 41.41909552 ], [ 2.0569403, 41.41901957 ], [ 2.05702123, 41.41896709 ], [ 2.05708191, 41.41890814 ], [ 2.05710767, 41.41886511 ], [ 2.05704515, 41.41880245 ], [ 2.05707114, 41.41874321 ], [ 2.05712131, 41.41866616 ], [ 2.0572502, 41.4185249 ], [ 2.05730093, 41.41840912 ], [ 2.05728106, 41.41829366 ], [ 2.05725976, 41.41827727 ], [ 2.05722383, 41.41819681 ], [ 2.05723022, 41.41816894 ], [ 2.05722115, 41.41813374 ], [ 2.05717512, 41.41809013 ], [ 2.05708791, 41.4178318 ], [ 2.05706805, 41.41779831 ], [ 2.05705805, 41.41766221 ], [ 2.05703283, 41.41750348 ], [ 2.05697288, 41.41726339 ], [ 2.0569778, 41.41717155 ], [ 2.05694641, 41.41694251 ], [ 2.05689746, 41.41685203 ], [ 2.05690593, 41.41676293 ], [ 2.05689423, 41.41666195 ], [ 2.05690183, 41.41663319 ], [ 2.05694547, 41.41659391 ], [ 2.05696278, 41.41655532 ], [ 2.05689903, 41.41599904 ], [ 2.05622585, 41.41563502 ], [ 2.0560857, 41.41531501 ], [ 2.05594436, 41.41515982 ], [ 2.05571672, 41.41501474 ], [ 2.05523167, 41.41446761 ], [ 2.05481738, 41.41415705 ], [ 2.05464091, 41.41394933 ], [ 2.05484544, 41.41340965 ], [ 2.05494239, 41.41296891 ], [ 2.05498905, 41.41218237 ], [ 2.05685195, 41.4103299 ], [ 2.05743784, 41.41033446 ], [ 2.05876513, 41.41064648 ], [ 2.05899606, 41.41098535 ], [ 2.05899323, 41.4115355 ], [ 2.05907429, 41.4122587 ], [ 2.05886951, 41.41245895 ], [ 2.05847265, 41.4126937 ], [ 2.05829133, 41.41282282 ], [ 2.05851758, 41.41274463 ], [ 2.05919891, 41.41277788 ], [ 2.05957989, 41.41279866 ], [ 2.06018695, 41.41268337 ], [ 2.06077825, 41.41272693 ], [ 2.06147603, 41.41294139 ], [ 2.06149267, 41.4129465 ], [ 2.06152224, 41.41304421 ], [ 2.06156465, 41.41311077 ], [ 2.0616399, 41.4131639 ], [ 2.06167614, 41.4131903 ], [ 2.0617309, 41.41325134 ], [ 2.06176486, 41.41328051 ], [ 2.06190925, 41.41338909 ], [ 2.06195052, 41.4134307 ], [ 2.06196347, 41.41345342 ], [ 2.06200034, 41.41358543 ], [ 2.06204843, 41.41366468 ], [ 2.06262655, 41.41360336 ], [ 2.0633817, 41.41357196 ], [ 2.06349607, 41.41355023 ], [ 2.06398809, 41.41416025 ], [ 2.06415788, 41.41428674 ], [ 2.06422452, 41.41445973 ], [ 2.06425457, 41.41452113 ], [ 2.06437727, 41.41502938 ], [ 2.06471092, 41.41559255 ], [ 2.064903, 41.41609297 ], [ 2.06498986, 41.41663224 ], [ 2.06471464, 41.41713645 ], [ 2.06440898, 41.41764515 ], [ 2.06428745, 41.41784056 ], [ 2.06458049, 41.41802623 ], [ 2.06566562, 41.41812778 ], [ 2.06678357, 41.41805913 ], [ 2.0672419, 41.4180824 ], [ 2.06757245, 41.41829441 ], [ 2.06811476, 41.41846126 ], [ 2.07003294, 41.41869212 ], [ 2.07048495, 41.4188121 ], [ 2.07023915, 41.42015517 ], [ 2.07017084, 41.42097735 ], [ 2.06996046, 41.42134309 ], [ 2.0697953, 41.42176611 ], [ 2.06987386, 41.42270295 ], [ 2.06954344, 41.42305174 ], [ 2.06939763, 41.42335409 ], [ 2.06967406, 41.42517608 ], [ 2.06933638, 41.42526506 ], [ 2.06765555, 41.42599162 ], [ 2.06704455, 41.42626654 ], [ 2.06701552, 41.42635774 ], [ 2.0670054, 41.42641576 ], [ 2.06701473, 41.42649143 ], [ 2.0670489, 41.42656571 ], [ 2.06708387, 41.42662535 ], [ 2.0671201, 41.42675165 ], [ 2.06711595, 41.42681466 ], [ 2.0671041, 41.42685065 ], [ 2.06697285, 41.4269888 ], [ 2.06686274, 41.42721571 ], [ 2.06681383, 41.42726976 ], [ 2.06680381, 41.42732189 ], [ 2.06681845, 41.42738847 ], [ 2.06685678, 41.42745417 ], [ 2.06692751, 41.42754065 ], [ 2.06695668, 41.42764654 ], [ 2.0670014, 41.42774064 ], [ 2.06711153, 41.42786977 ], [ 2.06716319, 41.42790535 ], [ 2.06729227, 41.42802951 ], [ 2.06744452, 41.42815949 ], [ 2.06746643, 41.42821268 ], [ 2.06745926, 41.42828963 ], [ 2.06743987, 41.42834851 ], [ 2.06744164, 41.42841651 ], [ 2.06746321, 41.42854067 ], [ 2.06749543, 41.42864217 ], [ 2.06757249, 41.42870303 ], [ 2.06771904, 41.42873982 ], [ 2.06776812, 41.42874699 ], [ 2.06786649, 41.42879687 ], [ 2.06786675, 41.42884947 ], [ 2.06788342, 41.42900753 ], [ 2.06783031, 41.42913091 ], [ 2.06776578, 41.42921584 ], [ 2.06773366, 41.42937645 ], [ 2.06781367, 41.42954478 ], [ 2.06739592, 41.42953525 ], [ 2.06665298, 41.42976619 ], [ 2.06641248, 41.42980937 ], [ 2.06596881, 41.43008034 ], [ 2.06553655, 41.42990382 ], [ 2.06458185, 41.42991487 ], [ 2.06410955, 41.43046026 ], [ 2.06366221, 41.43112763 ], [ 2.06346345, 41.43206995 ], [ 2.06331069, 41.43232201 ], [ 2.06330619, 41.43260639 ], [ 2.0633169, 41.43290447 ], [ 2.06309899, 41.43294835 ], [ 2.06290781, 41.43358317 ], [ 2.06212017, 41.43335835 ], [ 2.06092746, 41.43367709 ], [ 2.06002039, 41.43395525 ], [ 2.05983325, 41.43411572 ], [ 2.05949864, 41.43447841 ], [ 2.05936152, 41.4347864 ], [ 2.05931733, 41.43506643 ], [ 2.05935819, 41.43538782 ], [ 2.0591165, 41.43538134 ], [ 2.05896992, 41.43541978 ] ] ] ] } },
{ "type": "Feature", "properties": { "id": "06", "kind": "district", "name": "Gràcia" }, "geometry": { "type": "MultiPolygon", "coordinates": [ [ [ [ 2.13628511, 41.42362711 ], [ 2.13620906, 41.42368371 ], [ 2.13615723, 41.42376987 ], [ 2.13613922, 41.42385557 ], [ 2.13614531, 41.42413864 ], [ 2.13614783, 41.42425615 ], [ 2.136127, 41.42434048 ], [ 2.13607077, 41.42444584 ], [ 2.1359797, 41.42454492 ], [ 2.13590347, 41.42459877 ], [ 2.13580522, 41.42464752 ], [ 2.13510581, 41.42487968 ], [ 2.13507995, 41.42483721 ], [ 2.13505977, 41.42480405 ], [ 2.13505795, 41.42480146 ], [ 2.13505786, 41.42480133 ], [ 2.13504743, 41.42478648 ], [ 2.13503913, 41.42476264 ], [ 2.1350384, 41.42473687 ], [ 2.13504758, 41.4247036 ], [ 2.13506427, 41.42467184 ], [ 2.13507796, 41.42465034 ], [ 2.13510324, 41.42462098 ], [ 2.13518856, 41.42454092 ], [ 2.13529614, 41.42445093 ], [ 2.13533177, 41.42441733 ], [ 2.13534405, 41.42440247 ], [ 2.13536091, 41.42437683 ], [ 2.1353671, 41.42436139 ], [ 2.13537017, 41.42433691 ], [ 2.13536879, 41.42432411 ], [ 2.1353674, 41.42431131 ], [ 2.13536136, 41.42429555 ], [ 2.13535479, 41.42427843 ], [ 2.13535466, 41.42427808 ], [ 2.13534288, 41.42424735 ], [ 2.13532306, 41.4242081 ], [ 2.13530965, 41.42418153 ], [ 2.13529059, 41.42414878 ], [ 2.13528504, 41.42413925 ], [ 2.13527802, 41.42412717 ], [ 2.13525383, 41.42408562 ], [ 2.13521233, 41.42402965 ], [ 2.13516019, 41.42397287 ], [ 2.13514618, 41.42396013 ], [ 2.13511571, 41.42393242 ], [ 2.13508585, 41.42390526 ], [ 2.1350721, 41.42389276 ], [ 2.13499907, 41.42383205 ], [ 2.13496304, 41.42380528 ], [ 2.13491042, 41.42377553 ], [ 2.134881, 41.42375657 ], [ 2.13485947, 41.4237375 ], [ 2.13484614, 41.42372281 ], [ 2.13483292, 41.42368398 ], [ 2.13480471, 41.42362252 ], [ 2.13480461, 41.4236223 ], [ 2.1347835, 41.42357629 ], [ 2.13475856, 41.42358353 ], [ 2.13475389, 41.42358463 ], [ 2.13466677, 41.42360505 ], [ 2.13466587, 41.42360526 ], [ 2.13464752, 41.42360956 ], [ 2.13463372, 41.42358807 ], [ 2.13462837, 41.42358227 ], [ 2.13461531, 41.42356812 ], [ 2.13459691, 41.42354817 ], [ 2.13459017, 41.42353985 ], [ 2.13458721, 41.42353619 ], [ 2.13458572, 41.42353435 ], [ 2.13456712, 41.42351138 ], [ 2.13452391, 41.42344926 ], [ 2.13448069, 41.42338714 ], [ 2.13446071, 41.42335529 ], [ 2.13444073, 41.42332343 ], [ 2.13440179, 41.42325503 ], [ 2.1343738, 41.42319988 ], [ 2.13436008, 41.42316888 ], [ 2.1343461, 41.42313727 ], [ 2.13434483, 41.42313439 ], [ 2.13434385, 41.42313217 ], [ 2.13433302, 41.4231077 ], [ 2.13431397, 41.42307315 ], [ 2.13429275, 41.42304002 ], [ 2.13428443, 41.42301708 ], [ 2.1342731, 41.42295124 ], [ 2.13426273, 41.42292408 ], [ 2.13425212, 41.42289624 ], [ 2.13425206, 41.42289609 ], [ 2.13424514, 41.42287796 ], [ 2.1342376, 41.4228582 ], [ 2.13421955, 41.4228033 ], [ 2.13421374, 41.42278019 ], [ 2.13421164, 41.42275802 ], [ 2.13421326, 41.42274398 ], [ 2.13421258, 41.42272344 ], [ 2.13421402, 41.42269571 ], [ 2.13422012, 41.42266909 ], [ 2.13423678, 41.42263674 ], [ 2.13424433, 41.42262207 ], [ 2.13424834, 41.42261647 ], [ 2.13426127, 41.42259842 ], [ 2.13427736, 41.42258035 ], [ 2.1342807, 41.42257659 ], [ 2.13430277, 41.42255532 ], [ 2.13430469, 41.42255367 ], [ 2.13433097, 41.42253121 ], [ 2.13437524, 41.42249681 ], [ 2.13438363, 41.42249029 ], [ 2.13438368, 41.42249025 ], [ 2.13443158, 41.42245303 ], [ 2.13443774, 41.42244824 ], [ 2.13449283, 41.42241563 ], [ 2.13449977, 41.42241152 ], [ 2.13454564, 41.42238436 ], [ 2.13455976, 41.422376 ], [ 2.13459884, 41.42235286 ], [ 2.13462544, 41.42233711 ], [ 2.13463427, 41.42233188 ], [ 2.13464824, 41.42232361 ], [ 2.13469537, 41.42225704 ], [ 2.13477737, 41.42216358 ], [ 2.13470634, 41.42213032 ], [ 2.1347059, 41.42213053 ], [ 2.13468732, 41.42213885 ], [ 2.13468178, 41.42214181 ], [ 2.13465045, 41.42215043 ], [ 2.13452632, 41.42218456 ], [ 2.13443947, 41.42220787 ], [ 2.1343583, 41.42222444 ], [ 2.13427323, 41.42223774 ], [ 2.13415741, 41.4222492 ], [ 2.13407881, 41.42225601 ], [ 2.13397563, 41.42227068 ], [ 2.13393479, 41.42227584 ], [ 2.13384285, 41.42228775 ], [ 2.13369628, 41.42231241 ], [ 2.13362231, 41.4223232 ], [ 2.13355374, 41.42233537 ], [ 2.13350546, 41.42235294 ], [ 2.13348428, 41.42236083 ], [ 2.13344303, 41.42237898 ], [ 2.13342051, 41.42238812 ], [ 2.13340361, 41.422395 ], [ 2.13338105, 41.42240591 ], [ 2.13336148, 41.42241611 ], [ 2.13333841, 41.4224267 ], [ 2.13330817, 41.42243979 ], [ 2.13327628, 41.42245376 ], [ 2.13324375, 41.42246665 ], [ 2.13321148, 41.42248141 ], [ 2.13317098, 41.42249478 ], [ 2.13313842, 41.42250409 ], [ 2.13310714, 41.42251687 ], [ 2.13307192, 41.42253036 ], [ 2.13303456, 41.4225446 ], [ 2.13300899, 41.42255182 ], [ 2.13299957, 41.42255365 ], [ 2.13296355, 41.42256067 ], [ 2.13291048, 41.42257054 ], [ 2.13285057, 41.42258342 ], [ 2.13281418, 41.42258718 ], [ 2.13281273, 41.42258712 ], [ 2.13277732, 41.42258586 ], [ 2.13277304, 41.42258561 ], [ 2.13274261, 41.42258382 ], [ 2.13269998, 41.4225809 ], [ 2.13268313, 41.42257946 ], [ 2.13266514, 41.42257792 ], [ 2.13263271, 41.42257605 ], [ 2.13260167, 41.42257502 ], [ 2.13258585, 41.4225733 ], [ 2.13256315, 41.42257102 ], [ 2.13253264, 41.42257013 ], [ 2.13252782, 41.4225697 ], [ 2.13251838, 41.42256885 ], [ 2.13248544, 41.42256684 ], [ 2.13244634, 41.42256401 ], [ 2.13241196, 41.4225625 ], [ 2.13238711, 41.42256096 ], [ 2.13236162, 41.42255834 ], [ 2.13234913, 41.4225571 ], [ 2.13231604, 41.42255416 ], [ 2.13228539, 41.42255233 ], [ 2.13224995, 41.42255053 ], [ 2.13221825, 41.42254842 ], [ 2.13219382, 41.42254714 ], [ 2.13218458, 41.42254666 ], [ 2.13215909, 41.42254404 ], [ 2.13213319, 41.4225422 ], [ 2.13212551, 41.42254165 ], [ 2.1320941, 41.42253938 ], [ 2.13207652, 41.42253761 ], [ 2.13204729, 41.42253529 ], [ 2.13202331, 41.42253444 ], [ 2.13197041, 41.42253131 ], [ 2.13190309, 41.42252732 ], [ 2.13190233, 41.42253286 ], [ 2.13188443, 41.42253414 ], [ 2.13182937, 41.42253807 ], [ 2.13179867, 41.42254027 ], [ 2.13174392, 41.42254384 ], [ 2.13169774, 41.42254576 ], [ 2.13169425, 41.42254602 ], [ 2.13162667, 41.42255105 ], [ 2.13149307, 41.42258061 ], [ 2.13141784, 41.42259646 ], [ 2.13136488, 41.42260762 ], [ 2.13124327, 41.42263335 ], [ 2.13111307, 41.42266128 ], [ 2.13106425, 41.42267175 ], [ 2.13100049, 41.42267549 ], [ 2.13099779, 41.42267669 ], [ 2.13098866, 41.42267777 ], [ 2.13092145, 41.42268578 ], [ 2.13083685, 41.42269616 ], [ 2.13081152, 41.42269922 ], [ 2.13080837, 41.42269974 ], [ 2.13080209, 41.42270077 ], [ 2.1307505, 41.42270926 ], [ 2.1307223, 41.42271925 ], [ 2.13061126, 41.42274325 ], [ 2.13058356, 41.42274924 ], [ 2.13058026, 41.42274995 ], [ 2.13057778, 41.42274799 ], [ 2.13055931, 41.42273332 ], [ 2.13048464, 41.42272694 ], [ 2.13042018, 41.42272292 ], [ 2.1304095, 41.42272173 ], [ 2.13039886, 41.42272038 ], [ 2.13038824, 41.42271887 ], [ 2.13037765, 41.42271718 ], [ 2.13036711, 41.42271534 ], [ 2.1303566, 41.42271334 ], [ 2.13034862, 41.42271168 ], [ 2.13009573, 41.42262739 ], [ 2.130088, 41.42262564 ], [ 2.13008033, 41.42262371 ], [ 2.13007273, 41.42262161 ], [ 2.13006519, 41.42261935 ], [ 2.13005775, 41.42261693 ], [ 2.13005038, 41.42261435 ], [ 2.13004313, 41.42261161 ], [ 2.1300305, 41.42260504 ], [ 2.13001779, 41.42259856 ], [ 2.13000503, 41.4225922 ], [ 2.12999218, 41.42258594 ], [ 2.12997929, 41.42257978 ], [ 2.12996633, 41.42257374 ], [ 2.12995333, 41.4225678 ], [ 2.12995015, 41.42256638 ], [ 2.1300435, 41.42245242 ], [ 2.1300444, 41.42245131 ], [ 2.13006634, 41.4224294 ], [ 2.13008648, 41.4224093 ], [ 2.13019902, 41.42228008 ], [ 2.13023816, 41.42223516 ], [ 2.13040697, 41.42204097 ], [ 2.13047673, 41.42196061 ], [ 2.13067848, 41.42180901 ], [ 2.13068513, 41.42180402 ], [ 2.13073055, 41.4217541 ], [ 2.1309109, 41.4215555 ], [ 2.1312398, 41.42135398 ], [ 2.13125198, 41.42134651 ], [ 2.13126474, 41.42133244 ], [ 2.1312521, 41.42131716 ], [ 2.13123809, 41.42129232 ], [ 2.13123226, 41.42127486 ], [ 2.13122984, 41.42126175 ], [ 2.13123569, 41.4212222 ], [ 2.13124627, 41.42117708 ], [ 2.13125175, 41.42115884 ], [ 2.13125345, 41.4211532 ], [ 2.13126032, 41.42113033 ], [ 2.13128175, 41.42108297 ], [ 2.13130094, 41.42105288 ], [ 2.13132073, 41.42102796 ], [ 2.13134259, 41.421004 ], [ 2.13143079, 41.420923 ], [ 2.13148483, 41.42087099 ], [ 2.13157182, 41.42078139 ], [ 2.13162146, 41.42072531 ], [ 2.13166525, 41.42067239 ], [ 2.13174747, 41.42056375 ], [ 2.13184421, 41.42043043 ], [ 2.13189834, 41.42036132 ], [ 2.13200573, 41.42023478 ], [ 2.13207311, 41.42016047 ], [ 2.13215026, 41.42008222 ], [ 2.13217154, 41.4200535 ], [ 2.13218199, 41.42003495 ], [ 2.13219127, 41.42001845 ], [ 2.13220326, 41.4199895 ], [ 2.13220831, 41.41996832 ], [ 2.1322029, 41.4199343 ], [ 2.13218913, 41.41990218 ], [ 2.13216689, 41.41987258 ], [ 2.13213875, 41.41984499 ], [ 2.13210495, 41.41981942 ], [ 2.13206821, 41.41980057 ], [ 2.13200242, 41.41977392 ], [ 2.13194141, 41.4197519 ], [ 2.13192415, 41.41974567 ], [ 2.13187962, 41.41973231 ], [ 2.13173137, 41.41968391 ], [ 2.13165648, 41.41965947 ], [ 2.13160828, 41.41964203 ], [ 2.13154577, 41.41961621 ], [ 2.13150032, 41.41959497 ], [ 2.13143506, 41.41955871 ], [ 2.13127653, 41.41946621 ], [ 2.13124455, 41.41944755 ], [ 2.13120224, 41.41942619 ], [ 2.13116652, 41.41941066 ], [ 2.13113015, 41.41939918 ], [ 2.13109183, 41.41939222 ], [ 2.13105254, 41.41938998 ], [ 2.13100602, 41.41939307 ], [ 2.13097601, 41.41939877 ], [ 2.13094724, 41.41940741 ], [ 2.13092681, 41.41941571 ], [ 2.13090146, 41.41942907 ], [ 2.13087866, 41.41944484 ], [ 2.13086315, 41.41945917 ], [ 2.13082158, 41.4195049 ], [ 2.13079825, 41.41953742 ], [ 2.13078002, 41.41957079 ], [ 2.13075096, 41.41963781 ], [ 2.13072988, 41.41969544 ], [ 2.13071706, 41.4197305 ], [ 2.1306876, 41.4197915 ], [ 2.13066986, 41.41982101 ], [ 2.13064878, 41.41985244 ], [ 2.13061394, 41.41989164 ], [ 2.13058333, 41.41991629 ], [ 2.13055586, 41.41993363 ], [ 2.13051435, 41.41995439 ], [ 2.13050361, 41.41995916 ], [ 2.1304706, 41.41997238 ], [ 2.13042565, 41.4199872 ], [ 2.13041668, 41.41998997 ], [ 2.1303598, 41.42000752 ], [ 2.13029525, 41.42002932 ], [ 2.13024618, 41.42004588 ], [ 2.13018878, 41.42006253 ], [ 2.13013834, 41.42007474 ], [ 2.13010443, 41.42007776 ], [ 2.13007035, 41.42007598 ], [ 2.13005032, 41.4200726 ], [ 2.1300192, 41.42006422 ], [ 2.1299969, 41.42005599 ], [ 2.12997579, 41.4200462 ], [ 2.12995602, 41.42003493 ], [ 2.12993205, 41.42001776 ], [ 2.12990839, 41.41999188 ], [ 2.12988356, 41.41995732 ], [ 2.12986432, 41.41992082 ], [ 2.12985315, 41.41989052 ], [ 2.12984709, 41.41986476 ], [ 2.12984049, 41.41983667 ], [ 2.12982792, 41.41979885 ], [ 2.1298159, 41.41977104 ], [ 2.1298081, 41.4197556 ], [ 2.12979917, 41.41973794 ], [ 2.12978318, 41.41970631 ], [ 2.12976428, 41.41967762 ], [ 2.12973574, 41.41964386 ], [ 2.12970703, 41.4196169 ], [ 2.1296685, 41.41958633 ], [ 2.12962695, 41.41955807 ], [ 2.12958862, 41.41953546 ], [ 2.12955749, 41.41952226 ], [ 2.12952389, 41.41951316 ], [ 2.12948871, 41.41950844 ], [ 2.12943616, 41.41950805 ], [ 2.12937264, 41.41951245 ], [ 2.12931723, 41.41952035 ], [ 2.12938589, 41.41948161 ], [ 2.12939942, 41.41947397 ], [ 2.12946296, 41.41944671 ], [ 2.1295027, 41.41943693 ], [ 2.12954669, 41.41943167 ], [ 2.1295962, 41.41943439 ], [ 2.12964679, 41.41944486 ], [ 2.12969995, 41.41946094 ], [ 2.12975358, 41.4194862 ], [ 2.12979495, 41.41951588 ], [ 2.12983764, 41.41954467 ], [ 2.12986743, 41.41957246 ], [ 2.12990884, 41.41960736 ], [ 2.12994916, 41.41963486 ], [ 2.12999542, 41.41965683 ], [ 2.13004251, 41.41966079 ], [ 2.13008649, 41.41964725 ], [ 2.13012881, 41.41960524 ], [ 2.13013507, 41.41956709 ], [ 2.13012975, 41.41950814 ], [ 2.1301171, 41.41944265 ], [ 2.13010334, 41.41937121 ], [ 2.13009138, 41.41929888 ], [ 2.13008119, 41.41924602 ], [ 2.13005905, 41.41911182 ], [ 2.13022046, 41.41866483 ], [ 2.1305123, 41.41832359 ], [ 2.13054544, 41.41828484 ], [ 2.13061262, 41.41831248 ], [ 2.13066945, 41.41831169 ], [ 2.13099095, 41.41823822 ], [ 2.13106998, 41.41822723 ], [ 2.13114466, 41.41822601 ], [ 2.13124467, 41.41823533 ], [ 2.13134248, 41.41825347 ], [ 2.13135802, 41.41825714 ], [ 2.13147621, 41.41828512 ], [ 2.13160363, 41.41832393 ], [ 2.13182667, 41.41841974 ], [ 2.13204539, 41.41853937 ], [ 2.13207733, 41.41855684 ], [ 2.13217975, 41.41858299 ], [ 2.13227789, 41.41857807 ], [ 2.13235299, 41.4185511 ], [ 2.13241577, 41.41851012 ], [ 2.13258159, 41.4184019 ], [ 2.1327854, 41.41830029 ], [ 2.13349599, 41.41806892 ], [ 2.13367529, 41.41801054 ], [ 2.13395661, 41.41790046 ], [ 2.13417907, 41.41779709 ], [ 2.13432148, 41.41770757 ], [ 2.13455834, 41.41751169 ], [ 2.13464651, 41.41743877 ], [ 2.13467679, 41.41741373 ], [ 2.13491838, 41.41721393 ], [ 2.13525987, 41.41693151 ], [ 2.13557328, 41.41665116 ], [ 2.13571322, 41.41652599 ], [ 2.13578358, 41.41646305 ], [ 2.13596464, 41.41630109 ], [ 2.13598489, 41.41628297 ], [ 2.1361538, 41.41613187 ], [ 2.1363148, 41.41598785 ], [ 2.13619892, 41.41587364 ], [ 2.13610888, 41.41571128 ], [ 2.13606258, 41.41558883 ], [ 2.13607749, 41.41542601 ], [ 2.13609017, 41.41535053 ], [ 2.13612459, 41.41527939 ], [ 2.13615171, 41.41522333 ], [ 2.13621073, 41.41517165 ], [ 2.13702497, 41.41445869 ], [ 2.1370711, 41.4144285 ], [ 2.13708491, 41.41441947 ], [ 2.13722037, 41.41433083 ], [ 2.13730879, 41.41429196 ], [ 2.13743791, 41.4142352 ], [ 2.13746356, 41.41422393 ], [ 2.13772304, 41.41410985 ], [ 2.13783725, 41.41404381 ], [ 2.13795741, 41.41397431 ], [ 2.13827035, 41.41373041 ], [ 2.13994307, 41.41242669 ], [ 2.1403159, 41.4121361 ], [ 2.14069769, 41.41183851 ], [ 2.1408183, 41.4117709 ], [ 2.14092625, 41.41173629 ], [ 2.14095493, 41.4117271 ], [ 2.14095604, 41.41172674 ], [ 2.14310032, 41.41149123 ], [ 2.14315046, 41.41148572 ], [ 2.14446937, 41.41138285 ], [ 2.14477495, 41.41134122 ], [ 2.14500394, 41.41126956 ], [ 2.1451625, 41.41119279 ], [ 2.14526323, 41.41113227 ], [ 2.14536133, 41.41105251 ], [ 2.14546494, 41.41095735 ], [ 2.14560119, 41.41082539 ], [ 2.1458828, 41.41029021 ], [ 2.14596475, 41.41013446 ], [ 2.14607542, 41.40996695 ], [ 2.14627963, 41.40971491 ], [ 2.14630015, 41.40968959 ], [ 2.14644858, 41.40950639 ], [ 2.14719301, 41.40858759 ], [ 2.14766788, 41.40800148 ], [ 2.14863988, 41.40720396 ], [ 2.14864965, 41.40719595 ], [ 2.14865895, 41.40718832 ], [ 2.14859118, 41.40713952 ], [ 2.14840409, 41.40700847 ], [ 2.14837647, 41.40698897 ], [ 2.14847996, 41.40690339 ], [ 2.14848167, 41.40690455 ], [ 2.14849719, 41.40689171 ], [ 2.14838483, 41.40681202 ], [ 2.14841841, 41.40678553 ], [ 2.1484473, 41.4067642 ], [ 2.14847243, 41.40678228 ], [ 2.14848586, 41.40677233 ], [ 2.14851121, 41.40676845 ], [ 2.14852391, 41.40677701 ], [ 2.14853492, 41.40676775 ], [ 2.14865456, 41.40666715 ], [ 2.14870305, 41.40662689 ], [ 2.14869736, 41.40662339 ], [ 2.14872256, 41.40660214 ], [ 2.14874571, 41.4066164 ], [ 2.14877165, 41.40663411 ], [ 2.14879627, 41.40665016 ], [ 2.14891362, 41.40654888 ], [ 2.14896545, 41.40658428 ], [ 2.14882977, 41.40669691 ], [ 2.1488275, 41.4066954 ], [ 2.14879135, 41.40672611 ], [ 2.14883544, 41.40675536 ], [ 2.14883992, 41.40675153 ], [ 2.14894136, 41.40682221 ], [ 2.14893572, 41.4068268 ], [ 2.14897918, 41.40685707 ], [ 2.14902416, 41.40688841 ], [ 2.14902691, 41.40689032 ], [ 2.14905966, 41.40686193 ], [ 2.14933558, 41.4066228 ], [ 2.14934114, 41.40661943 ], [ 2.14945011, 41.40655333 ], [ 2.14953123, 41.40650412 ], [ 2.14957117, 41.40647989 ], [ 2.14974768, 41.40630738 ], [ 2.14994458, 41.40611495 ], [ 2.15006737, 41.40599494 ], [ 2.1500417, 41.40577984 ], [ 2.14999451, 41.40564698 ], [ 2.14997728, 41.40559845 ], [ 2.14997107, 41.40550936 ], [ 2.15002149, 41.40530537 ], [ 2.15035529, 41.40445119 ], [ 2.15037355, 41.4043673 ], [ 2.1503676, 41.40425338 ], [ 2.15032612, 41.40414021 ], [ 2.15025742, 41.40403757 ], [ 2.15025138, 41.40402855 ], [ 2.15024, 41.40401793 ], [ 2.15008763, 41.40387583 ], [ 2.15002818, 41.40378054 ], [ 2.14991936, 41.40326774 ], [ 2.14992319, 41.40320756 ], [ 2.14999151, 41.40306209 ], [ 2.15001375, 41.40301473 ], [ 2.15010079, 41.40288323 ], [ 2.15057481, 41.4022709 ], [ 2.15083909, 41.40192951 ], [ 2.15087288, 41.40188586 ], [ 2.15107106, 41.40162985 ], [ 2.15115528, 41.40149223 ], [ 2.15121342, 41.40132315 ], [ 2.1512295, 41.40115148 ], [ 2.15122467, 41.40105276 ], [ 2.15117016, 41.40090377 ], [ 2.15115945, 41.40072589 ], [ 2.15122579, 41.40049199 ], [ 2.15165875, 41.40005795 ], [ 2.15203868, 41.39967707 ], [ 2.15323949, 41.39847323 ], [ 2.15403825, 41.39767242 ], [ 2.15493117, 41.39677717 ], [ 2.15525894, 41.3963531 ], [ 2.15570936, 41.39557328 ], [ 2.15571072, 41.39557094 ], [ 2.15590435, 41.39561994 ], [ 2.15865131, 41.39631503 ], [ 2.15922647, 41.39646056 ], [ 2.1595455, 41.3967001 ], [ 2.16157297, 41.39822237 ], [ 2.16159702, 41.39824043 ], [ 2.16184134, 41.39842386 ], [ 2.16290816, 41.3992248 ], [ 2.16410839, 41.40012587 ], [ 2.16524823, 41.40098157 ], [ 2.16621815, 41.40170968 ], [ 2.16622469, 41.40170476 ], [ 2.16735349, 41.40085534 ], [ 2.16866499, 41.4018382 ], [ 2.16977803, 41.4026724 ], [ 2.17204294, 41.40436948 ], [ 2.17089716, 41.40523622 ], [ 2.16978713, 41.40607588 ], [ 2.16865931, 41.40692898 ], [ 2.16779771, 41.40758701 ], [ 2.16756892, 41.40776175 ], [ 2.1671442, 41.40808611 ], [ 2.16665225, 41.40846182 ], [ 2.16588431, 41.40904828 ], [ 2.1651751, 41.40958988 ], [ 2.16428845, 41.41025513 ], [ 2.16394287, 41.41051179 ], [ 2.16369002, 41.41072394 ], [ 2.16300267, 41.41148662 ], [ 2.16230382, 41.41233051 ], [ 2.1620314, 41.41265945 ], [ 2.1620207, 41.41267168 ], [ 2.16159225, 41.41316105 ], [ 2.16138169, 41.41340155 ], [ 2.1612358, 41.41356818 ], [ 2.16130471, 41.41360272 ], [ 2.16138708, 41.41367567 ], [ 2.16140013, 41.41370607 ], [ 2.1614222, 41.41375748 ], [ 2.16142203, 41.41385112 ], [ 2.16138162, 41.41393607 ], [ 2.16116569, 41.41409515 ], [ 2.16105635, 41.4141757 ], [ 2.16105539, 41.41417527 ], [ 2.16071602, 41.41402258 ], [ 2.16049755, 41.41392429 ], [ 2.16039987, 41.41391442 ], [ 2.16027719, 41.41392713 ], [ 2.1602417, 41.41393592 ], [ 2.1601326, 41.41396294 ], [ 2.16007941, 41.41398272 ], [ 2.16004414, 41.41399583 ], [ 2.15978001, 41.41410628 ], [ 2.15946774, 41.41427128 ], [ 2.15919323, 41.41444741 ], [ 2.15894777, 41.41463506 ], [ 2.15860456, 41.41494685 ], [ 2.15858747, 41.41496237 ], [ 2.15834895, 41.41522862 ], [ 2.1580865, 41.41557746 ], [ 2.15799746, 41.41571659 ], [ 2.15788183, 41.41589726 ], [ 2.15785766, 41.41595049 ], [ 2.15762407, 41.41646497 ], [ 2.15757215, 41.41651775 ], [ 2.15749283, 41.41655342 ], [ 2.15742379, 41.41657005 ], [ 2.15735604, 41.416566 ], [ 2.15727518, 41.41654579 ], [ 2.15721192, 41.41651263 ], [ 2.15713714, 41.4164167 ], [ 2.15713684, 41.41641632 ], [ 2.15662823, 41.41561593 ], [ 2.15652103, 41.41554374 ], [ 2.1559947, 41.4151893 ], [ 2.15586888, 41.41513502 ], [ 2.15576076, 41.41510731 ], [ 2.15564704, 41.41509878 ], [ 2.15564668, 41.4150988 ], [ 2.1555598, 41.41510383 ], [ 2.15553981, 41.4151072 ], [ 2.15546478, 41.41511985 ], [ 2.15543028, 41.41506387 ], [ 2.1554251, 41.41505546 ], [ 2.1554194, 41.4150462 ], [ 2.15537212, 41.41496948 ], [ 2.15533413, 41.41495001 ], [ 2.15522333, 41.4149241 ], [ 2.15510639, 41.41494416 ], [ 2.15502811, 41.41498122 ], [ 2.1548558, 41.41512378 ], [ 2.15482895, 41.41513724 ], [ 2.15465604, 41.41522398 ], [ 2.15451708, 41.41534965 ], [ 2.15416397, 41.41560265 ], [ 2.15416156, 41.41560437 ], [ 2.15387639, 41.41584817 ], [ 2.15361924, 41.4160706 ], [ 2.1536087, 41.41608025 ], [ 2.15360028, 41.41609881 ], [ 2.15342054, 41.41625386 ], [ 2.15322913, 41.41641898 ], [ 2.15318054, 41.41646514 ], [ 2.152938, 41.41662214 ], [ 2.15293336, 41.41662515 ], [ 2.15282931, 41.41670002 ], [ 2.15272002, 41.41680923 ], [ 2.15269475, 41.41681231 ], [ 2.15266499, 41.41681593 ], [ 2.15192425, 41.41690491 ], [ 2.15188363, 41.41700309 ], [ 2.15183827, 41.41707078 ], [ 2.15177084, 41.41713446 ], [ 2.15167658, 41.41720605 ], [ 2.15159025, 41.41724201 ], [ 2.15147986, 41.41726242 ], [ 2.1514226, 41.41728839 ], [ 2.15141677, 41.41737653 ], [ 2.15133014, 41.41742609 ], [ 2.15103774, 41.41756023 ], [ 2.15098968, 41.41758833 ], [ 2.15095171, 41.41761806 ], [ 2.1509227, 41.41764907 ], [ 2.15090067, 41.41768317 ], [ 2.1508868, 41.41771913 ], [ 2.15088128, 41.41775527 ], [ 2.15088188, 41.41777981 ], [ 2.15089734, 41.41796005 ], [ 2.15090858, 41.41799897 ], [ 2.15093741, 41.41807554 ], [ 2.15098705, 41.41820355 ], [ 2.15101932, 41.41826811 ], [ 2.15105439, 41.41833012 ], [ 2.1511501, 41.41849764 ], [ 2.15125539, 41.41857566 ], [ 2.15133957, 41.41868991 ], [ 2.15151659, 41.41893537 ], [ 2.15156742, 41.419073 ], [ 2.15164992, 41.41933749 ], [ 2.15166959, 41.41951096 ], [ 2.15168117, 41.4198162 ], [ 2.15177386, 41.42014276 ], [ 2.15174024, 41.4201723 ], [ 2.15147964, 41.42017442 ], [ 2.15133059, 41.42017805 ], [ 2.15112034, 41.4201921 ], [ 2.15095563, 41.42020608 ], [ 2.15069013, 41.42024087 ], [ 2.15043214, 41.42027191 ], [ 2.1502161, 41.42029487 ], [ 2.1501482, 41.4203021 ], [ 2.14989897, 41.42033115 ], [ 2.14964088, 41.42035216 ], [ 2.1494111, 41.42036516 ], [ 2.14927171, 41.42037121 ], [ 2.14948842, 41.42060577 ], [ 2.14948843, 41.42060591 ], [ 2.14948855, 41.42063383 ], [ 2.14948868, 41.42066175 ], [ 2.14948991, 41.42093341 ], [ 2.14949192, 41.4213763 ], [ 2.14949192, 41.4213764 ], [ 2.14947477, 41.42164104 ], [ 2.14932929, 41.4216368 ], [ 2.14780195, 41.42159225 ], [ 2.14697642, 41.42126448 ], [ 2.14514318, 41.42089303 ], [ 2.14481953, 41.42079057 ], [ 2.14471511, 41.42073288 ], [ 2.14452792, 41.42053017 ], [ 2.14431582, 41.42038971 ], [ 2.14402039, 41.42019406 ], [ 2.14389754, 41.42014023 ], [ 2.14366662, 41.42031952 ], [ 2.14360615, 41.42036647 ], [ 2.14344511, 41.4204915 ], [ 2.14308523, 41.4207709 ], [ 2.1422186, 41.42144373 ], [ 2.14220602, 41.4214535 ], [ 2.1421078, 41.42151076 ], [ 2.14199495, 41.42154775 ], [ 2.14183713, 41.42155659 ], [ 2.14171728, 41.42153249 ], [ 2.14081284, 41.42125565 ], [ 2.14045549, 41.42109806 ], [ 2.14004012, 41.42023241 ], [ 2.13986531, 41.42028305 ], [ 2.13919675, 41.42046556 ], [ 2.13887261, 41.42057342 ], [ 2.1378806, 41.42089052 ], [ 2.13779307, 41.42093262 ], [ 2.13772178, 41.4209942 ], [ 2.13767686, 41.42107167 ], [ 2.13767054, 41.4211529 ], [ 2.13769715, 41.42123359 ], [ 2.13773924, 41.42128752 ], [ 2.13780308, 41.42133571 ], [ 2.13811534, 41.42145818 ], [ 2.13815056, 41.42147199 ], [ 2.13826819, 41.4215329 ], [ 2.13835332, 41.42160346 ], [ 2.13840672, 41.42168013 ], [ 2.1384399, 41.42176748 ], [ 2.13844295, 41.42187172 ], [ 2.13840945, 41.42199581 ], [ 2.13838416, 41.4220594 ], [ 2.13807986, 41.42282455 ], [ 2.13790332, 41.42306756 ], [ 2.13776434, 41.423197 ], [ 2.13758983, 41.42332064 ], [ 2.13726062, 41.42346103 ], [ 2.13699465, 41.42351488 ], [ 2.13653814, 41.42355309 ], [ 2.1364, 41.42358129 ], [ 2.13628511, 41.42362711 ] ] ] ] } },
{ "type": "Feature", "properties": { "id": "07", "kind": "district", "name": "Horta-Guinardó" }, "geometry": { "type": "MultiPolygon", "coordinates": [ [ [ [ 2.12043831, 41.42280234 ], [ 2.12042651, 41.42272192 ], [ 2.12077177, 41.42205255 ], [ 2.12088297, 41.42187714 ], [ 2.12098238, 41.42176238 ], [ 2.12130758, 41.42145968 ], [ 2.1214015, 41.42134865 ], [ 2.12147013, 41.42123432 ], [ 2.12151211, 41.42112444 ], [ 2.12153741, 41.42098385 ], [ 2.12153328, 41.4209208 ], [ 2.12150538, 41.42086858 ], [ 2.12147167, 41.42084292 ], [ 2.12116291, 41.42071009 ], [ 2.12116287, 41.42071007 ], [ 2.12117218, 41.42070609 ], [ 2.12120736, 41.42069105 ], [ 2.12121566, 41.42068752 ], [ 2.12122145, 41.42068506 ], [ 2.12126491, 41.42066631 ], [ 2.12129006, 41.42065587 ], [ 2.12128713, 41.42065189 ], [ 2.12135744, 41.42062333 ], [ 2.12144532, 41.42058692 ], [ 2.12152303, 41.42055314 ], [ 2.12153031, 41.42054998 ], [ 2.12154756, 41.42054248 ], [ 2.12155171, 41.42054966 ], [ 2.12155785, 41.42056029 ], [ 2.12155844, 41.42056131 ], [ 2.12160812, 41.42053994 ], [ 2.12169878, 41.42050094 ], [ 2.12182244, 41.42044773 ], [ 2.12195222, 41.42039249 ], [ 2.12205662, 41.42034716 ], [ 2.12214567, 41.4203092 ], [ 2.12217648, 41.42029607 ], [ 2.12226627, 41.42025743 ], [ 2.12253018, 41.42014534 ], [ 2.12287346, 41.41999831 ], [ 2.12300705, 41.4199426 ], [ 2.12302897, 41.41993346 ], [ 2.12333393, 41.41980326 ], [ 2.12334669, 41.41979781 ], [ 2.12337545, 41.41978546 ], [ 2.12364548, 41.41966955 ], [ 2.12387578, 41.41957142 ], [ 2.12403485, 41.41950422 ], [ 2.12409546, 41.41947862 ], [ 2.1242874, 41.41939651 ], [ 2.12439117, 41.41935293 ], [ 2.12445676, 41.41932539 ], [ 2.12450923, 41.41930335 ], [ 2.12471544, 41.4192166 ], [ 2.12472885, 41.41921096 ], [ 2.12475573, 41.4192041 ], [ 2.1248425, 41.41917986 ], [ 2.12492806, 41.41915443 ], [ 2.12508911, 41.41909617 ], [ 2.12512131, 41.41908547 ], [ 2.12515226, 41.41907373 ], [ 2.12519047, 41.41905726 ], [ 2.12524224, 41.41903813 ], [ 2.12531618, 41.41900721 ], [ 2.12537466, 41.41898164 ], [ 2.12538552, 41.41897689 ], [ 2.12542558, 41.41895937 ], [ 2.1255994, 41.41888341 ], [ 2.12565733, 41.41885795 ], [ 2.12586241, 41.41876782 ], [ 2.12616997, 41.4186318 ], [ 2.12625712, 41.41859337 ], [ 2.12644406, 41.41851066 ], [ 2.12679184, 41.41835567 ], [ 2.12693859, 41.41828994 ], [ 2.12716947, 41.41818757 ], [ 2.12730104, 41.41812912 ], [ 2.12745622, 41.41805986 ], [ 2.12764088, 41.41797749 ], [ 2.12778967, 41.41791088 ], [ 2.12792028, 41.41785296 ], [ 2.12804499, 41.41779752 ], [ 2.12816693, 41.41774296 ], [ 2.12827937, 41.41769247 ], [ 2.12840734, 41.41763507 ], [ 2.12855782, 41.41756739 ], [ 2.12866821, 41.41751705 ], [ 2.1286957, 41.41750502 ], [ 2.12878384, 41.41746579 ], [ 2.12878617, 41.41746909 ], [ 2.12879297, 41.41747887 ], [ 2.12889905, 41.41743409 ], [ 2.1289285, 41.41742166 ], [ 2.12893605, 41.41743593 ], [ 2.12892406, 41.4174861 ], [ 2.12885921, 41.41756218 ], [ 2.12861603, 41.41781015 ], [ 2.12837277, 41.41798773 ], [ 2.12814452, 41.41811903 ], [ 2.12801598, 41.41818534 ], [ 2.12794312, 41.41824512 ], [ 2.12790961, 41.41828817 ], [ 2.12790062, 41.41834534 ], [ 2.1279079, 41.41841655 ], [ 2.12796062, 41.41847571 ], [ 2.128089, 41.41857568 ], [ 2.12816819, 41.41865981 ], [ 2.12817994, 41.41870477 ], [ 2.1281668, 41.41876344 ], [ 2.12813313, 41.41881732 ], [ 2.1280243, 41.41894797 ], [ 2.12792054, 41.41900984 ], [ 2.12772355, 41.41911352 ], [ 2.12756599, 41.41919409 ], [ 2.12746219, 41.41924978 ], [ 2.12745275, 41.41937546 ], [ 2.12758172, 41.41949742 ], [ 2.12785091, 41.41959708 ], [ 2.12788707, 41.41961759 ], [ 2.12806198, 41.41972769 ], [ 2.12813335, 41.41974322 ], [ 2.12822506, 41.41972892 ], [ 2.1283453, 41.41969858 ], [ 2.12840511, 41.41970653 ], [ 2.12847948, 41.4197446 ], [ 2.12864091, 41.4198696 ], [ 2.12868861, 41.41991246 ], [ 2.12872335, 41.41992773 ], [ 2.12875824, 41.41993174 ], [ 2.12878983, 41.41993324 ], [ 2.12882315, 41.41993099 ], [ 2.12885493, 41.41991873 ], [ 2.12888183, 41.41989893 ], [ 2.12891389, 41.41986666 ], [ 2.1289516, 41.41978444 ], [ 2.12902512, 41.41963745 ], [ 2.12907061, 41.41959654 ], [ 2.12915429, 41.41956217 ], [ 2.12920672, 41.41954464 ], [ 2.12925232, 41.41953315 ], [ 2.12931723, 41.41952035 ], [ 2.12937264, 41.41951245 ], [ 2.12943616, 41.41950805 ], [ 2.12948871, 41.41950844 ], [ 2.12952389, 41.41951316 ], [ 2.12955749, 41.41952226 ], [ 2.12958862, 41.41953546 ], [ 2.12962695, 41.41955807 ], [ 2.1296685, 41.41958633 ], [ 2.12970703, 41.4196169 ], [ 2.12973574, 41.41964386 ], [ 2.12976428, 41.41967762 ], [ 2.12978318, 41.41970631 ], [ 2.12979917, 41.41973794 ], [ 2.1298081, 41.4197556 ], [ 2.1298159, 41.41977104 ], [ 2.12982792, 41.41979885 ], [ 2.12984049, 41.41983667 ], [ 2.12984709, 41.41986476 ], [ 2.12985315, 41.41989052 ], [ 2.12986432, 41.41992082 ], [ 2.12988356, 41.41995732 ], [ 2.12990839, 41.41999188 ], [ 2.12993205, 41.42001776 ], [ 2.12995602, 41.42003493 ], [ 2.12997579, 41.4200462 ], [ 2.1299969, 41.42005599 ], [ 2.1300192, 41.42006422 ], [ 2.13005032, 41.4200726 ], [ 2.13007035, 41.42007598 ], [ 2.13010443, 41.42007776 ], [ 2.13013834, 41.42007474 ], [ 2.13018878, 41.42006253 ], [ 2.13024618, 41.42004588 ], [ 2.13029525, 41.42002932 ], [ 2.1303598, 41.42000752 ], [ 2.13041668, 41.41998997 ], [ 2.13042565, 41.4199872 ], [ 2.1304706, 41.41997238 ], [ 2.13050361, 41.41995916 ], [ 2.13051435, 41.41995439 ], [ 2.13055586, 41.41993363 ], [ 2.13058333, 41.41991629 ], [ 2.13061394, 41.41989164 ], [ 2.13064878, 41.41985244 ], [ 2.13066986, 41.41982101 ], [ 2.1306876, 41.4197915 ], [ 2.13071706, 41.4197305 ], [ 2.13072988, 41.41969544 ], [ 2.13075096, 41.41963781 ], [ 2.13078002, 41.41957079 ], [ 2.13079825, 41.41953742 ], [ 2.13082158, 41.4195049 ], [ 2.13086315, 41.41945917 ], [ 2.13087866, 41.41944484 ], [ 2.13090146, 41.41942907 ], [ 2.13092681, 41.41941571 ], [ 2.13094724, 41.41940741 ], [ 2.13097601, 41.41939877 ], [ 2.13100602, 41.41939307 ], [ 2.13105254, 41.41938998 ], [ 2.13109183, 41.41939222 ], [ 2.13113015, 41.41939918 ], [ 2.13116652, 41.41941066 ], [ 2.13120224, 41.41942619 ], [ 2.13124455, 41.41944755 ], [ 2.13127653, 41.41946621 ], [ 2.13143506, 41.41955871 ], [ 2.13150032, 41.41959497 ], [ 2.13154577, 41.41961621 ], [ 2.13160828, 41.41964203 ], [ 2.13165648, 41.41965947 ], [ 2.13173137, 41.41968391 ], [ 2.13187962, 41.41973231 ], [ 2.13192415, 41.41974567 ], [ 2.13194141, 41.4197519 ], [ 2.13200242, 41.41977392 ], [ 2.13206821, 41.41980057 ], [ 2.13210495, 41.41981942 ], [ 2.13213875, 41.41984499 ], [ 2.13216689, 41.41987258 ], [ 2.13218913, 41.41990218 ], [ 2.1322029, 41.4199343 ], [ 2.13220831, 41.41996832 ], [ 2.13220326, 41.4199895 ], [ 2.13219127, 41.42001845 ], [ 2.13218199, 41.42003495 ], [ 2.13217154, 41.4200535 ], [ 2.13215026, 41.42008222 ], [ 2.13207311, 41.42016047 ], [ 2.13200573, 41.42023478 ], [ 2.13189834, 41.42036132 ], [ 2.13184421, 41.42043043 ], [ 2.13174747, 41.42056375 ], [ 2.13166525, 41.42067239 ], [ 2.13162146, 41.42072531 ], [ 2.13157182, 41.42078139 ], [ 2.13148483, 41.42087099 ], [ 2.13143079, 41.420923 ], [ 2.13134259, 41.421004 ], [ 2.13132073, 41.42102796 ], [ 2.13130094, 41.42105288 ], [ 2.13128175, 41.42108297 ], [ 2.13126032, 41.42113033 ], [ 2.13125345, 41.4211532 ], [ 2.13125175, 41.42115884 ], [ 2.13124627, 41.42117708 ], [ 2.13123569, 41.4212222 ], [ 2.13122984, 41.42126175 ], [ 2.13123226, 41.42127486 ], [ 2.13123809, 41.42129232 ], [ 2.1312521, 41.42131716 ], [ 2.13126474, 41.42133244 ], [ 2.13125198, 41.42134651 ], [ 2.1312398, 41.42135398 ], [ 2.1309109, 41.4215555 ], [ 2.13073055, 41.4217541 ], [ 2.13068513, 41.42180402 ], [ 2.13067848, 41.42180901 ], [ 2.13047673, 41.42196061 ], [ 2.13040697, 41.42204097 ], [ 2.13023816, 41.42223516 ], [ 2.13019902, 41.42228008 ], [ 2.13008648, 41.4224093 ], [ 2.13006634, 41.4224294 ], [ 2.1300444, 41.42245131 ], [ 2.1300435, 41.42245242 ], [ 2.12995015, 41.42256638 ], [ 2.12995333, 41.4225678 ], [ 2.12996633, 41.42257374 ], [ 2.12997929, 41.42257978 ], [ 2.12999218, 41.42258594 ], [ 2.13000503, 41.4225922 ], [ 2.13001779, 41.42259856 ], [ 2.1300305, 41.42260504 ], [ 2.13004313, 41.42261161 ], [ 2.13005038, 41.42261435 ], [ 2.13005775, 41.42261693 ], [ 2.13006519, 41.42261935 ], [ 2.13007273, 41.42262161 ], [ 2.13008033, 41.42262371 ], [ 2.130088, 41.42262564 ], [ 2.13009573, 41.42262739 ], [ 2.13034862, 41.42271168 ], [ 2.1303566, 41.42271334 ], [ 2.13036711, 41.42271534 ], [ 2.13037765, 41.42271718 ], [ 2.13038824, 41.42271887 ], [ 2.13039886, 41.42272038 ], [ 2.1304095, 41.42272173 ], [ 2.13042018, 41.42272292 ], [ 2.13048464, 41.42272694 ], [ 2.13055931, 41.42273332 ], [ 2.13057778, 41.42274799 ], [ 2.13058026, 41.42274995 ], [ 2.13058356, 41.42274924 ], [ 2.13061126, 41.42274325 ], [ 2.1307223, 41.42271925 ], [ 2.1307505, 41.42270926 ], [ 2.13080209, 41.42270077 ], [ 2.13080837, 41.42269974 ], [ 2.13081152, 41.42269922 ], [ 2.13083685, 41.42269616 ], [ 2.13092145, 41.42268578 ], [ 2.13098866, 41.42267777 ], [ 2.13099779, 41.42267669 ], [ 2.13100049, 41.42267549 ], [ 2.13106425, 41.42267175 ], [ 2.13111307, 41.42266128 ], [ 2.13124327, 41.42263335 ], [ 2.13136488, 41.42260762 ], [ 2.13141784, 41.42259646 ], [ 2.13149307, 41.42258061 ], [ 2.13162667, 41.42255105 ], [ 2.13169425, 41.42254602 ], [ 2.13169774, 41.42254576 ], [ 2.13174392, 41.42254384 ], [ 2.13179867, 41.42254027 ], [ 2.13182937, 41.42253807 ], [ 2.13188443, 41.42253414 ], [ 2.13190233, 41.42253286 ], [ 2.13190309, 41.42252732 ], [ 2.13197041, 41.42253131 ], [ 2.13202331, 41.42253444 ], [ 2.13204729, 41.42253529 ], [ 2.13207652, 41.42253761 ], [ 2.1320941, 41.42253938 ], [ 2.13212551, 41.42254165 ], [ 2.13213319, 41.4225422 ], [ 2.13215909, 41.42254404 ], [ 2.13218458, 41.42254666 ], [ 2.13219382, 41.42254714 ], [ 2.13221825, 41.42254842 ], [ 2.13224995, 41.42255053 ], [ 2.13228539, 41.42255233 ], [ 2.13231604, 41.42255416 ], [ 2.13234913, 41.4225571 ], [ 2.13236162, 41.42255834 ], [ 2.13238711, 41.42256096 ], [ 2.13241196, 41.4225625 ], [ 2.13244634, 41.42256401 ], [ 2.13248544, 41.42256684 ], [ 2.13251838, 41.42256885 ], [ 2.13252782, 41.4225697 ], [ 2.13253264, 41.42257013 ], [ 2.13256315, 41.42257102 ], [ 2.13258585, 41.4225733 ], [ 2.13260167, 41.42257502 ], [ 2.13263271, 41.42257605 ], [ 2.13266514, 41.42257792 ], [ 2.13268313, 41.42257946 ], [ 2.13269998, 41.4225809 ], [ 2.13274261, 41.42258382 ], [ 2.13277304, 41.42258561 ], [ 2.13277732, 41.42258586 ], [ 2.13281273, 41.42258712 ], [ 2.13281418, 41.42258718 ], [ 2.13285057, 41.42258342 ], [ 2.13291048, 41.42257054 ], [ 2.13296355, 41.42256067 ], [ 2.13299957, 41.42255365 ], [ 2.13300899, 41.42255182 ], [ 2.13303456, 41.4225446 ], [ 2.13307192, 41.42253036 ], [ 2.13310714, 41.42251687 ], [ 2.13313842, 41.42250409 ], [ 2.13317098, 41.42249478 ], [ 2.13321148, 41.42248141 ], [ 2.13324375, 41.42246665 ], [ 2.13327628, 41.42245376 ], [ 2.13330817, 41.42243979 ], [ 2.13333841, 41.4224267 ], [ 2.13336148, 41.42241611 ], [ 2.13338105, 41.42240591 ], [ 2.13340361, 41.422395 ], [ 2.13342051, 41.42238812 ], [ 2.13344303, 41.42237898 ], [ 2.13348428, 41.42236083 ], [ 2.13350546, 41.42235294 ], [ 2.13355374, 41.42233537 ], [ 2.13362231, 41.4223232 ], [ 2.13369628, 41.42231241 ], [ 2.13384285, 41.42228775 ], [ 2.13393479, 41.42227584 ], [ 2.13397563, 41.42227068 ], [ 2.13407881, 41.42225601 ], [ 2.13415741, 41.4222492 ], [ 2.13427323, 41.42223774 ], [ 2.1343583, 41.42222444 ], [ 2.13443947, 41.42220787 ], [ 2.13452632, 41.42218456 ], [ 2.13465045, 41.42215043 ], [ 2.13468178, 41.42214181 ], [ 2.13468732, 41.42213885 ], [ 2.1347059, 41.42213053 ], [ 2.13470634, 41.42213032 ], [ 2.13477737, 41.42216358 ], [ 2.13469537, 41.42225704 ], [ 2.13464824, 41.42232361 ], [ 2.13463427, 41.42233188 ], [ 2.13462544, 41.42233711 ], [ 2.13459884, 41.42235286 ], [ 2.13455976, 41.422376 ], [ 2.13454564, 41.42238436 ], [ 2.13449977, 41.42241152 ], [ 2.13449283, 41.42241563 ], [ 2.13443774, 41.42244824 ], [ 2.13443158, 41.42245303 ], [ 2.13438368, 41.42249025 ], [ 2.13438363, 41.42249029 ], [ 2.13437524, 41.42249681 ], [ 2.13433097, 41.42253121 ], [ 2.13430469, 41.42255367 ], [ 2.13430277, 41.42255532 ], [ 2.1342807, 41.42257659 ], [ 2.13427736, 41.42258035 ], [ 2.13426127, 41.42259842 ], [ 2.13424834, 41.42261647 ], [ 2.13424433, 41.42262207 ], [ 2.13423678, 41.42263674 ], [ 2.13422012, 41.42266909 ], [ 2.13421402, 41.42269571 ], [ 2.13421258, 41.42272344 ], [ 2.13421326, 41.42274398 ], [ 2.13421164, 41.42275802 ], [ 2.13421374, 41.42278019 ], [ 2.13421955, 41.4228033 ], [ 2.1342376, 41.4228582 ], [ 2.13424514, 41.42287796 ], [ 2.13425206, 41.42289609 ], [ 2.13425212, 41.42289624 ], [ 2.13426273, 41.42292408 ], [ 2.1342731, 41.42295124 ], [ 2.13428443, 41.42301708 ], [ 2.13429275, 41.42304002 ], [ 2.13431397, 41.42307315 ], [ 2.13433302, 41.4231077 ], [ 2.13434385, 41.42313217 ], [ 2.13434483, 41.42313439 ], [ 2.1343461, 41.42313727 ], [ 2.13436008, 41.42316888 ], [ 2.1343738, 41.42319988 ], [ 2.13440179, 41.42325503 ], [ 2.13444073, 41.42332343 ], [ 2.13446071, 41.42335529 ], [ 2.13448069, 41.42338714 ], [ 2.13452391, 41.42344926 ], [ 2.13456712, 41.42351138 ], [ 2.13458572, 41.42353435 ], [ 2.13458721, 41.42353619 ], [ 2.13459017, 41.42353985 ], [ 2.13459691, 41.42354817 ], [ 2.13461531, 41.42356812 ], [ 2.13462837, 41.42358227 ], [ 2.13463372, 41.42358807 ], [ 2.13464752, 41.42360956 ], [ 2.13466587, 41.42360526 ], [ 2.13466677, 41.42360505 ], [ 2.13475389, 41.42358463 ], [ 2.13475856, 41.42358353 ], [ 2.1347835, 41.42357629 ], [ 2.13480461, 41.4236223 ], [ 2.13480471, 41.42362252 ], [ 2.13483292, 41.42368398 ], [ 2.13484614, 41.42372281 ], [ 2.13485947, 41.4237375 ], [ 2.134881, 41.42375657 ], [ 2.13491042, 41.42377553 ], [ 2.13496304, 41.42380528 ], [ 2.13499907, 41.42383205 ], [ 2.1350721, 41.42389276 ], [ 2.13508585, 41.42390526 ], [ 2.13511571, 41.42393242 ], [ 2.13514618, 41.42396013 ], [ 2.13516019, 41.42397287 ], [ 2.13521233, 41.42402965 ], [ 2.13525383, 41.42408562 ], [ 2.13527802, 41.42412717 ], [ 2.13528504, 41.42413925 ], [ 2.13529059, 41.42414878 ], [ 2.13530965, 41.42418153 ], [ 2.13532306, 41.4242081 ], [ 2.13534288, 41.42424735 ], [ 2.13535466, 41.42427808 ], [ 2.13535479, 41.42427843 ], [ 2.13536136, 41.42429555 ], [ 2.1353674, 41.42431131 ], [ 2.13536879, 41.42432411 ], [ 2.13537017, 41.42433691 ], [ 2.1353671, 41.42436139 ], [ 2.13536091, 41.42437683 ], [ 2.13534405, 41.42440247 ], [ 2.13533177, 41.42441733 ], [ 2.13529614, 41.42445093 ], [ 2.13518856, 41.42454092 ], [ 2.13510324, 41.42462098 ], [ 2.13507796, 41.42465034 ], [ 2.13506427, 41.42467184 ], [ 2.13504758, 41.4247036 ], [ 2.1350384, 41.42473687 ], [ 2.13503913, 41.42476264 ], [ 2.13504743, 41.42478648 ], [ 2.13505786, 41.42480133 ], [ 2.13505795, 41.42480146 ], [ 2.13505977, 41.42480405 ], [ 2.13507995, 41.42483721 ], [ 2.13510581, 41.42487968 ], [ 2.13580522, 41.42464752 ], [ 2.13590347, 41.42459877 ], [ 2.1359797, 41.42454492 ], [ 2.13607077, 41.42444584 ], [ 2.136127, 41.42434048 ], [ 2.13614783, 41.42425615 ], [ 2.13614531, 41.42413864 ], [ 2.13613922, 41.42385557 ], [ 2.13615723, 41.42376987 ], [ 2.13620906, 41.42368371 ], [ 2.13628511, 41.42362711 ], [ 2.1364, 41.42358129 ], [ 2.13653814, 41.42355309 ], [ 2.13699465, 41.42351488 ], [ 2.13726062, 41.42346103 ], [ 2.13758983, 41.42332064 ], [ 2.13776434, 41.423197 ], [ 2.13790332, 41.42306756 ], [ 2.13807986, 41.42282455 ], [ 2.13838416, 41.4220594 ], [ 2.13840945, 41.42199581 ], [ 2.13844295, 41.42187172 ], [ 2.1384399, 41.42176748 ], [ 2.13840672, 41.42168013 ], [ 2.13835332, 41.42160346 ], [ 2.13826819, 41.4215329 ], [ 2.13815056, 41.42147199 ], [ 2.13811534, 41.42145818 ], [ 2.13780308, 41.42133571 ], [ 2.13773924, 41.42128752 ], [ 2.13769715, 41.42123359 ], [ 2.13767054, 41.4211529 ], [ 2.13767686, 41.42107167 ], [ 2.13772178, 41.4209942 ], [ 2.13779307, 41.42093262 ], [ 2.1378806, 41.42089052 ], [ 2.13887261, 41.42057342 ], [ 2.13919675, 41.42046556 ], [ 2.13986531, 41.42028305 ], [ 2.14004012, 41.42023241 ], [ 2.14045549, 41.42109806 ], [ 2.14081284, 41.42125565 ], [ 2.14171728, 41.42153249 ], [ 2.14183713, 41.42155659 ], [ 2.14199495, 41.42154775 ], [ 2.1421078, 41.42151076 ], [ 2.14220602, 41.4214535 ], [ 2.1422186, 41.42144373 ], [ 2.14308523, 41.4207709 ], [ 2.14344511, 41.4204915 ], [ 2.14360615, 41.42036647 ], [ 2.14366662, 41.42031952 ], [ 2.14389754, 41.42014023 ], [ 2.14402039, 41.42019406 ], [ 2.14431582, 41.42038971 ], [ 2.14452792, 41.42053017 ], [ 2.14471511, 41.42073288 ], [ 2.14481953, 41.42079057 ], [ 2.14514318, 41.42089303 ], [ 2.14697642, 41.42126448 ], [ 2.14780195, 41.42159225 ], [ 2.14932929, 41.4216368 ], [ 2.14947477, 41.42164104 ], [ 2.14949192, 41.4213764 ], [ 2.14949192, 41.4213763 ], [ 2.14948991, 41.42093341 ], [ 2.14948868, 41.42066175 ], [ 2.14948855, 41.42063383 ], [ 2.14948843, 41.42060591 ], [ 2.14948842, 41.42060577 ], [ 2.14927171, 41.42037121 ], [ 2.1494111, 41.42036516 ], [ 2.14964088, 41.42035216 ], [ 2.14989897, 41.42033115 ], [ 2.1501482, 41.4203021 ], [ 2.1502161, 41.42029487 ], [ 2.15043214, 41.42027191 ], [ 2.15069013, 41.42024087 ], [ 2.15095563, 41.42020608 ], [ 2.15112034, 41.4201921 ], [ 2.15133059, 41.42017805 ], [ 2.15147964, 41.42017442 ], [ 2.15174024, 41.4201723 ], [ 2.15177386, 41.42014276 ], [ 2.15168117, 41.4198162 ], [ 2.15166959, 41.41951096 ], [ 2.15164992, 41.41933749 ], [ 2.15156742, 41.419073 ], [ 2.15151659, 41.41893537 ], [ 2.15133957, 41.41868991 ], [ 2.15125539, 41.41857566 ], [ 2.1511501, 41.41849764 ], [ 2.15105439, 41.41833012 ], [ 2.15101932, 41.41826811 ], [ 2.15098705, 41.41820355 ], [ 2.15093741, 41.41807554 ], [ 2.15090858, 41.41799897 ], [ 2.15089734, 41.41796005 ], [ 2.15088188, 41.41777981 ], [ 2.15088128, 41.41775527 ], [ 2.1508868, 41.41771913 ], [ 2.15090067, 41.41768317 ], [ 2.1509227, 41.41764907 ], [ 2.15095171, 41.41761806 ], [ 2.15098968, 41.41758833 ], [ 2.15103774, 41.41756023 ], [ 2.15133014, 41.41742609 ], [ 2.15141677, 41.41737653 ], [ 2.1514226, 41.41728839 ], [ 2.15147986, 41.41726242 ], [ 2.15159025, 41.41724201 ], [ 2.15167658, 41.41720605 ], [ 2.15177084, 41.41713446 ], [ 2.15183827, 41.41707078 ], [ 2.15188363, 41.41700309 ], [ 2.15192425, 41.41690491 ], [ 2.15266499, 41.41681593 ], [ 2.15269475, 41.41681231 ], [ 2.15272002, 41.41680923 ], [ 2.15282931, 41.41670002 ], [ 2.15293336, 41.41662515 ], [ 2.152938, 41.41662214 ], [ 2.15318054, 41.41646514 ], [ 2.15322913, 41.41641898 ], [ 2.15342054, 41.41625386 ], [ 2.15360028, 41.41609881 ], [ 2.1536087, 41.41608025 ], [ 2.15361924, 41.4160706 ], [ 2.15387639, 41.41584817 ], [ 2.15416156, 41.41560437 ], [ 2.15416397, 41.41560265 ], [ 2.15451708, 41.41534965 ], [ 2.15465604, 41.41522398 ], [ 2.15482895, 41.41513724 ], [ 2.1548558, 41.41512378 ], [ 2.15502811, 41.41498122 ], [ 2.15510639, 41.41494416 ], [ 2.15522333, 41.4149241 ], [ 2.15533413, 41.41495001 ], [ 2.15537212, 41.41496948 ], [ 2.1554194, 41.4150462 ], [ 2.1554251, 41.41505546 ], [ 2.15543028, 41.41506387 ], [ 2.15546478, 41.41511985 ], [ 2.15553981, 41.4151072 ], [ 2.1555598, 41.41510383 ], [ 2.15564668, 41.4150988 ], [ 2.15564704, 41.41509878 ], [ 2.15576076, 41.41510731 ], [ 2.15586888, 41.41513502 ], [ 2.1559947, 41.4151893 ], [ 2.15652103, 41.41554374 ], [ 2.15662823, 41.41561593 ], [ 2.15713684, 41.41641632 ], [ 2.15713714, 41.4164167 ], [ 2.15721192, 41.41651263 ], [ 2.15727518, 41.41654579 ], [ 2.15735604, 41.416566 ], [ 2.15742379, 41.41657005 ], [ 2.15749283, 41.41655342 ], [ 2.15757215, 41.41651775 ], [ 2.15762407, 41.41646497 ], [ 2.15785766, 41.41595049 ], [ 2.15788183, 41.41589726 ], [ 2.15799746, 41.41571659 ], [ 2.1580865, 41.41557746 ], [ 2.15834895, 41.41522862 ], [ 2.15858747, 41.41496237 ], [ 2.15860456, 41.41494685 ], [ 2.15894777, 41.41463506 ], [ 2.15919323, 41.41444741 ], [ 2.15946774, 41.41427128 ], [ 2.15978001, 41.41410628 ], [ 2.16004414, 41.41399583 ], [ 2.16007941, 41.41398272 ], [ 2.1601326, 41.41396294 ], [ 2.1602417, 41.41393592 ], [ 2.16027719, 41.41392713 ], [ 2.16039987, 41.41391442 ], [ 2.16049755, 41.41392429 ], [ 2.16071602, 41.41402258 ], [ 2.16105539, 41.41417527 ], [ 2.16105635, 41.4141757 ], [ 2.16116569, 41.41409515 ], [ 2.16138162, 41.41393607 ], [ 2.16142203, 41.41385112 ], [ 2.1614222, 41.41375748 ], [ 2.16140013, 41.41370607 ], [ 2.16138708, 41.41367567 ], [ 2.16130471, 41.41360272 ], [ 2.1612358, 41.41356818 ], [ 2.16138169, 41.41340155 ], [ 2.16159225, 41.41316105 ], [ 2.1620207, 41.41267168 ], [ 2.1620314, 41.41265945 ], [ 2.16230382, 41.41233051 ], [ 2.16300267, 41.41148662 ], [ 2.16369002, 41.41072394 ], [ 2.16394287, 41.41051179 ], [ 2.16428845, 41.41025513 ], [ 2.1651751, 41.40958988 ], [ 2.16588431, 41.40904828 ], [ 2.16665225, 41.40846182 ], [ 2.1671442, 41.40808611 ], [ 2.16756892, 41.40776175 ], [ 2.16779771, 41.40758701 ], [ 2.16865931, 41.40692898 ], [ 2.16997075, 41.40791287 ], [ 2.1721373, 41.409538 ], [ 2.17324183, 41.41036674 ], [ 2.17432893, 41.4111822 ], [ 2.17546779, 41.41203644 ], [ 2.1766429, 41.41292553 ], [ 2.17675886, 41.41301326 ], [ 2.17882342, 41.41457522 ], [ 2.17898868, 41.41470025 ], [ 2.1801887, 41.41560807 ], [ 2.18048443, 41.41583178 ], [ 2.18040452, 41.41637352 ], [ 2.18039494, 41.4174822 ], [ 2.1804908, 41.41833407 ], [ 2.18050398, 41.41839288 ], [ 2.18056285, 41.41865549 ], [ 2.1807256, 41.41938146 ], [ 2.18082751, 41.41983606 ], [ 2.18083481, 41.42003383 ], [ 2.18079562, 41.42023669 ], [ 2.18074605, 41.42035453 ], [ 2.18065825, 41.42048167 ], [ 2.1806265, 41.42052078 ], [ 2.18047015, 41.42071336 ], [ 2.18033764, 41.42085735 ], [ 2.17976053, 41.42148452 ], [ 2.17897178, 41.42234164 ], [ 2.17861224, 41.42273233 ], [ 2.17824722, 41.42312898 ], [ 2.1769687, 41.42451823 ], [ 2.17654276, 41.42498104 ], [ 2.17653224, 41.42499247 ], [ 2.17622005, 41.42532631 ], [ 2.17606402, 41.42545049 ], [ 2.17589527, 41.42553836 ], [ 2.17578758, 41.42557722 ], [ 2.17567361, 41.42560865 ], [ 2.17235405, 41.42652423 ], [ 2.17178105, 41.42668226 ], [ 2.17100913, 41.42689514 ], [ 2.17045243, 41.42704866 ], [ 2.17022781, 41.42711061 ], [ 2.16998062, 41.42717877 ], [ 2.16971115, 41.42722803 ], [ 2.16783988, 41.42749162 ], [ 2.16742913, 41.42754948 ], [ 2.16728624, 41.42756372 ], [ 2.16693499, 41.42759873 ], [ 2.16516477, 41.42777516 ], [ 2.16500443, 41.42779952 ], [ 2.164543, 41.4278696 ], [ 2.16443036, 41.42788671 ], [ 2.16422024, 41.42791121 ], [ 2.16401556, 41.42794607 ], [ 2.16387349, 41.42798615 ], [ 2.16379766, 41.4280097 ], [ 2.16368788, 41.42806505 ], [ 2.16363166, 41.42809678 ], [ 2.16378379, 41.42820673 ], [ 2.16479944, 41.42884889 ], [ 2.16496558, 41.42895553 ], [ 2.16614728, 41.4296258 ], [ 2.16614752, 41.42962594 ], [ 2.16483874, 41.43039615 ], [ 2.16431104, 41.43076581 ], [ 2.16408651, 41.43097581 ], [ 2.16364468, 41.43138768 ], [ 2.16340592, 41.43170084 ], [ 2.16332552, 41.4318218 ], [ 2.16323122, 41.43197697 ], [ 2.16319152, 41.43212112 ], [ 2.16315876, 41.43226686 ], [ 2.16314254, 41.43233176 ], [ 2.16310949, 41.43246398 ], [ 2.16311034, 41.4327124 ], [ 2.16311092, 41.43288007 ], [ 2.16315345, 41.43303232 ], [ 2.16347621, 41.43418779 ], [ 2.16357779, 41.43455143 ], [ 2.16358111, 41.43456331 ], [ 2.16380248, 41.43520048 ], [ 2.16417538, 41.43607563 ], [ 2.16420623, 41.43614804 ], [ 2.16426478, 41.43628545 ], [ 2.16333481, 41.43654156 ], [ 2.16321693, 41.43657402 ], [ 2.16316765, 41.43658759 ], [ 2.1632309, 41.43668101 ], [ 2.16324672, 41.43670436 ], [ 2.16325192, 41.43671204 ], [ 2.16325662, 41.43671898 ], [ 2.16327532, 41.43674661 ], [ 2.16328881, 41.43676654 ], [ 2.16329723, 41.43677896 ], [ 2.1632981, 41.43678023 ], [ 2.16330499, 41.43679027 ], [ 2.16331234, 41.43680096 ], [ 2.16334999, 41.43685579 ], [ 2.16336482, 41.4368774 ], [ 2.16339798, 41.43692568 ], [ 2.1634455, 41.43699489 ], [ 2.1635201, 41.43710355 ], [ 2.1634961, 41.43711754 ], [ 2.16337123, 41.4371903 ], [ 2.1633662, 41.43719324 ], [ 2.16329266, 41.43723609 ], [ 2.16328257, 41.43724197 ], [ 2.16325059, 41.43726061 ], [ 2.16321308, 41.43728248 ], [ 2.16321634, 41.43728563 ], [ 2.16322951, 41.43729836 ], [ 2.16323929, 41.43730782 ], [ 2.16320877, 41.43732321 ], [ 2.16320192, 41.43732668 ], [ 2.16319529, 41.43733018 ], [ 2.16315496, 41.43735153 ], [ 2.16313709, 41.43736099 ], [ 2.16313594, 41.4373616 ], [ 2.16313039, 41.43736454 ], [ 2.16316121, 41.43739331 ], [ 2.16318891, 41.43741916 ], [ 2.16327753, 41.43750186 ], [ 2.16328211, 41.43750618 ], [ 2.16332692, 41.43754842 ], [ 2.16334008, 41.43756104 ], [ 2.16336495, 41.43758491 ], [ 2.1633789, 41.43759829 ], [ 2.16338438, 41.43760354 ], [ 2.16339421, 41.43761297 ], [ 2.16341005, 41.43762817 ], [ 2.16341471, 41.43763264 ], [ 2.16341892, 41.43763669 ], [ 2.16345884, 41.43767498 ], [ 2.16348357, 41.43769774 ], [ 2.16353207, 41.43774236 ], [ 2.16354523, 41.43775448 ], [ 2.16356909, 41.43777643 ], [ 2.16359635, 41.43780151 ], [ 2.16359721, 41.4378023 ], [ 2.16359734, 41.43780242 ], [ 2.1635984, 41.43780339 ], [ 2.16359882, 41.43780378 ], [ 2.16360654, 41.43781088 ], [ 2.16361905, 41.43782239 ], [ 2.16363196, 41.43783427 ], [ 2.16365231, 41.437853 ], [ 2.1636597, 41.4378598 ], [ 2.16365575, 41.43786213 ], [ 2.1625609, 41.43850705 ], [ 2.16249924, 41.43854535 ], [ 2.16243964, 41.43858547 ], [ 2.16238227, 41.43862733 ], [ 2.16227516, 41.43871297 ], [ 2.16217273, 41.43880183 ], [ 2.16212052, 41.43885007 ], [ 2.16202161, 41.43894978 ], [ 2.16194983, 41.43903022 ], [ 2.16193769, 41.43904559 ], [ 2.16187884, 41.43912007 ], [ 2.16183561, 41.43918174 ], [ 2.16175791, 41.43924595 ], [ 2.16166424, 41.43928615 ], [ 2.1617119, 41.43941876 ], [ 2.16180029, 41.43966443 ], [ 2.16180022, 41.43966448 ], [ 2.16174942, 41.43970328 ], [ 2.16170193, 41.4397452 ], [ 2.16167267, 41.43977643 ], [ 2.1616393, 41.43981974 ], [ 2.16159804, 41.43987937 ], [ 2.16156058, 41.43994985 ], [ 2.16154168, 41.44001307 ], [ 2.16153305, 41.4400802 ], [ 2.16153126, 41.44013855 ], [ 2.16153835, 41.44019952 ], [ 2.16155017, 41.44027142 ], [ 2.161574, 41.44033426 ], [ 2.16160722, 41.44039771 ], [ 2.16164943, 41.44046383 ], [ 2.16170513, 41.44052607 ], [ 2.161764, 41.44057815 ], [ 2.16182601, 41.44062384 ], [ 2.16189003, 41.44066464 ], [ 2.16196123, 41.44070072 ], [ 2.16204183, 41.44073175 ], [ 2.16211758, 41.44075631 ], [ 2.16221222, 41.44078016 ], [ 2.16228057, 41.44078755 ], [ 2.16236996, 41.44079349 ], [ 2.16238794, 41.44089325 ], [ 2.16243596, 41.44101556 ], [ 2.16240099, 41.441325 ], [ 2.16240097, 41.44132518 ], [ 2.16171347, 41.44163115 ], [ 2.16163513, 41.44156452 ], [ 2.16153821, 41.44160652 ], [ 2.16149419, 41.44162559 ], [ 2.1613953, 41.44166844 ], [ 2.16139462, 41.44166874 ], [ 2.16128834, 41.44171606 ], [ 2.16108336, 41.44180733 ], [ 2.16059956, 41.44202274 ], [ 2.16059753, 41.44202364 ], [ 2.16059635, 41.44202416 ], [ 2.16059051, 41.44202676 ], [ 2.16058159, 41.44203073 ], [ 2.16057822, 41.44203224 ], [ 2.16056255, 41.44203921 ], [ 2.1605615, 41.44203968 ], [ 2.16049505, 41.44206927 ], [ 2.1604286, 41.44209885 ], [ 2.16033094, 41.44213439 ], [ 2.16012596, 41.44220243 ], [ 2.160109, 41.44222423 ], [ 2.16008651, 41.44225313 ], [ 2.16006679, 41.44227848 ], [ 2.15999611, 41.44235224 ], [ 2.15996844, 41.4423811 ], [ 2.15994487, 41.44237059 ], [ 2.15981801, 41.4422848 ], [ 2.1597516, 41.4422138 ], [ 2.15969767, 41.442123 ], [ 2.15943724, 41.44222797 ], [ 2.15918713, 41.44237603 ], [ 2.15911216, 41.4424343 ], [ 2.15904586, 41.44251863 ], [ 2.15898382, 41.44263066 ], [ 2.15892752, 41.44271301 ], [ 2.1586981, 41.44301095 ], [ 2.1586058, 41.44325931 ], [ 2.15854615, 41.44335691 ], [ 2.15849301, 41.4434798 ], [ 2.15847302, 41.44369473 ], [ 2.15840786, 41.44385518 ], [ 2.15833887, 41.44395286 ], [ 2.15829413, 41.44399832 ], [ 2.15817082, 41.44408472 ], [ 2.15803151, 41.44416308 ], [ 2.15799094, 41.44420474 ], [ 2.15798006, 41.44425204 ], [ 2.15796989, 41.44442289 ], [ 2.15794995, 41.44452764 ], [ 2.15790402, 41.44461864 ], [ 2.15783662, 41.44470629 ], [ 2.15770737, 41.44483484 ], [ 2.15752654, 41.44498823 ], [ 2.15747225, 41.44502107 ], [ 2.15737776, 41.44504401 ], [ 2.15711965, 41.44509285 ], [ 2.15699258, 41.44510808 ], [ 2.15691818, 41.4451516 ], [ 2.15682963, 41.44520919 ], [ 2.15671883, 41.44528883 ], [ 2.15661117, 41.44535095 ], [ 2.1564807, 41.44541307 ], [ 2.15635593, 41.44545789 ], [ 2.15625988, 41.4454975 ], [ 2.15610467, 41.44554363 ], [ 2.15606138, 41.44554902 ], [ 2.15602798, 41.44555121 ], [ 2.1559039, 41.44554585 ], [ 2.15583017, 41.44554873 ], [ 2.15578242, 41.44555887 ], [ 2.155743, 41.4455852 ], [ 2.15571809, 41.44560817 ], [ 2.15570764, 41.44565214 ], [ 2.15570737, 41.44568857 ], [ 2.15575881, 41.44573232 ], [ 2.15579217, 41.44574866 ], [ 2.15583484, 41.44576507 ], [ 2.15583637, 41.44576536 ], [ 2.15590365, 41.44577819 ], [ 2.1560118, 41.44577758 ], [ 2.1562062, 41.44578767 ], [ 2.15642378, 41.44583475 ], [ 2.15665326, 41.44588176 ], [ 2.15708255, 41.44596172 ], [ 2.15716803, 41.44599247 ], [ 2.15721098, 41.44600572 ], [ 2.15725336, 41.44605177 ], [ 2.15731637, 41.44616792 ], [ 2.15741677, 41.44637395 ], [ 2.15751811, 41.44649311 ], [ 2.15759014, 41.44660846 ], [ 2.15759236, 41.44671285 ], [ 2.15756123, 41.44685415 ], [ 2.15754273, 41.44694926 ], [ 2.15751674, 41.44701902 ], [ 2.1574693, 41.44708594 ], [ 2.15742376, 41.44713057 ], [ 2.15725139, 41.44721737 ], [ 2.15711718, 41.44727945 ], [ 2.15706425, 41.44732695 ], [ 2.15704302, 41.44735455 ], [ 2.1570313, 41.4473979 ], [ 2.15704201, 41.44743257 ], [ 2.15709552, 41.44745179 ], [ 2.15720615, 41.44746315 ], [ 2.15734, 41.44746058 ], [ 2.15749347, 41.44747046 ], [ 2.15757683, 41.44749864 ], [ 2.15766535, 41.44754464 ], [ 2.15767658, 41.44755048 ], [ 2.15778044, 41.44761214 ], [ 2.15794023, 41.44771209 ], [ 2.15806967, 41.44782248 ], [ 2.15834092, 41.44807549 ], [ 2.1586393, 41.4484056 ], [ 2.15875064, 41.44853308 ], [ 2.15892285, 41.44880148 ], [ 2.15894482, 41.44882457 ], [ 2.15900902, 41.44889206 ], [ 2.15914844, 41.44907427 ], [ 2.15928313, 41.44926647 ], [ 2.15942476, 41.44939473 ], [ 2.15942567, 41.44950179 ], [ 2.15941931, 41.44959694 ], [ 2.15948661, 41.44976769 ], [ 2.15947769, 41.44996131 ], [ 2.15937496, 41.45019057 ], [ 2.15921247, 41.45031963 ], [ 2.15918132, 41.45035863 ], [ 2.15913088, 41.45044427 ], [ 2.15910949, 41.45051828 ], [ 2.15896719, 41.45051735 ], [ 2.15892602, 41.45048878 ], [ 2.15886847, 41.45042523 ], [ 2.15877543, 41.45034872 ], [ 2.15868079, 41.45030025 ], [ 2.15858606, 41.45025814 ], [ 2.15850389, 41.45022728 ], [ 2.15842413, 41.45017413 ], [ 2.15836969, 41.45012754 ], [ 2.15831523, 41.45008254 ], [ 2.15827133, 41.45003922 ], [ 2.15822102, 41.45000062 ], [ 2.15816452, 41.44994924 ], [ 2.15809118, 41.44989136 ], [ 2.15801365, 41.44982868 ], [ 2.15796741, 41.44980285 ], [ 2.15791051, 41.44978332 ], [ 2.15779897, 41.44973154 ], [ 2.15768325, 41.44967653 ], [ 2.15756324, 41.44962469 ], [ 2.1575042, 41.44960673 ], [ 2.15744512, 41.44959197 ], [ 2.15738798, 41.44958995 ], [ 2.15732291, 41.44960067 ], [ 2.1572137, 41.44964284 ], [ 2.15708188, 41.44968647 ], [ 2.1569458, 41.44973166 ], [ 2.15680747, 41.44978799 ], [ 2.15674563, 41.44982258 ], [ 2.15670294, 41.44984934 ], [ 2.15664319, 41.44988554 ], [ 2.15657931, 41.44991374 ], [ 2.15643744, 41.44992644 ], [ 2.15630709, 41.44992045 ], [ 2.15615972, 41.44993699 ], [ 2.15601904, 41.44995357 ], [ 2.15584226, 41.44993475 ], [ 2.15572075, 41.44988792 ], [ 2.15554563, 41.44982088 ], [ 2.15546705, 41.44978698 ], [ 2.15538034, 41.4497341 ], [ 2.15526972, 41.44967924 ], [ 2.15516626, 41.44962534 ], [ 2.15496704, 41.44957073 ], [ 2.15474969, 41.4495286 ], [ 2.15454708, 41.44945866 ], [ 2.15444218, 41.44942366 ], [ 2.15444098, 41.44942365 ], [ 2.154441, 41.44942275 ], [ 2.1544398, 41.44942274 ], [ 2.1544386, 41.44942273 ], [ 2.15443742, 41.44942182 ], [ 2.15443622, 41.44942181 ], [ 2.15443503, 41.4494209 ], [ 2.15443384, 41.44942089 ], [ 2.15443265, 41.44941998 ], [ 2.15443145, 41.44941998 ], [ 2.15443026, 41.44941997 ], [ 2.15442907, 41.44941906 ], [ 2.15442789, 41.44941815 ], [ 2.15442669, 41.44941814 ], [ 2.1544255, 41.44941723 ], [ 2.15442431, 41.44941722 ], [ 2.15442312, 41.44941631 ], [ 2.15442192, 41.4494163 ], [ 2.15442074, 41.44941539 ], [ 2.15441955, 41.44941448 ], [ 2.15441836, 41.44941448 ], [ 2.15441717, 41.44941357 ], [ 2.15441597, 41.44941356 ], [ 2.15441479, 41.44941265 ], [ 2.15441359, 41.44941264 ], [ 2.1544136, 41.44941174 ], [ 2.15441241, 41.44941173 ], [ 2.15441122, 41.44941082 ], [ 2.15441002, 41.44941081 ], [ 2.15440884, 41.4494099 ], [ 2.15440764, 41.44940989 ], [ 2.15440646, 41.44940898 ], [ 2.15440527, 41.44940807 ], [ 2.15440408, 41.44940716 ], [ 2.15440289, 41.44940716 ], [ 2.1544017, 41.44940625 ], [ 2.15440051, 41.44940624 ], [ 2.15440052, 41.44940534 ], [ 2.15439932, 41.44940533 ], [ 2.15439813, 41.44940442 ], [ 2.15439695, 41.44940351 ], [ 2.15439575, 41.4494035 ], [ 2.15439576, 41.4494026 ], [ 2.15439457, 41.44940259 ], [ 2.15439338, 41.44940168 ], [ 2.15439218, 41.44940167 ], [ 2.154391, 41.44940076 ], [ 2.15439101, 41.44939986 ], [ 2.15438981, 41.44939985 ], [ 2.15438863, 41.44939894 ], [ 2.15438744, 41.44939803 ], [ 2.15438625, 41.44939803 ], [ 2.15438626, 41.44939713 ], [ 2.15438506, 41.44939712 ], [ 2.15438387, 41.44939621 ], [ 2.15438269, 41.4493953 ], [ 2.1543815, 41.44939439 ], [ 2.15438032, 41.44939348 ], [ 2.15437912, 41.44939347 ], [ 2.15437794, 41.44939256 ], [ 2.15437795, 41.44939166 ], [ 2.15437675, 41.44939165 ], [ 2.15437557, 41.44939074 ], [ 2.15437438, 41.44938983 ], [ 2.15437319, 41.44938892 ], [ 2.15437201, 41.44938801 ], [ 2.15437082, 41.4493871 ], [ 2.15436964, 41.44938619 ], [ 2.15436844, 41.44938619 ], [ 2.15436845, 41.44938528 ], [ 2.15436727, 41.44938438 ], [ 2.15436607, 41.44938437 ], [ 2.15436608, 41.44938347 ], [ 2.1543649, 41.44938256 ], [ 2.15436371, 41.44938165 ], [ 2.15436251, 41.44938164 ], [ 2.15436253, 41.44938074 ], [ 2.15436134, 41.44937983 ], [ 2.15436014, 41.44937982 ], [ 2.15436016, 41.44937892 ], [ 2.15435897, 41.44937801 ], [ 2.15435778, 41.4493771 ], [ 2.1543566, 41.44937619 ], [ 2.15435541, 41.44937528 ], [ 2.15435543, 41.44937438 ], [ 2.15435423, 41.44937437 ], [ 2.15435304, 41.44937346 ], [ 2.15435305, 41.44937256 ], [ 2.15435187, 41.44937165 ], [ 2.15435067, 41.44937164 ], [ 2.15435068, 41.44937074 ], [ 2.1543495, 41.44936983 ], [ 2.15434831, 41.44936892 ], [ 2.15434832, 41.44936802 ], [ 2.15434713, 41.44936801 ], [ 2.15434714, 41.44936711 ], [ 2.15434595, 41.4493662 ], [ 2.15434477, 41.44936529 ], [ 2.15434358, 41.44936438 ], [ 2.1543436, 41.44936348 ], [ 2.15434241, 41.44936257 ], [ 2.15434122, 41.44936167 ], [ 2.15434004, 41.44936076 ], [ 2.15434005, 41.44935986 ], [ 2.15433887, 41.44935895 ], [ 2.15433768, 41.44935804 ], [ 2.15433649, 41.44935713 ], [ 2.15433651, 41.44935623 ], [ 2.15433532, 41.44935532 ], [ 2.15433533, 41.44935442 ], [ 2.15433415, 41.44935351 ], [ 2.15433295, 41.4493535 ], [ 2.15433296, 41.4493526 ], [ 2.15433178, 41.44935169 ], [ 2.15433179, 41.44935079 ], [ 2.1543306, 41.44934988 ], [ 2.15433061, 41.44934898 ], [ 2.15432943, 41.44934807 ], [ 2.15432824, 41.44934716 ], [ 2.15432826, 41.44934626 ], [ 2.15432707, 41.44934535 ], [ 2.15432708, 41.44934445 ], [ 2.15431999, 41.44933719 ], [ 2.1543058, 41.44932357 ], [ 2.15429044, 41.44930815 ], [ 2.15428215, 41.44930088 ], [ 2.15425015, 41.44927633 ], [ 2.15416711, 41.44921717 ], [ 2.15413863, 41.44919804 ], [ 2.15401641, 41.44911428 ], [ 2.15390843, 41.44903962 ], [ 2.15383488, 41.44898774 ], [ 2.15368536, 41.44888575 ], [ 2.1535584, 41.44879835 ], [ 2.15354418, 41.44878744 ], [ 2.15352406, 41.44876927 ], [ 2.15350514, 41.44875112 ], [ 2.15343221, 41.4486515 ], [ 2.15343222, 41.4486506 ], [ 2.15343224, 41.4486497 ], [ 2.15343104, 41.44864969 ], [ 2.15343105, 41.44864879 ], [ 2.15342986, 41.44864788 ], [ 2.15342988, 41.44864698 ], [ 2.15342989, 41.44864608 ], [ 2.1534287, 41.44864517 ], [ 2.15342871, 41.44864427 ], [ 2.15342753, 41.44864336 ], [ 2.15342754, 41.44864246 ], [ 2.15342634, 41.44864245 ], [ 2.15342636, 41.44864155 ], [ 2.15342517, 41.44864064 ], [ 2.15342518, 41.44863974 ], [ 2.15342519, 41.44863884 ], [ 2.15342401, 41.44863793 ], [ 2.15342402, 41.44863703 ], [ 2.15342283, 41.44863612 ], [ 2.15342285, 41.44863522 ], [ 2.15342286, 41.44863432 ], [ 2.15342167, 41.44863341 ], [ 2.15342168, 41.44863251 ], [ 2.1534205, 41.4486316 ], [ 2.15342051, 41.4486307 ], [ 2.15341933, 41.44862979 ], [ 2.15341934, 41.44862889 ], [ 2.15341935, 41.44862799 ], [ 2.15341816, 41.44862708 ], [ 2.15341817, 41.44862618 ], [ 2.15341819, 41.44862528 ], [ 2.153417, 41.44862437 ], [ 2.15341701, 41.44862347 ], [ 2.15341702, 41.44862256 ], [ 2.15341584, 41.44862166 ], [ 2.15341585, 41.44862075 ], [ 2.15341586, 41.44861985 ], [ 2.15341587, 41.44861895 ], [ 2.15341469, 41.44861804 ], [ 2.1534147, 41.44861714 ], [ 2.15341352, 41.44861623 ], [ 2.15341353, 41.44861533 ], [ 2.15341354, 41.44861443 ], [ 2.15341355, 41.44861353 ], [ 2.15341237, 41.44861262 ], [ 2.15341238, 41.44861172 ], [ 2.15341239, 41.44861082 ], [ 2.1534124, 41.44860992 ], [ 2.15341121, 41.44860901 ], [ 2.15341123, 41.44860811 ], [ 2.15341124, 41.44860721 ], [ 2.15341125, 41.44860631 ], [ 2.15341006, 41.4486054 ], [ 2.15341008, 41.4486045 ], [ 2.15341009, 41.4486036 ], [ 2.1534101, 41.4486027 ], [ 2.15341011, 41.4486018 ], [ 2.15340893, 41.44860089 ], [ 2.15340894, 41.44859999 ], [ 2.15340895, 41.44859909 ], [ 2.15340896, 41.44859819 ], [ 2.15340897, 41.44859728 ], [ 2.15340898, 41.44859638 ], [ 2.1534078, 41.44859547 ], [ 2.15340781, 41.44859457 ], [ 2.15340782, 41.44859367 ], [ 2.15340783, 41.44859277 ], [ 2.15340785, 41.44859187 ], [ 2.15340786, 41.44859097 ], [ 2.15340787, 41.44859007 ], [ 2.15340668, 41.44858916 ], [ 2.1534067, 41.44858826 ], [ 2.15340671, 41.44858736 ], [ 2.15340672, 41.44858646 ], [ 2.15340673, 41.44858556 ], [ 2.15340674, 41.44858466 ], [ 2.15340675, 41.44858376 ], [ 2.15340677, 41.44858286 ], [ 2.15340678, 41.44858196 ], [ 2.15340679, 41.44858106 ], [ 2.1534056, 41.44858015 ], [ 2.15340562, 41.44857925 ], [ 2.15340563, 41.44857834 ], [ 2.15340564, 41.44857744 ], [ 2.15340565, 41.44857654 ], [ 2.15340566, 41.44857564 ], [ 2.15340567, 41.44857474 ], [ 2.15340569, 41.44857384 ], [ 2.1534057, 41.44857294 ], [ 2.15338673, 41.44837464 ], [ 2.15334089, 41.44821667 ], [ 2.15332016, 41.44806159 ], [ 2.1533142, 41.44796787 ], [ 2.15330429, 41.44790114 ], [ 2.15329779, 41.44784885 ], [ 2.15326864, 41.44778919 ], [ 2.1531816, 41.44776152 ], [ 2.15306226, 41.44773272 ], [ 2.15295383, 41.44769319 ], [ 2.15284535, 41.44765817 ], [ 2.15275739, 41.44760978 ], [ 2.15261274, 41.44750153 ], [ 2.15252512, 41.44742702 ], [ 2.15235799, 41.44729878 ], [ 2.15220991, 41.44717879 ], [ 2.15207134, 41.44706428 ], [ 2.15202856, 41.44703964 ], [ 2.15197127, 41.44702661 ], [ 2.1519115, 41.44701987 ], [ 2.15183119, 41.44702738 ], [ 2.15171605, 41.44704365 ], [ 2.15161881, 41.44706455 ], [ 2.15148306, 41.44710047 ], [ 2.15129694, 41.44714414 ], [ 2.15115034, 41.44718629 ], [ 2.15104324, 41.44722874 ], [ 2.15086791, 41.44727068 ], [ 2.1507502, 41.44730044 ], [ 2.15066159, 41.44730158 ], [ 2.15058161, 41.44728388 ], [ 2.15044466, 41.44722882 ], [ 2.15036113, 41.44720839 ], [ 2.15028466, 41.44719702 ], [ 2.15019257, 41.44719003 ], [ 2.1500036, 41.44717602 ], [ 2.14986453, 41.44719121 ], [ 2.14972292, 41.44721809 ], [ 2.14964612, 41.44723193 ], [ 2.1495301, 41.44722387 ], [ 2.1494278, 41.44717357 ], [ 2.1492911, 41.4470996 ], [ 2.14923181, 41.44705592 ], [ 2.14915465, 41.44700581 ], [ 2.14905478, 41.44695283 ], [ 2.14888667, 41.44690025 ], [ 2.14873546, 41.44683698 ], [ 2.14863548, 41.446793 ], [ 2.14856154, 41.44677083 ], [ 2.14848513, 41.44675496 ], [ 2.14842406, 41.44675631 ], [ 2.14836401, 41.44677117 ], [ 2.14825457, 41.4468091 ], [ 2.14814539, 41.4468281 ], [ 2.14805054, 41.44684902 ], [ 2.14792468, 41.4468607 ], [ 2.14780482, 41.44687242 ], [ 2.1477099, 41.44689874 ], [ 2.14758236, 41.44694733 ], [ 2.14740881, 41.44703612 ], [ 2.14725336, 41.44711424 ], [ 2.14708671, 41.44722469 ], [ 2.14694879, 41.44733446 ], [ 2.14679528, 41.44744681 ], [ 2.14671309, 41.44750655 ], [ 2.14661549, 41.44755447 ], [ 2.14650252, 41.44758786 ], [ 2.1463296, 41.44762891 ], [ 2.14624085, 41.44764086 ], [ 2.14609337, 41.44765869 ], [ 2.14592068, 41.44768082 ], [ 2.14577306, 41.44770945 ], [ 2.14564949, 41.44772925 ], [ 2.14542734, 41.44778074 ], [ 2.14532144, 41.44782229 ], [ 2.14520809, 41.4478845 ], [ 2.14514161, 41.44793355 ], [ 2.14509825, 41.44795304 ], [ 2.14503837, 41.4479553 ], [ 2.14486077, 41.44789543 ], [ 2.14476073, 41.44785596 ], [ 2.14459845, 41.44781512 ], [ 2.14446107, 41.44779338 ], [ 2.1442782, 41.4477704 ], [ 2.1441477, 41.44777123 ], [ 2.14399095, 41.44776556 ], [ 2.14350566, 41.44761693 ], [ 2.14342224, 41.44758748 ], [ 2.14328999, 41.44753966 ], [ 2.14328761, 41.44753874 ], [ 2.14324829, 41.44752404 ], [ 2.14306474, 41.44746232 ], [ 2.14305521, 41.44745865 ], [ 2.14302781, 41.44744853 ], [ 2.14299702, 41.44742308 ], [ 2.14292115, 41.44736667 ], [ 2.14257215, 41.44714159 ], [ 2.14243474, 41.44703067 ], [ 2.14234801, 41.44698049 ], [ 2.14227048, 41.44695829 ], [ 2.14211262, 41.44694631 ], [ 2.14203251, 41.4469385 ], [ 2.14185299, 41.44693446 ], [ 2.1417546, 41.44695174 ], [ 2.1416524, 41.44698521 ], [ 2.14156326, 41.44702688 ], [ 2.14147518, 41.44707936 ], [ 2.1413965, 41.44714543 ], [ 2.14134795, 41.44719551 ], [ 2.14134675, 41.4471955 ], [ 2.14134554, 41.44719639 ], [ 2.14134433, 41.44719728 ], [ 2.14134313, 41.44719818 ], [ 2.14134193, 41.44719817 ], [ 2.14134072, 41.44719906 ], [ 2.14133952, 41.44719905 ], [ 2.14133831, 41.44719994 ], [ 2.1413371, 41.44720083 ], [ 2.14133591, 41.44720082 ], [ 2.14133471, 41.44720082 ], [ 2.1413335, 41.44720171 ], [ 2.1413323, 41.4472017 ], [ 2.1413311, 41.44720259 ], [ 2.1413299, 41.44720258 ], [ 2.1413287, 41.44720257 ], [ 2.1413275, 41.44720256 ], [ 2.1413263, 41.44720345 ], [ 2.1413251, 41.44720345 ], [ 2.1413239, 41.44720344 ], [ 2.1413227, 41.44720343 ], [ 2.1413215, 41.44720432 ], [ 2.1413203, 41.44720431 ], [ 2.1413191, 41.4472043 ], [ 2.1413179, 41.44720429 ], [ 2.14131671, 41.44720428 ], [ 2.14131551, 41.44720428 ], [ 2.14131431, 41.44720427 ], [ 2.14131312, 41.44720426 ], [ 2.14131192, 41.44720425 ], [ 2.14131071, 41.44720514 ], [ 2.14130951, 41.44720513 ], [ 2.14130832, 41.44720512 ], [ 2.14130712, 41.44720511 ], [ 2.14130592, 41.4472051 ], [ 2.14130473, 41.4472051 ], [ 2.14130353, 41.44720509 ], [ 2.14130233, 41.44720508 ], [ 2.14130113, 41.44720507 ], [ 2.14129994, 41.44720506 ], [ 2.14129874, 41.44720505 ], [ 2.14129753, 41.44720594 ], [ 2.14129633, 41.44720593 ], [ 2.14129514, 41.44720592 ], [ 2.14129394, 41.44720592 ], [ 2.14129274, 41.44720591 ], [ 2.14129155, 41.4472059 ], [ 2.14129035, 41.44720589 ], [ 2.14128915, 41.44720588 ], [ 2.14128795, 41.44720587 ], [ 2.14128676, 41.44720586 ], [ 2.14128555, 41.44720675 ], [ 2.14128435, 41.44720674 ], [ 2.14128315, 41.44720674 ], [ 2.14128196, 41.44720673 ], [ 2.14128076, 41.44720672 ], [ 2.14127956, 41.44720671 ], [ 2.14127837, 41.4472067 ], [ 2.14127717, 41.44720669 ], [ 2.14127597, 41.44720668 ], [ 2.14127478, 41.44720667 ], [ 2.14127357, 41.44720757 ], [ 2.14127237, 41.44720756 ], [ 2.14127117, 41.44720755 ], [ 2.14126998, 41.44720754 ], [ 2.14126878, 41.44720753 ], [ 2.14126758, 41.44720752 ], [ 2.14126638, 41.44720751 ], [ 2.14126519, 41.4472075 ], [ 2.14126399, 41.44720749 ], [ 2.14126278, 41.44720839 ], [ 2.14126158, 41.44720838 ], [ 2.14126039, 41.44720837 ], [ 2.14125919, 41.44720836 ], [ 2.14125799, 41.44720835 ], [ 2.1412568, 41.44720834 ], [ 2.1412556, 41.44720833 ], [ 2.1412544, 41.44720832 ], [ 2.14125319, 41.44720921 ], [ 2.141252, 41.44720921 ], [ 2.1412508, 41.4472092 ], [ 2.1412496, 41.44720919 ], [ 2.14124841, 41.44720918 ], [ 2.14124721, 41.44720917 ], [ 2.14124601, 41.44720916 ], [ 2.14124481, 41.44720915 ], [ 2.14124362, 41.44720914 ], [ 2.14124241, 41.44721003 ], [ 2.14124121, 41.44721003 ], [ 2.14124001, 41.44721002 ], [ 2.14123882, 41.44721001 ], [ 2.14123762, 41.44721 ], [ 2.14123642, 41.44720999 ], [ 2.14123523, 41.44720998 ], [ 2.14123402, 41.44721087 ], [ 2.14123282, 41.44721086 ], [ 2.14123162, 41.44721085 ], [ 2.14123043, 41.44721085 ], [ 2.14122923, 41.44721084 ], [ 2.14122803, 41.44721083 ], [ 2.14122684, 41.44721082 ], [ 2.14122564, 41.44721081 ], [ 2.14121242, 41.44721431 ], [ 2.1412064, 41.44721697 ], [ 2.14119193, 41.44722497 ], [ 2.14118469, 41.44722942 ], [ 2.14117501, 41.44723745 ], [ 2.14116523, 41.44725269 ], [ 2.14115308, 41.44726611 ], [ 2.14113853, 41.44728042 ], [ 2.14113005, 41.44728756 ], [ 2.14111917, 41.44729559 ], [ 2.14109743, 41.44730984 ], [ 2.14106002, 41.44733298 ], [ 2.14101894, 41.44736149 ], [ 2.14099843, 41.44737305 ], [ 2.14098517, 41.44738016 ], [ 2.14095625, 41.44739435 ], [ 2.14093458, 41.4474041 ], [ 2.14088886, 41.44742087 ], [ 2.14084195, 41.44743763 ], [ 2.14081672, 41.44744465 ], [ 2.14079271, 41.44744988 ], [ 2.14074228, 41.44746121 ], [ 2.14069906, 41.44746989 ], [ 2.14067626, 41.44747423 ], [ 2.14065707, 41.44747679 ], [ 2.14061631, 41.44748099 ], [ 2.14058036, 41.44748432 ], [ 2.14056119, 41.44748508 ], [ 2.14050014, 41.44748462 ], [ 2.14049895, 41.44748461 ], [ 2.14049775, 41.4474846 ], [ 2.14049655, 41.44748459 ], [ 2.14049535, 41.44748459 ], [ 2.14049416, 41.44748458 ], [ 2.14049296, 41.44748457 ], [ 2.14049176, 41.44748456 ], [ 2.14049057, 41.44748455 ], [ 2.14048937, 41.44748454 ], [ 2.14048817, 41.44748453 ], [ 2.14048818, 41.44748363 ], [ 2.14048699, 41.44748362 ], [ 2.14048579, 41.44748361 ], [ 2.14048459, 41.4474836 ], [ 2.1404834, 41.4474836 ], [ 2.1404822, 41.44748359 ], [ 2.140481, 41.44748358 ], [ 2.1404798, 41.44748357 ], [ 2.14047861, 41.44748356 ], [ 2.14047741, 41.44748355 ], [ 2.14047621, 41.44748354 ], [ 2.14047502, 41.44748353 ], [ 2.14047382, 41.44748352 ], [ 2.14047262, 41.44748352 ], [ 2.14047143, 41.44748351 ], [ 2.14047023, 41.4474835 ], [ 2.14046903, 41.44748349 ], [ 2.14046783, 41.44748348 ], [ 2.14046664, 41.44748347 ], [ 2.14046544, 41.44748346 ], [ 2.14046424, 41.44748345 ], [ 2.14046305, 41.44748344 ], [ 2.14046185, 41.44748343 ], [ 2.14046065, 41.44748343 ], [ 2.14045946, 41.44748342 ], [ 2.14045826, 41.44748341 ], [ 2.14045706, 41.4474834 ], [ 2.14045586, 41.44748339 ], [ 2.14045467, 41.44748338 ], [ 2.14045347, 41.44748337 ], [ 2.14045227, 41.44748336 ], [ 2.14045108, 41.44748335 ], [ 2.14044988, 41.44748335 ], [ 2.14044868, 41.44748334 ], [ 2.14044748, 41.44748333 ], [ 2.14044629, 41.44748332 ], [ 2.14044509, 41.44748331 ], [ 2.14044389, 41.4474833 ], [ 2.1404427, 41.44748329 ], [ 2.1404415, 41.44748328 ], [ 2.1404403, 41.44748327 ], [ 2.14043911, 41.44748326 ], [ 2.14043791, 41.44748326 ], [ 2.14043671, 41.44748325 ], [ 2.14043551, 41.44748324 ], [ 2.14043432, 41.44748323 ], [ 2.14043312, 41.44748322 ], [ 2.14043192, 41.44748321 ], [ 2.14043073, 41.4474832 ], [ 2.14042953, 41.44748319 ], [ 2.14042833, 41.44748318 ], [ 2.14042714, 41.44748318 ], [ 2.14042594, 41.44748317 ], [ 2.14042474, 41.44748316 ], [ 2.14042354, 41.44748315 ], [ 2.14042235, 41.44748314 ], [ 2.14042115, 41.44748313 ], [ 2.14041995, 41.44748312 ], [ 2.14041876, 41.44748311 ], [ 2.14041756, 41.4474831 ], [ 2.14041636, 41.44748309 ], [ 2.14041516, 41.44748309 ], [ 2.14041397, 41.44748308 ], [ 2.14041277, 41.44748307 ], [ 2.14041157, 41.44748306 ], [ 2.14041038, 41.44748305 ], [ 2.14040918, 41.44748304 ], [ 2.14040798, 41.44748303 ], [ 2.14040679, 41.44748302 ], [ 2.14040559, 41.44748301 ], [ 2.14040439, 41.44748301 ], [ 2.14040319, 41.447483 ], [ 2.140402, 41.44748299 ], [ 2.14040079, 41.44748388 ], [ 2.14039959, 41.44748387 ], [ 2.14039839, 41.44748386 ], [ 2.1403972, 41.44748385 ], [ 2.140396, 41.44748384 ], [ 2.1403948, 41.44748383 ], [ 2.14039361, 41.44748383 ], [ 2.14039241, 41.44748382 ], [ 2.14039121, 41.44748381 ], [ 2.14039002, 41.4474838 ], [ 2.14038882, 41.44748379 ], [ 2.14038762, 41.44748378 ], [ 2.14038642, 41.44748377 ], [ 2.14038523, 41.44748376 ], [ 2.14038403, 41.44748375 ], [ 2.14038283, 41.44748374 ], [ 2.14038164, 41.44748374 ], [ 2.14038044, 41.44748373 ], [ 2.14037924, 41.44748372 ], [ 2.14037804, 41.44748371 ], [ 2.14037685, 41.4474837 ], [ 2.14037565, 41.44748369 ], [ 2.14037445, 41.44748368 ], [ 2.14037324, 41.44748457 ], [ 2.14037205, 41.44748457 ], [ 2.14037085, 41.44748456 ], [ 2.14036965, 41.44748455 ], [ 2.14036846, 41.44748454 ], [ 2.14036726, 41.44748453 ], [ 2.14036606, 41.44748452 ], [ 2.14036487, 41.44748451 ], [ 2.14036367, 41.4474845 ], [ 2.14036247, 41.44748449 ], [ 2.14036127, 41.44748448 ], [ 2.14036008, 41.44748448 ], [ 2.14035888, 41.44748447 ], [ 2.14035768, 41.44748446 ], [ 2.14035649, 41.44748445 ], [ 2.14035529, 41.44748444 ], [ 2.14035409, 41.44748443 ], [ 2.14035288, 41.44748532 ], [ 2.14035169, 41.44748531 ], [ 2.14035049, 41.4474853 ], [ 2.14034929, 41.4474853 ], [ 2.14034809, 41.44748529 ], [ 2.1403469, 41.44748528 ], [ 2.1403457, 41.44748527 ], [ 2.1403445, 41.44748526 ], [ 2.14034331, 41.44748525 ], [ 2.14034211, 41.44748524 ], [ 2.14034091, 41.44748523 ], [ 2.14033972, 41.44748522 ], [ 2.14033852, 41.44748522 ], [ 2.14033732, 41.44748521 ], [ 2.14033611, 41.4474861 ], [ 2.14033492, 41.44748609 ], [ 2.14033372, 41.44748608 ], [ 2.14033252, 41.44748607 ], [ 2.14033132, 41.44748606 ], [ 2.14033013, 41.44748605 ], [ 2.14032893, 41.44748604 ], [ 2.14032773, 41.44748604 ], [ 2.14032654, 41.44748603 ], [ 2.14032534, 41.44748602 ], [ 2.14032414, 41.44748601 ], [ 2.14032295, 41.447486 ], [ 2.14032174, 41.44748689 ], [ 2.14032054, 41.44748688 ], [ 2.14031934, 41.44748687 ], [ 2.14031815, 41.44748686 ], [ 2.14031695, 41.44748686 ], [ 2.14031575, 41.44748685 ], [ 2.14031455, 41.44748684 ], [ 2.14031336, 41.44748683 ], [ 2.14031216, 41.44748682 ], [ 2.14031096, 41.44748681 ], [ 2.14030977, 41.4474868 ], [ 2.14030856, 41.44748769 ], [ 2.14030736, 41.44748768 ], [ 2.14030616, 41.44748768 ], [ 2.14030497, 41.44748767 ], [ 2.14030377, 41.44748766 ], [ 2.14030257, 41.44748765 ], [ 2.14030137, 41.44748764 ], [ 2.14030018, 41.44748763 ], [ 2.14029898, 41.44748762 ], [ 2.14029777, 41.44748851 ], [ 2.14029657, 41.4474885 ], [ 2.14029538, 41.4474885 ], [ 2.14029418, 41.44748849 ], [ 2.14029298, 41.44748848 ], [ 2.14029179, 41.44748847 ], [ 2.14029059, 41.44748846 ], [ 2.14028939, 41.44748845 ], [ 2.14028818, 41.44748934 ], [ 2.14028699, 41.44748933 ], [ 2.14028579, 41.44748932 ], [ 2.14028459, 41.44748932 ], [ 2.1402834, 41.44748931 ], [ 2.1402822, 41.4474893 ], [ 2.140281, 41.44748929 ], [ 2.1402798, 41.44748928 ], [ 2.1402786, 41.44749017 ], [ 2.1402774, 41.44749016 ], [ 2.1402762, 41.44749015 ], [ 2.140275, 41.44749015 ], [ 2.14027381, 41.44749014 ], [ 2.14027261, 41.44749013 ], [ 2.1402714, 41.44749102 ], [ 2.1402702, 41.44749101 ], [ 2.14026901, 41.447491 ], [ 2.14026781, 41.44749099 ], [ 2.14026661, 41.44749098 ], [ 2.14026542, 41.44749097 ], [ 2.14026422, 41.44749097 ], [ 2.14026301, 41.44749186 ], [ 2.14026181, 41.44749185 ], [ 2.14026062, 41.44749184 ], [ 2.14025942, 41.44749183 ], [ 2.14025822, 41.44749182 ], [ 2.14025703, 41.44749181 ], [ 2.14025582, 41.4474927 ], [ 2.14025462, 41.44749269 ], [ 2.14025342, 41.44749269 ], [ 2.14025222, 41.44749268 ], [ 2.14025103, 41.44749267 ], [ 2.14024983, 41.44749266 ], [ 2.14024862, 41.44749355 ], [ 2.14024742, 41.44749354 ], [ 2.14024623, 41.44749353 ], [ 2.14024503, 41.44749352 ], [ 2.14024383, 41.44749352 ], [ 2.14024264, 41.44749351 ], [ 2.14024143, 41.4474944 ], [ 2.14024023, 41.44749439 ], [ 2.14023903, 41.44749438 ], [ 2.14023784, 41.44749437 ], [ 2.14023663, 41.44749526 ], [ 2.14023543, 41.44749525 ], [ 2.14023423, 41.44749524 ], [ 2.14023304, 41.44749524 ], [ 2.14023184, 41.44749523 ], [ 2.14023064, 41.44749522 ], [ 2.14022943, 41.44749611 ], [ 2.14022824, 41.4474961 ], [ 2.14022704, 41.44749609 ], [ 2.14022584, 41.44749608 ], [ 2.14022465, 41.44749607 ], [ 2.14022344, 41.44749697 ], [ 2.14022224, 41.44749696 ], [ 2.14022104, 41.44749695 ], [ 2.14021985, 41.44749694 ], [ 2.14021865, 41.44749693 ], [ 2.14021744, 41.44749782 ], [ 2.14021624, 41.44749781 ], [ 2.14021505, 41.4474978 ], [ 2.14021385, 41.44749779 ], [ 2.14021264, 41.44749869 ], [ 2.14021144, 41.44749868 ], [ 2.14021025, 41.44749867 ], [ 2.14020905, 41.44749866 ], [ 2.14020785, 41.44749865 ], [ 2.14020664, 41.44749954 ], [ 2.14020545, 41.44749953 ], [ 2.14020425, 41.44749952 ], [ 2.14020305, 41.44749952 ], [ 2.14020184, 41.44750041 ], [ 2.14020065, 41.4475004 ], [ 2.14019945, 41.44750039 ], [ 2.14019825, 41.44750038 ], [ 2.14019705, 41.44750037 ], [ 2.14019585, 41.44750126 ], [ 2.14019465, 41.44750125 ], [ 2.14019345, 41.44750125 ], [ 2.14019225, 41.44750124 ], [ 2.14019105, 41.44750213 ], [ 2.14018985, 41.44750212 ], [ 2.14018865, 41.44750211 ], [ 2.14018744, 41.447503 ], [ 2.14018625, 41.44750299 ], [ 2.14018505, 41.44750298 ], [ 2.14018385, 41.44750297 ], [ 2.14018264, 41.44750387 ], [ 2.14018145, 41.44750386 ], [ 2.14018025, 41.44750385 ], [ 2.14017905, 41.44750384 ], [ 2.14017784, 41.44750473 ], [ 2.14017665, 41.44750472 ], [ 2.14017545, 41.44750471 ], [ 2.14017425, 41.4475047 ], [ 2.14017304, 41.4475056 ], [ 2.14017185, 41.44750559 ], [ 2.14017065, 41.44750558 ], [ 2.14016945, 41.44750557 ], [ 2.14016824, 41.44750646 ], [ 2.14016705, 41.44750645 ], [ 2.14016585, 41.44750644 ], [ 2.14016465, 41.44750643 ], [ 2.14016344, 41.44750733 ], [ 2.14016225, 41.44750732 ], [ 2.14016105, 41.44750731 ], [ 2.14015985, 41.4475073 ], [ 2.14015864, 41.44750819 ], [ 2.14015744, 41.44750818 ], [ 2.14015625, 41.44750817 ], [ 2.14015504, 41.44750906 ], [ 2.14015384, 41.44750906 ], [ 2.14015264, 41.44750905 ], [ 2.14015144, 41.44750994 ], [ 2.14015024, 41.44750993 ], [ 2.14014904, 41.44750992 ], [ 2.14014784, 41.44750991 ], [ 2.14014664, 41.4475108 ], [ 2.14014544, 41.44751079 ], [ 2.14014424, 41.44751079 ], [ 2.14014303, 41.44751168 ], [ 2.14014184, 41.44751167 ], [ 2.14014064, 41.44751166 ], [ 2.14013944, 41.44751165 ], [ 2.14013823, 41.44751254 ], [ 2.14013704, 41.44751253 ], [ 2.14013584, 41.44751252 ], [ 2.14013463, 41.44751342 ], [ 2.14013343, 41.44751341 ], [ 2.14013224, 41.4475134 ], [ 2.14013103, 41.44751429 ], [ 2.14012983, 41.44751428 ], [ 2.14012863, 41.44751427 ], [ 2.14012744, 41.44751426 ], [ 2.14012742, 41.44751516 ], [ 2.14012623, 41.44751515 ], [ 2.14012503, 41.44751515 ], [ 2.14012382, 41.44751604 ], [ 2.14012262, 41.44751603 ], [ 2.14012143, 41.44751602 ], [ 2.14012022, 41.44751691 ], [ 2.14011902, 41.4475169 ], [ 2.14011782, 41.44751689 ], [ 2.14011661, 41.44751778 ], [ 2.14011542, 41.44751778 ], [ 2.14011422, 41.44751777 ], [ 2.14011301, 41.44751866 ], [ 2.14011181, 41.44751865 ], [ 2.14011062, 41.44751864 ], [ 2.14010941, 41.44751953 ], [ 2.14010821, 41.44751952 ], [ 2.14010701, 41.44751951 ], [ 2.14010581, 41.44752041 ], [ 2.14010461, 41.4475204 ], [ 2.1401034, 41.44752129 ], [ 2.1401022, 41.44752128 ], [ 2.14010101, 41.44752127 ], [ 2.1400998, 41.44752216 ], [ 2.1400986, 41.44752215 ], [ 2.1400974, 41.44752214 ], [ 2.14009619, 41.44752304 ], [ 2.140095, 41.44752303 ], [ 2.1400938, 41.44752302 ], [ 2.14009259, 41.44752391 ], [ 2.14009139, 41.4475239 ], [ 2.1400902, 41.44752389 ], [ 2.14008899, 41.44752478 ], [ 2.14008779, 41.44752478 ], [ 2.14008659, 41.44752477 ], [ 2.14008658, 41.44752567 ], [ 2.14008538, 41.44752566 ], [ 2.14008419, 41.44752565 ], [ 2.14008298, 41.44752654 ], [ 2.14008178, 41.44752653 ], [ 2.14008058, 41.44752652 ], [ 2.14007938, 41.44752741 ], [ 2.14007818, 41.44752741 ], [ 2.14007698, 41.4475274 ], [ 2.14007577, 41.44752829 ], [ 2.14007458, 41.44752828 ], [ 2.14007337, 41.44752917 ], [ 2.14007217, 41.44752916 ], [ 2.14007097, 41.44752915 ], [ 2.14006976, 41.44753005 ], [ 2.14006857, 41.44753004 ], [ 2.14006736, 41.44753093 ], [ 2.14006616, 41.44753092 ], [ 2.14006495, 41.44753181 ], [ 2.14006375, 41.4475318 ], [ 2.14006256, 41.44753179 ], [ 2.14006135, 41.44753268 ], [ 2.14006015, 41.44753268 ], [ 2.14005895, 41.44753267 ], [ 2.14005775, 41.44753356 ], [ 2.14005655, 41.44753355 ], [ 2.14005534, 41.44753444 ], [ 2.14005414, 41.44753443 ], [ 2.14005293, 41.44753532 ], [ 2.14005174, 41.44753531 ], [ 2.14005053, 41.44753621 ], [ 2.14004933, 41.4475362 ], [ 2.14004813, 41.44753619 ], [ 2.14004693, 41.44753708 ], [ 2.14004573, 41.44753707 ], [ 2.14004453, 41.44753706 ], [ 2.14004332, 41.44753795 ], [ 2.14004212, 41.44753795 ], [ 2.14004092, 41.44753884 ], [ 2.14003972, 41.44753883 ], [ 2.14003851, 41.44753972 ], [ 2.14003731, 41.44753971 ], [ 2.1400361, 41.4475406 ], [ 2.14003491, 41.44754059 ], [ 2.14003371, 41.44754058 ], [ 2.1400325, 41.44754148 ], [ 2.1400313, 41.44754147 ], [ 2.1400301, 41.44754236 ], [ 2.1400289, 41.44754235 ], [ 2.14002889, 41.44754325 ], [ 2.14002769, 41.44754324 ], [ 2.14002649, 41.44754323 ], [ 2.14002528, 41.44754412 ], [ 2.14002409, 41.44754412 ], [ 2.14002288, 41.44754501 ], [ 2.14002168, 41.447545 ], [ 2.14002048, 41.44754499 ], [ 2.14001927, 41.44754588 ], [ 2.14001808, 41.44754587 ], [ 2.14001687, 41.44754676 ], [ 2.14001566, 41.44754766 ], [ 2.14001446, 41.44754765 ], [ 2.14001327, 41.44754764 ], [ 2.14001206, 41.44754853 ], [ 2.14001086, 41.44754852 ], [ 2.14000965, 41.44754941 ], [ 2.14000845, 41.4475494 ], [ 2.14000724, 41.44755029 ], [ 2.14000605, 41.44755029 ], [ 2.14000604, 41.44755119 ], [ 2.14000484, 41.44755118 ], [ 2.14000364, 41.44755117 ], [ 2.14000243, 41.44755206 ], [ 2.14000124, 41.44755205 ], [ 2.14000003, 41.44755294 ], [ 2.13999883, 41.44755293 ], [ 2.13999762, 41.44755383 ], [ 2.13999521, 41.44755471 ], [ 2.13999401, 41.4475556 ], [ 2.13999281, 41.44755559 ], [ 2.1399904, 41.44755647 ], [ 2.13998919, 41.44755737 ], [ 2.13998679, 41.44755825 ], [ 2.13998317, 41.44756002 ], [ 2.13997834, 41.44756359 ], [ 2.1399506, 41.44757869 ], [ 2.13993613, 41.44758669 ], [ 2.13992166, 41.44759469 ], [ 2.13989032, 41.44761067 ], [ 2.13988911, 41.44761156 ], [ 2.13988792, 41.44761155 ], [ 2.13988671, 41.44761245 ], [ 2.13988551, 41.44761244 ], [ 2.1398843, 41.44761333 ], [ 2.1398831, 41.44761332 ], [ 2.1398819, 41.44761421 ], [ 2.1398807, 41.4476142 ], [ 2.13987949, 41.44761509 ], [ 2.13987829, 41.44761508 ], [ 2.13987708, 41.44761598 ], [ 2.13987589, 41.44761597 ], [ 2.13987469, 41.44761596 ], [ 2.13987348, 41.44761685 ], [ 2.13987228, 41.44761684 ], [ 2.13987109, 41.44761683 ], [ 2.13986989, 41.44761682 ], [ 2.13986868, 41.44761772 ], [ 2.13986748, 41.44761771 ], [ 2.13986629, 41.4476177 ], [ 2.13986508, 41.44761859 ], [ 2.13986388, 41.44761858 ], [ 2.13986268, 41.44761857 ], [ 2.13986149, 41.44761856 ], [ 2.13986029, 41.44761855 ], [ 2.13985908, 41.44761944 ], [ 2.13985788, 41.44761944 ], [ 2.13985669, 41.44761943 ], [ 2.13985549, 41.44761942 ], [ 2.13985429, 41.44761941 ], [ 2.1398531, 41.4476194 ], [ 2.1398519, 41.44761939 ], [ 2.13985069, 41.44762028 ], [ 2.13984949, 41.44762027 ], [ 2.1398483, 41.44762026 ], [ 2.1398471, 41.44762026 ], [ 2.1398459, 41.44762025 ], [ 2.1398447, 41.44762024 ], [ 2.13984351, 41.44762023 ], [ 2.13983752, 41.44762018 ], [ 2.13982795, 41.44762011 ], [ 2.13975489, 41.44762227 ], [ 2.13969494, 41.44762903 ], [ 2.13968056, 41.44763072 ], [ 2.13957984, 41.44764258 ], [ 2.13946952, 41.44765616 ], [ 2.13939275, 41.4476673 ], [ 2.1392884, 41.44768273 ], [ 2.13918051, 41.44769363 ], [ 2.13903903, 41.44770969 ], [ 2.13893949, 41.44772336 ], [ 2.13882318, 41.4477369 ], [ 2.13872122, 41.44775235 ], [ 2.13866722, 41.44776185 ], [ 2.13849784, 41.44780562 ], [ 2.13829731, 41.44785186 ], [ 2.13814574, 41.44790657 ], [ 2.1380077, 41.44793436 ], [ 2.13792376, 41.44794454 ], [ 2.13781227, 41.44795631 ], [ 2.13771779, 41.4479493 ], [ 2.13764278, 41.44791811 ], [ 2.13758683, 41.44789427 ], [ 2.13749307, 41.44783232 ], [ 2.13744209, 41.44779501 ], [ 2.13740177, 41.44776588 ], [ 2.13731136, 41.44772287 ], [ 2.13723656, 41.44767547 ], [ 2.13719726, 41.44765986 ], [ 2.13710684, 41.44761775 ], [ 2.1370216, 41.44763602 ], [ 2.13694475, 41.44765346 ], [ 2.13681257, 41.4476903 ], [ 2.1366287, 41.44774387 ], [ 2.13649789, 41.44767713 ], [ 2.13634438, 41.44760752 ], [ 2.1361488, 41.44755111 ], [ 2.1359532, 41.4474956 ], [ 2.13573735, 41.44743272 ], [ 2.13543011, 41.44749076 ], [ 2.13535692, 41.44750282 ], [ 2.13523322, 41.44753252 ], [ 2.13519603, 41.44753855 ], [ 2.13517441, 41.44754379 ], [ 2.13501471, 41.44757952 ], [ 2.13491276, 41.44759406 ], [ 2.13482298, 41.44759339 ], [ 2.13477284, 41.4475831 ], [ 2.13473123, 41.44756117 ], [ 2.13471494, 41.44752592 ], [ 2.13468322, 41.44748064 ], [ 2.13463267, 41.44741091 ], [ 2.13461203, 41.44725222 ], [ 2.13458425, 41.44709078 ], [ 2.13449028, 41.44695496 ], [ 2.13444102, 41.44687803 ], [ 2.13433392, 41.44673941 ], [ 2.13425291, 41.4466199 ], [ 2.13415515, 41.44649937 ], [ 2.13407395, 41.44639427 ], [ 2.13401536, 41.44629835 ], [ 2.13394729, 41.44619605 ], [ 2.13388161, 41.44609378 ], [ 2.13384045, 41.44603852 ], [ 2.13380384, 41.44600041 ], [ 2.13373182, 41.44592511 ], [ 2.13361141, 41.4457972 ], [ 2.13349294, 41.44570443 ], [ 2.13339791, 41.44564877 ], [ 2.13320383, 41.44556984 ], [ 2.13309776, 41.44553392 ], [ 2.13301197, 41.44550355 ], [ 2.1329323, 41.44546331 ], [ 2.13290763, 41.445428 ], [ 2.13289516, 41.44537566 ], [ 2.13289825, 41.44532344 ], [ 2.13288361, 41.44525397 ], [ 2.13287723, 41.44519358 ], [ 2.13288784, 41.44511619 ], [ 2.13290197, 41.44504424 ], [ 2.13290691, 41.44494249 ], [ 2.13288201, 41.44483512 ], [ 2.13286375, 41.44476742 ], [ 2.13285322, 41.44472623 ], [ 2.13284782, 41.44470515 ], [ 2.13281876, 41.44464008 ], [ 2.13278212, 41.44460467 ], [ 2.1327395, 41.44456922 ], [ 2.13270026, 41.44454911 ], [ 2.13263483, 41.44451889 ], [ 2.1325399, 41.44445603 ], [ 2.13246062, 41.44438607 ], [ 2.1323753, 41.44432058 ], [ 2.13229358, 41.44425511 ], [ 2.13221155, 41.44421215 ], [ 2.1321127, 41.44417358 ], [ 2.13202329, 41.44414588 ], [ 2.13182151, 41.44410652 ], [ 2.13161735, 41.44406535 ], [ 2.13146584, 41.44402638 ], [ 2.13135601, 41.44400393 ], [ 2.13121783, 41.44395244 ], [ 2.13108903, 41.44391634 ], [ 2.13094812, 41.44389006 ], [ 2.13085129, 41.44388032 ], [ 2.13078572, 41.44386001 ], [ 2.1307191, 41.44382888 ], [ 2.13068256, 41.44378627 ], [ 2.13064052, 41.44370668 ], [ 2.13062358, 41.44363089 ], [ 2.13055512, 41.44355832 ], [ 2.13026389, 41.44331472 ], [ 2.13010645, 41.44318202 ], [ 2.12994372, 41.44302986 ], [ 2.12994374, 41.44302962 ], [ 2.12996743, 41.44264963 ], [ 2.12994477, 41.4424736 ], [ 2.12980414, 41.44234809 ], [ 2.1296495, 41.44209899 ], [ 2.12960135, 41.44204825 ], [ 2.12950009, 41.44191267 ], [ 2.12951154, 41.44174355 ], [ 2.12992484, 41.44116823 ], [ 2.12995566, 41.44108619 ], [ 2.12995766, 41.44095185 ], [ 2.12992802, 41.44066978 ], [ 2.12990121, 41.44059718 ], [ 2.1298457, 41.44054186 ], [ 2.12944653, 41.44023363 ], [ 2.1293882, 41.44017444 ], [ 2.12935088, 41.44008457 ], [ 2.12937323, 41.43992759 ], [ 2.12939787, 41.43958151 ], [ 2.12936489, 41.43938317 ], [ 2.1294723, 41.43882889 ], [ 2.1294735, 41.43872994 ], [ 2.12941982, 41.43849883 ], [ 2.12929586, 41.43801887 ], [ 2.12927376, 41.43790905 ], [ 2.12926175, 41.43773668 ], [ 2.12923705, 41.43766304 ], [ 2.12921781, 41.4376237 ], [ 2.12865165, 41.43691562 ], [ 2.1286137, 41.43678992 ], [ 2.12859006, 41.43663374 ], [ 2.12860106, 41.43659804 ], [ 2.12877111, 41.43628874 ], [ 2.12879981, 41.43620779 ], [ 2.12884297, 41.43581322 ], [ 2.12880126, 41.43568871 ], [ 2.12878732, 41.43559618 ], [ 2.12878808, 41.43554404 ], [ 2.12880503, 41.43539015 ], [ 2.12881949, 41.43531894 ], [ 2.12884346, 41.43525103 ], [ 2.12884418, 41.43517789 ], [ 2.12883605, 41.43510469 ], [ 2.12879656, 41.43494796 ], [ 2.12877023, 41.43488279 ], [ 2.12869061, 41.43477227 ], [ 2.12863027, 41.43467138 ], [ 2.12849643, 41.43439104 ], [ 2.12844882, 41.43432574 ], [ 2.1283853, 41.4342245 ], [ 2.1283313, 41.4340602 ], [ 2.12830906, 41.43394872 ], [ 2.12831048, 41.43386618 ], [ 2.12833098, 41.43373944 ], [ 2.12830103, 41.43352179 ], [ 2.12827059, 41.43350936 ], [ 2.12815441, 41.4334765 ], [ 2.12769511, 41.43326622 ], [ 2.12753674, 41.43313993 ], [ 2.12734503, 41.43284459 ], [ 2.12726603, 41.43263172 ], [ 2.12679294, 41.43214431 ], [ 2.12669564, 41.43204976 ], [ 2.12652109, 41.4318468 ], [ 2.12642359, 41.43167521 ], [ 2.12652716, 41.43160954 ], [ 2.12651459, 41.43159916 ], [ 2.12410964, 41.42961397 ], [ 2.12387131, 41.42943923 ], [ 2.12366807, 41.42931507 ], [ 2.12265776, 41.42876158 ], [ 2.12275898, 41.42866402 ], [ 2.1228214, 41.42868369 ], [ 2.12292199, 41.42870222 ], [ 2.12300391, 41.42870572 ], [ 2.12308198, 41.42869355 ], [ 2.12199651, 41.4265284 ], [ 2.12126825, 41.4258308 ], [ 2.12126689, 41.42583184 ], [ 2.12121495, 41.42578263 ], [ 2.12125387, 41.42575546 ], [ 2.12132168, 41.42567589 ], [ 2.12134715, 41.42562022 ], [ 2.12135893, 41.42555075 ], [ 2.12134386, 41.42546733 ], [ 2.12131122, 41.42538658 ], [ 2.12051526, 41.42410765 ], [ 2.12046791, 41.42394004 ], [ 2.12044997, 41.42374698 ], [ 2.12054509, 41.42311375 ], [ 2.12053732, 41.42305819 ], [ 2.12043831, 41.42280234 ] ] ] ] } },
{ "type": "Feature", "properties": { "id": "08", "kind": "district", "name": "Nou Barris" }, "geometry": { "type": "MultiPolygon", "coordinates": [ [ [ [ 2.15570737, 41.44568857 ], [ 2.15570764, 41.44565214 ], [ 2.15571809, 41.44560817 ], [ 2.155743, 41.4455852 ], [ 2.15578242, 41.44555887 ], [ 2.15583017, 41.44554873 ], [ 2.1559039, 41.44554585 ], [ 2.15602798, 41.44555121 ], [ 2.15606138, 41.44554902 ], [ 2.15610467, 41.44554363 ], [ 2.15625988, 41.4454975 ], [ 2.15635593, 41.44545789 ], [ 2.1564807, 41.44541307 ], [ 2.15661117, 41.44535095 ], [ 2.15671883, 41.44528883 ], [ 2.15682963, 41.44520919 ], [ 2.15691818, 41.4451516 ], [ 2.15699258, 41.44510808 ], [ 2.15711965, 41.44509285 ], [ 2.15737776, 41.44504401 ], [ 2.15747225, 41.44502107 ], [ 2.15752654, 41.44498823 ], [ 2.15770737, 41.44483484 ], [ 2.15783662, 41.44470629 ], [ 2.15790402, 41.44461864 ], [ 2.15794995, 41.44452764 ], [ 2.15796989, 41.44442289 ], [ 2.15798006, 41.44425204 ], [ 2.15799094, 41.44420474 ], [ 2.15803151, 41.44416308 ], [ 2.15817082, 41.44408472 ], [ 2.15829413, 41.44399832 ], [ 2.15833887, 41.44395286 ], [ 2.15840786, 41.44385518 ], [ 2.15847302, 41.44369473 ], [ 2.15849301, 41.4434798 ], [ 2.15854615, 41.44335691 ], [ 2.1586058, 41.44325931 ], [ 2.1586981, 41.44301095 ], [ 2.15892752, 41.44271301 ], [ 2.15898382, 41.44263066 ], [ 2.15904586, 41.44251863 ], [ 2.15911216, 41.4424343 ], [ 2.15918713, 41.44237603 ], [ 2.15943724, 41.44222797 ], [ 2.15969767, 41.442123 ], [ 2.1597516, 41.4422138 ], [ 2.15981801, 41.4422848 ], [ 2.15994487, 41.44237059 ], [ 2.15996844, 41.4423811 ], [ 2.15999611, 41.44235224 ], [ 2.16006679, 41.44227848 ], [ 2.16008651, 41.44225313 ], [ 2.160109, 41.44222423 ], [ 2.16012596, 41.44220243 ], [ 2.16033094, 41.44213439 ], [ 2.1604286, 41.44209885 ], [ 2.16049505, 41.44206927 ], [ 2.1605615, 41.44203968 ], [ 2.16056255, 41.44203921 ], [ 2.16057822, 41.44203224 ], [ 2.16058159, 41.44203073 ], [ 2.16059051, 41.44202676 ], [ 2.16059635, 41.44202416 ], [ 2.16059753, 41.44202364 ], [ 2.16059956, 41.44202274 ], [ 2.16108336, 41.44180733 ], [ 2.16128834, 41.44171606 ], [ 2.16139462, 41.44166874 ], [ 2.1613953, 41.44166844 ], [ 2.16149419, 41.44162559 ], [ 2.16153821, 41.44160652 ], [ 2.16163513, 41.44156452 ], [ 2.16171347, 41.44163115 ], [ 2.16240097, 41.44132518 ], [ 2.16240099, 41.441325 ], [ 2.16243596, 41.44101556 ], [ 2.16238794, 41.44089325 ], [ 2.16236996, 41.44079349 ], [ 2.16228057, 41.44078755 ], [ 2.16221222, 41.44078016 ], [ 2.16211758, 41.44075631 ], [ 2.16204183, 41.44073175 ], [ 2.16196123, 41.44070072 ], [ 2.16189003, 41.44066464 ], [ 2.16182601, 41.44062384 ], [ 2.161764, 41.44057815 ], [ 2.16170513, 41.44052607 ], [ 2.16164943, 41.44046383 ], [ 2.16160722, 41.44039771 ], [ 2.161574, 41.44033426 ], [ 2.16155017, 41.44027142 ], [ 2.16153835, 41.44019952 ], [ 2.16153126, 41.44013855 ], [ 2.16153305, 41.4400802 ], [ 2.16154168, 41.44001307 ], [ 2.16156058, 41.43994985 ], [ 2.16159804, 41.43987937 ], [ 2.1616393, 41.43981974 ], [ 2.16167267, 41.43977643 ], [ 2.16170193, 41.4397452 ], [ 2.16174942, 41.43970328 ], [ 2.16180022, 41.43966448 ], [ 2.16180029, 41.43966443 ], [ 2.1617119, 41.43941876 ], [ 2.16166424, 41.43928615 ], [ 2.16175791, 41.43924595 ], [ 2.16183561, 41.43918174 ], [ 2.16187884, 41.43912007 ], [ 2.16193769, 41.43904559 ], [ 2.16194983, 41.43903022 ], [ 2.16202161, 41.43894978 ], [ 2.16212052, 41.43885007 ], [ 2.16217273, 41.43880183 ], [ 2.16227516, 41.43871297 ], [ 2.16238227, 41.43862733 ], [ 2.16243964, 41.43858547 ], [ 2.16249924, 41.43854535 ], [ 2.1625609, 41.43850705 ], [ 2.16365575, 41.43786213 ], [ 2.1636597, 41.4378598 ], [ 2.16365231, 41.437853 ], [ 2.16363196, 41.43783427 ], [ 2.16361905, 41.43782239 ], [ 2.16360654, 41.43781088 ], [ 2.16359882, 41.43780378 ], [ 2.1635984, 41.43780339 ], [ 2.16359734, 41.43780242 ], [ 2.16359721, 41.4378023 ], [ 2.16359635, 41.43780151 ], [ 2.16356909, 41.43777643 ], [ 2.16354523, 41.43775448 ], [ 2.16353207, 41.43774236 ], [ 2.16348357, 41.43769774 ], [ 2.16345884, 41.43767498 ], [ 2.16341892, 41.43763669 ], [ 2.16341471, 41.43763264 ], [ 2.16341005, 41.43762817 ], [ 2.16339421, 41.43761297 ], [ 2.16338438, 41.43760354 ], [ 2.1633789, 41.43759829 ], [ 2.16336495, 41.43758491 ], [ 2.16334008, 41.43756104 ], [ 2.16332692, 41.43754842 ], [ 2.16328211, 41.43750618 ], [ 2.16327753, 41.43750186 ], [ 2.16318891, 41.43741916 ], [ 2.16316121, 41.43739331 ], [ 2.16313039, 41.43736454 ], [ 2.16313594, 41.4373616 ], [ 2.16313709, 41.43736099 ], [ 2.16315496, 41.43735153 ], [ 2.16319529, 41.43733018 ], [ 2.16320192, 41.43732668 ], [ 2.16320877, 41.43732321 ], [ 2.16323929, 41.43730782 ], [ 2.16322951, 41.43729836 ], [ 2.16321634, 41.43728563 ], [ 2.16321308, 41.43728248 ], [ 2.16325059, 41.43726061 ], [ 2.16328257, 41.43724197 ], [ 2.16329266, 41.43723609 ], [ 2.1633662, 41.43719324 ], [ 2.16337123, 41.4371903 ], [ 2.1634961, 41.43711754 ], [ 2.1635201, 41.43710355 ], [ 2.1634455, 41.43699489 ], [ 2.16339798, 41.43692568 ], [ 2.16336482, 41.4368774 ], [ 2.16334999, 41.43685579 ], [ 2.16331234, 41.43680096 ], [ 2.16330499, 41.43679027 ], [ 2.1632981, 41.43678023 ], [ 2.16329723, 41.43677896 ], [ 2.16328881, 41.43676654 ], [ 2.16327532, 41.43674661 ], [ 2.16325662, 41.43671898 ], [ 2.16325192, 41.43671204 ], [ 2.16324672, 41.43670436 ], [ 2.1632309, 41.43668101 ], [ 2.16316765, 41.43658759 ], [ 2.16321693, 41.43657402 ], [ 2.16333481, 41.43654156 ], [ 2.16426478, 41.43628545 ], [ 2.16420623, 41.43614804 ], [ 2.16417538, 41.43607563 ], [ 2.16380248, 41.43520048 ], [ 2.16358111, 41.43456331 ], [ 2.16357779, 41.43455143 ], [ 2.16347621, 41.43418779 ], [ 2.16315345, 41.43303232 ], [ 2.16311092, 41.43288007 ], [ 2.16311034, 41.4327124 ], [ 2.16310949, 41.43246398 ], [ 2.16314254, 41.43233176 ], [ 2.16315876, 41.43226686 ], [ 2.16319152, 41.43212112 ], [ 2.16323122, 41.43197697 ], [ 2.16332552, 41.4318218 ], [ 2.16340592, 41.43170084 ], [ 2.16364468, 41.43138768 ], [ 2.16408651, 41.43097581 ], [ 2.16431104, 41.43076581 ], [ 2.16483874, 41.43039615 ], [ 2.16614752, 41.42962594 ], [ 2.16614728, 41.4296258 ], [ 2.16496558, 41.42895553 ], [ 2.16479944, 41.42884889 ], [ 2.16378379, 41.42820673 ], [ 2.16363166, 41.42809678 ], [ 2.16368788, 41.42806505 ], [ 2.16379766, 41.4280097 ], [ 2.16387349, 41.42798615 ], [ 2.16401556, 41.42794607 ], [ 2.16422024, 41.42791121 ], [ 2.16443036, 41.42788671 ], [ 2.164543, 41.4278696 ], [ 2.16500443, 41.42779952 ], [ 2.16516477, 41.42777516 ], [ 2.16693499, 41.42759873 ], [ 2.16728624, 41.42756372 ], [ 2.16742913, 41.42754948 ], [ 2.16783988, 41.42749162 ], [ 2.16971115, 41.42722803 ], [ 2.16998062, 41.42717877 ], [ 2.17022781, 41.42711061 ], [ 2.17045243, 41.42704866 ], [ 2.17100913, 41.42689514 ], [ 2.17178105, 41.42668226 ], [ 2.17235405, 41.42652423 ], [ 2.17567361, 41.42560865 ], [ 2.17578758, 41.42557722 ], [ 2.17589527, 41.42553836 ], [ 2.17606402, 41.42545049 ], [ 2.17621239, 41.42545494 ], [ 2.17688056, 41.42547499 ], [ 2.17730345, 41.42548768 ], [ 2.17723113, 41.42711924 ], [ 2.17722127, 41.42734156 ], [ 2.17725715, 41.42776437 ], [ 2.1772919, 41.42817389 ], [ 2.17849002, 41.42798595 ], [ 2.17907018, 41.42789494 ], [ 2.17918035, 41.42787766 ], [ 2.17944334, 41.42783641 ], [ 2.17981965, 41.42782154 ], [ 2.18253247, 41.4277143 ], [ 2.18429837, 41.42764446 ], [ 2.18437365, 41.42835004 ], [ 2.18417439, 41.42864574 ], [ 2.1841221, 41.42872333 ], [ 2.18374019, 41.4292901 ], [ 2.18306446, 41.43019066 ], [ 2.18287678, 41.43044078 ], [ 2.18278653, 41.43063651 ], [ 2.18267235, 41.43120488 ], [ 2.18275153, 41.43174662 ], [ 2.1827625, 41.43177923 ], [ 2.18287699, 41.43211954 ], [ 2.18318904, 41.43304703 ], [ 2.18356254, 41.43415714 ], [ 2.18365147, 41.43442144 ], [ 2.18406682, 41.43565588 ], [ 2.18450989, 41.43697264 ], [ 2.18472849, 41.43762231 ], [ 2.18542902, 41.43970407 ], [ 2.18542908, 41.43970425 ], [ 2.18543008, 41.43970722 ], [ 2.18549464, 41.43989906 ], [ 2.18574026, 41.44073756 ], [ 2.18617572, 41.44222403 ], [ 2.18624135, 41.44244808 ], [ 2.18645201, 41.44316716 ], [ 2.18671966, 41.44397505 ], [ 2.18753832, 41.44644605 ], [ 2.18766219, 41.44681991 ], [ 2.1877097, 41.44696332 ], [ 2.18819378, 41.44842431 ], [ 2.18833745, 41.44885792 ], [ 2.18871151, 41.45011011 ], [ 2.18879924, 41.45068845 ], [ 2.18884753, 41.45150674 ], [ 2.18888331, 41.45203789 ], [ 2.18889863, 41.45269447 ], [ 2.18891151, 41.45324594 ], [ 2.18882214, 41.45418944 ], [ 2.18877549, 41.4548442 ], [ 2.18871807, 41.45504429 ], [ 2.18867504, 41.45526268 ], [ 2.18855672, 41.45565092 ], [ 2.18840906, 41.45597992 ], [ 2.18812295, 41.45662961 ], [ 2.18789087, 41.45690692 ], [ 2.18841438, 41.45709759 ], [ 2.1884146, 41.4570977 ], [ 2.18879082, 41.45730409 ], [ 2.18877632, 41.45731904 ], [ 2.1887699, 41.45732623 ], [ 2.1887561, 41.45734059 ], [ 2.188741, 41.45735711 ], [ 2.18873694, 41.45736167 ], [ 2.18856699, 41.45758289 ], [ 2.1885279, 41.45763028 ], [ 2.18847565, 41.45769163 ], [ 2.1884225, 41.45776725 ], [ 2.18830404, 41.45795341 ], [ 2.18822511, 41.45807621 ], [ 2.18816647, 41.45817077 ], [ 2.18811624, 41.45825048 ], [ 2.18811254, 41.45825606 ], [ 2.18808928, 41.45829113 ], [ 2.18808919, 41.45829126 ], [ 2.18807146, 41.45831801 ], [ 2.18806398, 41.45833344 ], [ 2.18805362, 41.45835477 ], [ 2.18802481, 41.45841413 ], [ 2.18798483, 41.45852121 ], [ 2.18794278, 41.45862472 ], [ 2.18793567, 41.45864956 ], [ 2.18792907, 41.45866285 ], [ 2.18790673, 41.45871955 ], [ 2.18788504, 41.45877459 ], [ 2.18787265, 41.45881078 ], [ 2.1878455, 41.45889012 ], [ 2.18782399, 41.45894486 ], [ 2.18779351, 41.45902244 ], [ 2.18778955, 41.45903252 ], [ 2.18774351, 41.4591497 ], [ 2.187719, 41.45923306 ], [ 2.18769739, 41.45934338 ], [ 2.18769481, 41.45935654 ], [ 2.18767818, 41.45944142 ], [ 2.18766325, 41.4595139 ], [ 2.18764798, 41.45958807 ], [ 2.18763647, 41.45964395 ], [ 2.18763175, 41.45970244 ], [ 2.18762426, 41.45976059 ], [ 2.18761504, 41.45983225 ], [ 2.18760099, 41.4599415 ], [ 2.18759777, 41.45997348 ], [ 2.18759531, 41.45999801 ], [ 2.18758559, 41.46009464 ], [ 2.1875403, 41.46058245 ], [ 2.18753346, 41.46065603 ], [ 2.18752771, 41.46071798 ], [ 2.18747318, 41.46130532 ], [ 2.18747105, 41.46132823 ], [ 2.1874622, 41.46142352 ], [ 2.18743799, 41.46168421 ], [ 2.18740221, 41.46206958 ], [ 2.18740092, 41.46208199 ], [ 2.18742232, 41.46208169 ], [ 2.1874445, 41.46208137 ], [ 2.18764134, 41.46211959 ], [ 2.18763995, 41.46213062 ], [ 2.18745366, 41.46379557 ], [ 2.18738019, 41.46447989 ], [ 2.18718162, 41.46628646 ], [ 2.18711103, 41.46710616 ], [ 2.1870605, 41.46771682 ], [ 2.1858026, 41.4677576 ], [ 2.18573816, 41.46776103 ], [ 2.18538198, 41.4677951 ], [ 2.18458312, 41.46819673 ], [ 2.18442185, 41.46824552 ], [ 2.18416911, 41.46828355 ], [ 2.18406501, 41.46829759 ], [ 2.18378539, 41.46829648 ], [ 2.183623, 41.468275 ], [ 2.18347086, 41.46822695 ], [ 2.183101, 41.46816347 ], [ 2.18267393, 41.46805218 ], [ 2.18238887, 41.46799651 ], [ 2.18202206, 41.46795197 ], [ 2.18189194, 41.46791353 ], [ 2.18168735, 41.46784305 ], [ 2.18069285, 41.46767316 ], [ 2.18051046, 41.46765868 ], [ 2.17979427, 41.4676187 ], [ 2.17941334, 41.467594 ], [ 2.17869485, 41.46818418 ], [ 2.1786403, 41.46794684 ], [ 2.17860586, 41.46768804 ], [ 2.17860974, 41.46742052 ], [ 2.17867142, 41.46708438 ], [ 2.17878879, 41.46680027 ], [ 2.17893562, 41.46653473 ], [ 2.17916672, 41.46621388 ], [ 2.1793357, 41.46602385 ], [ 2.17946564, 41.46587773 ], [ 2.17984428, 41.46550557 ], [ 2.18013733, 41.46526907 ], [ 2.1804212, 41.46508846 ], [ 2.18071191, 41.46494026 ], [ 2.18025368, 41.46482794 ], [ 2.17912386, 41.464551 ], [ 2.17885544, 41.4644852 ], [ 2.17862266, 41.46444323 ], [ 2.17843267, 41.46439925 ], [ 2.17812623, 41.46433328 ], [ 2.17780282, 41.46424334 ], [ 2.17746459, 41.46416146 ], [ 2.17725506, 41.46415149 ], [ 2.17707725, 41.46414503 ], [ 2.17695757, 41.46413239 ], [ 2.17692052, 41.46409217 ], [ 2.17661854, 41.46405283 ], [ 2.17625119, 41.46399006 ], [ 2.17621067, 41.46394456 ], [ 2.17617275, 41.46392803 ], [ 2.17599081, 41.46385799 ], [ 2.17573037, 41.46373303 ], [ 2.17562152, 41.46375094 ], [ 2.17491595, 41.46385222 ], [ 2.17487801, 41.46369928 ], [ 2.17478012, 41.46364345 ], [ 2.17452437, 41.46348399 ], [ 2.17435208, 41.46348401 ], [ 2.1743275, 41.46322949 ], [ 2.17435734, 41.46301603 ], [ 2.17435452, 41.46297172 ], [ 2.17427977, 41.4628195 ], [ 2.17424827, 41.4627319 ], [ 2.17416934, 41.46263722 ], [ 2.17407366, 41.46256372 ], [ 2.1739959, 41.46253945 ], [ 2.1738427, 41.46252928 ], [ 2.17376045, 41.46253524 ], [ 2.17370581, 41.46250366 ], [ 2.1734027, 41.46232846 ], [ 2.17293867, 41.46205721 ], [ 2.17264619, 41.46186885 ], [ 2.17254816, 41.46176641 ], [ 2.17238605, 41.46165579 ], [ 2.17213441, 41.46144281 ], [ 2.17189999, 41.46127089 ], [ 2.17174914, 41.46120501 ], [ 2.17172001, 41.4611666 ], [ 2.1716949, 41.4611376 ], [ 2.1716455, 41.46110967 ], [ 2.17152387, 41.46096286 ], [ 2.17142508, 41.46087574 ], [ 2.17140507, 41.46082198 ], [ 2.17122351, 41.46121343 ], [ 2.17082054, 41.46108273 ], [ 2.17064184, 41.46102368 ], [ 2.17050007, 41.46096213 ], [ 2.17001894, 41.4608443 ], [ 2.17001193, 41.46075432 ], [ 2.16954895, 41.46067711 ], [ 2.16940903, 41.46063496 ], [ 2.16928743, 41.46063022 ], [ 2.16909868, 41.46055093 ], [ 2.16842938, 41.46031997 ], [ 2.16831816, 41.4602849 ], [ 2.1682963, 41.46033828 ], [ 2.16828268, 41.46039513 ], [ 2.16826747, 41.46049658 ], [ 2.16825842, 41.46060247 ], [ 2.16826287, 41.46069723 ], [ 2.1682073, 41.46070088 ], [ 2.1681438, 41.46070403 ], [ 2.16732537, 41.46068025 ], [ 2.16730117, 41.46061876 ], [ 2.16725422, 41.46050716 ], [ 2.16724183, 41.46047227 ], [ 2.16725837, 41.4604151 ], [ 2.1672759, 41.46035477 ], [ 2.16728824, 41.46031912 ], [ 2.16733317, 41.46020602 ], [ 2.16735994, 41.46014324 ], [ 2.16739708, 41.46007736 ], [ 2.16745727, 41.46000789 ], [ 2.16752453, 41.45993121 ], [ 2.16739225, 41.45990828 ], [ 2.16731269, 41.45988675 ], [ 2.16723784, 41.45984886 ], [ 2.16716635, 41.45979999 ], [ 2.167014, 41.45963513 ], [ 2.1669453, 41.45950957 ], [ 2.16693439, 41.45949231 ], [ 2.16692139, 41.45917453 ], [ 2.1668222, 41.45907861 ], [ 2.16643892, 41.45870798 ], [ 2.16616225, 41.45846539 ], [ 2.16579921, 41.45841634 ], [ 2.16574076, 41.45837296 ], [ 2.16569782, 41.45830677 ], [ 2.16568697, 41.45827065 ], [ 2.16567007, 41.45818546 ], [ 2.16564794, 41.45810797 ], [ 2.16562325, 41.45802852 ], [ 2.16557241, 41.45798562 ], [ 2.1654987, 41.45792129 ], [ 2.16546364, 41.4578495 ], [ 2.16541571, 41.45777955 ], [ 2.16531663, 41.4576899 ], [ 2.16527134, 41.45761418 ], [ 2.16519557, 41.45751116 ], [ 2.16507961, 41.45733439 ], [ 2.16497409, 41.4571461 ], [ 2.16489346, 41.45705079 ], [ 2.16478161, 41.45688909 ], [ 2.16472081, 41.45679843 ], [ 2.16464418, 41.45669563 ], [ 2.16457561, 41.45658687 ], [ 2.16451499, 41.45648268 ], [ 2.16445235, 41.45637998 ], [ 2.16433882, 41.4561927 ], [ 2.16429558, 41.45613525 ], [ 2.16422879, 41.45604454 ], [ 2.16416868, 41.45579381 ], [ 2.16426675, 41.45560855 ], [ 2.16430072, 41.45544682 ], [ 2.16432579, 41.45535702 ], [ 2.16440659, 41.45511559 ], [ 2.16450593, 41.45501035 ], [ 2.16473339, 41.45494289 ], [ 2.16489018, 41.45483964 ], [ 2.16492386, 41.45477052 ], [ 2.16493954, 41.4546658 ], [ 2.16495624, 41.45448248 ], [ 2.16495608, 41.45433449 ], [ 2.16493083, 41.4542264 ], [ 2.16489186, 41.45404562 ], [ 2.16481991, 41.45392807 ], [ 2.16480239, 41.45385549 ], [ 2.16479731, 41.45377221 ], [ 2.16480752, 41.4536966 ], [ 2.16482575, 41.45363214 ], [ 2.16485851, 41.45347359 ], [ 2.16486147, 41.4534027 ], [ 2.16487499, 41.45330722 ], [ 2.16489648, 41.45322876 ], [ 2.16490144, 41.45316251 ], [ 2.16489015, 41.45310715 ], [ 2.16487141, 41.45299031 ], [ 2.1648623, 41.4529116 ], [ 2.1648363, 41.4528353 ], [ 2.16481381, 41.45274888 ], [ 2.16480126, 41.45267521 ], [ 2.16485953, 41.45260206 ], [ 2.16493809, 41.45252398 ], [ 2.16503345, 41.4524511 ], [ 2.16515962, 41.45236085 ], [ 2.16533268, 41.45224912 ], [ 2.16539291, 41.45215272 ], [ 2.16544788, 41.45204821 ], [ 2.16551389, 41.45191956 ], [ 2.16556848, 41.45179536 ], [ 2.16557526, 41.45174608 ], [ 2.16559264, 41.45166913 ], [ 2.16559788, 41.45157976 ], [ 2.16558425, 41.45152416 ], [ 2.16555592, 41.45148181 ], [ 2.16550545, 41.45143726 ], [ 2.16542626, 41.45138119 ], [ 2.16537382, 41.45134765 ], [ 2.16531035, 41.45131252 ], [ 2.16513974, 41.45124844 ], [ 2.16507525, 41.45122359 ], [ 2.16496334, 41.45117274 ], [ 2.16484298, 41.45111541 ], [ 2.16479211, 41.45109323 ], [ 2.16475671, 41.45106089 ], [ 2.16470688, 41.4509566 ], [ 2.16468017, 41.45091149 ], [ 2.16463828, 41.45085345 ], [ 2.16455908, 41.45077832 ], [ 2.1644881, 41.45072077 ], [ 2.16444767, 41.45068911 ], [ 2.16440314, 41.45063536 ], [ 2.16435882, 41.45056913 ], [ 2.16431919, 41.45047135 ], [ 2.16429159, 41.45038636 ], [ 2.16427406, 41.45029957 ], [ 2.16424591, 41.45018309 ], [ 2.16422364, 41.45010329 ], [ 2.16419711, 41.45002664 ], [ 2.16416644, 41.449942 ], [ 2.16417006, 41.44986563 ], [ 2.16414054, 41.44981523 ], [ 2.16410581, 41.44979824 ], [ 2.16407442, 41.44979251 ], [ 2.16403767, 41.4497858 ], [ 2.1638927, 41.44977135 ], [ 2.16375734, 41.44978556 ], [ 2.1636794, 41.44979455 ], [ 2.16357769, 41.44979859 ], [ 2.16347279, 41.449805 ], [ 2.16338065, 41.44980568 ], [ 2.16325584, 41.4497984 ], [ 2.163183, 41.44979042 ], [ 2.16307086, 41.44977753 ], [ 2.1629756, 41.44976809 ], [ 2.16287833, 41.44977786 ], [ 2.16278651, 41.44978926 ], [ 2.16268519, 41.44982646 ], [ 2.16259639, 41.44987962 ], [ 2.16249413, 41.44992985 ], [ 2.1623939, 41.44998646 ], [ 2.16229778, 41.45005266 ], [ 2.16218772, 41.45011639 ], [ 2.16211, 41.45016426 ], [ 2.16199501, 41.45022031 ], [ 2.16186046, 41.45025838 ], [ 2.16172469, 41.45027282 ], [ 2.16153267, 41.45028441 ], [ 2.16129529, 41.45030499 ], [ 2.16104283, 41.45032746 ], [ 2.16041354, 41.45033963 ], [ 2.16036949, 41.45032061 ], [ 2.16021135, 41.45033273 ], [ 2.16018523, 41.4503492 ], [ 2.15999805, 41.45043334 ], [ 2.15956162, 41.45050157 ], [ 2.15955986, 41.4505212 ], [ 2.15910949, 41.45051828 ], [ 2.15913088, 41.45044427 ], [ 2.15918132, 41.45035863 ], [ 2.15921247, 41.45031963 ], [ 2.15937496, 41.45019057 ], [ 2.15947769, 41.44996131 ], [ 2.15948661, 41.44976769 ], [ 2.15941931, 41.44959694 ], [ 2.15942567, 41.44950179 ], [ 2.15942476, 41.44939473 ], [ 2.15928313, 41.44926647 ], [ 2.15914844, 41.44907427 ], [ 2.15900902, 41.44889206 ], [ 2.15894482, 41.44882457 ], [ 2.15892285, 41.44880148 ], [ 2.15875064, 41.44853308 ], [ 2.1586393, 41.4484056 ], [ 2.15834092, 41.44807549 ], [ 2.15806967, 41.44782248 ], [ 2.15794023, 41.44771209 ], [ 2.15778044, 41.44761214 ], [ 2.15767658, 41.44755048 ], [ 2.15766535, 41.44754464 ], [ 2.15757683, 41.44749864 ], [ 2.15749347, 41.44747046 ], [ 2.15734, 41.44746058 ], [ 2.15720615, 41.44746315 ], [ 2.15709552, 41.44745179 ], [ 2.15704201, 41.44743257 ], [ 2.1570313, 41.4473979 ], [ 2.15704302, 41.44735455 ], [ 2.15706425, 41.44732695 ], [ 2.15711718, 41.44727945 ], [ 2.15725139, 41.44721737 ], [ 2.15742376, 41.44713057 ], [ 2.1574693, 41.44708594 ], [ 2.15751674, 41.44701902 ], [ 2.15754273, 41.44694926 ], [ 2.15756123, 41.44685415 ], [ 2.15759236, 41.44671285 ], [ 2.15759014, 41.44660846 ], [ 2.15751811, 41.44649311 ], [ 2.15741677, 41.44637395 ], [ 2.15731637, 41.44616792 ], [ 2.15725336, 41.44605177 ], [ 2.15721098, 41.44600572 ], [ 2.15716803, 41.44599247 ], [ 2.15708255, 41.44596172 ], [ 2.15665326, 41.44588176 ], [ 2.15642378, 41.44583475 ], [ 2.1562062, 41.44578767 ], [ 2.1560118, 41.44577758 ], [ 2.15590365, 41.44577819 ], [ 2.15583637, 41.44576536 ], [ 2.15583484, 41.44576507 ], [ 2.15579217, 41.44574866 ], [ 2.15575881, 41.44573232 ], [ 2.15570737, 41.44568857 ] ] ] ] } },
{ "type": "Feature", "properties": { "id": "09", "kind": "district", "name": "Sant Andreu" }, "geometry": { "type": "MultiPolygon", "coordinates": [ [ [ [ 2.18764134, 41.46211959 ], [ 2.1874445, 41.46208137 ], [ 2.18742232, 41.46208169 ], [ 2.18740092, 41.46208199 ], [ 2.18740221, 41.46206958 ], [ 2.18743799, 41.46168421 ], [ 2.1874622, 41.46142352 ], [ 2.18747105, 41.46132823 ], [ 2.18747318, 41.46130532 ], [ 2.18752771, 41.46071798 ], [ 2.18753346, 41.46065603 ], [ 2.1875403, 41.46058245 ], [ 2.18758559, 41.46009464 ], [ 2.18759531, 41.45999801 ], [ 2.18759777, 41.45997348 ], [ 2.18760099, 41.4599415 ], [ 2.18761504, 41.45983225 ], [ 2.18762426, 41.45976059 ], [ 2.18763175, 41.45970244 ], [ 2.18763647, 41.45964395 ], [ 2.18764798, 41.45958807 ], [ 2.18766325, 41.4595139 ], [ 2.18767818, 41.45944142 ], [ 2.18769481, 41.45935654 ], [ 2.18769739, 41.45934338 ], [ 2.187719, 41.45923306 ], [ 2.18774351, 41.4591497 ], [ 2.18778955, 41.45903252 ], [ 2.18779351, 41.45902244 ], [ 2.18782399, 41.45894486 ], [ 2.1878455, 41.45889012 ], [ 2.18787265, 41.45881078 ], [ 2.18788504, 41.45877459 ], [ 2.18790673, 41.45871955 ], [ 2.18792907, 41.45866285 ], [ 2.18793567, 41.45864956 ], [ 2.18794278, 41.45862472 ], [ 2.18798483, 41.45852121 ], [ 2.18802481, 41.45841413 ], [ 2.18805362, 41.45835477 ], [ 2.18806398, 41.45833344 ], [ 2.18807146, 41.45831801 ], [ 2.18808919, 41.45829126 ], [ 2.18808928, 41.45829113 ], [ 2.18811254, 41.45825606 ], [ 2.18811624, 41.45825048 ], [ 2.18816647, 41.45817077 ], [ 2.18822511, 41.45807621 ], [ 2.18830404, 41.45795341 ], [ 2.1884225, 41.45776725 ], [ 2.18847565, 41.45769163 ], [ 2.1885279, 41.45763028 ], [ 2.18856699, 41.45758289 ], [ 2.18873694, 41.45736167 ], [ 2.188741, 41.45735711 ], [ 2.1887561, 41.45734059 ], [ 2.1887699, 41.45732623 ], [ 2.18877632, 41.45731904 ], [ 2.18879081, 41.45730409 ], [ 2.1884146, 41.4570977 ], [ 2.18841439, 41.45709759 ], [ 2.18789087, 41.45690692 ], [ 2.18812295, 41.45662961 ], [ 2.18840906, 41.45597992 ], [ 2.18855672, 41.45565092 ], [ 2.18867504, 41.45526268 ], [ 2.18871807, 41.45504429 ], [ 2.18877549, 41.4548442 ], [ 2.18882214, 41.45418944 ], [ 2.18891151, 41.45324594 ], [ 2.18889863, 41.45269447 ], [ 2.18888331, 41.45203789 ], [ 2.18884753, 41.45150674 ], [ 2.18879924, 41.45068845 ], [ 2.18871151, 41.45011011 ], [ 2.18833745, 41.44885792 ], [ 2.18819378, 41.44842431 ], [ 2.1877097, 41.44696332 ], [ 2.18766219, 41.44681991 ], [ 2.18753832, 41.44644605 ], [ 2.18671966, 41.44397505 ], [ 2.18645201, 41.44316716 ], [ 2.18624135, 41.44244808 ], [ 2.18617572, 41.44222403 ], [ 2.18574026, 41.44073756 ], [ 2.18549464, 41.43989906 ], [ 2.18543008, 41.43970722 ], [ 2.18542908, 41.43970425 ], [ 2.18542902, 41.43970407 ], [ 2.18472849, 41.43762231 ], [ 2.18450989, 41.43697264 ], [ 2.18406682, 41.43565588 ], [ 2.18365147, 41.43442144 ], [ 2.18356254, 41.43415714 ], [ 2.18318904, 41.43304703 ], [ 2.18287699, 41.43211954 ], [ 2.1827625, 41.43177923 ], [ 2.18275153, 41.43174662 ], [ 2.18267235, 41.43120488 ], [ 2.18278653, 41.43063651 ], [ 2.18287678, 41.43044078 ], [ 2.18306446, 41.43019066 ], [ 2.18374019, 41.4292901 ], [ 2.1841221, 41.42872333 ], [ 2.18417439, 41.42864574 ], [ 2.18437365, 41.42835004 ], [ 2.18429837, 41.42764446 ], [ 2.18253247, 41.4277143 ], [ 2.17981965, 41.42782154 ], [ 2.17944334, 41.42783641 ], [ 2.17918035, 41.42787766 ], [ 2.17907018, 41.42789494 ], [ 2.17849002, 41.42798595 ], [ 2.1772919, 41.42817389 ], [ 2.17725715, 41.42776437 ], [ 2.17722127, 41.42734156 ], [ 2.17723113, 41.42711924 ], [ 2.17730345, 41.42548768 ], [ 2.17688056, 41.42547499 ], [ 2.17621239, 41.42545494 ], [ 2.17606402, 41.42545049 ], [ 2.17622005, 41.42532631 ], [ 2.17653224, 41.42499247 ], [ 2.17654276, 41.42498104 ], [ 2.1769687, 41.42451823 ], [ 2.17824722, 41.42312898 ], [ 2.17861224, 41.42273233 ], [ 2.17897178, 41.42234164 ], [ 2.17976053, 41.42148452 ], [ 2.18033764, 41.42085735 ], [ 2.18047015, 41.42071336 ], [ 2.1806265, 41.42052078 ], [ 2.18065825, 41.42048167 ], [ 2.18074605, 41.42035453 ], [ 2.18079562, 41.42023669 ], [ 2.18083481, 41.42003383 ], [ 2.18082751, 41.41983606 ], [ 2.1807256, 41.41938146 ], [ 2.18056285, 41.41865549 ], [ 2.18050398, 41.41839288 ], [ 2.1804908, 41.41833407 ], [ 2.18039494, 41.4174822 ], [ 2.18040452, 41.41637352 ], [ 2.18048443, 41.41583178 ], [ 2.18220752, 41.41710092 ], [ 2.18295769, 41.41765343 ], [ 2.18336097, 41.41795045 ], [ 2.18442085, 41.41715366 ], [ 2.18512847, 41.41662168 ], [ 2.18543462, 41.41639151 ], [ 2.1862706, 41.415763 ], [ 2.18690261, 41.41528783 ], [ 2.18770058, 41.41468787 ], [ 2.18800142, 41.41446167 ], [ 2.18903398, 41.4136775 ], [ 2.19015075, 41.41453922 ], [ 2.19015499, 41.41454244 ], [ 2.19097749, 41.41516837 ], [ 2.19110898, 41.41554264 ], [ 2.191109, 41.41554271 ], [ 2.19236785, 41.41458093 ], [ 2.19241438, 41.41454538 ], [ 2.19335757, 41.41525228 ], [ 2.19354346, 41.41539702 ], [ 2.19332665, 41.41593179 ], [ 2.19328988, 41.4160564 ], [ 2.19323426, 41.41631549 ], [ 2.19323301, 41.41647252 ], [ 2.19324703, 41.41664015 ], [ 2.1932935, 41.41680241 ], [ 2.19341986, 41.41715356 ], [ 2.19346818, 41.41728784 ], [ 2.19348633, 41.41733829 ], [ 2.19391003, 41.41848352 ], [ 2.19403315, 41.41881627 ], [ 2.19499929, 41.42172976 ], [ 2.19521869, 41.42239135 ], [ 2.19523844, 41.42238787 ], [ 2.19548736, 41.42234372 ], [ 2.19553216, 41.42245421 ], [ 2.19553879, 41.42247219 ], [ 2.19554057, 41.42247703 ], [ 2.19554248, 41.4224822 ], [ 2.19558175, 41.42258877 ], [ 2.19559455, 41.42262351 ], [ 2.19559487, 41.42262439 ], [ 2.19559567, 41.42262656 ], [ 2.19560095, 41.4226409 ], [ 2.19560359, 41.42264806 ], [ 2.19560447, 41.42265045 ], [ 2.19560027, 41.42266844 ], [ 2.1955976, 41.4226799 ], [ 2.19562891, 41.42286642 ], [ 2.19565861, 41.42304327 ], [ 2.19566939, 41.42310751 ], [ 2.19568822, 41.42321964 ], [ 2.19569617, 41.42326698 ], [ 2.19570824, 41.42333896 ], [ 2.19571586, 41.42338433 ], [ 2.19571989, 41.42340832 ], [ 2.1957663, 41.42368487 ], [ 2.19577174, 41.42371733 ], [ 2.19577455, 41.42373409 ], [ 2.19580139, 41.42389419 ], [ 2.1958028, 41.42390259 ], [ 2.19580798, 41.42393352 ], [ 2.19582646, 41.42404371 ], [ 2.19584878, 41.42417688 ], [ 2.19586629, 41.42428129 ], [ 2.19589022, 41.42442406 ], [ 2.19590044, 41.42444268 ], [ 2.19590725, 41.42445509 ], [ 2.19591585, 41.424484 ], [ 2.19593686, 41.42455462 ], [ 2.19596129, 41.42463677 ], [ 2.19597764, 41.42469077 ], [ 2.1960402, 41.4248975 ], [ 2.19605645, 41.42495534 ], [ 2.19605888, 41.424964 ], [ 2.19606935, 41.42500128 ], [ 2.19607604, 41.42502508 ], [ 2.19608436, 41.42505467 ], [ 2.19608462, 41.42505561 ], [ 2.19608631, 41.42506165 ], [ 2.19609246, 41.42508361 ], [ 2.19610221, 41.42511845 ], [ 2.19615848, 41.42531952 ], [ 2.19618542, 41.42541085 ], [ 2.19619189, 41.42543279 ], [ 2.19622153, 41.4255333 ], [ 2.19622735, 41.42555302 ], [ 2.1962279, 41.4255549 ], [ 2.19632968, 41.42591545 ], [ 2.19633126, 41.42592106 ], [ 2.19633164, 41.42592239 ], [ 2.19641015, 41.42620052 ], [ 2.19643962, 41.42630489 ], [ 2.19644355, 41.42631884 ], [ 2.19644729, 41.42633208 ], [ 2.19652514, 41.42650917 ], [ 2.19653658, 41.42654826 ], [ 2.19653732, 41.4265508 ], [ 2.19653795, 41.42655294 ], [ 2.19653899, 41.42655646 ], [ 2.19653905, 41.42655668 ], [ 2.19653992, 41.42655968 ], [ 2.19654021, 41.42656064 ], [ 2.19654059, 41.42656194 ], [ 2.19654084, 41.4265628 ], [ 2.19654107, 41.42656361 ], [ 2.19654143, 41.42656481 ], [ 2.19654143, 41.42656484 ], [ 2.1965447, 41.42657601 ], [ 2.19654603, 41.42658059 ], [ 2.19654796, 41.42658719 ], [ 2.19650662, 41.42661229 ], [ 2.19642531, 41.42666165 ], [ 2.1964263, 41.42666476 ], [ 2.19642665, 41.42666588 ], [ 2.19642687, 41.42666655 ], [ 2.19642794, 41.42666992 ], [ 2.19643156, 41.42668127 ], [ 2.19645286, 41.42674803 ], [ 2.1964678, 41.42679484 ], [ 2.1964883, 41.42685912 ], [ 2.19654893, 41.42704913 ], [ 2.19659973, 41.42720838 ], [ 2.19662264, 41.42728018 ], [ 2.1966766, 41.42739139 ], [ 2.19695586, 41.42796692 ], [ 2.19712615, 41.42847629 ], [ 2.1972146, 41.4287484 ], [ 2.19728853, 41.42888111 ], [ 2.19731954, 41.42893677 ], [ 2.19757118, 41.42920965 ], [ 2.19810962, 41.42962684 ], [ 2.19839936, 41.42982143 ], [ 2.19867068, 41.42993777 ], [ 2.19868673, 41.42994465 ], [ 2.19870054, 41.42994937 ], [ 2.19894301, 41.43003222 ], [ 2.19917175, 41.43008314 ], [ 2.19929282, 41.43009819 ], [ 2.19949497, 41.43012333 ], [ 2.19990054, 41.43016196 ], [ 2.2002349, 41.4301763 ], [ 2.20068551, 41.43015945 ], [ 2.20110477, 41.43008729 ], [ 2.20152725, 41.42999279 ], [ 2.20194591, 41.42986053 ], [ 2.20214504, 41.42978862 ], [ 2.20217891, 41.42977639 ], [ 2.20235684, 41.42971214 ], [ 2.20247949, 41.42966647 ], [ 2.20268489, 41.42958998 ], [ 2.20298391, 41.42947864 ], [ 2.20517678, 41.42845012 ], [ 2.20659027, 41.42778711 ], [ 2.20702418, 41.42758362 ], [ 2.20729732, 41.4279112 ], [ 2.20735191, 41.42797666 ], [ 2.20727853, 41.42801168 ], [ 2.20736114, 41.42810663 ], [ 2.20734342, 41.428115 ], [ 2.20732868, 41.42823783 ], [ 2.20728992, 41.42843592 ], [ 2.20727362, 41.42865469 ], [ 2.20727531, 41.42878742 ], [ 2.20713871, 41.42885401 ], [ 2.20732379, 41.42906816 ], [ 2.20724916, 41.4291047 ], [ 2.20701003, 41.42967933 ], [ 2.20692094, 41.42991292 ], [ 2.20700761, 41.43001374 ], [ 2.2065403, 41.4302424 ], [ 2.2067967, 41.43053706 ], [ 2.20672389, 41.43057295 ], [ 2.20667264, 41.430581 ], [ 2.20648307, 41.43108071 ], [ 2.20636613, 41.43153724 ], [ 2.20617121, 41.43227123 ], [ 2.20647077, 41.43264072 ], [ 2.20678554, 41.43274208 ], [ 2.20726239, 41.43289565 ], [ 2.20727737, 41.43288818 ], [ 2.20743176, 41.43294797 ], [ 2.20747853, 41.43295267 ], [ 2.2077196, 41.43303158 ], [ 2.20801685, 41.43311788 ], [ 2.2080414, 41.43313092 ], [ 2.20819309, 41.43314436 ], [ 2.20840706, 41.43317584 ], [ 2.20855232, 41.43316123 ], [ 2.20954545, 41.43323642 ], [ 2.20960487, 41.43325361 ], [ 2.20975292, 41.43327267 ], [ 2.20988695, 41.43328163 ], [ 2.20992632, 41.43329624 ], [ 2.21075919, 41.43343029 ], [ 2.21066372, 41.43359911 ], [ 2.21045943, 41.43396734 ], [ 2.21030464, 41.43424841 ], [ 2.21016651, 41.43451801 ], [ 2.21009718, 41.43466168 ], [ 2.20997999, 41.43491087 ], [ 2.20988758, 41.43511696 ], [ 2.20980488, 41.43531177 ], [ 2.2097463, 41.43545853 ], [ 2.20970655, 41.43555503 ], [ 2.20962705, 41.43575932 ], [ 2.20953782, 41.43600985 ], [ 2.2094763, 41.43619204 ], [ 2.20941085, 41.43638587 ], [ 2.20862539, 41.43919007 ], [ 2.20861808, 41.43921706 ], [ 2.20846829, 41.43977031 ], [ 2.20840099, 41.43999629 ], [ 2.2083468, 41.44016445 ], [ 2.20829041, 41.44033222 ], [ 2.20822556, 41.44051524 ], [ 2.20815649, 41.44069741 ], [ 2.20809385, 41.44085264 ], [ 2.20799073, 41.44109619 ], [ 2.20795156, 41.4411848 ], [ 2.2079111, 41.4412731 ], [ 2.20783027, 41.44144219 ], [ 2.20774957, 41.4416038 ], [ 2.20766244, 41.44177356 ], [ 2.20761566, 41.44186255 ], [ 2.20756765, 41.44195116 ], [ 2.20747047, 41.4421231 ], [ 2.20737239, 41.44228985 ], [ 2.20732224, 41.44237286 ], [ 2.20719406, 41.44257654 ], [ 2.20706312, 41.44277924 ], [ 2.20694337, 41.44296213 ], [ 2.20683459, 41.44311606 ], [ 2.20629803, 41.44380765 ], [ 2.20613301, 41.44400023 ], [ 2.20588132, 41.44428301 ], [ 2.20560553, 41.44457772 ], [ 2.20530924, 41.44489059 ], [ 2.20498834, 41.44522676 ], [ 2.2041084, 41.44615585 ], [ 2.2038635, 41.44641616 ], [ 2.2034114, 41.44689093 ], [ 2.20331824, 41.44698956 ], [ 2.20321077, 41.44710332 ], [ 2.20198673, 41.44834623 ], [ 2.2019422, 41.44839144 ], [ 2.20182969, 41.44850425 ], [ 2.20131894, 41.4490098 ], [ 2.20070148, 41.44962096 ], [ 2.20017717, 41.45013646 ], [ 2.19957297, 41.45072491 ], [ 2.19918132, 41.45106709 ], [ 2.19847648, 41.4516693 ], [ 2.19810607, 41.45198092 ], [ 2.19771264, 41.45227591 ], [ 2.19699349, 41.45278528 ], [ 2.19527745, 41.45398949 ], [ 2.19469072, 41.45440456 ], [ 2.1945062, 41.4545351 ], [ 2.19380031, 41.45504512 ], [ 2.19232812, 41.45610478 ], [ 2.19170558, 41.45655475 ], [ 2.19131132, 41.45685117 ], [ 2.1909557, 41.45713906 ], [ 2.19061661, 41.45743313 ], [ 2.19014829, 41.45787411 ], [ 2.18978662, 41.45821898 ], [ 2.18936539, 41.45863861 ], [ 2.18901447, 41.45903871 ], [ 2.18883473, 41.45926664 ], [ 2.18860898, 41.45958354 ], [ 2.18845954, 41.45981742 ], [ 2.1883285, 41.46004502 ], [ 2.18819881, 41.46029258 ], [ 2.18805611, 41.46059855 ], [ 2.18796137, 41.46083228 ], [ 2.18787317, 41.46107903 ], [ 2.18779787, 41.46130982 ], [ 2.18771697, 41.46161749 ], [ 2.18768122, 41.46180173 ], [ 2.18764649, 41.46207849 ], [ 2.18764134, 41.46211959 ] ] ] ] } },
{ "type": "Feature", "properties": { "id": "10", "kind": "district", "name": "Sant Martí" }, "geometry": { "type": "MultiPolygon", "coordinates": [ [ [ [ 2.20736412, 41.4271113 ], [ 2.20683846, 41.42736089 ], [ 2.20702418, 41.42758362 ], [ 2.20659027, 41.42778711 ], [ 2.20517678, 41.42845012 ], [ 2.20298391, 41.42947864 ], [ 2.20268489, 41.42958998 ], [ 2.20247949, 41.42966647 ], [ 2.20235684, 41.42971214 ], [ 2.20217891, 41.42977639 ], [ 2.20214504, 41.42978862 ], [ 2.20194591, 41.42986053 ], [ 2.20152725, 41.42999279 ], [ 2.20110477, 41.43008729 ], [ 2.20068551, 41.43015945 ], [ 2.2002349, 41.4301763 ], [ 2.19990054, 41.43016196 ], [ 2.19949497, 41.43012333 ], [ 2.19929282, 41.43009819 ], [ 2.19917175, 41.43008314 ], [ 2.19894301, 41.43003222 ], [ 2.19870054, 41.42994937 ], [ 2.19868673, 41.42994465 ], [ 2.19867068, 41.42993777 ], [ 2.19839936, 41.42982143 ], [ 2.19810962, 41.42962684 ], [ 2.19757118, 41.42920965 ], [ 2.19731954, 41.42893677 ], [ 2.19728853, 41.42888111 ], [ 2.1972146, 41.4287484 ], [ 2.19712615, 41.42847629 ], [ 2.19695586, 41.42796692 ], [ 2.1966766, 41.42739139 ], [ 2.19662264, 41.42728018 ], [ 2.19659973, 41.42720838 ], [ 2.19654893, 41.42704913 ], [ 2.1964883, 41.42685912 ], [ 2.1964678, 41.42679484 ], [ 2.19645286, 41.42674803 ], [ 2.19643156, 41.42668127 ], [ 2.19642794, 41.42666992 ], [ 2.19642687, 41.42666655 ], [ 2.19642665, 41.42666588 ], [ 2.1964263, 41.42666476 ], [ 2.19642531, 41.42666165 ], [ 2.19650662, 41.42661229 ], [ 2.19654796, 41.42658719 ], [ 2.19654603, 41.42658059 ], [ 2.1965447, 41.42657601 ], [ 2.19654143, 41.42656484 ], [ 2.19654143, 41.42656481 ], [ 2.19654107, 41.42656361 ], [ 2.19654084, 41.4265628 ], [ 2.19654059, 41.42656194 ], [ 2.19654021, 41.42656064 ], [ 2.19653992, 41.42655968 ], [ 2.19653905, 41.42655668 ], [ 2.19653899, 41.42655646 ], [ 2.19653795, 41.42655294 ], [ 2.19653732, 41.4265508 ], [ 2.19653658, 41.42654826 ], [ 2.19652514, 41.42650917 ], [ 2.19644729, 41.42633208 ], [ 2.19644355, 41.42631884 ], [ 2.19643962, 41.42630489 ], [ 2.19641015, 41.42620052 ], [ 2.19633164, 41.42592239 ], [ 2.19633126, 41.42592106 ], [ 2.19632968, 41.42591545 ], [ 2.1962279, 41.4255549 ], [ 2.19622735, 41.42555302 ], [ 2.19622153, 41.4255333 ], [ 2.19619189, 41.42543279 ], [ 2.19618542, 41.42541085 ], [ 2.19615848, 41.42531952 ], [ 2.19610221, 41.42511845 ], [ 2.19609246, 41.42508361 ], [ 2.19608631, 41.42506165 ], [ 2.19608462, 41.42505561 ], [ 2.19608436, 41.42505467 ], [ 2.19607604, 41.42502508 ], [ 2.19606935, 41.42500128 ], [ 2.19605888, 41.424964 ], [ 2.19605645, 41.42495534 ], [ 2.1960402, 41.4248975 ], [ 2.19597764, 41.42469077 ], [ 2.19596129, 41.42463677 ], [ 2.19593686, 41.42455462 ], [ 2.19591585, 41.424484 ], [ 2.19590725, 41.42445509 ], [ 2.19590044, 41.42444268 ], [ 2.19589022, 41.42442406 ], [ 2.19586629, 41.42428129 ], [ 2.19584878, 41.42417688 ], [ 2.19582646, 41.42404371 ], [ 2.19580798, 41.42393352 ], [ 2.1958028, 41.42390259 ], [ 2.19580139, 41.42389419 ], [ 2.19577455, 41.42373409 ], [ 2.19577174, 41.42371733 ], [ 2.1957663, 41.42368487 ], [ 2.19571989, 41.42340832 ], [ 2.19571586, 41.42338433 ], [ 2.19570824, 41.42333896 ], [ 2.19569617, 41.42326698 ], [ 2.19568822, 41.42321964 ], [ 2.19566939, 41.42310751 ], [ 2.19565861, 41.42304327 ], [ 2.19562891, 41.42286642 ], [ 2.1955976, 41.4226799 ], [ 2.19560027, 41.42266844 ], [ 2.19560447, 41.42265045 ], [ 2.19560359, 41.42264806 ], [ 2.19560095, 41.4226409 ], [ 2.19559567, 41.42262656 ], [ 2.19559487, 41.42262439 ], [ 2.19559455, 41.42262351 ], [ 2.19558175, 41.42258877 ], [ 2.19554248, 41.4224822 ], [ 2.19554058, 41.42247703 ], [ 2.19553879, 41.42247219 ], [ 2.19553217, 41.42245421 ], [ 2.19548736, 41.42234372 ], [ 2.19523844, 41.42238787 ], [ 2.19521869, 41.42239135 ], [ 2.19499929, 41.42172976 ], [ 2.19403315, 41.41881627 ], [ 2.19391003, 41.41848352 ], [ 2.19348633, 41.41733829 ], [ 2.19346818, 41.41728784 ], [ 2.19341986, 41.41715356 ], [ 2.1932935, 41.41680241 ], [ 2.19324703, 41.41664015 ], [ 2.19323301, 41.41647252 ], [ 2.19323426, 41.41631549 ], [ 2.19328988, 41.4160564 ], [ 2.19332665, 41.41593179 ], [ 2.19354346, 41.41539702 ], [ 2.19335757, 41.41525228 ], [ 2.19241438, 41.41454538 ], [ 2.19236785, 41.41458093 ], [ 2.191109, 41.41554271 ], [ 2.19110898, 41.41554264 ], [ 2.19097749, 41.41516837 ], [ 2.19015499, 41.41454244 ], [ 2.19015075, 41.41453922 ], [ 2.18903398, 41.4136775 ], [ 2.18800142, 41.41446167 ], [ 2.18770058, 41.41468787 ], [ 2.18690261, 41.41528783 ], [ 2.1862706, 41.415763 ], [ 2.18543462, 41.41639151 ], [ 2.18512847, 41.41662168 ], [ 2.18442085, 41.41715366 ], [ 2.18336097, 41.41795045 ], [ 2.18295769, 41.41765343 ], [ 2.18220752, 41.41710092 ], [ 2.18048443, 41.41583178 ], [ 2.1801887, 41.41560807 ], [ 2.17898868, 41.41470025 ], [ 2.17882342, 41.41457522 ], [ 2.17675886, 41.41301326 ], [ 2.1766429, 41.41292553 ], [ 2.17546779, 41.41203644 ], [ 2.17659404, 41.41118311 ], [ 2.17689296, 41.41095662 ], [ 2.17715327, 41.41075939 ], [ 2.17746327, 41.4105245 ], [ 2.17772348, 41.41032733 ], [ 2.17887982, 41.40944954 ], [ 2.18001925, 41.4085877 ], [ 2.18111627, 41.40775641 ], [ 2.1822521, 41.40689369 ], [ 2.18310253, 41.40625116 ], [ 2.18338261, 41.4060389 ], [ 2.18494527, 41.40485458 ], [ 2.18566931, 41.40430582 ], [ 2.18559009, 41.40424658 ], [ 2.18460847, 41.40351242 ], [ 2.18452702, 41.40345151 ], [ 2.18496359, 41.40312063 ], [ 2.18496684, 41.40311816 ], [ 2.18517532, 41.40296015 ], [ 2.18573667, 41.40253468 ], [ 2.1858635, 41.40243855 ], [ 2.18673847, 41.40177536 ], [ 2.18689547, 41.40165635 ], [ 2.18689546, 41.40165448 ], [ 2.18689194, 41.40086739 ], [ 2.18688695, 41.39975532 ], [ 2.18688566, 41.39946703 ], [ 2.18688017, 41.39824211 ], [ 2.18687288, 41.39661788 ], [ 2.18686595, 41.39507113 ], [ 2.18686549, 41.39496837 ], [ 2.18681945, 41.39495875 ], [ 2.18677658, 41.39494288 ], [ 2.18673835, 41.3949213 ], [ 2.18672834, 41.39491306 ], [ 2.18670609, 41.39489476 ], [ 2.18668092, 41.39486418 ], [ 2.18666371, 41.39483062 ], [ 2.18665504, 41.39479524 ], [ 2.18665523, 41.39475927 ], [ 2.18666427, 41.39472394 ], [ 2.18668184, 41.39469048 ], [ 2.18670734, 41.39466006 ], [ 2.18673169, 41.39463945 ], [ 2.18581106, 41.39395827 ], [ 2.18467519, 41.39311781 ], [ 2.18388449, 41.39253273 ], [ 2.18352726, 41.39226839 ], [ 2.18238095, 41.39142013 ], [ 2.18345135, 41.39061197 ], [ 2.18458564, 41.38975553 ], [ 2.18676972, 41.3913926 ], [ 2.1869841, 41.39123033 ], [ 2.18718103, 41.39108126 ], [ 2.18726918, 41.39101453 ], [ 2.18750002, 41.39083983 ], [ 2.1878953, 41.39054068 ], [ 2.18817845, 41.39032638 ], [ 2.18846954, 41.39010556 ], [ 2.18873849, 41.38990152 ], [ 2.18907703, 41.38964684 ], [ 2.18907706, 41.38964682 ], [ 2.189149, 41.3895927 ], [ 2.18943969, 41.38937401 ], [ 2.18971899, 41.38916389 ], [ 2.19049618, 41.38857919 ], [ 2.19067548, 41.3884443 ], [ 2.19123368, 41.38802434 ], [ 2.19141746, 41.38788136 ], [ 2.19148536, 41.38783105 ], [ 2.1914881, 41.3878331 ], [ 2.19184128, 41.38756189 ], [ 2.19192094, 41.38750071 ], [ 2.19204986, 41.38740664 ], [ 2.19204648, 41.38740413 ], [ 2.19239895, 41.38713649 ], [ 2.19239823, 41.38713552 ], [ 2.19256133, 41.38701239 ], [ 2.19260288, 41.38698035 ], [ 2.19267759, 41.38692273 ], [ 2.19274588, 41.38686946 ], [ 2.19284371, 41.3867949 ], [ 2.19288153, 41.3867663 ], [ 2.19290782, 41.38674462 ], [ 2.19290858, 41.38674586 ], [ 2.19294461, 41.38671861 ], [ 2.19299745, 41.38667887 ], [ 2.19306124, 41.38663089 ], [ 2.19307888, 41.38661774 ], [ 2.19310338, 41.38659948 ], [ 2.19332982, 41.38643071 ], [ 2.19334474, 41.3864196 ], [ 2.19335844, 41.38640938 ], [ 2.19336234, 41.38640648 ], [ 2.19347528, 41.38631684 ], [ 2.1934772, 41.38631532 ], [ 2.19357272, 41.38623951 ], [ 2.1935999, 41.3862596 ], [ 2.19575455, 41.38785245 ], [ 2.19580622, 41.3878134 ], [ 2.19580257, 41.38778578 ], [ 2.19580263, 41.38774883 ], [ 2.19581459, 41.38769625 ], [ 2.19583787, 41.38764815 ], [ 2.19586494, 41.38761242 ], [ 2.19590639, 41.38757084 ], [ 2.19594941, 41.38753827 ], [ 2.19599781, 41.38751171 ], [ 2.19605796, 41.38748844 ], [ 2.19611106, 41.38747172 ], [ 2.19617273, 41.38745861 ], [ 2.19622882, 41.38745422 ], [ 2.19631396, 41.38745408 ], [ 2.19637529, 41.38745653 ], [ 2.19641967, 41.38746571 ], [ 2.19800025, 41.38627964 ], [ 2.1997222, 41.38498742 ], [ 2.19976062, 41.3850144 ], [ 2.19984193, 41.38507449 ], [ 2.19990962, 41.385128 ], [ 2.1999861, 41.3851924 ], [ 2.19995022, 41.38523938 ], [ 2.19991327, 41.38521012 ], [ 2.19976221, 41.38532416 ], [ 2.19983665, 41.38538329 ], [ 2.19958842, 41.38570116 ], [ 2.19942213, 41.3855798 ], [ 2.19928791, 41.38567956 ], [ 2.19948901, 41.38583236 ], [ 2.19831328, 41.38671843 ], [ 2.19843024, 41.3868085 ], [ 2.19831247, 41.38689523 ], [ 2.19907859, 41.38747377 ], [ 2.19938018, 41.38769869 ], [ 2.19966774, 41.3879169 ], [ 2.19997407, 41.38814501 ], [ 2.20022073, 41.38833241 ], [ 2.20034136, 41.38824368 ], [ 2.20045748, 41.38833287 ], [ 2.20196351, 41.38719758 ], [ 2.20019655, 41.38586811 ], [ 2.20083575, 41.38538524 ], [ 2.20112488, 41.38559956 ], [ 2.20098538, 41.38570437 ], [ 2.20103635, 41.38574202 ], [ 2.20117415, 41.38563873 ], [ 2.2014092, 41.38581526 ], [ 2.20120383, 41.3859726 ], [ 2.20166243, 41.38631808 ], [ 2.20209701, 41.3866442 ], [ 2.20214757, 41.38660565 ], [ 2.20218758, 41.38663601 ], [ 2.20213808, 41.38667417 ], [ 2.20239724, 41.38687141 ], [ 2.20260336, 41.38671546 ], [ 2.20251519, 41.38664823 ], [ 2.20253365, 41.38663432 ], [ 2.20262237, 41.38670108 ], [ 2.20274527, 41.38660809 ], [ 2.20264176, 41.38647124 ], [ 2.20255124, 41.38651286 ], [ 2.20251473, 41.38646458 ], [ 2.20260685, 41.38642507 ], [ 2.20246597, 41.38624678 ], [ 2.20233668, 41.38609023 ], [ 2.20220629, 41.38594175 ], [ 2.2019299, 41.38564252 ], [ 2.20179622, 41.38550643 ], [ 2.20165087, 41.38536229 ], [ 2.20139487, 41.38512443 ], [ 2.20127142, 41.38501393 ], [ 2.20100733, 41.38478767 ], [ 2.20074957, 41.38458152 ], [ 2.20050494, 41.38439701 ], [ 2.20038456, 41.38431467 ], [ 2.20026736, 41.38424071 ], [ 2.20016368, 41.38417853 ], [ 2.20003376, 41.38410584 ], [ 2.19989597, 41.38415144 ], [ 2.19947153, 41.3839528 ], [ 2.19944936, 41.38393833 ], [ 2.19943915, 41.38393029 ], [ 2.19942909, 41.38392236 ], [ 2.19941879, 41.38391184 ], [ 2.19941541, 41.3839084 ], [ 2.19940349, 41.38389323 ], [ 2.19939898, 41.38388583 ], [ 2.19937162, 41.38389216 ], [ 2.1992619, 41.38385641 ], [ 2.19910767, 41.3837903 ], [ 2.19898027, 41.38372127 ], [ 2.19886661, 41.38366901 ], [ 2.19885976, 41.38366104 ], [ 2.19885889, 41.38362635 ], [ 2.19887034, 41.38360735 ], [ 2.19900784, 41.38350311 ], [ 2.19919815, 41.38345136 ], [ 2.19940285, 41.38336267 ], [ 2.1994182, 41.38336107 ], [ 2.19955834, 41.38335246 ], [ 2.19977646, 41.38335247 ], [ 2.19984998, 41.3833793 ], [ 2.2000564, 41.38347129 ], [ 2.20011559, 41.38350729 ], [ 2.20023494, 41.38362052 ], [ 2.200322, 41.38366182 ], [ 2.2005438, 41.38373467 ], [ 2.20058825, 41.38383675 ], [ 2.20065551, 41.38384703 ], [ 2.20066944, 41.38385762 ], [ 2.20063356, 41.38390573 ], [ 2.20059415, 41.38397489 ], [ 2.20058272, 41.38397712 ], [ 2.20052865, 41.38398424 ], [ 2.20050845, 41.38397959 ], [ 2.20045393, 41.38396374 ], [ 2.20036927, 41.3839244 ], [ 2.20033175, 41.38385665 ], [ 2.20025576, 41.38380596 ], [ 2.20014689, 41.38378732 ], [ 2.19999654, 41.38372124 ], [ 2.19986516, 41.38366149 ], [ 2.19982153, 41.38363076 ], [ 2.19977905, 41.38359906 ], [ 2.19971175, 41.38358013 ], [ 2.19965693, 41.38358724 ], [ 2.19960329, 41.38358419 ], [ 2.19957614, 41.38357592 ], [ 2.19953038, 41.38357658 ], [ 2.1995016, 41.3835906 ], [ 2.19951638, 41.38362157 ], [ 2.19951394, 41.38363056 ], [ 2.199504, 41.38364335 ], [ 2.1995102, 41.38365485 ], [ 2.19952002, 41.38365159 ], [ 2.19952379, 41.38365034 ], [ 2.19952743, 41.38364933 ], [ 2.19953796, 41.38364643 ], [ 2.19955259, 41.38364319 ], [ 2.19956762, 41.38364067 ], [ 2.19958293, 41.38363889 ], [ 2.19959298, 41.38363824 ], [ 2.19959844, 41.38363789 ], [ 2.19960374, 41.38363781 ], [ 2.19961404, 41.38363766 ], [ 2.19962962, 41.38363823 ], [ 2.19964508, 41.38363958 ], [ 2.19966032, 41.3836417 ], [ 2.19967523, 41.38364455 ], [ 2.19968975, 41.38364811 ], [ 2.19970375, 41.38365234 ], [ 2.19971493, 41.38365636 ], [ 2.19971719, 41.38365717 ], [ 2.19973, 41.38366255 ], [ 2.19973331, 41.38366409 ], [ 2.19973426, 41.38366454 ], [ 2.19974079, 41.38366757 ], [ 2.19975399, 41.38367372 ], [ 2.19983379, 41.38371332 ], [ 2.19989028, 41.38374135 ], [ 2.20001822, 41.38380565 ], [ 2.20014552, 41.38386971 ], [ 2.2002505, 41.38392845 ], [ 2.20028628, 41.38394847 ], [ 2.20040436, 41.38401927 ], [ 2.20051159, 41.38408355 ], [ 2.20062562, 41.38415826 ], [ 2.20073275, 41.38423174 ], [ 2.20085503, 41.38432215 ], [ 2.20107455, 41.38449253 ], [ 2.2012926, 41.3846686 ], [ 2.20145739, 41.38480767 ], [ 2.20165813, 41.38498411 ], [ 2.20186211, 41.38517303 ], [ 2.20196823, 41.38527541 ], [ 2.20213871, 41.38544571 ], [ 2.20231538, 41.38563232 ], [ 2.20240032, 41.38572713 ], [ 2.20273184, 41.38610951 ], [ 2.20278387, 41.3861733 ], [ 2.20290543, 41.38633002 ], [ 2.20314261, 41.38665198 ], [ 2.20329953, 41.38688016 ], [ 2.20343859, 41.3870972 ], [ 2.20362066, 41.38741658 ], [ 2.20305455, 41.38783979 ], [ 2.20305709, 41.38784172 ], [ 2.20312721, 41.38787043 ], [ 2.20325083, 41.38792428 ], [ 2.20325988, 41.38793059 ], [ 2.203271, 41.3879429 ], [ 2.20327476, 41.38796459 ], [ 2.2033798, 41.38805806 ], [ 2.20339444, 41.38807338 ], [ 2.20342667, 41.38809962 ], [ 2.20342298, 41.38813538 ], [ 2.20338988, 41.38815908 ], [ 2.20334749, 41.38815886 ], [ 2.20331638, 41.38813335 ], [ 2.20331447, 41.38809719 ], [ 2.20322393, 41.38805208 ], [ 2.20313397, 41.38797507 ], [ 2.20303067, 41.38791956 ], [ 2.20300757, 41.38787862 ], [ 2.20300513, 41.38787676 ], [ 2.20299104, 41.38788727 ], [ 2.20291704, 41.38783048 ], [ 2.20294614, 41.38780995 ], [ 2.20283308, 41.38765362 ], [ 2.20281864, 41.38766421 ], [ 2.20277819, 41.38769557 ], [ 2.20276963, 41.38768948 ], [ 2.20275141, 41.38770336 ], [ 2.20149176, 41.38865399 ], [ 2.20151877, 41.38875844 ], [ 2.20156074, 41.38883454 ], [ 2.20166577, 41.38916575 ], [ 2.20184654, 41.38951874 ], [ 2.20207489, 41.3897954 ], [ 2.20256054, 41.39021507 ], [ 2.20299596, 41.39049783 ], [ 2.20354565, 41.39078422 ], [ 2.20389095, 41.39091594 ], [ 2.20442077, 41.39108064 ], [ 2.20474685, 41.39111147 ], [ 2.20476063, 41.3911025 ], [ 2.2047656, 41.39109774 ], [ 2.20477086, 41.39109279 ], [ 2.20479355, 41.39107592 ], [ 2.20483056, 41.39104923 ], [ 2.20484972, 41.39103547 ], [ 2.20488448, 41.39100627 ], [ 2.20490593, 41.39098848 ], [ 2.20491904, 41.39097848 ], [ 2.20492544, 41.39097527 ], [ 2.2049351, 41.39097207 ], [ 2.2049534, 41.39096819 ], [ 2.2049652, 41.39096628 ], [ 2.20497522, 41.3909666 ], [ 2.20498464, 41.39096842 ], [ 2.2049897, 41.39097033 ], [ 2.20499284, 41.39097753 ], [ 2.20575919, 41.39039198 ], [ 2.20589054, 41.3904911 ], [ 2.20537026, 41.39088509 ], [ 2.20537769, 41.3908932 ], [ 2.2053786, 41.39089929 ], [ 2.20537874, 41.390909 ], [ 2.20537334, 41.39091861 ], [ 2.20535955, 41.39092792 ], [ 2.20534419, 41.39093538 ], [ 2.20531666, 41.39095872 ], [ 2.20528121, 41.39098706 ], [ 2.20523915, 41.39102023 ], [ 2.20521835, 41.39103813 ], [ 2.20517927, 41.39107563 ], [ 2.20515899, 41.39109387 ], [ 2.20514822, 41.39110258 ], [ 2.205122, 41.39112246 ], [ 2.2050686, 41.39116148 ], [ 2.20496174, 41.39123765 ], [ 2.204889, 41.3912949 ], [ 2.20484885, 41.39132484 ], [ 2.20483104, 41.39133756 ], [ 2.20481533, 41.39134973 ], [ 2.20480172, 41.39135837 ], [ 2.20478724, 41.39136529 ], [ 2.20476486, 41.39137339 ], [ 2.20473374, 41.39138484 ], [ 2.20469179, 41.39139886 ], [ 2.20456739, 41.39149306 ], [ 2.20482252, 41.39168338 ], [ 2.20485299, 41.39166018 ], [ 2.20488064, 41.3916259 ], [ 2.20490197, 41.39160165 ], [ 2.20494511, 41.39156425 ], [ 2.20499269, 41.3915241 ], [ 2.20505513, 41.39147194 ], [ 2.20509495, 41.39144034 ], [ 2.20513549, 41.3914094 ], [ 2.20515347, 41.39139638 ], [ 2.20517021, 41.39137723 ], [ 2.2051843, 41.39136494 ], [ 2.20520754, 41.39135015 ], [ 2.2052254, 41.39134132 ], [ 2.20523176, 41.39133513 ], [ 2.20524571, 41.39131659 ], [ 2.20535254, 41.3912311 ], [ 2.20543272, 41.39116886 ], [ 2.20545987, 41.39114699 ], [ 2.20550951, 41.39110872 ], [ 2.20554008, 41.39108771 ], [ 2.20555837, 41.39107973 ], [ 2.20556838, 41.391078 ], [ 2.20558137, 41.39107741 ], [ 2.20559392, 41.39107709 ], [ 2.20561266, 41.39108178 ], [ 2.20614205, 41.39067871 ], [ 2.20627097, 41.3907748 ], [ 2.20572923, 41.39118484 ], [ 2.20573119, 41.39118591 ], [ 2.20574905, 41.39118312 ], [ 2.20575033, 41.39118317 ], [ 2.20575193, 41.39118456 ], [ 2.20575354, 41.39119269 ], [ 2.20575812, 41.39120967 ], [ 2.20575826, 41.39121422 ], [ 2.20575565, 41.39122332 ], [ 2.20575123, 41.39123068 ], [ 2.20574841, 41.39123402 ], [ 2.20574327, 41.3912386 ], [ 2.20572117, 41.39125211 ], [ 2.2057048, 41.39126544 ], [ 2.20567846, 41.39128644 ], [ 2.20566038, 41.39130329 ], [ 2.20565701, 41.39130565 ], [ 2.2056492, 41.39130944 ], [ 2.20563251, 41.39131604 ], [ 2.20562541, 41.39132044 ], [ 2.20559829, 41.39134463 ], [ 2.20558056, 41.39135902 ], [ 2.205563, 41.39137299 ], [ 2.20555631, 41.39137938 ], [ 2.20554828, 41.39138846 ], [ 2.205544, 41.39139285 ], [ 2.20553324, 41.39140265 ], [ 2.20552736, 41.3914072 ], [ 2.20551333, 41.39141667 ], [ 2.20550136, 41.39142508 ], [ 2.20548929, 41.39143315 ], [ 2.20547482, 41.39144384 ], [ 2.20550985, 41.39154814 ], [ 2.20567615, 41.3918233 ], [ 2.20636427, 41.39280058 ], [ 2.20703001, 41.39361824 ], [ 2.20763119, 41.39427198 ], [ 2.20771868, 41.39435206 ], [ 2.20820257, 41.39479493 ], [ 2.20854016, 41.39503997 ], [ 2.20890362, 41.39524712 ], [ 2.20943469, 41.39547549 ], [ 2.21006508, 41.39564578 ], [ 2.2100665, 41.39564354 ], [ 2.21008809, 41.39562813 ], [ 2.21011223, 41.39560816 ], [ 2.21013237, 41.39559301 ], [ 2.21015962, 41.39557395 ], [ 2.21018373, 41.39555694 ], [ 2.21020936, 41.39553708 ], [ 2.21023493, 41.39551473 ], [ 2.2102621, 41.39549377 ], [ 2.21028971, 41.39547346 ], [ 2.21031708, 41.39545275 ], [ 2.21033879, 41.39543542 ], [ 2.21036289, 41.39541795 ], [ 2.21038973, 41.39539766 ], [ 2.21041287, 41.39538 ], [ 2.2104387, 41.39536122 ], [ 2.21045991, 41.39534718 ], [ 2.21048682, 41.39532797 ], [ 2.21051529, 41.39530895 ], [ 2.21053455, 41.39529767 ], [ 2.21054619, 41.39528586 ], [ 2.2105613, 41.39526982 ], [ 2.21058533, 41.39525183 ], [ 2.21061326, 41.39523288 ], [ 2.2106437, 41.39521288 ], [ 2.21067131, 41.39519351 ], [ 2.21069546, 41.39517638 ], [ 2.21072944, 41.39515536 ], [ 2.21074611, 41.39514539 ], [ 2.21076065, 41.39514021 ], [ 2.21077046, 41.39514181 ], [ 2.21077838, 41.39515447 ], [ 2.21131765, 41.39474173 ], [ 2.21144832, 41.39483858 ], [ 2.21091157, 41.39524528 ], [ 2.21112725, 41.39540719 ], [ 2.21125247, 41.39531098 ], [ 2.21130915, 41.39535298 ], [ 2.21171787, 41.39503823 ], [ 2.21184877, 41.39513421 ], [ 2.2113181, 41.39554057 ], [ 2.21132458, 41.3955464 ], [ 2.21132801, 41.395553 ], [ 2.21132479, 41.39556457 ], [ 2.21130807, 41.39557835 ], [ 2.21129318, 41.39558866 ], [ 2.21127922, 41.39559726 ], [ 2.21125736, 41.39561326 ], [ 2.21123783, 41.39562929 ], [ 2.2112181, 41.39564694 ], [ 2.21120041, 41.3956645 ], [ 2.2111851, 41.39567917 ], [ 2.21116697, 41.39569252 ], [ 2.21116011, 41.3956973 ], [ 2.21114236, 41.39571185 ], [ 2.21111993, 41.39573243 ], [ 2.21110131, 41.39574878 ], [ 2.21108291, 41.39576324 ], [ 2.21106468, 41.39577468 ], [ 2.2110496, 41.39578884 ], [ 2.21103308, 41.39580245 ], [ 2.21101108, 41.39581675 ], [ 2.21099162, 41.39583041 ], [ 2.21098582, 41.39583522 ], [ 2.21094978, 41.39586215 ], [ 2.21093202, 41.39587577 ], [ 2.2109121, 41.39588873 ], [ 2.21089612, 41.39589973 ], [ 2.21087859, 41.39591289 ], [ 2.21086356, 41.39592505 ], [ 2.21084137, 41.39594087 ], [ 2.21082209, 41.39595479 ], [ 2.21080458, 41.39596939 ], [ 2.21078657, 41.39598387 ], [ 2.21076542, 41.39600217 ], [ 2.21074508, 41.39601876 ], [ 2.2107353, 41.39602698 ], [ 2.21111235, 41.39677669 ], [ 2.21153765, 41.39730876 ], [ 2.21156019, 41.39736381 ], [ 2.21164106, 41.39746732 ], [ 2.21201105, 41.39781976 ], [ 2.21211856, 41.39795403 ], [ 2.21280184, 41.39858304 ], [ 2.21323267, 41.3988984 ], [ 2.21363564, 41.3991386 ], [ 2.21407075, 41.39929082 ], [ 2.21439889, 41.39935213 ], [ 2.21440678, 41.39934724 ], [ 2.214426, 41.39933529 ], [ 2.2144441, 41.39932511 ], [ 2.21446302, 41.39931949 ], [ 2.21447956, 41.39931051 ], [ 2.21449443, 41.39929898 ], [ 2.21450549, 41.39928724 ], [ 2.21451898, 41.39927626 ], [ 2.21453427, 41.39926134 ], [ 2.21454595, 41.39924767 ], [ 2.21455783, 41.39923487 ], [ 2.21456899, 41.39922372 ], [ 2.21458227, 41.39921299 ], [ 2.21459751, 41.39920694 ], [ 2.21462388, 41.39918948 ], [ 2.21464524, 41.39917234 ], [ 2.21466359, 41.39915849 ], [ 2.2146804, 41.39914779 ], [ 2.21470079, 41.39913501 ], [ 2.21471981, 41.39912321 ], [ 2.21473878, 41.39911145 ], [ 2.21475804, 41.3990995 ], [ 2.21478033, 41.39908524 ], [ 2.21480036, 41.39906784 ], [ 2.21481494, 41.39905263 ], [ 2.21482536, 41.39903856 ], [ 2.2148385, 41.39902495 ], [ 2.21485201, 41.3990158 ], [ 2.21487083, 41.39900397 ], [ 2.21491294, 41.39897692 ], [ 2.21492956, 41.39896518 ], [ 2.21494575, 41.39895658 ], [ 2.21496454, 41.39895805 ], [ 2.21498064, 41.39895247 ], [ 2.21499575, 41.39894387 ], [ 2.21499513, 41.39893524 ], [ 2.21499232, 41.39892682 ], [ 2.21499604, 41.39891348 ], [ 2.21500066, 41.39890105 ], [ 2.21500623, 41.39888656 ], [ 2.21501339, 41.39886825 ], [ 2.21501972, 41.39885303 ], [ 2.21503188, 41.3988447 ], [ 2.21504506, 41.39883929 ], [ 2.21506034, 41.39883201 ], [ 2.21507409, 41.39882791 ], [ 2.21508513, 41.39881579 ], [ 2.21509666, 41.39880469 ], [ 2.21511064, 41.39879448 ], [ 2.21512345, 41.39878656 ], [ 2.21513121, 41.39877496 ], [ 2.21513578, 41.39875971 ], [ 2.21514992, 41.39874387 ], [ 2.21516343, 41.39873553 ], [ 2.21518014, 41.39873019 ], [ 2.21519397, 41.39872753 ], [ 2.21519721, 41.39872042 ], [ 2.21520369, 41.39871221 ], [ 2.21521469, 41.39870798 ], [ 2.21522368, 41.39871065 ], [ 2.21523718, 41.39871327 ], [ 2.21525007, 41.39870857 ], [ 2.21526493, 41.39870187 ], [ 2.21528123, 41.39869365 ], [ 2.2152957, 41.39868422 ], [ 2.21530881, 41.39867395 ], [ 2.21532303, 41.39866169 ], [ 2.21533814, 41.39865185 ], [ 2.21536282, 41.39864136 ], [ 2.21539006, 41.3986338 ], [ 2.21541899, 41.39862008 ], [ 2.21545861, 41.39859555 ], [ 2.21548052, 41.39858217 ], [ 2.21550587, 41.39857664 ], [ 2.21553044, 41.39857311 ], [ 2.21555174, 41.39857612 ], [ 2.21557227, 41.39858481 ], [ 2.21558776, 41.39859528 ], [ 2.21559868, 41.39860844 ], [ 2.21559844, 41.39862215 ], [ 2.2155903, 41.39863689 ], [ 2.2155798, 41.39865019 ], [ 2.21554938, 41.39867288 ], [ 2.21551834, 41.39869377 ], [ 2.21546927, 41.39872484 ], [ 2.21543534, 41.39874617 ], [ 2.21541885, 41.39875752 ], [ 2.21540645, 41.39877294 ], [ 2.21539904, 41.39878982 ], [ 2.21538728, 41.39880781 ], [ 2.21536689, 41.39882498 ], [ 2.21534476, 41.39884061 ], [ 2.21533704, 41.39885636 ], [ 2.21536738, 41.39888535 ], [ 2.21539631, 41.39890729 ], [ 2.21539636, 41.39890725 ], [ 2.21542127, 41.39892481 ], [ 2.21543808, 41.39891979 ], [ 2.21545992, 41.39891408 ], [ 2.2154889, 41.39890185 ], [ 2.21550337, 41.39889186 ], [ 2.21551763, 41.39887989 ], [ 2.21553309, 41.39886774 ], [ 2.21554901, 41.3988574 ], [ 2.21556564, 41.39884716 ], [ 2.21558346, 41.39883746 ], [ 2.21560259, 41.39882831 ], [ 2.21562051, 41.39882051 ], [ 2.21563583, 41.39880962 ], [ 2.21565234, 41.39879992 ], [ 2.21567343, 41.39879664 ], [ 2.21570186, 41.39880989 ], [ 2.21571335, 41.39881997 ], [ 2.21571971, 41.39883749 ], [ 2.21571806, 41.39885531 ], [ 2.21571497, 41.3988743 ], [ 2.21570863, 41.3988938 ], [ 2.21570051, 41.3989123 ], [ 2.21568656, 41.39892842 ], [ 2.21567419, 41.39894229 ], [ 2.21566113, 41.39895455 ], [ 2.21565006, 41.39896915 ], [ 2.21563935, 41.39898439 ], [ 2.21562473, 41.3989969 ], [ 2.21561022, 41.39900987 ], [ 2.21559669, 41.39902085 ], [ 2.21558016, 41.39903227 ], [ 2.21556173, 41.39904322 ], [ 2.21554178, 41.39905065 ], [ 2.21552197, 41.39905628 ], [ 2.21550393, 41.39906409 ], [ 2.21548626, 41.3990718 ], [ 2.21546461, 41.3990812 ], [ 2.2153997, 41.3991167 ], [ 2.21538884, 41.39912455 ], [ 2.21537414, 41.39913391 ], [ 2.21536004, 41.39914264 ], [ 2.21533026, 41.39916126 ], [ 2.21531548, 41.39917693 ], [ 2.21530561, 41.39919172 ], [ 2.2152961, 41.39920697 ], [ 2.21528397, 41.39922094 ], [ 2.21526829, 41.39923182 ], [ 2.21525441, 41.39924154 ], [ 2.21523681, 41.3992525 ], [ 2.21521767, 41.39926246 ], [ 2.2151994, 41.39926972 ], [ 2.21518005, 41.39927716 ], [ 2.21516274, 41.39928479 ], [ 2.21514562, 41.39929521 ], [ 2.21513137, 41.39930664 ], [ 2.21511686, 41.39931906 ], [ 2.21510538, 41.3993288 ], [ 2.2150988, 41.39933884 ], [ 2.21509041, 41.39935005 ], [ 2.2150847, 41.39935784 ], [ 2.21508203, 41.39936044 ], [ 2.21507516, 41.39936481 ], [ 2.21506902, 41.39936846 ], [ 2.21505864, 41.39937577 ], [ 2.21505284, 41.39938051 ], [ 2.21504255, 41.3993907 ], [ 2.21503235, 41.39940352 ], [ 2.21501669, 41.39941269 ], [ 2.21500758, 41.39942388 ], [ 2.21499754, 41.39943318 ], [ 2.21498321, 41.39944056 ], [ 2.21497572, 41.39944673 ], [ 2.21496247, 41.39945447 ], [ 2.21494671, 41.39946166 ], [ 2.21494068, 41.39946621 ], [ 2.21493039, 41.39947632 ], [ 2.21492784, 41.39947928 ], [ 2.21492346, 41.39948537 ], [ 2.21491934, 41.39948958 ], [ 2.214915, 41.39949207 ], [ 2.21490491, 41.39949587 ], [ 2.2148977, 41.39949898 ], [ 2.21488082, 41.39950922 ], [ 2.21486871, 41.39952202 ], [ 2.21486365, 41.39952487 ], [ 2.21485199, 41.39952947 ], [ 2.21484428, 41.39953383 ], [ 2.21482796, 41.39954813 ], [ 2.21481021, 41.3995617 ], [ 2.21479138, 41.39957545 ], [ 2.21478293, 41.39958214 ], [ 2.21476203, 41.39959921 ], [ 2.21475754, 41.39960395 ], [ 2.21475, 41.39961417 ], [ 2.21473978, 41.39962833 ], [ 2.21473349, 41.39963477 ], [ 2.21472877, 41.39963861 ], [ 2.21471816, 41.39964556 ], [ 2.21470263, 41.39965411 ], [ 2.21465714, 41.39967667 ], [ 2.21465709, 41.39967669 ], [ 2.2146423, 41.39968568 ], [ 2.21463609, 41.39969122 ], [ 2.2146306, 41.39969983 ], [ 2.21462509, 41.39971213 ], [ 2.21461927, 41.39971875 ], [ 2.21461443, 41.39972258 ], [ 2.21460703, 41.39972682 ], [ 2.21460302, 41.39972852 ], [ 2.21456345, 41.39974346 ], [ 2.21456196, 41.39974397 ], [ 2.21492134, 41.40047558 ], [ 2.215295, 41.40104937 ], [ 2.21571274, 41.40155307 ], [ 2.21614789, 41.40195051 ], [ 2.21661408, 41.40228006 ], [ 2.21717026, 41.40254243 ], [ 2.21734078, 41.40259282 ], [ 2.2173426, 41.40259165 ], [ 2.21736492, 41.40257595 ], [ 2.21736494, 41.40257599 ], [ 2.21738242, 41.40256494 ], [ 2.21740379, 41.40254906 ], [ 2.21742552, 41.40253272 ], [ 2.21745061, 41.40251569 ], [ 2.21746975, 41.40250564 ], [ 2.21748008, 41.40250247 ], [ 2.21748288, 41.40249825 ], [ 2.21748297, 41.40249087 ], [ 2.21748947, 41.40248767 ], [ 2.21749669, 41.40248348 ], [ 2.2175041, 41.40248461 ], [ 2.21750639, 41.40248328 ], [ 2.21751341, 41.40247612 ], [ 2.21752113, 41.40247068 ], [ 2.21753052, 41.40246561 ], [ 2.21753967, 41.40246099 ], [ 2.21754138, 41.40245821 ], [ 2.21755502, 41.40244812 ], [ 2.21758468, 41.40242932 ], [ 2.21760821, 41.40241218 ], [ 2.21764199, 41.4023889 ], [ 2.21765872, 41.40238037 ], [ 2.21766732, 41.40237115 ], [ 2.21767455, 41.40236714 ], [ 2.2176827, 41.40236576 ], [ 2.21769648, 41.40235387 ], [ 2.21771217, 41.40234227 ], [ 2.2177241, 41.40233541 ], [ 2.21772891, 41.40233293 ], [ 2.21774449, 41.40232123 ], [ 2.21776341, 41.4023092 ], [ 2.21778268, 41.4022987 ], [ 2.21779741, 41.40228745 ], [ 2.21781127, 41.40227863 ], [ 2.21782148, 41.40227519 ], [ 2.21782503, 41.40226891 ], [ 2.21783283, 41.40226635 ], [ 2.21784087, 41.40226451 ], [ 2.21784332, 41.40225948 ], [ 2.2178618, 41.40224556 ], [ 2.21787188, 41.40224247 ], [ 2.21787526, 41.40224024 ], [ 2.21787833, 41.40223378 ], [ 2.21789558, 41.40222164 ], [ 2.21791332, 41.40220879 ], [ 2.21794227, 41.40218926 ], [ 2.21796975, 41.40217153 ], [ 2.21798892, 41.40215995 ], [ 2.2180195, 41.4021434 ], [ 2.21803945, 41.40213543 ], [ 2.218057, 41.4021287 ], [ 2.21807224, 41.40211494 ], [ 2.21809012, 41.40210065 ], [ 2.21811029, 41.40208466 ], [ 2.21812479, 41.40207269 ], [ 2.2181373, 41.40206692 ], [ 2.2181488, 41.40206519 ], [ 2.21816526, 41.40205963 ], [ 2.2181826, 41.40204984 ], [ 2.21820381, 41.40203701 ], [ 2.21821441, 41.4020315 ], [ 2.21822322, 41.40202472 ], [ 2.21823312, 41.4020074 ], [ 2.21823566, 41.40199499 ], [ 2.21824435, 41.40198856 ], [ 2.2182578, 41.40198433 ], [ 2.21826712, 41.40197547 ], [ 2.21827311, 41.40196452 ], [ 2.21827985, 41.4019616 ], [ 2.21828713, 41.40195237 ], [ 2.21830408, 41.40193591 ], [ 2.21831904, 41.40192565 ], [ 2.21834185, 41.40191842 ], [ 2.21835754, 41.40190727 ], [ 2.21837322, 41.40188684 ], [ 2.21838766, 41.40186928 ], [ 2.21840003, 41.40185531 ], [ 2.21840444, 41.40184697 ], [ 2.21841703, 41.40183453 ], [ 2.21843248, 41.40182338 ], [ 2.2184406, 41.4018246 ], [ 2.2184503, 41.4018235 ], [ 2.2184624, 41.40181187 ], [ 2.2184751, 41.40180106 ], [ 2.21848528, 41.40179942 ], [ 2.21849266, 41.40180262 ], [ 2.21849846, 41.40179807 ], [ 2.21850232, 41.40178503 ], [ 2.21850584, 41.40177154 ], [ 2.21852118, 41.4017585 ], [ 2.21853997, 41.40174827 ], [ 2.21855715, 41.40174217 ], [ 2.21856405, 41.40173528 ], [ 2.21857939, 41.40173358 ], [ 2.21859162, 41.40173087 ], [ 2.21860342, 41.40172429 ], [ 2.21860671, 41.40171953 ], [ 2.21861531, 41.40170104 ], [ 2.21862316, 41.40168452 ], [ 2.21863672, 41.4016711 ], [ 2.21865438, 41.40165518 ], [ 2.21866941, 41.40163853 ], [ 2.21867429, 41.40163082 ], [ 2.21868793, 41.40162055 ], [ 2.21870815, 41.40160024 ], [ 2.2187276, 41.40158479 ], [ 2.21874886, 41.40156719 ], [ 2.21876626, 41.40155272 ], [ 2.21877789, 41.40154064 ], [ 2.2187905, 41.40153649 ], [ 2.21880556, 41.40153821 ], [ 2.21881589, 41.40154414 ], [ 2.21882347, 41.40155094 ], [ 2.2188315, 41.40154992 ], [ 2.2188385, 41.40154438 ], [ 2.21885129, 41.40153546 ], [ 2.21886603, 41.40153313 ], [ 2.21888428, 41.4015274 ], [ 2.21889189, 41.40152168 ], [ 2.21890979, 41.40151568 ], [ 2.21893956, 41.40150715 ], [ 2.21894324, 41.40150906 ], [ 2.21894712, 41.40151449 ], [ 2.21894369, 41.40152186 ], [ 2.21892639, 41.40153804 ], [ 2.21889101, 41.40156491 ], [ 2.21885191, 41.40159383 ], [ 2.2187961, 41.40163831 ], [ 2.21874326, 41.40168515 ], [ 2.21870272, 41.40172388 ], [ 2.21866194, 41.40176261 ], [ 2.21861782, 41.40180059 ], [ 2.21857713, 41.40183157 ], [ 2.21853679, 41.40186417 ], [ 2.21849848, 41.40189634 ], [ 2.21844806, 41.40194112 ], [ 2.21841151, 41.40197564 ], [ 2.21839536, 41.40199607 ], [ 2.21838236, 41.40201274 ], [ 2.21836739, 41.40201345 ], [ 2.21836435, 41.40201784 ], [ 2.21836088, 41.40202826 ], [ 2.21834274, 41.40204381 ], [ 2.21833553, 41.40205682 ], [ 2.21832406, 41.40207521 ], [ 2.21832647, 41.40208424 ], [ 2.21833865, 41.40208621 ], [ 2.21835094, 41.40208846 ], [ 2.21834787, 41.40209528 ], [ 2.21833506, 41.402096 ], [ 2.21831886, 41.40209986 ], [ 2.2183084, 41.40212447 ], [ 2.21828641, 41.40214251 ], [ 2.2182555, 41.40216662 ], [ 2.2182336, 41.4021771 ], [ 2.2182164, 41.40219446 ], [ 2.21819166, 41.40221222 ], [ 2.21817252, 41.40222218 ], [ 2.21810301, 41.40227269 ], [ 2.2180746, 41.40228754 ], [ 2.21804034, 41.40231144 ], [ 2.21799816, 41.40234656 ], [ 2.21794478, 41.40238844 ], [ 2.21791485, 41.40241075 ], [ 2.21788264, 41.40243269 ], [ 2.21784588, 41.40245541 ], [ 2.21781618, 41.402468 ], [ 2.21779232, 41.40248216 ], [ 2.21775886, 41.40249887 ], [ 2.21773598, 41.40251186 ], [ 2.21771766, 41.40252309 ], [ 2.21770617, 41.40252355 ], [ 2.21769792, 41.40253313 ], [ 2.21769547, 41.40254807 ], [ 2.2176843, 41.40256186 ], [ 2.21766205, 41.40257153 ], [ 2.21763595, 41.40258324 ], [ 2.21760878, 41.40259387 ], [ 2.21758986, 41.40260554 ], [ 2.21758125, 41.40261485 ], [ 2.21756973, 41.40261828 ], [ 2.21756523, 41.40262456 ], [ 2.2175594, 41.40264172 ], [ 2.21754171, 41.40265989 ], [ 2.21752433, 41.40267301 ], [ 2.21749603, 41.40268867 ], [ 2.21747518, 41.40270096 ], [ 2.21745429, 41.40271757 ], [ 2.217429, 41.40273109 ], [ 2.21740036, 41.40274522 ], [ 2.21738835, 41.40275865 ], [ 2.21737287, 41.40277322 ], [ 2.21734786, 41.40279314 ], [ 2.217328, 41.40280372 ], [ 2.2173078, 41.40281178 ], [ 2.21729104, 41.40282293 ], [ 2.21728012, 41.40283546 ], [ 2.21726017, 41.4028528 ], [ 2.21724298, 41.4028598 ], [ 2.21722033, 41.40287352 ], [ 2.2171832, 41.40289651 ], [ 2.21716052, 41.40291196 ], [ 2.21715388, 41.4029244 ], [ 2.2171512, 41.40293979 ], [ 2.21756488, 41.40352924 ], [ 2.21800065, 41.40399571 ], [ 2.21849395, 41.40438266 ], [ 2.21887029, 41.40460328 ], [ 2.21921613, 41.40478034 ], [ 2.21986955, 41.40501789 ], [ 2.21999739, 41.40504876 ], [ 2.22019291, 41.4051399 ], [ 2.22030728, 41.40515302 ], [ 2.2206942, 41.40486304 ], [ 2.22069453, 41.40486279 ], [ 2.2210141, 41.40462329 ], [ 2.22102151, 41.40461774 ], [ 2.22177975, 41.40404946 ], [ 2.22182367, 41.40401654 ], [ 2.22214087, 41.40388141 ], [ 2.22215303, 41.40387622 ], [ 2.22210349, 41.40380378 ], [ 2.22205688, 41.40373561 ], [ 2.22196002, 41.40359774 ], [ 2.2219503, 41.40354741 ], [ 2.22200089, 41.40349491 ], [ 2.22202384, 41.40348952 ], [ 2.22203594, 41.40349083 ], [ 2.22207936, 41.4035035 ], [ 2.22215195, 41.40352468 ], [ 2.22219283, 41.40354931 ], [ 2.22222057, 41.40356602 ], [ 2.22222558, 41.40357098 ], [ 2.22246203, 41.40380496 ], [ 2.22261841, 41.40404361 ], [ 2.22266245, 41.40412584 ], [ 2.22274655, 41.40428073 ], [ 2.22276512, 41.40431493 ], [ 2.22293464, 41.40462589 ], [ 2.22303851, 41.40475785 ], [ 2.22304523, 41.40476639 ], [ 2.22304782, 41.40476969 ], [ 2.22312615, 41.40487961 ], [ 2.22328191, 41.40501071 ], [ 2.22333725, 41.40507289 ], [ 2.2233847, 41.40514574 ], [ 2.22340072, 41.40521703 ], [ 2.22339034, 41.40527059 ], [ 2.22338713, 41.4052872 ], [ 2.22337916, 41.4052975 ], [ 2.22335525, 41.40530875 ], [ 2.22331085, 41.40530076 ], [ 2.22326284, 41.40529213 ], [ 2.22324199, 41.40528518 ], [ 2.2232264, 41.40527141 ], [ 2.22320391, 41.40524561 ], [ 2.22310379, 41.40516795 ], [ 2.22286146, 41.40497997 ], [ 2.2228509, 41.40496454 ], [ 2.22276571, 41.40484012 ], [ 2.22257193, 41.40453193 ], [ 2.22237216, 41.40419806 ], [ 2.22230545, 41.40413702 ], [ 2.22227289, 41.40410978 ], [ 2.22224324, 41.40408931 ], [ 2.22222137, 41.40408504 ], [ 2.22220745, 41.40408231 ], [ 2.22217462, 41.40407759 ], [ 2.22213272, 41.40408181 ], [ 2.22206666, 41.40410613 ], [ 2.22197575, 41.40415104 ], [ 2.22190002, 41.40422306 ], [ 2.22172031, 41.40436042 ], [ 2.221688, 41.40440667 ], [ 2.22170652, 41.40444109 ], [ 2.22171221, 41.4044628 ], [ 2.22171328, 41.40446688 ], [ 2.22174551, 41.4044847 ], [ 2.22152458, 41.40469913 ], [ 2.22148801, 41.40467777 ], [ 2.22145522, 41.40465862 ], [ 2.22101395, 41.40509793 ], [ 2.22098754, 41.40512422 ], [ 2.22097145, 41.40514024 ], [ 2.22134753, 41.40541652 ], [ 2.22134924, 41.40541777 ], [ 2.22137346, 41.40539959 ], [ 2.22142402, 41.40543862 ], [ 2.22144013, 41.40545106 ], [ 2.22142779, 41.40546063 ], [ 2.22142945, 41.40546193 ], [ 2.22146548, 41.40549015 ], [ 2.22152095, 41.40553361 ], [ 2.22181741, 41.40531534 ], [ 2.22180942, 41.40529624 ], [ 2.22182255, 41.40526275 ], [ 2.22180297, 41.40524556 ], [ 2.2217767, 41.40522074 ], [ 2.22176118, 41.40520029 ], [ 2.22175078, 41.40516667 ], [ 2.22175071, 41.40514803 ], [ 2.22176589, 41.40511235 ], [ 2.22178582, 41.40509351 ], [ 2.22180258, 41.40508344 ], [ 2.22184662, 41.40506664 ], [ 2.22188648, 41.40506328 ], [ 2.22192331, 41.40507525 ], [ 2.22208487, 41.40518734 ], [ 2.22217005, 41.40525671 ], [ 2.22226915, 41.40534308 ], [ 2.2223159, 41.40532407 ], [ 2.22240258, 41.40531067 ], [ 2.22242195, 41.40531014 ], [ 2.22244809, 41.40533695 ], [ 2.2224937, 41.40535106 ], [ 2.22256595, 41.40536304 ], [ 2.22268002, 41.40539344 ], [ 2.22278644, 41.4055391 ], [ 2.2228641, 41.40563774 ], [ 2.2229075, 41.40574187 ], [ 2.22307573, 41.40583696 ], [ 2.2231711, 41.40600915 ], [ 2.22343333, 41.40617938 ], [ 2.22354923, 41.40617051 ], [ 2.22365163, 41.4061857 ], [ 2.22376122, 41.40624593 ], [ 2.22384049, 41.40623648 ], [ 2.22385777, 41.40623977 ], [ 2.22386454, 41.40624627 ], [ 2.22389477, 41.40630418 ], [ 2.22393532, 41.40632027 ], [ 2.22406327, 41.40623853 ], [ 2.22420358, 41.40618123 ], [ 2.22432768, 41.40616696 ], [ 2.22444027, 41.40619721 ], [ 2.22449044, 41.40622969 ], [ 2.22452672, 41.4062622 ], [ 2.2245462, 41.40628538 ], [ 2.22464444, 41.40640709 ], [ 2.22468607, 41.40647021 ], [ 2.22478551, 41.40643162 ], [ 2.22491878, 41.40642691 ], [ 2.22496683, 41.40638111 ], [ 2.22505515, 41.40633641 ], [ 2.22511086, 41.40632007 ], [ 2.22511459, 41.40630985 ], [ 2.22513028, 41.4062735 ], [ 2.22514972, 41.40625586 ], [ 2.22521229, 41.40620474 ], [ 2.22524762, 41.40617588 ], [ 2.22533171, 41.40610013 ], [ 2.22537426, 41.40606179 ], [ 2.22541554, 41.40602093 ], [ 2.22550019, 41.4059553 ], [ 2.22560079, 41.40594531 ], [ 2.22563195, 41.40594222 ], [ 2.22564136, 41.40594129 ], [ 2.22571729, 41.40596718 ], [ 2.22574692, 41.40598542 ], [ 2.22577403, 41.40601292 ], [ 2.22578006, 41.40601904 ], [ 2.22579938, 41.40605334 ], [ 2.22580425, 41.40609573 ], [ 2.22580642, 41.40612332 ], [ 2.22580174, 41.40614031 ], [ 2.22579853, 41.40615192 ], [ 2.22575908, 41.40624913 ], [ 2.22575275, 41.40625661 ], [ 2.22575254, 41.40625686 ], [ 2.22569142, 41.40632906 ], [ 2.22563858, 41.40637216 ], [ 2.22541585, 41.40649287 ], [ 2.22539316, 41.40650516 ], [ 2.22535719, 41.40652386 ], [ 2.22531746, 41.40653465 ], [ 2.22528655, 41.40654305 ], [ 2.22478399, 41.40693309 ], [ 2.22477888, 41.40693705 ], [ 2.22486845, 41.40708318 ], [ 2.22500118, 41.40730095 ], [ 2.22501191, 41.40731717 ], [ 2.22502075, 41.40733052 ], [ 2.22502405, 41.40733552 ], [ 2.22536552, 41.40709205 ], [ 2.22539165, 41.40707342 ], [ 2.22546068, 41.4070242 ], [ 2.2254699, 41.40701763 ], [ 2.22547165, 41.40701638 ], [ 2.22546666, 41.40701227 ], [ 2.22543886, 41.40698936 ], [ 2.22543233, 41.4069734 ], [ 2.2254297, 41.40696695 ], [ 2.22542751, 41.4069616 ], [ 2.22547386, 41.40691653 ], [ 2.22559257, 41.40682614 ], [ 2.22559501, 41.40682429 ], [ 2.2255986, 41.40681888 ], [ 2.22565538, 41.40673337 ], [ 2.22583707, 41.40663163 ], [ 2.22584795, 41.40662554 ], [ 2.22586185, 41.40661962 ], [ 2.22588325, 41.40661087 ], [ 2.22595305, 41.40660868 ], [ 2.22605986, 41.40661123 ], [ 2.22609476, 41.40662198 ], [ 2.22612261, 41.40664976 ], [ 2.2261816, 41.40669322 ], [ 2.22619918, 41.40670617 ], [ 2.22620554, 41.4067698 ], [ 2.22620767, 41.40681827 ], [ 2.22620276, 41.40682612 ], [ 2.22619822, 41.40683337 ], [ 2.22616403, 41.40688805 ], [ 2.22612914, 41.40689416 ], [ 2.22610323, 41.40689869 ], [ 2.22606445, 41.40692676 ], [ 2.22606361, 41.40692737 ], [ 2.22603852, 41.40693984 ], [ 2.22603606, 41.40694106 ], [ 2.22603883, 41.4069439 ], [ 2.22606186, 41.40696742 ], [ 2.22606555, 41.40697407 ], [ 2.22610667, 41.40704821 ], [ 2.2261204, 41.40708299 ], [ 2.22612155, 41.40708335 ], [ 2.22615862, 41.40709467 ], [ 2.22616286, 41.40711114 ], [ 2.22615817, 41.40717657 ], [ 2.2261579, 41.40718031 ], [ 2.2261573, 41.40718872 ], [ 2.22616112, 41.40721287 ], [ 2.2261435, 41.40722288 ], [ 2.22613278, 41.40721618 ], [ 2.226066, 41.40717445 ], [ 2.22605309, 41.40718248 ], [ 2.22609254, 41.4072325 ], [ 2.22610973, 41.40725429 ], [ 2.22619728, 41.40731848 ], [ 2.22621964, 41.40735995 ], [ 2.22622814, 41.40735942 ], [ 2.22626582, 41.40733596 ], [ 2.22626829, 41.40733442 ], [ 2.22626712, 41.40732861 ], [ 2.22626621, 41.40731377 ], [ 2.22627034, 41.40729792 ], [ 2.22628152, 41.40727269 ], [ 2.22631321, 41.40723774 ], [ 2.22632103, 41.40722827 ], [ 2.22633757, 41.40722543 ], [ 2.22634786, 41.40721487 ], [ 2.22635066, 41.40720284 ], [ 2.22634127, 41.40717653 ], [ 2.22634274, 41.40716987 ], [ 2.22634449, 41.40716197 ], [ 2.22636655, 41.40714027 ], [ 2.22638348, 41.4071236 ], [ 2.22639203, 41.40711262 ], [ 2.22640318, 41.40710321 ], [ 2.2264186, 41.4070902 ], [ 2.22643762, 41.40708776 ], [ 2.22645883, 41.40708741 ], [ 2.226459, 41.4070875 ], [ 2.22646255, 41.40708935 ], [ 2.22647529, 41.40709599 ], [ 2.2264833, 41.40711047 ], [ 2.22648723, 41.4071236 ], [ 2.22651133, 41.40713409 ], [ 2.22651867, 41.40714868 ], [ 2.22652121, 41.40716619 ], [ 2.22651106, 41.40717165 ], [ 2.2264937, 41.40718099 ], [ 2.22648635, 41.40718934 ], [ 2.2264845, 41.40719144 ], [ 2.22648535, 41.40720382 ], [ 2.22649363, 41.4072182 ], [ 2.22651733, 41.40723884 ], [ 2.22651165, 41.40726122 ], [ 2.22648513, 41.40728639 ], [ 2.22650204, 41.4073271 ], [ 2.2265036, 41.40733085 ], [ 2.22653715, 41.40745418 ], [ 2.22654068, 41.40746713 ], [ 2.22654045, 41.40751618 ], [ 2.22652114, 41.40762823 ], [ 2.22651871, 41.40764682 ], [ 2.2265105, 41.40765731 ], [ 2.2264938, 41.40765766 ], [ 2.22648171, 41.40765584 ], [ 2.22647844, 41.40765535 ], [ 2.22647363, 41.40766464 ], [ 2.22647576, 41.40766891 ], [ 2.22648711, 41.40769159 ], [ 2.2265071, 41.40770163 ], [ 2.22652132, 41.40771176 ], [ 2.22655898, 41.40775679 ], [ 2.22659886, 41.40776657 ], [ 2.2266186, 41.40777441 ], [ 2.22662607, 41.40778766 ], [ 2.22663333, 41.40782463 ], [ 2.22666609, 41.40786386 ], [ 2.22670019, 41.40787915 ], [ 2.22674104, 41.40787616 ], [ 2.22674563, 41.40784666 ], [ 2.22676688, 41.40779596 ], [ 2.2268103, 41.40769973 ], [ 2.22681116, 41.40769782 ], [ 2.22680849, 41.40769537 ], [ 2.22679989, 41.40768744 ], [ 2.22679176, 41.40767493 ], [ 2.22679144, 41.40767247 ], [ 2.22679005, 41.40766182 ], [ 2.22679933, 41.40764334 ], [ 2.22680656, 41.40762893 ], [ 2.226817, 41.40761571 ], [ 2.22683473, 41.40761057 ], [ 2.22686668, 41.40760129 ], [ 2.22690396, 41.40761228 ], [ 2.22690477, 41.40761284 ], [ 2.22692634, 41.40762769 ], [ 2.22693723, 41.40764446 ], [ 2.22694726, 41.40766864 ], [ 2.22694704, 41.40770351 ], [ 2.22695498, 41.40771923 ], [ 2.22697084, 41.4077506 ], [ 2.22699375, 41.40779594 ], [ 2.22701385, 41.40784555 ], [ 2.2270213, 41.40788901 ], [ 2.22702013, 41.40791451 ], [ 2.22701173, 41.40796016 ], [ 2.22701104, 41.40796393 ], [ 2.22700031, 41.40797764 ], [ 2.22697399, 41.40799397 ], [ 2.22696751, 41.40799799 ], [ 2.2269663, 41.40799827 ], [ 2.22695022, 41.40800199 ], [ 2.22693577, 41.40801093 ], [ 2.22692921, 41.40802852 ], [ 2.2269351, 41.40804336 ], [ 2.22693503, 41.40805841 ], [ 2.22693502, 41.40806025 ], [ 2.22692028, 41.4080725 ], [ 2.22690673, 41.40808114 ], [ 2.22690744, 41.40808352 ], [ 2.2269101, 41.40809238 ], [ 2.2269167, 41.40811438 ], [ 2.22697411, 41.40816614 ], [ 2.22700006, 41.40818769 ], [ 2.22701916, 41.40819506 ], [ 2.22702191, 41.4081888 ], [ 2.22703332, 41.4081629 ], [ 2.22704714, 41.40813421 ], [ 2.22705736, 41.40812395 ], [ 2.22707456, 41.40811715 ], [ 2.22711033, 41.40810301 ], [ 2.22711736, 41.40810047 ], [ 2.22716715, 41.40808251 ], [ 2.22718367, 41.40807906 ], [ 2.22719993, 41.40807791 ], [ 2.22726697, 41.40807432 ], [ 2.22735868, 41.40808012 ], [ 2.22742024, 41.40809172 ], [ 2.22742106, 41.40809187 ], [ 2.22742503, 41.40809377 ], [ 2.22743189, 41.40810014 ], [ 2.22743283, 41.40810101 ], [ 2.22743718, 41.40810505 ], [ 2.22745145, 41.4081202 ], [ 2.22747779, 41.40815333 ], [ 2.22748987, 41.40817304 ], [ 2.22752918, 41.40827745 ], [ 2.22753033, 41.40828066 ], [ 2.22754878, 41.40833227 ], [ 2.22758186, 41.40836055 ], [ 2.22763695, 41.40840765 ], [ 2.22770331, 41.40855502 ], [ 2.22774948, 41.40862912 ], [ 2.22780524, 41.4086892 ], [ 2.22784615, 41.40874662 ], [ 2.22787125, 41.40878912 ], [ 2.22789085, 41.40883314 ], [ 2.22790827, 41.40887224 ], [ 2.2279288, 41.40889686 ], [ 2.22794507, 41.40891638 ], [ 2.22796489, 41.40894015 ], [ 2.22799509, 41.40897637 ], [ 2.22799775, 41.40898009 ], [ 2.22800194, 41.40898596 ], [ 2.22800244, 41.40898665 ], [ 2.22800463, 41.40899484 ], [ 2.22801751, 41.40904303 ], [ 2.22802953, 41.40912214 ], [ 2.22803997, 41.40919095 ], [ 2.228045, 41.40922402 ], [ 2.22804221, 41.4092392 ], [ 2.22803206, 41.40929459 ], [ 2.2280275, 41.40931945 ], [ 2.22801253, 41.40937509 ], [ 2.2279919, 41.40942241 ], [ 2.2279526, 41.40951258 ], [ 2.22793918, 41.40954336 ], [ 2.22788707, 41.40961401 ], [ 2.22788593, 41.40961554 ], [ 2.2278439, 41.40961933 ], [ 2.22778598, 41.40962456 ], [ 2.22778529, 41.40962451 ], [ 2.22774806, 41.40962182 ], [ 2.22771946, 41.4096163 ], [ 2.22771183, 41.40961405 ], [ 2.22770253, 41.40960732 ], [ 2.22769327, 41.40958233 ], [ 2.22769256, 41.40958041 ], [ 2.22750335, 41.40940897 ], [ 2.22736919, 41.40898605 ], [ 2.22724377, 41.40894813 ], [ 2.22698012, 41.40841096 ], [ 2.22700974, 41.40835308 ], [ 2.22705257, 41.40827531 ], [ 2.22704848, 41.40827502 ], [ 2.2270376, 41.40827422 ], [ 2.22702339, 41.4082726 ], [ 2.22701389, 41.40827613 ], [ 2.22699932, 41.40828378 ], [ 2.22698292, 41.40827449 ], [ 2.22696816, 41.40826871 ], [ 2.22694028, 41.40826861 ], [ 2.22692359, 41.40826391 ], [ 2.22691801, 41.40825964 ], [ 2.22690804, 41.40826299 ], [ 2.22689094, 41.40825216 ], [ 2.22688446, 41.40822383 ], [ 2.22688291, 41.40820274 ], [ 2.22686675, 41.40819327 ], [ 2.22685511, 41.40818616 ], [ 2.22684517, 41.40816736 ], [ 2.22683874, 41.40815435 ], [ 2.22682632, 41.40814219 ], [ 2.22681559, 41.40812951 ], [ 2.22680839, 41.40812118 ], [ 2.22679968, 41.40810851 ], [ 2.22679822, 41.40809075 ], [ 2.226807, 41.40807658 ], [ 2.22680704, 41.40807658 ], [ 2.22681914, 41.40806505 ], [ 2.22682468, 41.40805286 ], [ 2.22682052, 41.40803949 ], [ 2.22680908, 41.4080351 ], [ 2.22679537, 41.40803363 ], [ 2.22677583, 41.40802939 ], [ 2.22677094, 41.40802113 ], [ 2.22677239, 41.40801075 ], [ 2.22677906, 41.40799926 ], [ 2.22678105, 41.40798643 ], [ 2.22676892, 41.40798132 ], [ 2.22675832, 41.40798139 ], [ 2.22674576, 41.4079705 ], [ 2.22673402, 41.40796103 ], [ 2.22672082, 41.40795037 ], [ 2.22670558, 41.40794708 ], [ 2.22669291, 41.40794838 ], [ 2.22668087, 41.40794248 ], [ 2.22667179, 41.4079328 ], [ 2.22665234, 41.40792404 ], [ 2.22663238, 41.40791901 ], [ 2.22661529, 41.40790648 ], [ 2.22658893, 41.40789744 ], [ 2.22656809, 41.40788575 ], [ 2.22655084, 41.40786997 ], [ 2.22654033, 41.40786036 ], [ 2.22652274, 41.40784429 ], [ 2.22651081, 41.40783339 ], [ 2.22649696, 41.40782038 ], [ 2.22648036, 41.40780456 ], [ 2.22646383, 41.40778866 ], [ 2.22644075, 41.40776706 ], [ 2.22644114, 41.40775269 ], [ 2.22644457, 41.40773499 ], [ 2.2264473, 41.40772114 ], [ 2.22643938, 41.40771242 ], [ 2.2264329, 41.40770321 ], [ 2.22642818, 41.40768985 ], [ 2.22642675, 41.40766478 ], [ 2.22642175, 41.40764183 ], [ 2.22641238, 41.40762103 ], [ 2.22640206, 41.40760715 ], [ 2.2263881, 41.40760128 ], [ 2.22638354, 41.40758969 ], [ 2.22637913, 41.40757408 ], [ 2.2263728, 41.40756312 ], [ 2.22635542, 41.40755581 ], [ 2.22634137, 41.40754745 ], [ 2.22633188, 41.40753111 ], [ 2.22632342, 41.40751849 ], [ 2.22631515, 41.40750735 ], [ 2.22630484, 41.40749852 ], [ 2.22628881, 41.40749167 ], [ 2.22627859, 41.4074808 ], [ 2.22627239, 41.40747285 ], [ 2.22627234, 41.40744241 ], [ 2.22627511, 41.40742974 ], [ 2.22622556, 41.40742899 ], [ 2.22619385, 41.40742871 ], [ 2.22617253, 41.40740912 ], [ 2.22614306, 41.40739218 ], [ 2.22612452, 41.4074016 ], [ 2.22609656, 41.40738078 ], [ 2.2261063, 41.40736776 ], [ 2.22606273, 41.40735191 ], [ 2.22608743, 41.40731028 ], [ 2.22606849, 41.40728583 ], [ 2.22605532, 41.407288 ], [ 2.22604078, 41.40727087 ], [ 2.22605156, 41.40726274 ], [ 2.22600969, 41.4072262 ], [ 2.22597249, 41.40714604 ], [ 2.22589465, 41.40713866 ], [ 2.22589407, 41.40710696 ], [ 2.22583692, 41.40709618 ], [ 2.22583603, 41.40708779 ], [ 2.22581087, 41.40708604 ], [ 2.22578207, 41.40709851 ], [ 2.22576718, 41.4071 ], [ 2.22574566, 41.40709673 ], [ 2.22573113, 41.40710754 ], [ 2.22573411, 41.40712943 ], [ 2.22570813, 41.4071485 ], [ 2.22567453, 41.40714597 ], [ 2.22563937, 41.40717144 ], [ 2.22558818, 41.40721138 ], [ 2.22553657, 41.40724596 ], [ 2.22550241, 41.40727542 ], [ 2.22543174, 41.40731734 ], [ 2.22542656, 41.40731992 ], [ 2.22542684, 41.40732034 ], [ 2.22542717, 41.40732076 ], [ 2.2255994, 41.40758678 ], [ 2.22572107, 41.40777542 ], [ 2.2258285, 41.40794336 ], [ 2.22581388, 41.40777802 ], [ 2.22581861, 41.40777118 ], [ 2.22582679, 41.40776495 ], [ 2.22583754, 41.40776091 ], [ 2.22593013, 41.40774224 ], [ 2.22593826, 41.40774404 ], [ 2.22594753, 41.40774933 ], [ 2.22607909, 41.40788829 ], [ 2.22608252, 41.40789539 ], [ 2.2260826, 41.40790148 ], [ 2.22607665, 41.40790871 ], [ 2.22605835, 41.40792265 ], [ 2.22594997, 41.40800522 ], [ 2.22589716, 41.40804544 ], [ 2.22608344, 41.40833386 ], [ 2.22617598, 41.408476 ], [ 2.22618435, 41.4084754 ], [ 2.22622727, 41.40848761 ], [ 2.22625788, 41.40851344 ], [ 2.22626831, 41.40853797 ], [ 2.22624854, 41.40854274 ], [ 2.2262317, 41.40851784 ], [ 2.22617726, 41.40849981 ], [ 2.22613287, 41.40850586 ], [ 2.22611633, 41.40853698 ], [ 2.22615125, 41.40856183 ], [ 2.22621092, 41.408548 ], [ 2.22621884, 41.40856073 ], [ 2.22616338, 41.40858028 ], [ 2.22614403, 41.40857574 ], [ 2.22614547, 41.40857797 ], [ 2.2263569, 41.40890384 ], [ 2.22637805, 41.40890536 ], [ 2.22640996, 41.40865585 ], [ 2.22641023, 41.40865386 ], [ 2.22641106, 41.4086479 ], [ 2.22640849, 41.40864889 ], [ 2.22638269, 41.4086588 ], [ 2.22637454, 41.40866055 ], [ 2.22636454, 41.4086599 ], [ 2.22635471, 41.40865735 ], [ 2.22634638, 41.40865268 ], [ 2.226339, 41.40864575 ], [ 2.2262578, 41.4084665 ], [ 2.22625298, 41.40845371 ], [ 2.22625313, 41.40844892 ], [ 2.22625459, 41.40844306 ], [ 2.22625666, 41.40843785 ], [ 2.22626126, 41.40843316 ], [ 2.22626614, 41.40842969 ], [ 2.22627163, 41.4084266 ], [ 2.22635901, 41.40839508 ], [ 2.22636782, 41.40839435 ], [ 2.22637825, 41.40839496 ], [ 2.22638855, 41.40839773 ], [ 2.22639488, 41.4084013 ], [ 2.22640254, 41.40840885 ], [ 2.22643754, 41.40845632 ], [ 2.22653311, 41.40857716 ], [ 2.22653576, 41.40858377 ], [ 2.22653597, 41.40859029 ], [ 2.22653369, 41.40859644 ], [ 2.22652897, 41.408603 ], [ 2.22652188, 41.4086076 ], [ 2.2265097, 41.40861286 ], [ 2.22645046, 41.40863382 ], [ 2.22641735, 41.40889582 ], [ 2.22663783, 41.40923664 ], [ 2.22675525, 41.40931897 ], [ 2.22677013, 41.40933263 ], [ 2.22677083, 41.40933327 ], [ 2.22678164, 41.40934527 ], [ 2.22679231, 41.40936159 ], [ 2.2268005, 41.40937786 ], [ 2.22680786, 41.40939895 ], [ 2.22681001, 41.40941514 ], [ 2.22680862, 41.40943152 ], [ 2.22680467, 41.40944933 ], [ 2.22677706, 41.40955057 ], [ 2.22674689, 41.40965681 ], [ 2.22721348, 41.41037753 ], [ 2.22325069, 41.41198749 ], [ 2.22311356, 41.41205561 ], [ 2.2228803, 41.41216055 ], [ 2.22279455, 41.41231689 ], [ 2.22097558, 41.41307808 ], [ 2.22136827, 41.41351379 ], [ 2.22088428, 41.41377395 ], [ 2.22065018, 41.41394957 ], [ 2.22044277, 41.41416662 ], [ 2.21941365, 41.41559748 ], [ 2.21819362, 41.41729369 ], [ 2.21779199, 41.41698908 ], [ 2.21609319, 41.41826667 ], [ 2.21632111, 41.41843739 ], [ 2.2155521, 41.41901633 ], [ 2.2151253, 41.41934435 ], [ 2.21503575, 41.41941317 ], [ 2.21402113, 41.42017265 ], [ 2.21378685, 41.41999973 ], [ 2.21373861, 41.42003593 ], [ 2.21258947, 41.42089831 ], [ 2.21247723, 41.42081386 ], [ 2.21196617, 41.42119773 ], [ 2.21193727, 41.42117559 ], [ 2.2112789, 41.42167098 ], [ 2.21181507, 41.42207227 ], [ 2.21161011, 41.42222724 ], [ 2.21151152, 41.42231641 ], [ 2.21144614, 41.42237555 ], [ 2.21132257, 41.4225653 ], [ 2.21113051, 41.42321245 ], [ 2.21094944, 41.42346912 ], [ 2.21077217, 41.42363443 ], [ 2.21060395, 41.42375879 ], [ 2.21036812, 41.42389129 ], [ 2.21005149, 41.42403036 ], [ 2.20980149, 41.42417358 ], [ 2.20959916, 41.42434388 ], [ 2.20949468, 41.42447221 ], [ 2.20937174, 41.42472251 ], [ 2.20931478, 41.42498252 ], [ 2.20925729, 41.42518671 ], [ 2.20908724, 41.42534473 ], [ 2.2086585, 41.42502271 ], [ 2.20849116, 41.42514892 ], [ 2.20843469, 41.42517577 ], [ 2.20839527, 41.42515759 ], [ 2.20836101, 41.42514231 ], [ 2.20832127, 41.42512486 ], [ 2.20828066, 41.42510902 ], [ 2.20824012, 41.42509455 ], [ 2.20817789, 41.4250741 ], [ 2.2080995, 41.42505138 ], [ 2.20806144, 41.42504135 ], [ 2.20797627, 41.42502258 ], [ 2.20777148, 41.42498624 ], [ 2.20753963, 41.42500187 ], [ 2.20729875, 41.42518333 ], [ 2.20676602, 41.42542241 ], [ 2.20606707, 41.42561251 ], [ 2.20613972, 41.42580112 ], [ 2.20635305, 41.42604912 ], [ 2.20646312, 41.42640149 ], [ 2.20676111, 41.42675235 ], [ 2.20697602, 41.42664971 ], [ 2.20736412, 41.4271113 ] ] ] ] } },
{ "type": "Feature", "properties": { "id": "barcelona", "kind": "city", "name": "Barcelona" }, "geometry": { "type": "MultiPolygon", "coordinates": [ [ [ [ 2.1870605, 41.46771682 ], [ 2.1858026, 41.4677576 ], [ 2.18573816, 41.46776103 ], [ 2.18538198, 41.4677951 ], [ 2.18458312, 41.46819673 ], [ 2.18442185, 41.46824552 ], [ 2.18406501, 41.46829759 ], [ 2.18378539, 41.46829648 ], [ 2.183623, 41.468275 ], [ 2.18347086, 41.46822695 ], [ 2.183101, 41.46816347 ], [ 2.18267393, 41.46805218 ], [ 2.18238887, 41.46799651 ], [ 2.18202206, 41.46795197 ], [ 2.18189194, 41.46791353 ], [ 2.18168735, 41.46784305 ], [ 2.18069285, 41.46767316 ], [ 2.18051046, 41.46765868 ], [ 2.17979427, 41.4676187 ], [ 2.17941334, 41.467594 ], [ 2.17869485, 41.46818418 ], [ 2.1786403, 41.46794684 ], [ 2.17860586, 41.46768804 ], [ 2.17860974, 41.46742052 ], [ 2.17867142, 41.46708438 ], [ 2.17878879, 41.46680027 ], [ 2.17893562, 41.46653473 ], [ 2.17916672, 41.46621388 ], [ 2.17946564, 41.46587773 ], [ 2.17984428, 41.46550557 ], [ 2.18013733, 41.46526907 ], [ 2.1804212, 41.46508846 ], [ 2.18071191, 41.46494026 ], [ 2.17885544, 41.4644852 ], [ 2.17862266, 41.46444323 ], [ 2.17843267, 41.46439925 ], [ 2.17812623, 41.46433328 ], [ 2.17780282, 41.46424334 ], [ 2.17746459, 41.46416146 ], [ 2.17707725, 41.46414503 ], [ 2.17695757, 41.46413239 ], [ 2.17692052, 41.46409217 ], [ 2.17661854, 41.46405283 ], [ 2.17625119, 41.46399006 ], [ 2.17621067, 41.46394456 ], [ 2.17599081, 41.46385799 ], [ 2.17573037, 41.46373303 ], [ 2.17562152, 41.46375094 ], [ 2.17491595, 41.46385222 ], [ 2.17487801, 41.46369928 ], [ 2.17478012, 41.46364345 ], [ 2.17452437, 41.46348399 ], [ 2.17435208, 41.46348401 ], [ 2.1743275, 41.46322949 ], [ 2.17435734, 41.46301603 ], [ 2.17435452, 41.46297172 ], [ 2.17427977, 41.4628195 ], [ 2.17424827, 41.4627319 ], [ 2.17416934, 41.46263722 ], [ 2.17407366, 41.46256372 ], [ 2.1739959, 41.46253945 ], [ 2.1738427, 41.46252928 ], [ 2.17376045, 41.46253524 ], [ 2.17293867, 41.46205721 ], [ 2.17264619, 41.46186885 ], [ 2.17254816, 41.46176641 ], [ 2.17238605, 41.46165579 ], [ 2.17213441, 41.46144281 ], [ 2.17189999, 41.46127089 ], [ 2.17174914, 41.46120501 ], [ 2.1716949, 41.4611376 ], [ 2.1716455, 41.46110967 ], [ 2.17152387, 41.46096286 ], [ 2.17142508, 41.46087574 ], [ 2.17140507, 41.46082198 ], [ 2.17122351, 41.46121343 ], [ 2.17064184, 41.46102368 ], [ 2.17050007, 41.46096213 ], [ 2.17001894, 41.4608443 ], [ 2.17001193, 41.46075432 ], [ 2.16954895, 41.46067711 ], [ 2.16940903, 41.46063496 ], [ 2.16928743, 41.46063022 ], [ 2.16909868, 41.46055093 ], [ 2.16842938, 41.46031997 ], [ 2.16831816, 41.4602849 ], [ 2.1682963, 41.46033828 ], [ 2.16828268, 41.46039513 ], [ 2.16826747, 41.46049658 ], [ 2.16825842, 41.46060247 ], [ 2.16826287, 41.46069723 ], [ 2.1681438, 41.46070403 ], [ 2.16732537, 41.46068025 ], [ 2.16724183, 41.46047227 ], [ 2.16728824, 41.46031912 ], [ 2.16735994, 41.46014324 ], [ 2.16739708, 41.46007736 ], [ 2.16752453, 41.45993121 ], [ 2.16739225, 41.45990828 ], [ 2.16731269, 41.45988675 ], [ 2.16723784, 41.45984886 ], [ 2.16716635, 41.45979999 ], [ 2.167014, 41.45963513 ], [ 2.16693439, 41.45949231 ], [ 2.16692139, 41.45917453 ], [ 2.16643892, 41.45870798 ], [ 2.16616225, 41.45846539 ], [ 2.16579921, 41.45841634 ], [ 2.16574076, 41.45837296 ], [ 2.16569782, 41.45830677 ], [ 2.16568697, 41.45827065 ], [ 2.16567007, 41.45818546 ], [ 2.16562325, 41.45802852 ], [ 2.1654987, 41.45792129 ], [ 2.16546364, 41.4578495 ], [ 2.16541571, 41.45777955 ], [ 2.16531663, 41.4576899 ], [ 2.16527134, 41.45761418 ], [ 2.16519557, 41.45751116 ], [ 2.16507961, 41.45733439 ], [ 2.16497409, 41.4571461 ], [ 2.16489346, 41.45705079 ], [ 2.16472081, 41.45679843 ], [ 2.16464418, 41.45669563 ], [ 2.16433882, 41.4561927 ], [ 2.16422879, 41.45604454 ], [ 2.16416868, 41.45579381 ], [ 2.16426675, 41.45560855 ], [ 2.16430072, 41.45544682 ], [ 2.16432579, 41.45535702 ], [ 2.16440659, 41.45511559 ], [ 2.16450593, 41.45501035 ], [ 2.16473339, 41.45494289 ], [ 2.16489018, 41.45483964 ], [ 2.16492386, 41.45477052 ], [ 2.16493954, 41.4546658 ], [ 2.16495624, 41.45448248 ], [ 2.16495608, 41.45433449 ], [ 2.16489186, 41.45404562 ], [ 2.16481991, 41.45392807 ], [ 2.16480239, 41.45385549 ], [ 2.16479731, 41.45377221 ], [ 2.16480752, 41.4536966 ], [ 2.16482575, 41.45363214 ], [ 2.16485851, 41.45347359 ], [ 2.16486147, 41.4534027 ], [ 2.16487499, 41.45330722 ], [ 2.16489648, 41.45322876 ], [ 2.16490144, 41.45316251 ], [ 2.16487141, 41.45299031 ], [ 2.1648623, 41.4529116 ], [ 2.1648363, 41.4528353 ], [ 2.16481381, 41.45274888 ], [ 2.16480126, 41.45267521 ], [ 2.16485953, 41.45260206 ], [ 2.16493809, 41.45252398 ], [ 2.16503345, 41.4524511 ], [ 2.16515962, 41.45236085 ], [ 2.16533268, 41.45224912 ], [ 2.16539291, 41.45215272 ], [ 2.16544788, 41.45204821 ], [ 2.16551389, 41.45191956 ], [ 2.16556848, 41.45179536 ], [ 2.16557526, 41.45174608 ], [ 2.16559264, 41.45166913 ], [ 2.16559788, 41.45157976 ], [ 2.16558425, 41.45152416 ], [ 2.16555592, 41.45148181 ], [ 2.16550545, 41.45143726 ], [ 2.16537382, 41.45134765 ], [ 2.16531035, 41.45131252 ], [ 2.16507525, 41.45122359 ], [ 2.16479211, 41.45109323 ], [ 2.16475671, 41.45106089 ], [ 2.16470688, 41.4509566 ], [ 2.16468017, 41.45091149 ], [ 2.16463828, 41.45085345 ], [ 2.16455908, 41.45077832 ], [ 2.16444767, 41.45068911 ], [ 2.16440314, 41.45063536 ], [ 2.16435882, 41.45056913 ], [ 2.16431919, 41.45047135 ], [ 2.16429159, 41.45038636 ], [ 2.16427406, 41.45029957 ], [ 2.16422364, 41.45010329 ], [ 2.16416644, 41.449942 ], [ 2.16417006, 41.44986563 ], [ 2.16414054, 41.44981523 ], [ 2.16410581, 41.44979824 ], [ 2.16403767, 41.4497858 ], [ 2.1638927, 41.44977135 ], [ 2.1636794, 41.44979455 ], [ 2.16347279, 41.449805 ], [ 2.16338065, 41.44980568 ], [ 2.16325584, 41.4497984 ], [ 2.1629756, 41.44976809 ], [ 2.16278651, 41.44978926 ], [ 2.16268519, 41.44982646 ], [ 2.16259639, 41.44987962 ], [ 2.16249413, 41.44992985 ], [ 2.1623939, 41.44998646 ], [ 2.16229778, 41.45005266 ], [ 2.16211, 41.45016426 ], [ 2.16199501, 41.45022031 ], [ 2.16186046, 41.45025838 ], [ 2.16172469, 41.45027282 ], [ 2.16153267, 41.45028441 ], [ 2.16104283, 41.45032746 ], [ 2.16041354, 41.45033963 ], [ 2.16036949, 41.45032061 ], [ 2.16021135, 41.45033273 ], [ 2.16018523, 41.4503492 ], [ 2.15999805, 41.45043334 ], [ 2.15956162, 41.45050157 ], [ 2.15955986, 41.4505212 ], [ 2.15896719, 41.45051735 ], [ 2.15892602, 41.45048878 ], [ 2.15886847, 41.45042523 ], [ 2.15877543, 41.45034872 ], [ 2.15868079, 41.45030025 ], [ 2.15858606, 41.45025814 ], [ 2.15850389, 41.45022728 ], [ 2.15842413, 41.45017413 ], [ 2.15831523, 41.45008254 ], [ 2.15827133, 41.45003922 ], [ 2.15822102, 41.45000062 ], [ 2.15816452, 41.44994924 ], [ 2.15801365, 41.44982868 ], [ 2.15796741, 41.44980285 ], [ 2.15791051, 41.44978332 ], [ 2.15768325, 41.44967653 ], [ 2.15756324, 41.44962469 ], [ 2.15744512, 41.44959197 ], [ 2.15738798, 41.44958995 ], [ 2.15732291, 41.44960067 ], [ 2.1572137, 41.44964284 ], [ 2.1569458, 41.44973166 ], [ 2.15680747, 41.44978799 ], [ 2.15664319, 41.44988554 ], [ 2.15657931, 41.44991374 ], [ 2.15643744, 41.44992644 ], [ 2.15630709, 41.44992045 ], [ 2.15601904, 41.44995357 ], [ 2.15584226, 41.44993475 ], [ 2.15554563, 41.44982088 ], [ 2.15546705, 41.44978698 ], [ 2.15538034, 41.4497341 ], [ 2.15516626, 41.44962534 ], [ 2.15496704, 41.44957073 ], [ 2.15474969, 41.4495286 ], [ 2.15443026, 41.44941997 ], [ 2.15440764, 41.44940989 ], [ 2.15436014, 41.44937982 ], [ 2.15429044, 41.44930815 ], [ 2.15425015, 41.44927633 ], [ 2.1535584, 41.44879835 ], [ 2.15350514, 41.44875112 ], [ 2.15343221, 41.4486515 ], [ 2.15341006, 41.4486054 ], [ 2.15338673, 41.44837464 ], [ 2.15334089, 41.44821667 ], [ 2.15332016, 41.44806159 ], [ 2.1533142, 41.44796787 ], [ 2.15329779, 41.44784885 ], [ 2.15326864, 41.44778919 ], [ 2.1531816, 41.44776152 ], [ 2.15306226, 41.44773272 ], [ 2.15295383, 41.44769319 ], [ 2.15284535, 41.44765817 ], [ 2.15275739, 41.44760978 ], [ 2.15261274, 41.44750153 ], [ 2.15252512, 41.44742702 ], [ 2.15235799, 41.44729878 ], [ 2.15207134, 41.44706428 ], [ 2.15202856, 41.44703964 ], [ 2.15197127, 41.44702661 ], [ 2.1519115, 41.44701987 ], [ 2.15183119, 41.44702738 ], [ 2.15171605, 41.44704365 ], [ 2.15161881, 41.44706455 ], [ 2.15148306, 41.44710047 ], [ 2.15129694, 41.44714414 ], [ 2.15115034, 41.44718629 ], [ 2.15104324, 41.44722874 ], [ 2.1507502, 41.44730044 ], [ 2.15066159, 41.44730158 ], [ 2.15058161, 41.44728388 ], [ 2.15044466, 41.44722882 ], [ 2.15036113, 41.44720839 ], [ 2.15028466, 41.44719702 ], [ 2.1500036, 41.44717602 ], [ 2.14986453, 41.44719121 ], [ 2.14964612, 41.44723193 ], [ 2.1495301, 41.44722387 ], [ 2.1494278, 41.44717357 ], [ 2.1492911, 41.4470996 ], [ 2.14923181, 41.44705592 ], [ 2.14915465, 41.44700581 ], [ 2.14905478, 41.44695283 ], [ 2.14888667, 41.44690025 ], [ 2.14863548, 41.446793 ], [ 2.14856154, 41.44677083 ], [ 2.14848513, 41.44675496 ], [ 2.14842406, 41.44675631 ], [ 2.14836401, 41.44677117 ], [ 2.14825457, 41.4468091 ], [ 2.14814539, 41.4468281 ], [ 2.14805054, 41.44684902 ], [ 2.14780482, 41.44687242 ], [ 2.1477099, 41.44689874 ], [ 2.14758236, 41.44694733 ], [ 2.14725336, 41.44711424 ], [ 2.14708671, 41.44722469 ], [ 2.14694879, 41.44733446 ], [ 2.14671309, 41.44750655 ], [ 2.14661549, 41.44755447 ], [ 2.14650252, 41.44758786 ], [ 2.1463296, 41.44762891 ], [ 2.14592068, 41.44768082 ], [ 2.14577306, 41.44770945 ], [ 2.14564949, 41.44772925 ], [ 2.14542734, 41.44778074 ], [ 2.14532144, 41.44782229 ], [ 2.14520809, 41.4478845 ], [ 2.14514161, 41.44793355 ], [ 2.14509825, 41.44795304 ], [ 2.14503837, 41.4479553 ], [ 2.14486077, 41.44789543 ], [ 2.14476073, 41.44785596 ], [ 2.14459845, 41.44781512 ], [ 2.14446107, 41.44779338 ], [ 2.1442782, 41.4477704 ], [ 2.1441477, 41.44777123 ], [ 2.14399095, 41.44776556 ], [ 2.14350566, 41.44761693 ], [ 2.14324829, 41.44752404 ], [ 2.14302781, 41.44744853 ], [ 2.14292115, 41.44736667 ], [ 2.14257215, 41.44714159 ], [ 2.14243474, 41.44703067 ], [ 2.14234801, 41.44698049 ], [ 2.14227048, 41.44695829 ], [ 2.14203251, 41.4469385 ], [ 2.14185299, 41.44693446 ], [ 2.1417546, 41.44695174 ], [ 2.1416524, 41.44698521 ], [ 2.14156326, 41.44702688 ], [ 2.14147518, 41.44707936 ], [ 2.1413965, 41.44714543 ], [ 2.14134313, 41.44719818 ], [ 2.1413215, 41.44720432 ], [ 2.14122564, 41.44721081 ], [ 2.1412064, 41.44721697 ], [ 2.14117501, 41.44723745 ], [ 2.14116523, 41.44725269 ], [ 2.14113005, 41.44728756 ], [ 2.14101894, 41.44736149 ], [ 2.14093458, 41.4474041 ], [ 2.14081672, 41.44744465 ], [ 2.14067626, 41.44747423 ], [ 2.14058036, 41.44748432 ], [ 2.14035409, 41.44748443 ], [ 2.1402798, 41.44748928 ], [ 2.14019705, 41.44750037 ], [ 2.14012744, 41.44751426 ], [ 2.14002048, 41.44754499 ], [ 2.13998317, 41.44756002 ], [ 2.13988911, 41.44761156 ], [ 2.13986508, 41.44761859 ], [ 2.13975489, 41.44762227 ], [ 2.13969494, 41.44762903 ], [ 2.13946952, 41.44765616 ], [ 2.1392884, 41.44768273 ], [ 2.13903903, 41.44770969 ], [ 2.13882318, 41.4477369 ], [ 2.13872122, 41.44775235 ], [ 2.13866722, 41.44776185 ], [ 2.13849784, 41.44780562 ], [ 2.13829731, 41.44785186 ], [ 2.13814574, 41.44790657 ], [ 2.1380077, 41.44793436 ], [ 2.13781227, 41.44795631 ], [ 2.13771779, 41.4479493 ], [ 2.13758683, 41.44789427 ], [ 2.13749307, 41.44783232 ], [ 2.13740177, 41.44776588 ], [ 2.13731136, 41.44772287 ], [ 2.13723656, 41.44767547 ], [ 2.13710684, 41.44761775 ], [ 2.13694475, 41.44765346 ], [ 2.1366287, 41.44774387 ], [ 2.13649789, 41.44767713 ], [ 2.13634438, 41.44760752 ], [ 2.13573735, 41.44743272 ], [ 2.13535692, 41.44750282 ], [ 2.13523322, 41.44753252 ], [ 2.13519603, 41.44753855 ], [ 2.13501471, 41.44757952 ], [ 2.13491276, 41.44759406 ], [ 2.13482298, 41.44759339 ], [ 2.13477284, 41.4475831 ], [ 2.13473123, 41.44756117 ], [ 2.13471494, 41.44752592 ], [ 2.13463267, 41.44741091 ], [ 2.13461203, 41.44725222 ], [ 2.13458425, 41.44709078 ], [ 2.13444102, 41.44687803 ], [ 2.13433392, 41.44673941 ], [ 2.13425291, 41.4466199 ], [ 2.13407395, 41.44639427 ], [ 2.13401536, 41.44629835 ], [ 2.13388161, 41.44609378 ], [ 2.13384045, 41.44603852 ], [ 2.13361141, 41.4457972 ], [ 2.13349294, 41.44570443 ], [ 2.13339791, 41.44564877 ], [ 2.13320383, 41.44556984 ], [ 2.13301197, 41.44550355 ], [ 2.1329323, 41.44546331 ], [ 2.13290763, 41.445428 ], [ 2.13289516, 41.44537566 ], [ 2.13289825, 41.44532344 ], [ 2.13288361, 41.44525397 ], [ 2.13287723, 41.44519358 ], [ 2.13290197, 41.44504424 ], [ 2.13290691, 41.44494249 ], [ 2.13284782, 41.44470515 ], [ 2.13281876, 41.44464008 ], [ 2.13278212, 41.44460467 ], [ 2.1327395, 41.44456922 ], [ 2.13263483, 41.44451889 ], [ 2.1325399, 41.44445603 ], [ 2.13246062, 41.44438607 ], [ 2.13229358, 41.44425511 ], [ 2.13221155, 41.44421215 ], [ 2.1321127, 41.44417358 ], [ 2.13202329, 41.44414588 ], [ 2.13161735, 41.44406535 ], [ 2.13146584, 41.44402638 ], [ 2.13135601, 41.44400393 ], [ 2.13121783, 41.44395244 ], [ 2.13108903, 41.44391634 ], [ 2.13094812, 41.44389006 ], [ 2.13085129, 41.44388032 ], [ 2.13078572, 41.44386001 ], [ 2.1307191, 41.44382888 ], [ 2.13068256, 41.44378627 ], [ 2.13064052, 41.44370668 ], [ 2.13062358, 41.44363089 ], [ 2.13055512, 41.44355832 ], [ 2.13010645, 41.44318202 ], [ 2.12994372, 41.44302986 ], [ 2.12996743, 41.44264963 ], [ 2.12994477, 41.4424736 ], [ 2.12980414, 41.44234809 ], [ 2.1296495, 41.44209899 ], [ 2.12960135, 41.44204825 ], [ 2.12950009, 41.44191267 ], [ 2.12951154, 41.44174355 ], [ 2.12992484, 41.44116823 ], [ 2.12995566, 41.44108619 ], [ 2.12995766, 41.44095185 ], [ 2.12992802, 41.44066978 ], [ 2.12990121, 41.44059718 ], [ 2.1298457, 41.44054186 ], [ 2.12944653, 41.44023363 ], [ 2.1293882, 41.44017444 ], [ 2.12935088, 41.44008457 ], [ 2.12937323, 41.43992759 ], [ 2.12939787, 41.43958151 ], [ 2.12936489, 41.43938317 ], [ 2.1294723, 41.43882889 ], [ 2.1294735, 41.43872994 ], [ 2.12941982, 41.43849883 ], [ 2.12929586, 41.43801887 ], [ 2.12927376, 41.43790905 ], [ 2.12926175, 41.43773668 ], [ 2.12923705, 41.43766304 ], [ 2.12921781, 41.4376237 ], [ 2.12865165, 41.43691562 ], [ 2.1286137, 41.43678992 ], [ 2.12859006, 41.43663374 ], [ 2.12860106, 41.43659804 ], [ 2.12877111, 41.43628874 ], [ 2.12879981, 41.43620779 ], [ 2.12884297, 41.43581322 ], [ 2.12880126, 41.43568871 ], [ 2.12878732, 41.43559618 ], [ 2.12878808, 41.43554404 ], [ 2.12880503, 41.43539015 ], [ 2.12881949, 41.43531894 ], [ 2.12884346, 41.43525103 ], [ 2.12884418, 41.43517789 ], [ 2.12883605, 41.43510469 ], [ 2.12879656, 41.43494796 ], [ 2.12877023, 41.43488279 ], [ 2.12869061, 41.43477227 ], [ 2.12863027, 41.43467138 ], [ 2.12849643, 41.43439104 ], [ 2.12844882, 41.43432574 ], [ 2.1283853, 41.4342245 ], [ 2.1283313, 41.4340602 ], [ 2.12830906, 41.43394872 ], [ 2.12831048, 41.43386618 ], [ 2.12833098, 41.43373944 ], [ 2.12830103, 41.43352179 ], [ 2.12827059, 41.43350936 ], [ 2.12815441, 41.4334765 ], [ 2.12769511, 41.43326622 ], [ 2.12753674, 41.43313993 ], [ 2.12734503, 41.43284459 ], [ 2.12726603, 41.43263172 ], [ 2.12679294, 41.43214431 ], [ 2.12669564, 41.43204976 ], [ 2.12652109, 41.4318468 ], [ 2.12642359, 41.43167521 ], [ 2.12652716, 41.43160954 ], [ 2.12410964, 41.42961397 ], [ 2.12387131, 41.42943923 ], [ 2.12366807, 41.42931507 ], [ 2.12265776, 41.42876158 ], [ 2.12275898, 41.42866402 ], [ 2.1228214, 41.42868369 ], [ 2.12292199, 41.42870222 ], [ 2.12300391, 41.42870572 ], [ 2.12308198, 41.42869355 ], [ 2.12199651, 41.4265284 ], [ 2.12126825, 41.4258308 ], [ 2.12121975, 41.42586801 ], [ 2.12118345, 41.42588691 ], [ 2.12111587, 41.42590974 ], [ 2.12102769, 41.42593259 ], [ 2.12095969, 41.42594269 ], [ 2.12088814, 41.4259461 ], [ 2.12075289, 41.42593456 ], [ 2.1195593, 41.42573999 ], [ 2.11928199, 41.42586833 ], [ 2.11893488, 41.4258133 ], [ 2.11847874, 41.42596772 ], [ 2.1180615, 41.42613849 ], [ 2.11774575, 41.42621782 ], [ 2.11710539, 41.42626862 ], [ 2.11680864, 41.42641509 ], [ 2.11632229, 41.42666172 ], [ 2.11566134, 41.42677736 ], [ 2.11546098, 41.42687671 ], [ 2.11540917, 41.42694891 ], [ 2.11540601, 41.42718668 ], [ 2.11543254, 41.42738009 ], [ 2.11541659, 41.4274944 ], [ 2.1153638, 41.42759369 ], [ 2.11508305, 41.42781747 ], [ 2.11447915, 41.42806147 ], [ 2.11418324, 41.42815045 ], [ 2.11375377, 41.42832599 ], [ 2.11355854, 41.42839861 ], [ 2.11332362, 41.42850357 ], [ 2.11300669, 41.42836952 ], [ 2.11293952, 41.42836021 ], [ 2.11287361, 41.42837899 ], [ 2.112463, 41.42859083 ], [ 2.11237694, 41.42861142 ], [ 2.11233695, 41.42861301 ], [ 2.11225978, 41.42859706 ], [ 2.11219774, 41.42857483 ], [ 2.11216211, 41.42855515 ], [ 2.11202214, 41.4284248 ], [ 2.1119885, 41.42840244 ], [ 2.11192347, 41.42837196 ], [ 2.11186415, 41.42835033 ], [ 2.11174057, 41.42833398 ], [ 2.11141, 41.42831041 ], [ 2.11116356, 41.42828703 ], [ 2.11101459, 41.42828378 ], [ 2.11094311, 41.4282908 ], [ 2.11014884, 41.42847595 ], [ 2.10971268, 41.42841655 ], [ 2.10920077, 41.42872837 ], [ 2.10900573, 41.42875113 ], [ 2.10840317, 41.42872195 ], [ 2.10772033, 41.42863547 ], [ 2.10667902, 41.42863283 ], [ 2.106341, 41.42850331 ], [ 2.10585369, 41.42856392 ], [ 2.10581, 41.42861485 ], [ 2.10574533, 41.42878355 ], [ 2.10553598, 41.42880509 ], [ 2.1053061, 41.42883947 ], [ 2.10436341, 41.42852927 ], [ 2.10404295, 41.42836129 ], [ 2.10359477, 41.42810962 ], [ 2.10322044, 41.42807403 ], [ 2.10298126, 41.4282621 ], [ 2.10270573, 41.42843237 ], [ 2.10260704, 41.42847492 ], [ 2.10252049, 41.42850062 ], [ 2.10213149, 41.42866853 ], [ 2.10211036, 41.4286856 ], [ 2.1019377, 41.42895645 ], [ 2.10184206, 41.42908751 ], [ 2.10169604, 41.42922005 ], [ 2.101384, 41.42952134 ], [ 2.10129528, 41.42961271 ], [ 2.10127356, 41.42964468 ], [ 2.10126067, 41.42967881 ], [ 2.10126092, 41.42971083 ], [ 2.10126682, 41.42971604 ], [ 2.10126341, 41.42972484 ], [ 2.1011456, 41.42978791 ], [ 2.10096952, 41.42983772 ], [ 2.10068248, 41.4299051 ], [ 2.09989954, 41.43011078 ], [ 2.09955638, 41.43013767 ], [ 2.09914551, 41.4301221 ], [ 2.09879469, 41.4307544 ], [ 2.09872488, 41.4308896 ], [ 2.09885174, 41.43131033 ], [ 2.09890694, 41.43146842 ], [ 2.09892737, 41.43157426 ], [ 2.09894077, 41.43169865 ], [ 2.09881169, 41.43174856 ], [ 2.09851121, 41.43192779 ], [ 2.09765623, 41.43222186 ], [ 2.09721239, 41.43244747 ], [ 2.09708501, 41.43250143 ], [ 2.09699411, 41.43261277 ], [ 2.09696385, 41.43264083 ], [ 2.09690859, 41.432673 ], [ 2.09686443, 41.43269259 ], [ 2.09672382, 41.43273705 ], [ 2.09631604, 41.43310395 ], [ 2.09623448, 41.43317116 ], [ 2.09606933, 41.43327241 ], [ 2.09573347, 41.43309092 ], [ 2.09558574, 41.43292589 ], [ 2.09548888, 41.43285382 ], [ 2.09539055, 41.43284454 ], [ 2.0948371, 41.43275636 ], [ 2.09471278, 41.43275891 ], [ 2.09451935, 41.43255581 ], [ 2.0943249, 41.43239541 ], [ 2.09417748, 41.43218607 ], [ 2.09414787, 41.43215851 ], [ 2.09407219, 41.43210986 ], [ 2.0940392, 41.43203403 ], [ 2.09392923, 41.43171305 ], [ 2.09383672, 41.43164901 ], [ 2.09375076, 41.43153689 ], [ 2.09363393, 41.43131286 ], [ 2.09360033, 41.43126859 ], [ 2.09351124, 41.43118093 ], [ 2.09339464, 41.43104057 ], [ 2.09334054, 41.43098341 ], [ 2.09308817, 41.43083281 ], [ 2.09304927, 41.43079322 ], [ 2.09299627, 41.43075417 ], [ 2.09294542, 41.43072875 ], [ 2.09290498, 41.43068145 ], [ 2.09285033, 41.43054549 ], [ 2.09279662, 41.4304351 ], [ 2.0927669, 41.43038789 ], [ 2.09270839, 41.43031211 ], [ 2.0926239, 41.43024299 ], [ 2.0925203, 41.43018674 ], [ 2.09249734, 41.43016498 ], [ 2.09244777, 41.43005699 ], [ 2.0924396, 41.4300235 ], [ 2.09244304, 41.42993262 ], [ 2.0924285, 41.42981563 ], [ 2.09228803, 41.42961261 ], [ 2.09213671, 41.42954691 ], [ 2.09205618, 41.42952956 ], [ 2.09194058, 41.429525 ], [ 2.09175178, 41.42948743 ], [ 2.09159041, 41.42936774 ], [ 2.09149755, 41.42929111 ], [ 2.09142825, 41.42924311 ], [ 2.09133006, 41.42921305 ], [ 2.0911368, 41.4291879 ], [ 2.09111685, 41.42917731 ], [ 2.09103343, 41.42909794 ], [ 2.09100746, 41.42906731 ], [ 2.09099317, 41.42896419 ], [ 2.09083455, 41.42881272 ], [ 2.09042597, 41.42864378 ], [ 2.09015995, 41.42887103 ], [ 2.09003334, 41.42893916 ], [ 2.08920575, 41.42921384 ], [ 2.08910325, 41.42921554 ], [ 2.08905894, 41.42920454 ], [ 2.08901592, 41.42918292 ], [ 2.08897651, 41.42914444 ], [ 2.08893789, 41.42907274 ], [ 2.08893059, 41.42900471 ], [ 2.0889063, 41.42890837 ], [ 2.08885199, 41.42881675 ], [ 2.08882231, 41.42874037 ], [ 2.08878988, 41.42862155 ], [ 2.08832775, 41.42864643 ], [ 2.08810877, 41.42867553 ], [ 2.08767525, 41.42875134 ], [ 2.08725981, 41.42878404 ], [ 2.08691313, 41.42883565 ], [ 2.08645729, 41.42888025 ], [ 2.08615735, 41.42891492 ], [ 2.08606051, 41.42893926 ], [ 2.0859359, 41.42898368 ], [ 2.08589175, 41.42899287 ], [ 2.08573329, 41.42900182 ], [ 2.08557601, 41.42907032 ], [ 2.08555108, 41.4291029 ], [ 2.08543033, 41.42922955 ], [ 2.08539031, 41.42929265 ], [ 2.08536891, 41.42931573 ], [ 2.0840901, 41.42988823 ], [ 2.08389049, 41.429973 ], [ 2.08380729, 41.4300343 ], [ 2.08374302, 41.43009272 ], [ 2.08370422, 41.43016454 ], [ 2.08370585, 41.43024074 ], [ 2.08372811, 41.43028968 ], [ 2.08385332, 41.43041764 ], [ 2.0838016, 41.43049672 ], [ 2.08366877, 41.43064695 ], [ 2.0834183, 41.43085275 ], [ 2.08333389, 41.43082305 ], [ 2.08329618, 41.43081434 ], [ 2.08305562, 41.43079948 ], [ 2.08299129, 41.43078499 ], [ 2.08275783, 41.4307584 ], [ 2.08266399, 41.43076404 ], [ 2.08263164, 41.43077284 ], [ 2.08261064, 41.43078459 ], [ 2.08259557, 41.43080231 ], [ 2.08256433, 41.43088876 ], [ 2.08247995, 41.43103735 ], [ 2.08246002, 41.43109175 ], [ 2.08245108, 41.4311385 ], [ 2.0824511, 41.43118535 ], [ 2.08245959, 41.43122634 ], [ 2.08251565, 41.43132986 ], [ 2.08258245, 41.4314814 ], [ 2.08249629, 41.43153868 ], [ 2.08231761, 41.43162932 ], [ 2.0821946, 41.43166493 ], [ 2.08210328, 41.43167263 ], [ 2.08203686, 41.43166965 ], [ 2.08143705, 41.43157643 ], [ 2.08138842, 41.43151987 ], [ 2.08122455, 41.43137618 ], [ 2.08117281, 41.43132274 ], [ 2.081142, 41.43128185 ], [ 2.08112013, 41.43124081 ], [ 2.08110778, 41.43120126 ], [ 2.08110458, 41.43116612 ], [ 2.08111002, 41.43113118 ], [ 2.08112275, 41.43110252 ], [ 2.08119464, 41.43101672 ], [ 2.08120905, 41.43099159 ], [ 2.08121629, 41.43096115 ], [ 2.08121781, 41.43086266 ], [ 2.0812257, 41.43082901 ], [ 2.08125164, 41.43076747 ], [ 2.08125284, 41.43074629 ], [ 2.08124558, 41.43073096 ], [ 2.08122606, 41.43071397 ], [ 2.08117279, 41.43068362 ], [ 2.08112027, 41.4306627 ], [ 2.08105568, 41.43064553 ], [ 2.08098201, 41.43063319 ], [ 2.08091008, 41.43062793 ], [ 2.08084389, 41.4306296 ], [ 2.08076957, 41.43063883 ], [ 2.0806872, 41.43065615 ], [ 2.08042837, 41.43072506 ], [ 2.08035347, 41.43075187 ], [ 2.08028391, 41.43078416 ], [ 2.08021683, 41.43082308 ], [ 2.08017638, 41.43085322 ], [ 2.08015181, 41.4308798 ], [ 2.08013823, 41.43090498 ], [ 2.08013331, 41.43093095 ], [ 2.08013685, 41.4309539 ], [ 2.08017441, 41.43101472 ], [ 2.08018135, 41.43104012 ], [ 2.08017337, 41.43113592 ], [ 2.08017791, 41.43116049 ], [ 2.08023087, 41.43124587 ], [ 2.08024645, 41.43128383 ], [ 2.08025817, 41.43133653 ], [ 2.08026655, 41.43142287 ], [ 2.08026655, 41.43150452 ], [ 2.08025973, 41.43155946 ], [ 2.08021565, 41.4317072 ], [ 2.08019832, 41.43173957 ], [ 2.08017319, 41.43176812 ], [ 2.08013298, 41.43179995 ], [ 2.07996981, 41.43189036 ], [ 2.07993027, 41.43190598 ], [ 2.07988563, 41.4319161 ], [ 2.07963513, 41.43194292 ], [ 2.07958503, 41.43194339 ], [ 2.07947505, 41.43193396 ], [ 2.07920582, 41.43194841 ], [ 2.07905895, 41.4319841 ], [ 2.07901839, 41.43198877 ], [ 2.07883142, 41.43196905 ], [ 2.07867341, 41.43195783 ], [ 2.07859851, 41.43195773 ], [ 2.07816471, 41.43203494 ], [ 2.07802647, 41.43207088 ], [ 2.07791529, 41.43210619 ], [ 2.07782311, 41.43214184 ], [ 2.07774273, 41.43218026 ], [ 2.07754397, 41.43230027 ], [ 2.07736051, 41.43239442 ], [ 2.0773134, 41.43242567 ], [ 2.07721655, 41.43251883 ], [ 2.07708207, 41.4326195 ], [ 2.07689357, 41.43277008 ], [ 2.07671417, 41.43284999 ], [ 2.07610008, 41.43291377 ], [ 2.07558476, 41.43293673 ], [ 2.0754002, 41.4329364 ], [ 2.07534893, 41.43295225 ], [ 2.07529368, 41.43296243 ], [ 2.07517437, 41.4330396 ], [ 2.07509558, 41.43319509 ], [ 2.0749512, 41.43330164 ], [ 2.07490124, 41.43334813 ], [ 2.07486793, 41.43338826 ], [ 2.0748451, 41.43344413 ], [ 2.07484656, 41.43347754 ], [ 2.074872, 41.43356692 ], [ 2.07505768, 41.4338488 ], [ 2.07506597, 41.43387059 ], [ 2.07506433, 41.43393374 ], [ 2.07504806, 41.43400098 ], [ 2.07504512, 41.43405248 ], [ 2.07507991, 41.43418345 ], [ 2.07512824, 41.43445768 ], [ 2.07513127, 41.43450373 ], [ 2.07512372, 41.43456501 ], [ 2.07499452, 41.43486497 ], [ 2.07477229, 41.43530179 ], [ 2.07432627, 41.43535339 ], [ 2.07419209, 41.43535869 ], [ 2.07394887, 41.43534803 ], [ 2.0738864, 41.43533046 ], [ 2.07381323, 41.43529456 ], [ 2.07378392, 41.43528892 ], [ 2.07367572, 41.43528205 ], [ 2.07348975, 41.43525439 ], [ 2.07332344, 41.43524425 ], [ 2.07318731, 41.43521162 ], [ 2.07312614, 41.43521803 ], [ 2.07309249, 41.43523094 ], [ 2.07302053, 41.43527074 ], [ 2.0730002, 41.43528677 ], [ 2.07286275, 41.4354402 ], [ 2.07283207, 41.43545869 ], [ 2.07275406, 41.43546607 ], [ 2.07260656, 41.43546023 ], [ 2.07255496, 41.43546886 ], [ 2.07251899, 41.43548795 ], [ 2.07252232, 41.43550452 ], [ 2.07278777, 41.43575234 ], [ 2.07292221, 41.43599067 ], [ 2.07300971, 41.43610085 ], [ 2.07310043, 41.43615917 ], [ 2.073286, 41.43634758 ], [ 2.07334021, 41.43644847 ], [ 2.07302787, 41.43660693 ], [ 2.0726129, 41.4365546 ], [ 2.07209977, 41.43640247 ], [ 2.07181302, 41.43632524 ], [ 2.07176783, 41.43630237 ], [ 2.07166617, 41.43617366 ], [ 2.0711807, 41.43530087 ], [ 2.07105962, 41.43505204 ], [ 2.07098218, 41.43473989 ], [ 2.0709378, 41.4343987 ], [ 2.07099787, 41.43419327 ], [ 2.0711841, 41.43387197 ], [ 2.07135636, 41.43335321 ], [ 2.07147546, 41.43307795 ], [ 2.07223732, 41.43203987 ], [ 2.07312178, 41.43066516 ], [ 2.07344576, 41.43050493 ], [ 2.0736016, 41.43042144 ], [ 2.07371947, 41.43036815 ], [ 2.07390808, 41.43030299 ], [ 2.07411363, 41.43020747 ], [ 2.07433329, 41.43007025 ], [ 2.0744179, 41.43000545 ], [ 2.07446095, 41.42994399 ], [ 2.07449407, 41.42991641 ], [ 2.07453209, 41.42989452 ], [ 2.07465231, 41.42984543 ], [ 2.07487649, 41.42976106 ], [ 2.07497626, 41.42971035 ], [ 2.07506508, 41.4296744 ], [ 2.07526845, 41.42961301 ], [ 2.07541819, 41.42957639 ], [ 2.07547792, 41.42955166 ], [ 2.07554239, 41.42951437 ], [ 2.07563483, 41.42943833 ], [ 2.07572745, 41.42934855 ], [ 2.07580491, 41.42925521 ], [ 2.07583111, 41.4292325 ], [ 2.07592019, 41.42917821 ], [ 2.07609626, 41.42910972 ], [ 2.07621559, 41.42906943 ], [ 2.07630457, 41.42902201 ], [ 2.07647503, 41.42890303 ], [ 2.07661719, 41.42870916 ], [ 2.07546239, 41.42835916 ], [ 2.07458631, 41.42810791 ], [ 2.07399237, 41.42798293 ], [ 2.07381818, 41.42793193 ], [ 2.073526, 41.42779984 ], [ 2.07322096, 41.427681 ], [ 2.073133, 41.42762688 ], [ 2.07299151, 41.42752327 ], [ 2.07320481, 41.42746043 ], [ 2.07322806, 41.42741555 ], [ 2.07320847, 41.4272943 ], [ 2.07313863, 41.42708185 ], [ 2.07310474, 41.42689241 ], [ 2.07308771, 41.42684846 ], [ 2.07306348, 41.42674939 ], [ 2.07301134, 41.42667174 ], [ 2.07297633, 41.42659138 ], [ 2.07294982, 41.42628911 ], [ 2.07291497, 41.4262123 ], [ 2.07281684, 41.42613093 ], [ 2.07271723, 41.42605713 ], [ 2.07263986, 41.4259793 ], [ 2.07257327, 41.42587231 ], [ 2.07254369, 41.42578279 ], [ 2.07254464, 41.42575655 ], [ 2.07261831, 41.42562029 ], [ 2.07265611, 41.42558631 ], [ 2.07272584, 41.42553853 ], [ 2.07277405, 41.4254942 ], [ 2.07278761, 41.42543775 ], [ 2.07278285, 41.42537357 ], [ 2.0727625, 41.42532707 ], [ 2.07272204, 41.42518577 ], [ 2.07270469, 41.42515284 ], [ 2.07300636, 41.42498938 ], [ 2.07305273, 41.42497471 ], [ 2.07318752, 41.42494418 ], [ 2.073424, 41.42494563 ], [ 2.07353812, 41.42492989 ], [ 2.0736392, 41.42490341 ], [ 2.07393991, 41.42485895 ], [ 2.07402553, 41.42484254 ], [ 2.07406559, 41.42482401 ], [ 2.07414841, 41.42480689 ], [ 2.07426554, 41.42480809 ], [ 2.07439647, 41.42479161 ], [ 2.07454037, 41.42477999 ], [ 2.07461022, 41.42480955 ], [ 2.0746714, 41.42482929 ], [ 2.07477023, 41.42484817 ], [ 2.07480051, 41.42486726 ], [ 2.07492593, 41.42490874 ], [ 2.07515875, 41.42499591 ], [ 2.07532367, 41.4249942 ], [ 2.07540793, 41.42497928 ], [ 2.07544672, 41.42496222 ], [ 2.07551218, 41.42494392 ], [ 2.07561204, 41.42493827 ], [ 2.07570504, 41.42492518 ], [ 2.07594829, 41.42496624 ], [ 2.07604812, 41.42497759 ], [ 2.07607506, 41.4249859 ], [ 2.0761739, 41.42500288 ], [ 2.07632618, 41.42500906 ], [ 2.0763746, 41.42502576 ], [ 2.07647008, 41.42504224 ], [ 2.0765616, 41.42504321 ], [ 2.07662798, 41.42505329 ], [ 2.07676298, 41.42504354 ], [ 2.07678099, 41.42504713 ], [ 2.07690094, 41.42504947 ], [ 2.07713854, 41.42504771 ], [ 2.07722247, 41.42503834 ], [ 2.07740938, 41.42500091 ], [ 2.07760492, 41.42494344 ], [ 2.07798147, 41.42494747 ], [ 2.0781182, 41.42494177 ], [ 2.07831145, 41.42489864 ], [ 2.07884375, 41.42468381 ], [ 2.07923396, 41.42454503 ], [ 2.07967931, 41.42446898 ], [ 2.07981281, 41.42447866 ], [ 2.07990668, 41.42446572 ], [ 2.0800496, 41.42446698 ], [ 2.0802306, 41.42448555 ], [ 2.08027805, 41.4245122 ], [ 2.08036286, 41.42457122 ], [ 2.08054353, 41.4245794 ], [ 2.08058785, 41.42441183 ], [ 2.08096158, 41.42400439 ], [ 2.08058916, 41.42405892 ], [ 2.0805519, 41.42405481 ], [ 2.0803608, 41.42398674 ], [ 2.0802455, 41.42383004 ], [ 2.08022428, 41.42372782 ], [ 2.08026015, 41.42346628 ], [ 2.0802424, 41.42336238 ], [ 2.08016142, 41.4231845 ], [ 2.08006908, 41.42306486 ], [ 2.07906281, 41.42274793 ], [ 2.07870385, 41.42266091 ], [ 2.07805329, 41.42252572 ], [ 2.07795464, 41.42248799 ], [ 2.07790806, 41.42247839 ], [ 2.07770325, 41.42248914 ], [ 2.07759841, 41.42248936 ], [ 2.0771957, 41.42241539 ], [ 2.0760608, 41.42230814 ], [ 2.07543933, 41.42206798 ], [ 2.07534036, 41.4219773 ], [ 2.07539049, 41.42190686 ], [ 2.07548179, 41.42184375 ], [ 2.07567549, 41.42175534 ], [ 2.07585971, 41.42165063 ], [ 2.07601972, 41.42153912 ], [ 2.07611328, 41.42148995 ], [ 2.07628483, 41.42138439 ], [ 2.07636672, 41.42134821 ], [ 2.0765193, 41.42125766 ], [ 2.07664853, 41.42120169 ], [ 2.07681771, 41.42113882 ], [ 2.07695295, 41.42102305 ], [ 2.07703236, 41.42080569 ], [ 2.07699643, 41.42069622 ], [ 2.07699627, 41.42062219 ], [ 2.07700893, 41.4205798 ], [ 2.07699306, 41.42051761 ], [ 2.07695918, 41.42043192 ], [ 2.07693866, 41.42041205 ], [ 2.07694172, 41.42014962 ], [ 2.07693122, 41.42010323 ], [ 2.07695532, 41.42003788 ], [ 2.07695948, 41.41995982 ], [ 2.07693898, 41.4199056 ], [ 2.07685112, 41.41979148 ], [ 2.07683051, 41.41961279 ], [ 2.07683119, 41.41953265 ], [ 2.07685503, 41.41948301 ], [ 2.07690289, 41.41942565 ], [ 2.07695375, 41.41938889 ], [ 2.07707401, 41.41935011 ], [ 2.07711957, 41.41931872 ], [ 2.07719683, 41.4192445 ], [ 2.0772725, 41.41922627 ], [ 2.07734507, 41.41919045 ], [ 2.07744677, 41.41907971 ], [ 2.07751532, 41.41902618 ], [ 2.0775571, 41.41893168 ], [ 2.07756978, 41.41891703 ], [ 2.07760773, 41.41880616 ], [ 2.07765616, 41.41869746 ], [ 2.07764993, 41.41859752 ], [ 2.07799248, 41.41864353 ], [ 2.07818261, 41.41870212 ], [ 2.07847415, 41.41882632 ], [ 2.07875767, 41.41886399 ], [ 2.07868731, 41.41878158 ], [ 2.07861476, 41.41863864 ], [ 2.07860367, 41.41857334 ], [ 2.07860478, 41.41852914 ], [ 2.07864099, 41.41848419 ], [ 2.07873723, 41.41844339 ], [ 2.07876196, 41.41842187 ], [ 2.07876873, 41.4183957 ], [ 2.07876754, 41.41836912 ], [ 2.07872714, 41.41829508 ], [ 2.07868622, 41.41818418 ], [ 2.07867014, 41.41815984 ], [ 2.07864905, 41.41805231 ], [ 2.07864763, 41.418004 ], [ 2.07867206, 41.41792939 ], [ 2.07874656, 41.41790394 ], [ 2.07879243, 41.41787781 ], [ 2.07891564, 41.41776144 ], [ 2.07903196, 41.41760117 ], [ 2.07908639, 41.41746401 ], [ 2.07919621, 41.41710472 ], [ 2.07923915, 41.41700905 ], [ 2.0792609, 41.41693408 ], [ 2.07926302, 41.41678332 ], [ 2.07928296, 41.41674711 ], [ 2.07947613, 41.41651635 ], [ 2.07955272, 41.4164477 ], [ 2.07974059, 41.41632821 ], [ 2.07980927, 41.41624586 ], [ 2.07974441, 41.41565924 ], [ 2.07963425, 41.41563724 ], [ 2.07950463, 41.41559683 ], [ 2.07945746, 41.41556813 ], [ 2.07942197, 41.41551944 ], [ 2.07934257, 41.41538955 ], [ 2.07924227, 41.41528137 ], [ 2.0790441, 41.41513301 ], [ 2.07902448, 41.41510158 ], [ 2.07902005, 41.41507544 ], [ 2.07903298, 41.41504362 ], [ 2.07912302, 41.41497827 ], [ 2.07906699, 41.41493554 ], [ 2.07858519, 41.41497881 ], [ 2.07733922, 41.41462777 ], [ 2.07732502, 41.41451293 ], [ 2.07730728, 41.41445445 ], [ 2.07731039, 41.41444147 ], [ 2.07726546, 41.41440733 ], [ 2.07717413, 41.41438836 ], [ 2.07711495, 41.41434998 ], [ 2.07707718, 41.41430014 ], [ 2.07707299, 41.4142826 ], [ 2.07700676, 41.41424384 ], [ 2.07689202, 41.41413922 ], [ 2.07684496, 41.41406952 ], [ 2.07683157, 41.41402811 ], [ 2.07673425, 41.41396054 ], [ 2.07670065, 41.41393016 ], [ 2.07660171, 41.41387529 ], [ 2.07655729, 41.41387288 ], [ 2.07651585, 41.41382502 ], [ 2.07649472, 41.41377703 ], [ 2.07639317, 41.41364766 ], [ 2.07630438, 41.41355039 ], [ 2.0762824, 41.41343982 ], [ 2.07622855, 41.41334889 ], [ 2.07611607, 41.41314031 ], [ 2.07604218, 41.41293043 ], [ 2.07599204, 41.41283612 ], [ 2.0759817, 41.41279893 ], [ 2.07597427, 41.41278731 ], [ 2.07599166, 41.41275869 ], [ 2.07603608, 41.41274154 ], [ 2.07604743, 41.41272787 ], [ 2.07595268, 41.41268139 ], [ 2.07581337, 41.41256068 ], [ 2.07554526, 41.41239106 ], [ 2.07543288, 41.41233961 ], [ 2.07531521, 41.4123196 ], [ 2.07526315, 41.41230492 ], [ 2.07511085, 41.41229908 ], [ 2.07488332, 41.41225879 ], [ 2.0747322, 41.41224372 ], [ 2.07454097, 41.41220154 ], [ 2.0744701, 41.41216529 ], [ 2.07437509, 41.41204634 ], [ 2.07425082, 41.41193031 ], [ 2.07413407, 41.41188476 ], [ 2.07395124, 41.41187038 ], [ 2.0735576, 41.41187814 ], [ 2.07343956, 41.4118608 ], [ 2.07331339, 41.41178352 ], [ 2.07323841, 41.41168833 ], [ 2.07306096, 41.41142565 ], [ 2.07294405, 41.41139734 ], [ 2.07291376, 41.41134526 ], [ 2.07283755, 41.41133258 ], [ 2.07280969, 41.411306 ], [ 2.07263498, 41.41124149 ], [ 2.07260989, 41.4112155 ], [ 2.0725986, 41.41117965 ], [ 2.07250887, 41.41115681 ], [ 2.07238916, 41.41114844 ], [ 2.07228024, 41.41111149 ], [ 2.07222313, 41.41107129 ], [ 2.07217773, 41.41098694 ], [ 2.07213695, 41.41095452 ], [ 2.07215861, 41.41082865 ], [ 2.07214241, 41.41073555 ], [ 2.07210312, 41.41062485 ], [ 2.07208125, 41.41058694 ], [ 2.07196262, 41.41043004 ], [ 2.07186703, 41.41017022 ], [ 2.07165274, 41.40968124 ], [ 2.0715753, 41.40941605 ], [ 2.07151164, 41.409289 ], [ 2.07143943, 41.40918713 ], [ 2.0713593, 41.40891724 ], [ 2.07135972, 41.40882673 ], [ 2.07135053, 41.40880665 ], [ 2.07135082, 41.40876424 ], [ 2.07136981, 41.40869441 ], [ 2.0714389, 41.40858036 ], [ 2.07156791, 41.40844405 ], [ 2.0716277, 41.40835617 ], [ 2.07174172, 41.40822666 ], [ 2.07183318, 41.40810601 ], [ 2.07196191, 41.40789273 ], [ 2.07203901, 41.40772585 ], [ 2.07206187, 41.40754459 ], [ 2.0719237, 41.40740142 ], [ 2.0715235, 41.40718651 ], [ 2.07095005, 41.40720914 ], [ 2.07031682, 41.40722996 ], [ 2.06999959, 41.40702777 ], [ 2.07018554, 41.40666779 ], [ 2.07027243, 41.40644333 ], [ 2.07050216, 41.40604077 ], [ 2.07105488, 41.40528223 ], [ 2.07146582, 41.40472975 ], [ 2.0717496, 41.40438108 ], [ 2.07205826, 41.40409409 ], [ 2.07219228, 41.40346419 ], [ 2.07279245, 41.4031575 ], [ 2.07375156, 41.4032962 ], [ 2.07489361, 41.40290898 ], [ 2.07504048, 41.40299087 ], [ 2.07533418, 41.40310409 ], [ 2.07560716, 41.40317791 ], [ 2.07585086, 41.40320693 ], [ 2.0764067, 41.40319326 ], [ 2.07696242, 41.40309138 ], [ 2.07735024, 41.40300302 ], [ 2.07777482, 41.40286732 ], [ 2.07787264, 41.40288424 ], [ 2.07797995, 41.40291353 ], [ 2.07807182, 41.40294587 ], [ 2.07821366, 41.40300599 ], [ 2.07847837, 41.40308289 ], [ 2.07859255, 41.40312067 ], [ 2.07867437, 41.40317188 ], [ 2.07874082, 41.40322086 ], [ 2.0789006, 41.40339804 ], [ 2.07895394, 41.40348483 ], [ 2.07898923, 41.40356201 ], [ 2.07903617, 41.40362593 ], [ 2.07913251, 41.40373582 ], [ 2.07923002, 41.40381832 ], [ 2.07930807, 41.4038679 ], [ 2.0795852, 41.40405655 ], [ 2.07974023, 41.40417364 ], [ 2.07994344, 41.40434695 ], [ 2.08006351, 41.40446377 ], [ 2.08011968, 41.40454743 ], [ 2.08016177, 41.40463835 ], [ 2.08020362, 41.40474612 ], [ 2.0802368, 41.40487383 ], [ 2.0802586, 41.40497732 ], [ 2.08031324, 41.40514991 ], [ 2.08028282, 41.40538904 ], [ 2.08027693, 41.40554061 ], [ 2.08028148, 41.40566212 ], [ 2.08035795, 41.40587139 ], [ 2.08042225, 41.40596347 ], [ 2.08057755, 41.40600383 ], [ 2.08067371, 41.40605527 ], [ 2.08076, 41.40613402 ], [ 2.08083918, 41.40624298 ], [ 2.08091063, 41.4063343 ], [ 2.08097531, 41.40639036 ], [ 2.08114466, 41.40646682 ], [ 2.08145179, 41.40658209 ], [ 2.08162109, 41.40663995 ], [ 2.08175173, 41.40668902 ], [ 2.08183287, 41.40672427 ], [ 2.08202375, 41.4068249 ], [ 2.08220122, 41.40692426 ], [ 2.08239474, 41.4070388 ], [ 2.08245169, 41.40708069 ], [ 2.08249717, 41.40713756 ], [ 2.08256143, 41.40725423 ], [ 2.08259577, 41.40732492 ], [ 2.08264037, 41.4074798 ], [ 2.0826964, 41.40755886 ], [ 2.08279152, 41.40776251 ], [ 2.08286329, 41.40781055 ], [ 2.08304905, 41.40790279 ], [ 2.0831808, 41.40799302 ], [ 2.08326416, 41.40806481 ], [ 2.08340281, 41.40816848 ], [ 2.08354259, 41.40827912 ], [ 2.08356021, 41.40835594 ], [ 2.08362069, 41.40848942 ], [ 2.08363789, 41.40854257 ], [ 2.08377043, 41.40863144 ], [ 2.08387288, 41.40872453 ], [ 2.08396152, 41.40878415 ], [ 2.0840659, 41.40886288 ], [ 2.08409799, 41.4088891 ], [ 2.08413527, 41.40893835 ], [ 2.08416148, 41.40899039 ], [ 2.08418642, 41.40909292 ], [ 2.08417579, 41.40915637 ], [ 2.08412781, 41.40928223 ], [ 2.08412596, 41.40931999 ], [ 2.08413339, 41.40935484 ], [ 2.08418576, 41.40938706 ], [ 2.08426521, 41.4094051 ], [ 2.08456818, 41.40949914 ], [ 2.08488959, 41.40958111 ], [ 2.08503326, 41.40960669 ], [ 2.08520719, 41.40964472 ], [ 2.08545574, 41.40971389 ], [ 2.08569479, 41.40973717 ], [ 2.08600147, 41.40971211 ], [ 2.08653887, 41.40958045 ], [ 2.0868241, 41.40949261 ], [ 2.08689354, 41.40945956 ], [ 2.08707464, 41.40927467 ], [ 2.08715891, 41.40919592 ], [ 2.08725738, 41.40911729 ], [ 2.08738225, 41.40903733 ], [ 2.08748657, 41.40897554 ], [ 2.08759196, 41.4089299 ], [ 2.08786667, 41.40884969 ], [ 2.08805983, 41.40878766 ], [ 2.08844605, 41.40867066 ], [ 2.08866947, 41.40860996 ], [ 2.08922839, 41.4085109 ], [ 2.08959991, 41.40843969 ], [ 2.09032391, 41.40831476 ], [ 2.09044595, 41.40830748 ], [ 2.09089919, 41.40831694 ], [ 2.09107455, 41.40829832 ], [ 2.09134731, 41.40823629 ], [ 2.09153473, 41.40820705 ], [ 2.09172533, 41.40819319 ], [ 2.09205444, 41.40824442 ], [ 2.09222209, 41.40827482 ], [ 2.09236498, 41.40828247 ], [ 2.09250506, 41.40828466 ], [ 2.09266415, 41.4082696 ], [ 2.09279447, 41.4082467 ], [ 2.09310167, 41.40817626 ], [ 2.09362868, 41.40808688 ], [ 2.09382422, 41.40804819 ], [ 2.09400828, 41.40800396 ], [ 2.09410834, 41.40797539 ], [ 2.09423151, 41.40794699 ], [ 2.09435982, 41.40793131 ], [ 2.09500738, 41.40793134 ], [ 2.09515482, 41.4079238 ], [ 2.09528064, 41.40791283 ], [ 2.09548937, 41.40788577 ], [ 2.0956525, 41.40784979 ], [ 2.09616997, 41.40794617 ], [ 2.0962242, 41.40796674 ], [ 2.0964422, 41.40810959 ], [ 2.0966551, 41.40824061 ], [ 2.09669833, 41.40835742 ], [ 2.09678583, 41.40857239 ], [ 2.09694624, 41.40880473 ], [ 2.09707957, 41.40893126 ], [ 2.09722161, 41.4090503 ], [ 2.09726715, 41.40908311 ], [ 2.09732429, 41.40910736 ], [ 2.09744621, 41.40912346 ], [ 2.09760131, 41.40913008 ], [ 2.09780555, 41.40911653 ], [ 2.09796099, 41.40909828 ], [ 2.09815833, 41.40906412 ], [ 2.0986571, 41.40895011 ], [ 2.09900336, 41.40886179 ], [ 2.09968584, 41.40861153 ], [ 2.10027682, 41.40841445 ], [ 2.10049073, 41.40838758 ], [ 2.1006072, 41.40836817 ], [ 2.10065411, 41.40826121 ], [ 2.10073356, 41.40811705 ], [ 2.10102063, 41.40765634 ], [ 2.10113874, 41.40752671 ], [ 2.10123929, 41.40740407 ], [ 2.10130637, 41.40731626 ], [ 2.10143711, 41.40722454 ], [ 2.10155926, 41.40708677 ], [ 2.10160185, 41.4069957 ], [ 2.1016101, 41.40691 ], [ 2.10163019, 41.40681312 ], [ 2.10165821, 41.40671671 ], [ 2.10166736, 41.40660989 ], [ 2.10170791, 41.40645131 ], [ 2.10171393, 41.40629246 ], [ 2.10170484, 41.40608054 ], [ 2.10175406, 41.40588256 ], [ 2.10176628, 41.40575727 ], [ 2.10175287, 41.40560186 ], [ 2.10175365, 41.40544231 ], [ 2.10177202, 41.40523716 ], [ 2.10178727, 41.40515537 ], [ 2.10181178, 41.40511939 ], [ 2.10185316, 41.40508993 ], [ 2.10197667, 41.40504622 ], [ 2.1022433, 41.40497277 ], [ 2.1024304, 41.40492849 ], [ 2.10286498, 41.40481606 ], [ 2.1032013, 41.40464171 ], [ 2.10341197, 41.40450708 ], [ 2.10359041, 41.40440311 ], [ 2.10370764, 41.40423529 ], [ 2.10375368, 41.40412532 ], [ 2.1037867, 41.40402282 ], [ 2.10381655, 41.40383593 ], [ 2.10384358, 41.40354193 ], [ 2.10384281, 41.40338833 ], [ 2.1038255, 41.40328869 ], [ 2.10378401, 41.40317155 ], [ 2.10368482, 41.40296743 ], [ 2.10362565, 41.4027766 ], [ 2.10358679, 41.40267786 ], [ 2.10354619, 41.40260075 ], [ 2.10348715, 41.40250619 ], [ 2.1034081, 41.4024039 ], [ 2.10322015, 41.40217746 ], [ 2.10317942, 41.402109 ], [ 2.10315293, 41.40205038 ], [ 2.10313665, 41.40198103 ], [ 2.10313062, 41.40189662 ], [ 2.10314187, 41.40181017 ], [ 2.10316413, 41.40175843 ], [ 2.10317773, 41.40170878 ], [ 2.10317565, 41.40165143 ], [ 2.10314653, 41.40157549 ], [ 2.10311855, 41.40152011 ], [ 2.10309826, 41.40146397 ], [ 2.10308898, 41.40140054 ], [ 2.10306526, 41.40133154 ], [ 2.10295722, 41.40117012 ], [ 2.10290943, 41.40105832 ], [ 2.10289313, 41.40097736 ], [ 2.10290191, 41.40076004 ], [ 2.10289449, 41.40066713 ], [ 2.10286929, 41.4006003 ], [ 2.10283267, 41.40052027 ], [ 2.10277615, 41.40044542 ], [ 2.10267442, 41.40032388 ], [ 2.10254895, 41.40019376 ], [ 2.10241812, 41.40005109 ], [ 2.1023425, 41.39995463 ], [ 2.10221693, 41.39982581 ], [ 2.10216231, 41.39974648 ], [ 2.10212639, 41.39965731 ], [ 2.10208903, 41.39957712 ], [ 2.10203565, 41.39950379 ], [ 2.10180659, 41.39928028 ], [ 2.10173603, 41.39920282 ], [ 2.10168104, 41.39915046 ], [ 2.1015759, 41.39907872 ], [ 2.10148379, 41.39902507 ], [ 2.10116223, 41.39887274 ], [ 2.10106305, 41.39883288 ], [ 2.10070941, 41.39868121 ], [ 2.10057647, 41.3986148 ], [ 2.10052989, 41.39858265 ], [ 2.10049558, 41.39855145 ], [ 2.10046272, 41.39850709 ], [ 2.10045937, 41.39834536 ], [ 2.1004772, 41.3982657 ], [ 2.1004631, 41.39807449 ], [ 2.10044457, 41.39800294 ], [ 2.1003838, 41.3979143 ], [ 2.1003683, 41.39787005 ], [ 2.10031926, 41.39778566 ], [ 2.10017504, 41.39761553 ], [ 2.10014704, 41.3975636 ], [ 2.10009235, 41.39736384 ], [ 2.10006758, 41.39725834 ], [ 2.10003981, 41.39709923 ], [ 2.10001031, 41.39697394 ], [ 2.09992513, 41.39681249 ], [ 2.0998417, 41.39670466 ], [ 2.09975507, 41.39660947 ], [ 2.09962747, 41.39649088 ], [ 2.09949861, 41.39638444 ], [ 2.09938708, 41.39627165 ], [ 2.09926493, 41.39607038 ], [ 2.09911936, 41.39576999 ], [ 2.09907454, 41.39558392 ], [ 2.0990209, 41.39541238 ], [ 2.09896792, 41.39534952 ], [ 2.09887109, 41.39526442 ], [ 2.09874841, 41.3951783 ], [ 2.09861912, 41.39507592 ], [ 2.09850885, 41.39498266 ], [ 2.09846015, 41.39490853 ], [ 2.09832762, 41.39460975 ], [ 2.09808699, 41.39425266 ], [ 2.09792227, 41.39409322 ], [ 2.09779181, 41.39395711 ], [ 2.09803835, 41.39360322 ], [ 2.09805129, 41.39342872 ], [ 2.0984794, 41.39315626 ], [ 2.0989048, 41.39297026 ], [ 2.09898992, 41.39292223 ], [ 2.09912769, 41.39281139 ], [ 2.09922723, 41.3927028 ], [ 2.09937577, 41.39246334 ], [ 2.09947874, 41.39236845 ], [ 2.09964456, 41.39219202 ], [ 2.09971464, 41.39211328 ], [ 2.09979602, 41.39200454 ], [ 2.09980213, 41.39182413 ], [ 2.0997755, 41.39164893 ], [ 2.09977507, 41.39145616 ], [ 2.09982413, 41.39097915 ], [ 2.09985582, 41.39078968 ], [ 2.09994697, 41.39042037 ], [ 2.09997368, 41.39026711 ], [ 2.10001758, 41.39014045 ], [ 2.10017074, 41.38990468 ], [ 2.10024877, 41.38968685 ], [ 2.10024686, 41.3895884 ], [ 2.10019747, 41.38937884 ], [ 2.10020603, 41.38929617 ], [ 2.10025688, 41.38909878 ], [ 2.10030788, 41.38895398 ], [ 2.1004924, 41.38860599 ], [ 2.10058986, 41.38840988 ], [ 2.10070484, 41.38826416 ], [ 2.10116726, 41.3880059 ], [ 2.10159178, 41.38778774 ], [ 2.10188116, 41.38765465 ], [ 2.10210763, 41.38757068 ], [ 2.10229077, 41.38751811 ], [ 2.10225467, 41.38746741 ], [ 2.10221519, 41.38746032 ], [ 2.10216721, 41.38744056 ], [ 2.10206971, 41.38737742 ], [ 2.1020125, 41.38734633 ], [ 2.10192675, 41.38731835 ], [ 2.10183181, 41.38729567 ], [ 2.10159834, 41.38724988 ], [ 2.10144777, 41.38721017 ], [ 2.10124963, 41.38714671 ], [ 2.10111441, 41.38708146 ], [ 2.10134985, 41.38684924 ], [ 2.10144379, 41.38679596 ], [ 2.10153858, 41.38672698 ], [ 2.10158046, 41.38664321 ], [ 2.10180699, 41.38649491 ], [ 2.10188097, 41.38641207 ], [ 2.10191266, 41.38640139 ], [ 2.1019464, 41.38633876 ], [ 2.10200639, 41.38628526 ], [ 2.10202927, 41.38624585 ], [ 2.10226262, 41.3861179 ], [ 2.10229195, 41.38606334 ], [ 2.10238977, 41.38594581 ], [ 2.10249114, 41.38588522 ], [ 2.10252446, 41.3858196 ], [ 2.10260988, 41.38575043 ], [ 2.10268012, 41.38558543 ], [ 2.10268586, 41.38555237 ], [ 2.10289323, 41.38548747 ], [ 2.1033936, 41.38455325 ], [ 2.10335449, 41.38451674 ], [ 2.10343485, 41.38436752 ], [ 2.1032378, 41.38412363 ], [ 2.1031261, 41.38399197 ], [ 2.10293152, 41.38378359 ], [ 2.10281639, 41.38368694 ], [ 2.10273285, 41.38362737 ], [ 2.10263374, 41.38357025 ], [ 2.10247521, 41.38349532 ], [ 2.10225397, 41.38342221 ], [ 2.10151429, 41.38326826 ], [ 2.10136234, 41.38322879 ], [ 2.10118154, 41.38317566 ], [ 2.10172885, 41.38177293 ], [ 2.10193167, 41.38134303 ], [ 2.10254098, 41.38068672 ], [ 2.10259288, 41.3806418 ], [ 2.10265583, 41.38059632 ], [ 2.10317911, 41.38027971 ], [ 2.10325721, 41.38027036 ], [ 2.10339134, 41.38024577 ], [ 2.10354136, 41.38020494 ], [ 2.10365143, 41.38016609 ], [ 2.1037201, 41.38013775 ], [ 2.10377434, 41.38011234 ], [ 2.1038616, 41.38006518 ], [ 2.10404463, 41.37994269 ], [ 2.10549897, 41.37887676 ], [ 2.10598258, 41.37923379 ], [ 2.10814093, 41.37813559 ], [ 2.10822963, 41.37800659 ], [ 2.10831199, 41.37790341 ], [ 2.10838922, 41.37781749 ], [ 2.10850278, 41.37770496 ], [ 2.10863951, 41.37758135 ], [ 2.10873311, 41.37748804 ], [ 2.1088196, 41.37739014 ], [ 2.10892188, 41.37726059 ], [ 2.10898556, 41.37716944 ], [ 2.10906498, 41.37703791 ], [ 2.10912866, 41.37691541 ], [ 2.10918174, 41.37680004 ], [ 2.10922739, 41.37667328 ], [ 2.10925345, 41.37658136 ], [ 2.10928919, 41.37642877 ], [ 2.10931408, 41.3762391 ], [ 2.10931927, 41.376149 ], [ 2.1093064, 41.37594486 ], [ 2.11780122, 41.37577565 ], [ 2.12105796, 41.3777076 ], [ 2.12144123, 41.37798562 ], [ 2.12148831, 41.37784022 ], [ 2.12153184, 41.37768576 ], [ 2.12158157, 41.37757138 ], [ 2.12164543, 41.37734162 ], [ 2.12165335, 41.37726071 ], [ 2.12161858, 41.37611186 ], [ 2.12166193, 41.37597114 ], [ 2.12184059, 41.3755762 ], [ 2.12208144, 41.37541466 ], [ 2.12324079, 41.37485037 ], [ 2.12360011, 41.37451348 ], [ 2.12369252, 41.37442056 ], [ 2.1237608, 41.37434127 ], [ 2.12382411, 41.37425399 ], [ 2.12390443, 41.3741126 ], [ 2.1242181, 41.37359208 ], [ 2.12424366, 41.37356026 ], [ 2.12426696, 41.37354036 ], [ 2.12429844, 41.37352097 ], [ 2.12486844, 41.37321752 ], [ 2.12545421, 41.37288891 ], [ 2.12570033, 41.37271979 ], [ 2.12600776, 41.37250252 ], [ 2.12644873, 41.37221521 ], [ 2.12730064, 41.37162607 ], [ 2.12741296, 41.37157092 ], [ 2.12794894, 41.37127589 ], [ 2.12813611, 41.37118099 ], [ 2.1288722, 41.37091777 ], [ 2.12923012, 41.37072614 ], [ 2.12990375, 41.37015556 ], [ 2.13024133, 41.36989493 ], [ 2.13031746, 41.3698293 ], [ 2.13041521, 41.36973469 ], [ 2.13051521, 41.3696271 ], [ 2.13064638, 41.36947281 ], [ 2.13086548, 41.36917416 ], [ 2.13104065, 41.36892654 ], [ 2.13115125, 41.36876105 ], [ 2.13125615, 41.36859567 ], [ 2.13142809, 41.36831539 ], [ 2.13163076, 41.3679722 ], [ 2.13189493, 41.36725425 ], [ 2.13203051, 41.36677799 ], [ 2.13288542, 41.36553842 ], [ 2.13286796, 41.36536098 ], [ 2.13355387, 41.36394737 ], [ 2.13365628, 41.36361457 ], [ 2.1340932, 41.36328539 ], [ 2.13543006, 41.36225651 ], [ 2.13499223, 41.36151402 ], [ 2.13486733, 41.36134334 ], [ 2.13477906, 41.36124271 ], [ 2.13468432, 41.36114892 ], [ 2.13456151, 41.36104212 ], [ 2.13296658, 41.35985284 ], [ 2.1333098, 41.35938065 ], [ 2.13285238, 41.35919153 ], [ 2.13336514, 41.35848448 ], [ 2.133216, 41.35842656 ], [ 2.13321252, 41.35802304 ], [ 2.13319356, 41.35741657 ], [ 2.13310332, 41.35687619 ], [ 2.13297007, 41.35649683 ], [ 2.13318792, 41.35617744 ], [ 2.13206956, 41.35574352 ], [ 2.13389983, 41.35305961 ], [ 2.13377096, 41.35300506 ], [ 2.13504216, 41.35130105 ], [ 2.13517537, 41.3511351 ], [ 2.13529941, 41.35099176 ], [ 2.13742208, 41.34877355 ], [ 2.13707442, 41.34865249 ], [ 2.13678614, 41.34836475 ], [ 2.135664, 41.34797848 ], [ 2.13479622, 41.34768442 ], [ 2.13211903, 41.34676858 ], [ 2.13122222, 41.34644773 ], [ 2.12874242, 41.34552305 ], [ 2.12809194, 41.34529805 ], [ 2.11120201, 41.33969953 ], [ 2.10803908, 41.33860777 ], [ 2.1013685, 41.3363341 ], [ 2.10052652, 41.33604205 ], [ 2.1022497, 41.33535068 ], [ 2.10276922, 41.33510138 ], [ 2.10313466, 41.33490412 ], [ 2.10412839, 41.3343354 ], [ 2.10478878, 41.33393115 ], [ 2.10538936, 41.3334943 ], [ 2.10582966, 41.33316176 ], [ 2.10657155, 41.33258096 ], [ 2.10765371, 41.331745 ], [ 2.10837851, 41.33110334 ], [ 2.10874883, 41.33072958 ], [ 2.110131, 41.3289296 ], [ 2.11137894, 41.32724754 ], [ 2.11230244, 41.32611669 ], [ 2.11310982, 41.32559604 ], [ 2.11403875, 41.32488096 ], [ 2.11565267, 41.32388988 ], [ 2.11704335, 41.32332096 ], [ 2.11890079, 41.32273402 ], [ 2.12174501, 41.32206619 ], [ 2.12313535, 41.32180662 ], [ 2.12579805, 41.32135293 ], [ 2.12851899, 41.32096138 ], [ 2.13071182, 41.32077179 ], [ 2.13211677, 41.3208087 ], [ 2.13258209, 41.32084638 ], [ 2.13976877, 41.32111536 ], [ 2.14126791, 41.32109031 ], [ 2.14374271, 41.32094413 ], [ 2.14574153, 41.32075092 ], [ 2.14661763, 41.32077984 ], [ 2.14672915, 41.3207602 ], [ 2.14685951, 41.32075425 ], [ 2.14771162, 41.32075768 ], [ 2.14951987, 41.32074056 ], [ 2.14962, 41.32074361 ], [ 2.14972841, 41.32075759 ], [ 2.14985731, 41.32068288 ], [ 2.15069568, 41.32152952 ], [ 2.15081577, 41.3216741 ], [ 2.15092611, 41.32184858 ], [ 2.15172693, 41.32315367 ], [ 2.15226521, 41.32296422 ], [ 2.15228826, 41.32298703 ], [ 2.152351, 41.32307581 ], [ 2.15237219, 41.32319091 ], [ 2.15246423, 41.32336703 ], [ 2.15260863, 41.32362959 ], [ 2.15269332, 41.32386476 ], [ 2.15271111, 41.32397696 ], [ 2.15277645, 41.3241081 ], [ 2.15285036, 41.32430579 ], [ 2.15289676, 41.3244003 ], [ 2.15295676, 41.32464695 ], [ 2.15304901, 41.32495332 ], [ 2.15304841, 41.32502126 ], [ 2.1530946, 41.32516492 ], [ 2.15312965, 41.32532799 ], [ 2.15317357, 41.32542 ], [ 2.15318095, 41.32548633 ], [ 2.15321753, 41.32556282 ], [ 2.15327354, 41.32565611 ], [ 2.15329281, 41.32575544 ], [ 2.15333222, 41.32585795 ], [ 2.15334341, 41.32590977 ], [ 2.15336941, 41.32596904 ], [ 2.15337693, 41.32604178 ], [ 2.15341261, 41.32617003 ], [ 2.15345573, 41.32627516 ], [ 2.15348978, 41.32632219 ], [ 2.15350653, 41.3263856 ], [ 2.15353566, 41.32644497 ], [ 2.15354904, 41.32649561 ], [ 2.15361439, 41.32657778 ], [ 2.15363681, 41.32664622 ], [ 2.15382592, 41.3273177 ], [ 2.15387731, 41.32747206 ], [ 2.15387955, 41.32750349 ], [ 2.15382478, 41.32752126 ], [ 2.1538702, 41.3275944 ], [ 2.15392333, 41.32757587 ], [ 2.15396268, 41.32766517 ], [ 2.15399693, 41.32767982 ], [ 2.15408004, 41.3276587 ], [ 2.1541667, 41.32761876 ], [ 2.15422065, 41.32755693 ], [ 2.15423193, 41.32751837 ], [ 2.15424892, 41.32750366 ], [ 2.15422495, 41.32747078 ], [ 2.15404167, 41.32731912 ], [ 2.15403987, 41.3272692 ], [ 2.15404007, 41.32725307 ], [ 2.15405566, 41.32723954 ], [ 2.15421302, 41.32721378 ], [ 2.1542619, 41.32721849 ], [ 2.15433925, 41.32727105 ], [ 2.15442607, 41.32735479 ], [ 2.15449509, 41.3274662 ], [ 2.15449483, 41.32755616 ], [ 2.15448106, 41.32761544 ], [ 2.15439466, 41.32774732 ], [ 2.15428259, 41.32781247 ], [ 2.15426241, 41.32783542 ], [ 2.15426604, 41.32785386 ], [ 2.15429952, 41.32786016 ], [ 2.15478328, 41.32784159 ], [ 2.15697676, 41.32782546 ], [ 2.15884522, 41.32783479 ], [ 2.15886971, 41.32778893 ], [ 2.15892552, 41.32776764 ], [ 2.15897109, 41.32776308 ], [ 2.15890499, 41.32757278 ], [ 2.15882877, 41.32754549 ], [ 2.15879322, 41.32747793 ], [ 2.15873603, 41.32733829 ], [ 2.15872251, 41.32728083 ], [ 2.15877697, 41.32719389 ], [ 2.15881679, 41.32716002 ], [ 2.1588986, 41.32713936 ], [ 2.15902764, 41.32714067 ], [ 2.15909067, 41.32715338 ], [ 2.15914883, 41.32718018 ], [ 2.15920241, 41.32722085 ], [ 2.1592474, 41.32729901 ], [ 2.15930895, 41.32741908 ], [ 2.15946452, 41.32782555 ], [ 2.15953274, 41.32796203 ], [ 2.15963189, 41.32809362 ], [ 2.15973205, 41.3282376 ], [ 2.15980999, 41.32851156 ], [ 2.15999726, 41.32899581 ], [ 2.16028783, 41.3296851 ], [ 2.16064738, 41.33051953 ], [ 2.16086435, 41.33100824 ], [ 2.16109918, 41.33158679 ], [ 2.16132052, 41.33204873 ], [ 2.16138623, 41.33223995 ], [ 2.16157307, 41.33268499 ], [ 2.1616709, 41.33287732 ], [ 2.1620396, 41.33371569 ], [ 2.1621951, 41.33407907 ], [ 2.16226525, 41.33421542 ], [ 2.16230923, 41.33434962 ], [ 2.16240841, 41.33453295 ], [ 2.16245059, 41.33465115 ], [ 2.16257595, 41.33488849 ], [ 2.16274708, 41.33529349 ], [ 2.16293885, 41.33572026 ], [ 2.1632406, 41.33631832 ], [ 2.16333794, 41.33650249 ], [ 2.16344919, 41.3368004 ], [ 2.16356598, 41.33704694 ], [ 2.16363121, 41.33717533 ], [ 2.16359947, 41.33723335 ], [ 2.16363912, 41.3373187 ], [ 2.16368628, 41.33733385 ], [ 2.16374609, 41.33736801 ], [ 2.16375106, 41.33739613 ], [ 2.1637582, 41.33740867 ], [ 2.16375518, 41.33741406 ], [ 2.16374567, 41.3374158 ], [ 2.16373733, 41.33741258 ], [ 2.16372452, 41.33743052 ], [ 2.1637318, 41.33743594 ], [ 2.16373136, 41.33744111 ], [ 2.16371247, 41.33745116 ], [ 2.16368825, 41.33744917 ], [ 2.16368364, 41.33746127 ], [ 2.16370928, 41.33751063 ], [ 2.16372982, 41.33753557 ], [ 2.16378024, 41.33766764 ], [ 2.16379893, 41.33768615 ], [ 2.16379531, 41.33770133 ], [ 2.16385113, 41.3378103 ], [ 2.16385477, 41.3378113 ], [ 2.16385735, 41.33783752 ], [ 2.16387779, 41.33786522 ], [ 2.16389164, 41.33789205 ], [ 2.16389314, 41.33791113 ], [ 2.16391383, 41.33797157 ], [ 2.16393648, 41.33800579 ], [ 2.16394563, 41.33800737 ], [ 2.16447449, 41.33793031 ], [ 2.16480749, 41.33787502 ], [ 2.16483323, 41.33787556 ], [ 2.16486129, 41.33788327 ], [ 2.16488051, 41.33789384 ], [ 2.16488783, 41.3379103 ], [ 2.16509971, 41.33787639 ], [ 2.16502349, 41.33761321 ], [ 2.16517843, 41.33758773 ], [ 2.16538866, 41.33831364 ], [ 2.16523516, 41.33833889 ], [ 2.16515461, 41.33807321 ], [ 2.16494125, 41.33811216 ], [ 2.16494529, 41.33813101 ], [ 2.16494057, 41.33813904 ], [ 2.16490539, 41.33816484 ], [ 2.16486799, 41.33818069 ], [ 2.16466564, 41.33821932 ], [ 2.16460078, 41.33823478 ], [ 2.16444866, 41.33825829 ], [ 2.16424802, 41.33829678 ], [ 2.16410375, 41.33831344 ], [ 2.16407522, 41.33832207 ], [ 2.16418123, 41.33854481 ], [ 2.1642684, 41.33874545 ], [ 2.16461317, 41.33949968 ], [ 2.16493664, 41.34024515 ], [ 2.16494847, 41.34025289 ], [ 2.16495959, 41.34025602 ], [ 2.16498168, 41.34025738 ], [ 2.16508225, 41.34022948 ], [ 2.16507606, 41.3402152 ], [ 2.1651193, 41.34020455 ], [ 2.16514721, 41.34026892 ], [ 2.16560052, 41.34015729 ], [ 2.16572936, 41.34061329 ], [ 2.16563474, 41.34062876 ], [ 2.16552849, 41.34025302 ], [ 2.16517821, 41.34034022 ], [ 2.16528835, 41.34059148 ], [ 2.16524522, 41.34060221 ], [ 2.16522555, 41.34055733 ], [ 2.16519865, 41.34056417 ], [ 2.1651863, 41.34057275 ], [ 2.16516071, 41.34058285 ], [ 2.16515212, 41.34058221 ], [ 2.1651424, 41.34059061 ], [ 2.16514356, 41.3405987 ], [ 2.16512927, 41.34060809 ], [ 2.16512183, 41.3406315 ], [ 2.16512524, 41.34064543 ], [ 2.16511646, 41.34065738 ], [ 2.16511438, 41.34067257 ], [ 2.16513011, 41.34071913 ], [ 2.16514044, 41.34073199 ], [ 2.16514999, 41.34075552 ], [ 2.16517669, 41.34080043 ], [ 2.1651784, 41.34081597 ], [ 2.16520291, 41.34087246 ], [ 2.16523091, 41.3409148 ], [ 2.16524798, 41.34098016 ], [ 2.16526365, 41.34101645 ], [ 2.16527994, 41.34103834 ], [ 2.16528707, 41.34106201 ], [ 2.16529851, 41.34107609 ], [ 2.16532041, 41.34113583 ], [ 2.16534305, 41.34115015 ], [ 2.16535948, 41.34117016 ], [ 2.16537004, 41.34117606 ], [ 2.16539027, 41.3411793 ], [ 2.16542256, 41.34117815 ], [ 2.16543503, 41.34117323 ], [ 2.16546544, 41.34117269 ], [ 2.16559512, 41.34114672 ], [ 2.16564497, 41.34114546 ], [ 2.16567696, 41.34113569 ], [ 2.16574468, 41.34113044 ], [ 2.16578446, 41.34112266 ], [ 2.16584942, 41.34110454 ], [ 2.16590586, 41.34110234 ], [ 2.16604901, 41.34106776 ], [ 2.16611518, 41.34106567 ], [ 2.16615481, 41.34107337 ], [ 2.16618229, 41.34108534 ], [ 2.1662031, 41.34110168 ], [ 2.16622529, 41.34112686 ], [ 2.16623146, 41.34113986 ], [ 2.16623236, 41.34116881 ], [ 2.16624781, 41.34122805 ], [ 2.16623995, 41.34125013 ], [ 2.16622861, 41.34126392 ], [ 2.16621895, 41.34129386 ], [ 2.16620584, 41.34130286 ], [ 2.16618683, 41.34131043 ], [ 2.16616575, 41.3413252 ], [ 2.16610486, 41.34133895 ], [ 2.16598371, 41.34135214 ], [ 2.16592152, 41.3413444 ], [ 2.16586393, 41.34131613 ], [ 2.16584821, 41.34131911 ], [ 2.16583368, 41.34132633 ], [ 2.16578481, 41.34132771 ], [ 2.16576768, 41.34132092 ], [ 2.16574866, 41.34132204 ], [ 2.16571131, 41.34133449 ], [ 2.1656921, 41.34133763 ], [ 2.16567377, 41.34133715 ], [ 2.16559037, 41.34134856 ], [ 2.16556396, 41.34134967 ], [ 2.16544811, 41.3413769 ], [ 2.16537909, 41.3413775 ], [ 2.16530713, 41.34139522 ], [ 2.16517956, 41.34141693 ], [ 2.16515452, 41.34142567 ], [ 2.16512528, 41.34142958 ], [ 2.16511228, 41.34142715 ], [ 2.16508883, 41.34142916 ], [ 2.16501738, 41.3414851 ], [ 2.1649814, 41.341495 ], [ 2.16495482, 41.34150815 ], [ 2.16490724, 41.34152148 ], [ 2.1648715, 41.34152052 ], [ 2.16483318, 41.34152379 ], [ 2.16481323, 41.34152896 ], [ 2.16473591, 41.3415266 ], [ 2.16471199, 41.34152197 ], [ 2.16469055, 41.34152321 ], [ 2.1646374, 41.34153594 ], [ 2.1646259, 41.341536 ], [ 2.16460008, 41.34153576 ], [ 2.16451242, 41.34151978 ], [ 2.16450069, 41.34152602 ], [ 2.16444675, 41.34152364 ], [ 2.16441025, 41.34153437 ], [ 2.16436639, 41.34154205 ], [ 2.16431421, 41.34154561 ], [ 2.16427832, 41.34154218 ], [ 2.16424667, 41.34154777 ], [ 2.16421224, 41.34154477 ], [ 2.1641819, 41.34156045 ], [ 2.16417159, 41.34157039 ], [ 2.16416187, 41.34157164 ], [ 2.1641377, 41.34156618 ], [ 2.16411017, 41.3415691 ], [ 2.1640339, 41.34158368 ], [ 2.16401687, 41.34159175 ], [ 2.16396546, 41.34159324 ], [ 2.16394084, 41.34159675 ], [ 2.16391606, 41.3416108 ], [ 2.16390483, 41.34160881 ], [ 2.16387083, 41.34161501 ], [ 2.16386088, 41.34162103 ], [ 2.16377715, 41.34162806 ], [ 2.16375555, 41.34163235 ], [ 2.16373865, 41.34164398 ], [ 2.1637128, 41.34165179 ], [ 2.16369575, 41.34165224 ], [ 2.16364981, 41.34166542 ], [ 2.16362602, 41.3416676 ], [ 2.1636137, 41.34167227 ], [ 2.16362862, 41.34178733 ], [ 2.16363909, 41.34181346 ], [ 2.16366076, 41.34184976 ], [ 2.16367806, 41.34185774 ], [ 2.16369801, 41.34186076 ], [ 2.16371864, 41.34185915 ], [ 2.1637409, 41.3418494 ], [ 2.16380859, 41.34183494 ], [ 2.16387243, 41.34182989 ], [ 2.16392134, 41.34183316 ], [ 2.16394531, 41.34184314 ], [ 2.16395762, 41.34185631 ], [ 2.16396513, 41.34187506 ], [ 2.16398755, 41.34190138 ], [ 2.16399894, 41.34193011 ], [ 2.16400107, 41.34194663 ], [ 2.16403801, 41.34201229 ], [ 2.16405821, 41.34208561 ], [ 2.16406841, 41.34209902 ], [ 2.16407463, 41.34210227 ], [ 2.16407764, 41.34211022 ], [ 2.16406918, 41.34213094 ], [ 2.16420499, 41.34210774 ], [ 2.16424084, 41.34222704 ], [ 2.1625293, 41.34250141 ], [ 2.16249541, 41.34238198 ], [ 2.1626447, 41.34235917 ], [ 2.16264619, 41.34231918 ], [ 2.16263959, 41.34229311 ], [ 2.16262605, 41.34226408 ], [ 2.16262635, 41.34224445 ], [ 2.16261105, 41.3422037 ], [ 2.16259162, 41.34213279 ], [ 2.16258847, 41.34208809 ], [ 2.16259315, 41.34207353 ], [ 2.16260085, 41.34206188 ], [ 2.16261854, 41.34205087 ], [ 2.16264078, 41.34204264 ], [ 2.16272416, 41.34202357 ], [ 2.16281755, 41.34201081 ], [ 2.16283636, 41.34200591 ], [ 2.16283914, 41.34199746 ], [ 2.16280908, 41.3418587 ], [ 2.16277692, 41.34180497 ], [ 2.16276125, 41.34180035 ], [ 2.16272382, 41.3418004 ], [ 2.16270379, 41.34180397 ], [ 2.16269064, 41.34181147 ], [ 2.16259571, 41.34182446 ], [ 2.16251858, 41.34184834 ], [ 2.1624909, 41.34185185 ], [ 2.16243997, 41.34186463 ], [ 2.16235908, 41.34187568 ], [ 2.16232687, 41.34188899 ], [ 2.16227845, 41.34189235 ], [ 2.16222778, 41.34190654 ], [ 2.16214845, 41.34191915 ], [ 2.16207648, 41.34193913 ], [ 2.16196634, 41.34194575 ], [ 2.16186466, 41.3419561 ], [ 2.16183972, 41.34196559 ], [ 2.16175607, 41.34196854 ], [ 2.16170792, 41.34198005 ], [ 2.161602, 41.3420156 ], [ 2.16155268, 41.34202184 ], [ 2.16150778, 41.34204086 ], [ 2.16149153, 41.34204413 ], [ 2.1614737, 41.34203993 ], [ 2.16146355, 41.34203369 ], [ 2.1614153, 41.34203438 ], [ 2.1613676, 41.34202975 ], [ 2.16133218, 41.34203698 ], [ 2.16127323, 41.34205561 ], [ 2.16122604, 41.34206331 ], [ 2.16117964, 41.34208015 ], [ 2.16109837, 41.34207963 ], [ 2.16104854, 41.34208428 ], [ 2.16102616, 41.34209247 ], [ 2.16102414, 41.34210806 ], [ 2.16104541, 41.3421499 ], [ 2.16106528, 41.34221822 ], [ 2.16112115, 41.34229418 ], [ 2.16114544, 41.34237236 ], [ 2.16116056, 41.3423866 ], [ 2.16116622, 41.34242987 ], [ 2.16116444, 41.34247162 ], [ 2.16116865, 41.34248689 ], [ 2.16116375, 41.3424959 ], [ 2.16117543, 41.34254711 ], [ 2.16117226, 41.34255927 ], [ 2.1611646, 41.34256457 ], [ 2.16117891, 41.34259229 ], [ 2.16068958, 41.34278003 ], [ 2.15947961, 41.34325172 ], [ 2.15946477, 41.34322823 ], [ 2.15933369, 41.34326665 ], [ 2.15928411, 41.34327028 ], [ 2.1592638, 41.34326981 ], [ 2.15923852, 41.34326184 ], [ 2.15920726, 41.34324609 ], [ 2.15844153, 41.34275623 ], [ 2.1584352, 41.34276214 ], [ 2.1584075, 41.34274533 ], [ 2.15842247, 41.34273133 ], [ 2.15840018, 41.34271293 ], [ 2.15837282, 41.34267248 ], [ 2.15835133, 41.34264887 ], [ 2.15829824, 41.34262056 ], [ 2.15826702, 41.34259432 ], [ 2.15825002, 41.34258562 ], [ 2.15822969, 41.34258251 ], [ 2.15818339, 41.34258405 ], [ 2.15809137, 41.3425944 ], [ 2.15804201, 41.34259645 ], [ 2.15798779, 41.34260413 ], [ 2.1579126, 41.34259929 ], [ 2.15787099, 41.34258919 ], [ 2.15772025, 41.34253324 ], [ 2.15768752, 41.34252411 ], [ 2.1576378, 41.34250234 ], [ 2.15747287, 41.34241192 ], [ 2.15733436, 41.34234994 ], [ 2.15730295, 41.34234564 ], [ 2.1572271, 41.3422998 ], [ 2.15718584, 41.34228479 ], [ 2.15708095, 41.34223361 ], [ 2.15704797, 41.34227546 ], [ 2.15715296, 41.34232437 ], [ 2.15708808, 41.34240558 ], [ 2.1568491, 41.34229372 ], [ 2.15691516, 41.34221357 ], [ 2.15692682, 41.34221901 ], [ 2.15696087, 41.3421775 ], [ 2.15694103, 41.34216494 ], [ 2.15691402, 41.34215685 ], [ 2.1568317, 41.34211972 ], [ 2.15681059, 41.34214399 ], [ 2.15681665, 41.34214735 ], [ 2.15678601, 41.34217789 ], [ 2.15674601, 41.34215511 ], [ 2.15677247, 41.34212651 ], [ 2.15677541, 41.34212806 ], [ 2.15678447, 41.34211828 ], [ 2.15678723, 41.34211973 ], [ 2.15679885, 41.34210717 ], [ 2.15675812, 41.34208613 ], [ 2.1567272, 41.34207482 ], [ 2.15670631, 41.34207044 ], [ 2.15667841, 41.34204981 ], [ 2.15663675, 41.34203332 ], [ 2.15652805, 41.34198254 ], [ 2.15648372, 41.34195731 ], [ 2.156413, 41.3419248 ], [ 2.15638329, 41.34191586 ], [ 2.15632722, 41.34188393 ], [ 2.15627829, 41.34186033 ], [ 2.15624839, 41.34183889 ], [ 2.15619456, 41.34176142 ], [ 2.1561689, 41.34170434 ], [ 2.15608231, 41.34159818 ], [ 2.15606659, 41.34156405 ], [ 2.1560583, 41.34152821 ], [ 2.15604805, 41.34151109 ], [ 2.15602893, 41.34148133 ], [ 2.1560016, 41.34145069 ], [ 2.15598586, 41.341418 ], [ 2.15595883, 41.34138599 ], [ 2.15591807, 41.34131053 ], [ 2.15589257, 41.34127511 ], [ 2.15583804, 41.34117353 ], [ 2.15581068, 41.34114098 ], [ 2.1557863, 41.341119 ], [ 2.15576874, 41.34108684 ], [ 2.1557353, 41.34104026 ], [ 2.15573521, 41.34102962 ], [ 2.15572914, 41.34101737 ], [ 2.15568108, 41.34096268 ], [ 2.15567487, 41.34095158 ], [ 2.15567655, 41.34093941 ], [ 2.15562734, 41.34085798 ], [ 2.15554986, 41.34081401 ], [ 2.15555482, 41.34078816 ], [ 2.15555203, 41.34077052 ], [ 2.15553578, 41.34074061 ], [ 2.15553077, 41.34071802 ], [ 2.15552013, 41.34070136 ], [ 2.15551444, 41.3406828 ], [ 2.15547785, 41.34060655 ], [ 2.15546075, 41.34057936 ], [ 2.15545719, 41.34056298 ], [ 2.15544861, 41.3405494 ], [ 2.1554095, 41.34050894 ], [ 2.15538233, 41.34045466 ], [ 2.15537926, 41.34042964 ], [ 2.15537265, 41.34041511 ], [ 2.15532695, 41.34042604 ], [ 2.15532193, 41.34041414 ], [ 2.15535772, 41.34040557 ], [ 2.15533648, 41.34039963 ], [ 2.15532391, 41.34038484 ], [ 2.1553119, 41.34034429 ], [ 2.15528223, 41.34028044 ], [ 2.15527206, 41.34026088 ], [ 2.15525829, 41.34024643 ], [ 2.15523541, 41.34020779 ], [ 2.15520852, 41.34017239 ], [ 2.15517394, 41.34009578 ], [ 2.15514586, 41.34005616 ], [ 2.15510705, 41.33998929 ], [ 2.15509996, 41.33995317 ], [ 2.15505269, 41.33988959 ], [ 2.1549899, 41.33979502 ], [ 2.15497115, 41.33975849 ], [ 2.15494785, 41.33973735 ], [ 2.15489483, 41.3396742 ], [ 2.15488187, 41.33965202 ], [ 2.15486996, 41.33960077 ], [ 2.15483493, 41.33954819 ], [ 2.15483052, 41.33952676 ], [ 2.15481764, 41.33950586 ], [ 2.15478368, 41.33946807 ], [ 2.154772, 41.339464 ], [ 2.15475113, 41.33944775 ], [ 2.15474348, 41.33943653 ], [ 2.15472125, 41.33936932 ], [ 2.15469466, 41.33932329 ], [ 2.15463025, 41.33923736 ], [ 2.15460708, 41.33922843 ], [ 2.15458025, 41.33920684 ], [ 2.15453945, 41.33915354 ], [ 2.15452639, 41.33912098 ], [ 2.15450304, 41.33909994 ], [ 2.15449054, 41.33907596 ], [ 2.15447363, 41.33906384 ], [ 2.15446138, 41.33906087 ], [ 2.15442668, 41.33906389 ], [ 2.15440618, 41.33905971 ], [ 2.15439849, 41.3390554 ], [ 2.15438146, 41.33903416 ], [ 2.15435983, 41.33897919 ], [ 2.15433744, 41.33895219 ], [ 2.15433218, 41.33892607 ], [ 2.15434979, 41.33890609 ], [ 2.15439698, 41.33888028 ], [ 2.15440176, 41.33885088 ], [ 2.1543989, 41.33883126 ], [ 2.15433747, 41.33874639 ], [ 2.15432441, 41.33871033 ], [ 2.15431333, 41.33869054 ], [ 2.154269, 41.33862799 ], [ 2.15423353, 41.3385872 ], [ 2.15421762, 41.33854629 ], [ 2.15417143, 41.33846874 ], [ 2.15414029, 41.3384332 ], [ 2.15412333, 41.33839751 ], [ 2.15410638, 41.33840356 ], [ 2.15409518, 41.3383859 ], [ 2.15411423, 41.3383795 ], [ 2.15409126, 41.33834926 ], [ 2.15409756, 41.33833497 ], [ 2.15408964, 41.33831156 ], [ 2.15408055, 41.33829741 ], [ 2.15406095, 41.33827914 ], [ 2.15403545, 41.33823629 ], [ 2.15401144, 41.33820729 ], [ 2.15400623, 41.33819241 ], [ 2.15398032, 41.33817042 ], [ 2.15393258, 41.33808716 ], [ 2.15390842, 41.33806277 ], [ 2.15388907, 41.33802865 ], [ 2.15388626, 41.33801667 ], [ 2.15385742, 41.33797376 ], [ 2.1538556, 41.33794075 ], [ 2.15381942, 41.33789602 ], [ 2.15378649, 41.33782091 ], [ 2.15377748, 41.33781158 ], [ 2.15376548, 41.33780789 ], [ 2.15375342, 41.33780924 ], [ 2.15373452, 41.33782128 ], [ 2.15371228, 41.33782587 ], [ 2.15370298, 41.33783207 ], [ 2.15367942, 41.33783511 ], [ 2.15366835, 41.33783286 ], [ 2.15365326, 41.3378245 ], [ 2.15360657, 41.3377912 ], [ 2.1535816, 41.33774309 ], [ 2.15357843, 41.33772955 ], [ 2.15358034, 41.3377185 ], [ 2.15359918, 41.33769594 ], [ 2.15362391, 41.33768031 ], [ 2.15364904, 41.33767408 ], [ 2.1536638, 41.33766385 ], [ 2.15366766, 41.3376575 ], [ 2.15366634, 41.33762676 ], [ 2.15364894, 41.33760778 ], [ 2.15363783, 41.33758385 ], [ 2.15362267, 41.3375658 ], [ 2.15361777, 41.33755174 ], [ 2.1536071, 41.33754176 ], [ 2.15359125, 41.33751728 ], [ 2.15356926, 41.33749536 ], [ 2.15355746, 41.33745787 ], [ 2.15353898, 41.33744513 ], [ 2.153524, 41.33742423 ], [ 2.15351311, 41.33741579 ], [ 2.15348603, 41.33737322 ], [ 2.15348344, 41.33735979 ], [ 2.1534352, 41.33730049 ], [ 2.15341426, 41.33726388 ], [ 2.15340147, 41.33722523 ], [ 2.1533917, 41.33721586 ], [ 2.15336738, 41.33717385 ], [ 2.15335159, 41.33715695 ], [ 2.15334134, 41.33712484 ], [ 2.15332666, 41.33710293 ], [ 2.15331714, 41.33709441 ], [ 2.15330561, 41.33709864 ], [ 2.15329457, 41.33708158 ], [ 2.15330172, 41.33707896 ], [ 2.15327733, 41.33704737 ], [ 2.15326393, 41.33701524 ], [ 2.15325153, 41.33700557 ], [ 2.15323662, 41.3369757 ], [ 2.15322991, 41.33696978 ], [ 2.15322543, 41.33694301 ], [ 2.15315846, 41.33684304 ], [ 2.15311758, 41.33675111 ], [ 2.15310564, 41.33673167 ], [ 2.15308255, 41.33670974 ], [ 2.15306665, 41.33668246 ], [ 2.15304866, 41.33666514 ], [ 2.15303708, 41.33663962 ], [ 2.15301949, 41.33661729 ], [ 2.1529749, 41.33651341 ], [ 2.15295398, 41.33647471 ], [ 2.15295071, 41.33646121 ], [ 2.15294038, 41.33645007 ], [ 2.15293264, 41.33643167 ], [ 2.15291231, 41.33641794 ], [ 2.15289826, 41.33641758 ], [ 2.15286685, 41.33642135 ], [ 2.15284202, 41.33643025 ], [ 2.15279323, 41.33643241 ], [ 2.15277421, 41.33642456 ], [ 2.15275481, 41.33640141 ], [ 2.1527343, 41.33635646 ], [ 2.15272645, 41.33631636 ], [ 2.15274053, 41.33630494 ], [ 2.15278322, 41.3362864 ], [ 2.15279256, 41.33627915 ], [ 2.15280016, 41.33625536 ], [ 2.15279988, 41.33622024 ], [ 2.15276558, 41.33616866 ], [ 2.15274327, 41.33612352 ], [ 2.15271164, 41.33608878 ], [ 2.15271411, 41.33607583 ], [ 2.15268676, 41.33606143 ], [ 2.15267668, 41.33602742 ], [ 2.15265874, 41.33600992 ], [ 2.15264681, 41.33598641 ], [ 2.15263288, 41.33596959 ], [ 2.15263101, 41.33595891 ], [ 2.15262252, 41.33594441 ], [ 2.15259435, 41.3359156 ], [ 2.15259061, 41.33589364 ], [ 2.15256499, 41.33586698 ], [ 2.15254044, 41.33582083 ], [ 2.15252033, 41.3358078 ], [ 2.1525045, 41.33578295 ], [ 2.15248239, 41.33577796 ], [ 2.15248024, 41.33575002 ], [ 2.15247174, 41.33575349 ], [ 2.15246166, 41.33573827 ], [ 2.15247672, 41.3357322 ], [ 2.15246988, 41.33571551 ], [ 2.15245126, 41.33568425 ], [ 2.15242527, 41.335661 ], [ 2.15240054, 41.33562911 ], [ 2.1523908, 41.33559884 ], [ 2.15237815, 41.33558592 ], [ 2.15235619, 41.33552782 ], [ 2.15230528, 41.33544724 ], [ 2.15228104, 41.33537031 ], [ 2.15224285, 41.33532846 ], [ 2.15223102, 41.33530459 ], [ 2.15222065, 41.3352927 ], [ 2.15222607, 41.33527798 ], [ 2.15222028, 41.33526124 ], [ 2.15216168, 41.33518785 ], [ 2.15213196, 41.33512047 ], [ 2.15211258, 41.33510404 ], [ 2.15209294, 41.33506233 ], [ 2.15207996, 41.33504485 ], [ 2.15205702, 41.33503121 ], [ 2.15204142, 41.33502959 ], [ 2.15197867, 41.33505267 ], [ 2.15196961, 41.33505522 ], [ 2.15195849, 41.3350543 ], [ 2.15193613, 41.33504185 ], [ 2.15191672, 41.33501504 ], [ 2.15189962, 41.33498112 ], [ 2.15187917, 41.33496333 ], [ 2.15187464, 41.33494447 ], [ 2.15188134, 41.33493303 ], [ 2.15189499, 41.33492438 ], [ 2.15191253, 41.33492047 ], [ 2.15191509, 41.33491472 ], [ 2.15193916, 41.33491032 ], [ 2.15194685, 41.33490631 ], [ 2.15195717, 41.33489117 ], [ 2.15195832, 41.33485548 ], [ 2.15195213, 41.33483877 ], [ 2.15193945, 41.33482029 ], [ 2.15193434, 41.33480159 ], [ 2.15191421, 41.33478378 ], [ 2.1519064, 41.33475915 ], [ 2.15188891, 41.33474425 ], [ 2.15184034, 41.33467803 ], [ 2.15181927, 41.33465899 ], [ 2.15180174, 41.33462471 ], [ 2.15179917, 41.33460884 ], [ 2.15179298, 41.33459806 ], [ 2.15177402, 41.3345799 ], [ 2.15176434, 41.33458449 ], [ 2.15175711, 41.33457841 ], [ 2.15175055, 41.33455378 ], [ 2.1517257, 41.33451656 ], [ 2.151722, 41.33449953 ], [ 2.15169213, 41.33447344 ], [ 2.15168209, 41.33444368 ], [ 2.15166411, 41.33441501 ], [ 2.15165944, 41.33438975 ], [ 2.15164418, 41.33439514 ], [ 2.15163332, 41.33437982 ], [ 2.15164757, 41.33437443 ], [ 2.15161091, 41.3343354 ], [ 2.15160787, 41.33432902 ], [ 2.15160837, 41.33430966 ], [ 2.15159855, 41.33429914 ], [ 2.15158756, 41.33427729 ], [ 2.1515694, 41.33426013 ], [ 2.15155819, 41.33423427 ], [ 2.15154837, 41.3342249 ], [ 2.15152474, 41.33417465 ], [ 2.15150213, 41.33416317 ], [ 2.15147319, 41.33409445 ], [ 2.15146196, 41.33407618 ], [ 2.15144966, 41.33406615 ], [ 2.15142943, 41.33401887 ], [ 2.15140211, 41.33398019 ], [ 2.15139691, 41.33396084 ], [ 2.15137599, 41.33393777 ], [ 2.15136163, 41.33389743 ], [ 2.15134729, 41.33387234 ], [ 2.15133209, 41.33385753 ], [ 2.15129037, 41.33377226 ], [ 2.15128849, 41.33376202 ], [ 2.15127365, 41.3337418 ], [ 2.1512543, 41.33373741 ], [ 2.15123969, 41.33372844 ], [ 2.15123032, 41.33373082 ], [ 2.15121177, 41.33374387 ], [ 2.1511932, 41.33374539 ], [ 2.15117782, 41.33375176 ], [ 2.15116691, 41.33374527 ], [ 2.15115103, 41.33374601 ], [ 2.15114135, 41.33374025 ], [ 2.15111506, 41.33370897 ], [ 2.15108285, 41.33368175 ], [ 2.15106595, 41.33365894 ], [ 2.15106438, 41.3336414 ], [ 2.15107108, 41.33363106 ], [ 2.15109836, 41.3336139 ], [ 2.15112247, 41.33360682 ], [ 2.15114939, 41.3335903 ], [ 2.15115705, 41.33358022 ], [ 2.15115508, 41.33356726 ], [ 2.1511152, 41.33348712 ], [ 2.15107412, 41.3334335 ], [ 2.15107366, 41.33342477 ], [ 2.15106732, 41.33341469 ], [ 2.15103575, 41.33337686 ], [ 2.15102957, 41.33335988 ], [ 2.15101178, 41.33334541 ], [ 2.15098352, 41.333313 ], [ 2.15097579, 41.33329744 ], [ 2.15097899, 41.33328629 ], [ 2.15092965, 41.33323563 ], [ 2.15093699, 41.3331993 ], [ 2.1509252, 41.33319112 ], [ 2.15091959, 41.33318103 ], [ 2.15090879, 41.33317186 ], [ 2.15090211, 41.33317414 ], [ 2.15089251, 41.33315819 ], [ 2.15089823, 41.33315623 ], [ 2.15085698, 41.33309486 ], [ 2.15084124, 41.33306447 ], [ 2.15071673, 41.33290247 ], [ 2.15071334, 41.33287586 ], [ 2.15070537, 41.33285188 ], [ 2.15067094, 41.3327884 ], [ 2.15064695, 41.33274985 ], [ 2.15059252, 41.33268 ], [ 2.15054227, 41.33258352 ], [ 2.15050216, 41.33253035 ], [ 2.15048535, 41.33251257 ], [ 2.15035181, 41.33247078 ], [ 2.15030473, 41.33241494 ], [ 2.15029182, 41.33237855 ], [ 2.15029784, 41.33235697 ], [ 2.15034196, 41.3323092 ], [ 2.15035673, 41.33228535 ], [ 2.15035903, 41.33227383 ], [ 2.15035619, 41.33226237 ], [ 2.15033983, 41.3322337 ], [ 2.15022849, 41.33208362 ], [ 2.15019685, 41.33203556 ], [ 2.15016793, 41.33198076 ], [ 2.15008981, 41.33187704 ], [ 2.15008661, 41.33184675 ], [ 2.15007717, 41.33182831 ], [ 2.15006233, 41.33181171 ], [ 2.15002675, 41.33179091 ], [ 2.15000489, 41.33177166 ], [ 2.14995075, 41.33167118 ], [ 2.14974341, 41.33133106 ], [ 2.14972606, 41.33131498 ], [ 2.14957438, 41.33123415 ], [ 2.14955261, 41.33120831 ], [ 2.14952447, 41.33115784 ], [ 2.14948835, 41.33107705 ], [ 2.14948776, 41.33105795 ], [ 2.14949339, 41.33103889 ], [ 2.14952358, 41.33098705 ], [ 2.14953014, 41.33096972 ], [ 2.14953276, 41.33095235 ], [ 2.14952789, 41.33093142 ], [ 2.14951525, 41.33091115 ], [ 2.14946261, 41.33086068 ], [ 2.14937411, 41.3307277 ], [ 2.14921044, 41.33046707 ], [ 2.14893329, 41.33001041 ], [ 2.14891265, 41.3299981 ], [ 2.14888366, 41.32999473 ], [ 2.14884245, 41.32998407 ], [ 2.14875356, 41.3300098 ], [ 2.14868832, 41.33001905 ], [ 2.14868051, 41.33001809 ], [ 2.14768948, 41.33036643 ], [ 2.14590166, 41.33098771 ], [ 2.14608536, 41.33128587 ], [ 2.14584881, 41.33137118 ], [ 2.14728038, 41.33369747 ], [ 2.14427926, 41.3347474 ], [ 2.14531429, 41.33642677 ], [ 2.14561208, 41.33632326 ], [ 2.14562784, 41.33632446 ], [ 2.14561256, 41.33655063 ], [ 2.14955488, 41.33666808 ], [ 2.14956767, 41.33667562 ], [ 2.14974501, 41.33796946 ], [ 2.14980303, 41.33836507 ], [ 2.14987905, 41.33894893 ], [ 2.15003701, 41.34005881 ], [ 2.15092428, 41.34648342 ], [ 2.15102984, 41.3464749 ], [ 2.15103237, 41.34647139 ], [ 2.15108904, 41.34646726 ], [ 2.15109158, 41.34647002 ], [ 2.15118176, 41.34646276 ], [ 2.15118333, 41.34645953 ], [ 2.15124076, 41.34645484 ], [ 2.15124398, 41.34645781 ], [ 2.15186972, 41.34640801 ], [ 2.15184938, 41.34625834 ], [ 2.1518356, 41.34625888 ], [ 2.15180985, 41.34606896 ], [ 2.15182238, 41.34606811 ], [ 2.15180156, 41.34591202 ], [ 2.1517872, 41.34591292 ], [ 2.15177127, 41.34579938 ], [ 2.15176996, 41.34576342 ], [ 2.15178239, 41.34573889 ], [ 2.15179473, 41.34572636 ], [ 2.15180967, 41.34571993 ], [ 2.15183544, 41.34572154 ], [ 2.15184965, 41.34572783 ], [ 2.15186681, 41.34574223 ], [ 2.15188212, 41.34577548 ], [ 2.1519014, 41.34590332 ], [ 2.1518881, 41.34590408 ], [ 2.15191007, 41.34606062 ], [ 2.15192442, 41.34606007 ], [ 2.15194847, 41.34624919 ], [ 2.15193641, 41.34624968 ], [ 2.15195749, 41.34640145 ], [ 2.15256991, 41.34635415 ], [ 2.15257301, 41.346351 ], [ 2.15262891, 41.34634623 ], [ 2.15263289, 41.346349 ], [ 2.15274058, 41.3463402 ], [ 2.15264242, 41.34562832 ], [ 2.15283664, 41.34561245 ], [ 2.1528412, 41.34560758 ], [ 2.1529595, 41.34559873 ], [ 2.152967, 41.34560289 ], [ 2.1530074, 41.34559973 ], [ 2.15285393, 41.3444929 ], [ 2.15321767, 41.34446314 ], [ 2.15300596, 41.34294312 ], [ 2.15311326, 41.34273487 ], [ 2.15330828, 41.34270114 ], [ 2.15768968, 41.34519279 ], [ 2.15767344, 41.34520974 ], [ 2.1614939, 41.34738006 ], [ 2.16250002, 41.3479471 ], [ 2.16323921, 41.34836925 ], [ 2.163143, 41.34846432 ], [ 2.1630698, 41.34842226 ], [ 2.1630412, 41.34845132 ], [ 2.16337782, 41.34864124 ], [ 2.16369636, 41.3485209 ], [ 2.16367366, 41.34848981 ], [ 2.16363463, 41.34850445 ], [ 2.16356276, 41.34839562 ], [ 2.16690655, 41.34714392 ], [ 2.17092953, 41.35327142 ], [ 2.17281414, 41.35614803 ], [ 2.17305129, 41.3565027 ], [ 2.1730544, 41.35651548 ], [ 2.17305021, 41.35652538 ], [ 2.17303942, 41.35653577 ], [ 2.17295507, 41.35659374 ], [ 2.16990053, 41.35864739 ], [ 2.17001718, 41.35883601 ], [ 2.17029607, 41.3592711 ], [ 2.17060057, 41.35973617 ], [ 2.17093088, 41.36025132 ], [ 2.17500738, 41.35874777 ], [ 2.17532893, 41.35862453 ], [ 2.17535936, 41.35861551 ], [ 2.17537982, 41.35861266 ], [ 2.1754034, 41.35861426 ], [ 2.17544752, 41.35863076 ], [ 2.17546418, 41.35864394 ], [ 2.17564325, 41.35891669 ], [ 2.17585734, 41.35925342 ], [ 2.17609715, 41.35962137 ], [ 2.17612572, 41.35961081 ], [ 2.17673901, 41.36055285 ], [ 2.1761744, 41.36076209 ], [ 2.17616036, 41.36073984 ], [ 2.17536135, 41.36103385 ], [ 2.17490791, 41.36120472 ], [ 2.17404227, 41.36151352 ], [ 2.17369117, 41.36164571 ], [ 2.17384398, 41.36187989 ], [ 2.17348007, 41.36203542 ], [ 2.17598308, 41.36532412 ], [ 2.17682451, 41.36502035 ], [ 2.1792795, 41.36412017 ], [ 2.17899288, 41.36367786 ], [ 2.17931367, 41.36355987 ], [ 2.18023693, 41.36499028 ], [ 2.1807215, 41.36575388 ], [ 2.18075234, 41.36579561 ], [ 2.18075555, 41.36581315 ], [ 2.1807531, 41.36583679 ], [ 2.18074355, 41.36585886 ], [ 2.18072904, 41.36587569 ], [ 2.18069684, 41.36589569 ], [ 2.17982667, 41.36622069 ], [ 2.17967547, 41.36597881 ], [ 2.17651978, 41.36713182 ], [ 2.17668888, 41.3673979 ], [ 2.17639269, 41.36742281 ], [ 2.17668222, 41.36938573 ], [ 2.17703918, 41.3693566 ], [ 2.17710884, 41.3698209 ], [ 2.17675174, 41.36984995 ], [ 2.17708961, 41.37214361 ], [ 2.17737594, 41.37211942 ], [ 2.17746095, 41.37216052 ], [ 2.17761852, 41.37236196 ], [ 2.18189799, 41.3704148 ], [ 2.18198837, 41.37037592 ], [ 2.1820214, 41.37037027 ], [ 2.18205605, 41.37037395 ], [ 2.18207187, 41.37037921 ], [ 2.18209722, 41.37039458 ], [ 2.18300925, 41.37153536 ], [ 2.18301534, 41.37155878 ], [ 2.18300998, 41.37158387 ], [ 2.18300282, 41.37159556 ], [ 2.18298153, 41.3716145 ], [ 2.18127573, 41.3723935 ], [ 2.17812378, 41.37381839 ], [ 2.17827084, 41.37400651 ], [ 2.17797625, 41.3741383 ], [ 2.17993936, 41.3765888 ], [ 2.18024691, 41.37697881 ], [ 2.18087489, 41.3777588 ], [ 2.18109811, 41.37804253 ], [ 2.18230473, 41.37955174 ], [ 2.18250956, 41.37945955 ], [ 2.18261722, 41.37916794 ], [ 2.18277692, 41.37877337 ], [ 2.18317842, 41.37772963 ], [ 2.18325362, 41.37755001 ], [ 2.18241537, 41.37649275 ], [ 2.18150562, 41.37535472 ], [ 2.18158771, 41.3750872 ], [ 2.18165331, 41.37488804 ], [ 2.18256923, 41.37447106 ], [ 2.18292354, 41.37431454 ], [ 2.18305748, 41.37433892 ], [ 2.18318958, 41.37449948 ], [ 2.18361338, 41.37504012 ], [ 2.18429502, 41.37589304 ], [ 2.18487414, 41.3766306 ], [ 2.18496607, 41.37674067 ], [ 2.18499293, 41.3767466 ], [ 2.1848716, 41.37705076 ], [ 2.18473176, 41.37741747 ], [ 2.18451078, 41.37797328 ], [ 2.18417013, 41.37886506 ], [ 2.18374854, 41.37995361 ], [ 2.18364889, 41.3801985 ], [ 2.18355048, 41.38045357 ], [ 2.18465709, 41.38070524 ], [ 2.18467094, 41.38070367 ], [ 2.18591701, 41.38010998 ], [ 2.18604673, 41.37978759 ], [ 2.18594502, 41.37976443 ], [ 2.18602911, 41.37955464 ], [ 2.18644607, 41.37964929 ], [ 2.18726355, 41.37759866 ], [ 2.18643648, 41.37741082 ], [ 2.18644207, 41.37733509 ], [ 2.18719738, 41.37722675 ], [ 2.18694168, 41.37622722 ], [ 2.18694162, 41.37621527 ], [ 2.1868947, 41.37600965 ], [ 2.18660195, 41.37604995 ], [ 2.18683518, 41.37590701 ], [ 2.18684708, 41.37595759 ], [ 2.18688022, 41.37595316 ], [ 2.18683293, 41.37576868 ], [ 2.18685045, 41.37576566 ], [ 2.18683083, 41.37568785 ], [ 2.18683419, 41.37567551 ], [ 2.18692682, 41.37562478 ], [ 2.18636057, 41.37540974 ], [ 2.18598268, 41.37527065 ], [ 2.18567771, 41.37514466 ], [ 2.18539549, 41.37503472 ], [ 2.18537043, 41.37502264 ], [ 2.18533595, 41.37500038 ], [ 2.18530674, 41.37497552 ], [ 2.18472996, 41.37502834 ], [ 2.184721, 41.37497342 ], [ 2.18527072, 41.37492245 ], [ 2.18520785, 41.37453117 ], [ 2.184548, 41.37463797 ], [ 2.18453524, 41.37458401 ], [ 2.18519789, 41.37447551 ], [ 2.18513698, 41.37408283 ], [ 2.18449212, 41.37422201 ], [ 2.18446974, 41.37416841 ], [ 2.18512862, 41.37402688 ], [ 2.18506633, 41.37363768 ], [ 2.18447354, 41.37381434 ], [ 2.18444665, 41.37376313 ], [ 2.18505796, 41.37358096 ], [ 2.18500355, 41.37323251 ], [ 2.1849425, 41.37321291 ], [ 2.18442253, 41.37340981 ], [ 2.18439219, 41.37335929 ], [ 2.18498724, 41.37313483 ], [ 2.18492982, 41.37278923 ], [ 2.18487419, 41.37277279 ], [ 2.18430152, 41.37303348 ], [ 2.18426417, 41.37298693 ], [ 2.18492531, 41.37268361 ], [ 2.18493239, 41.37267392 ], [ 2.18490666, 41.37265801 ], [ 2.18424481, 41.37296473 ], [ 2.18423353, 41.3729509 ], [ 2.18489213, 41.37264569 ], [ 2.18498359, 41.37264144 ], [ 2.18499392, 41.37263782 ], [ 2.18553245, 41.37259106 ], [ 2.18556559, 41.37259297 ], [ 2.18559782, 41.37260373 ], [ 2.18562317, 41.37262219 ], [ 2.18563798, 41.37264459 ], [ 2.1859343, 41.37453188 ], [ 2.18666053, 41.37481516 ], [ 2.18748921, 41.37455699 ], [ 2.18723406, 41.37407708 ], [ 2.18721409, 41.37404429 ], [ 2.18720833, 41.37404638 ], [ 2.18711851, 41.3738741 ], [ 2.18680186, 41.37355998 ], [ 2.18683882, 41.37353884 ], [ 2.18684449, 41.37353977 ], [ 2.18709201, 41.37378774 ], [ 2.1868186, 41.37328728 ], [ 2.18712128, 41.37319379 ], [ 2.18754555, 41.37315627 ], [ 2.18740321, 41.37227834 ], [ 2.18650647, 41.37235703 ], [ 2.18592035, 41.37240478 ], [ 2.18579654, 41.37169253 ], [ 2.18580256, 41.37168702 ], [ 2.18616429, 41.37165398 ], [ 2.18615217, 41.37158813 ], [ 2.18579763, 41.37161873 ], [ 2.18579196, 41.37161685 ], [ 2.18576928, 41.37149444 ], [ 2.18577306, 41.37148504 ], [ 2.18580768, 41.37148208 ], [ 2.18576759, 41.37120903 ], [ 2.18651115, 41.37114766 ], [ 2.18651336, 41.37116299 ], [ 2.18721365, 41.37110265 ], [ 2.18714292, 41.37064371 ], [ 2.18657156, 41.3707062 ], [ 2.18535073, 41.37083367 ], [ 2.18497376, 41.3708695 ], [ 2.18478455, 41.37089341 ], [ 2.18470954, 41.37090022 ], [ 2.18469126, 41.37089919 ], [ 2.18466402, 41.37089257 ], [ 2.18464014, 41.37088013 ], [ 2.18462248, 41.37086353 ], [ 2.18461223, 41.37084521 ], [ 2.18456198, 41.37054443 ], [ 2.18456029, 41.37051737 ], [ 2.18456762, 41.37049086 ], [ 2.18457878, 41.37047554 ], [ 2.18459466, 41.37046216 ], [ 2.1846142, 41.37045189 ], [ 2.18463573, 41.37044539 ], [ 2.1849643, 41.37041603 ], [ 2.18495653, 41.37035855 ], [ 2.18494796, 41.37035899 ], [ 2.18470407, 41.36901413 ], [ 2.18462435, 41.36860547 ], [ 2.18463486, 41.36858043 ], [ 2.18464671, 41.36856544 ], [ 2.18466295, 41.36855232 ], [ 2.18468275, 41.36854192 ], [ 2.18470477, 41.36853493 ], [ 2.18519249, 41.36848161 ], [ 2.18514523, 41.36821845 ], [ 2.18516042, 41.36821666 ], [ 2.18514534, 41.36814395 ], [ 2.18514867, 41.36814365 ], [ 2.18514588, 41.36812643 ], [ 2.18515039, 41.36812601 ], [ 2.18514689, 41.36810434 ], [ 2.1852402, 41.36809577 ], [ 2.18524812, 41.36814476 ], [ 2.1856884, 41.36810105 ], [ 2.18567955, 41.36804374 ], [ 2.18581999, 41.36803142 ], [ 2.18582056, 41.36803503 ], [ 2.18586008, 41.36803157 ], [ 2.18585942, 41.36802728 ], [ 2.18587339, 41.36802606 ], [ 2.18587464, 41.36803413 ], [ 2.18595353, 41.36802722 ], [ 2.18599432, 41.36825718 ], [ 2.18597621, 41.36825901 ], [ 2.18597828, 41.36827065 ], [ 2.18597148, 41.36827133 ], [ 2.18597618, 41.36829783 ], [ 2.18598448, 41.36829699 ], [ 2.18598802, 41.36831695 ], [ 2.18595119, 41.36831712 ], [ 2.18594879, 41.36835398 ], [ 2.18593978, 41.36838603 ], [ 2.18591838, 41.36841068 ], [ 2.18586054, 41.36844785 ], [ 2.18596228, 41.36902713 ], [ 2.1861736, 41.37012564 ], [ 2.18720181, 41.37000691 ], [ 2.18688013, 41.36830086 ], [ 2.1869727, 41.36829096 ], [ 2.18686128, 41.3677964 ], [ 2.1866808, 41.36691233 ], [ 2.18625242, 41.36640889 ], [ 2.1860275, 41.36615071 ], [ 2.18576033, 41.36582446 ], [ 2.1854817, 41.36550167 ], [ 2.1854632, 41.36547548 ], [ 2.18536379, 41.36535845 ], [ 2.18513332, 41.36568718 ], [ 2.18508737, 41.36570351 ], [ 2.18497612, 41.36566966 ], [ 2.18493432, 41.36563098 ], [ 2.18493025, 41.36559317 ], [ 2.18493595, 41.36525628 ], [ 2.1851317, 41.36529612 ], [ 2.18531284, 41.36475085 ], [ 2.18536651, 41.36471918 ], [ 2.18543001, 41.36471463 ], [ 2.18555005, 41.36476047 ], [ 2.18560787, 41.36474947 ], [ 2.185973, 41.36422466 ], [ 2.18628144, 41.36410624 ], [ 2.18648207, 41.36403656 ], [ 2.18653477, 41.36403154 ], [ 2.18659598, 41.36403415 ], [ 2.18664856, 41.36404526 ], [ 2.18670309, 41.36406792 ], [ 2.18674339, 41.36409455 ], [ 2.18679443, 41.36414103 ], [ 2.18679252, 41.36416247 ], [ 2.18677799, 41.36417878 ], [ 2.18615485, 41.36440748 ], [ 2.18586403, 41.36482547 ], [ 2.18586241, 41.36485206 ], [ 2.18587075, 41.36488479 ], [ 2.18592044, 41.36493699 ], [ 2.18631429, 41.36520518 ], [ 2.18668978, 41.36550434 ], [ 2.18683961, 41.36567302 ], [ 2.18703623, 41.3659105 ], [ 2.18715674, 41.36610788 ], [ 2.18726463, 41.36625072 ], [ 2.18744366, 41.36668634 ], [ 2.1874599, 41.36675732 ], [ 2.1874755, 41.36675408 ], [ 2.18753103, 41.36676893 ], [ 2.18755818, 41.36678404 ], [ 2.18765551, 41.36689532 ], [ 2.1877753, 41.36708012 ], [ 2.18789577, 41.36723062 ], [ 2.18793443, 41.36725628 ], [ 2.18806029, 41.36722144 ], [ 2.18832623, 41.36710489 ], [ 2.18891646, 41.36686043 ], [ 2.18924531, 41.36674405 ], [ 2.18928331, 41.3667172 ], [ 2.1893012, 41.36669759 ], [ 2.18930184, 41.36663807 ], [ 2.18928246, 41.36658225 ], [ 2.18922751, 41.36652605 ], [ 2.18896642, 41.3661154 ], [ 2.18878744, 41.36586701 ], [ 2.18759245, 41.36401752 ], [ 2.18749997, 41.36383388 ], [ 2.18749997, 41.3637116 ], [ 2.18741435, 41.36357535 ], [ 2.18726259, 41.36342131 ], [ 2.18719173, 41.36344137 ], [ 2.18706441, 41.36343701 ], [ 2.18687221, 41.36340924 ], [ 2.18673378, 41.36336437 ], [ 2.18671209, 41.36333367 ], [ 2.18668882, 41.36328764 ], [ 2.18667984, 41.36321719 ], [ 2.18713297, 41.36312734 ], [ 2.18716275, 41.36307859 ], [ 2.18713355, 41.36296302 ], [ 2.18709466, 41.36285151 ], [ 2.18694802, 41.36243912 ], [ 2.18686713, 41.36222604 ], [ 2.18680458, 41.36204087 ], [ 2.18672303, 41.36186218 ], [ 2.18664665, 41.36162424 ], [ 2.18662598, 41.36162665 ], [ 2.18625879, 41.36066725 ], [ 2.1858694, 41.35967279 ], [ 2.18551154, 41.35871569 ], [ 2.18528075, 41.3581126 ], [ 2.18512222, 41.35814529 ], [ 2.18505682, 41.3579806 ], [ 2.18503677, 41.3579776 ], [ 2.18466155, 41.3580599 ], [ 2.18459876, 41.35790286 ], [ 2.1853606, 41.35773416 ], [ 2.18552556, 41.35814525 ], [ 2.18583616, 41.35895006 ], [ 2.18611189, 41.35969012 ], [ 2.18637136, 41.36034721 ], [ 2.18684875, 41.36158853 ], [ 2.18708733, 41.36153977 ], [ 2.18714526, 41.36170764 ], [ 2.18708539, 41.36171855 ], [ 2.18750538, 41.36279421 ], [ 2.18772936, 41.36308337 ], [ 2.18775912, 41.36347113 ], [ 2.18802566, 41.36378755 ], [ 2.1883962, 41.36445677 ], [ 2.18981218, 41.36664734 ], [ 2.19012772, 41.36704648 ], [ 2.19015879, 41.36712923 ], [ 2.19045324, 41.36763902 ], [ 2.19185715, 41.36981068 ], [ 2.19187741, 41.36985702 ], [ 2.19188001, 41.36989201 ], [ 2.19187577, 41.36990792 ], [ 2.19186534, 41.36992065 ], [ 2.19179377, 41.36998207 ], [ 2.19156986, 41.37003722 ], [ 2.19146138, 41.36997029 ], [ 2.19146034, 41.36992711 ], [ 2.1912521, 41.36960836 ], [ 2.19121829, 41.36954062 ], [ 2.19115262, 41.36943774 ], [ 2.19111197, 41.36939483 ], [ 2.19099488, 41.36937842 ], [ 2.19087091, 41.36939522 ], [ 2.19054545, 41.36947904 ], [ 2.19034749, 41.36951536 ], [ 2.19016189, 41.36964419 ], [ 2.18984614, 41.36992848 ], [ 2.18969177, 41.37015798 ], [ 2.18952842, 41.37049523 ], [ 2.18949139, 41.37068911 ], [ 2.18948216, 41.37109643 ], [ 2.18950974, 41.37156225 ], [ 2.18968589, 41.37241042 ], [ 2.19023679, 41.37386701 ], [ 2.19086275, 41.37519145 ], [ 2.19129796, 41.37583646 ], [ 2.19167872, 41.37623883 ], [ 2.19194998, 41.37645492 ], [ 2.19223128, 41.37663672 ], [ 2.19276908, 41.37684165 ], [ 2.19320663, 41.37691942 ], [ 2.19341389, 41.37690794 ], [ 2.19344239, 41.37691793 ], [ 2.19320114, 41.37707812 ], [ 2.19296559, 41.37741565 ], [ 2.19286848, 41.37763603 ], [ 2.19281844, 41.3779427 ], [ 2.19287154, 41.37840349 ], [ 2.19296816, 41.37873689 ], [ 2.19318351, 41.37919672 ], [ 2.19341749, 41.37958368 ], [ 2.1939473, 41.38021168 ], [ 2.19450476, 41.38070903 ], [ 2.19488997, 41.38093174 ], [ 2.19497899, 41.3809694 ], [ 2.19653124, 41.3804099 ], [ 2.19650754, 41.38036427 ], [ 2.19653887, 41.38030451 ], [ 2.19659424, 41.38027138 ], [ 2.19663551, 41.38025223 ], [ 2.19671666, 41.38023905 ], [ 2.19682468, 41.38025782 ], [ 2.19690747, 41.38028209 ], [ 2.19692768, 41.38029728 ], [ 2.19693197, 41.38030619 ], [ 2.19693431, 41.38034665 ], [ 2.19692061, 41.38040611 ], [ 2.19694151, 41.38045186 ], [ 2.19692662, 41.38050954 ], [ 2.19689612, 41.38054162 ], [ 2.19682584, 41.38057335 ], [ 2.19681772, 41.38057476 ], [ 2.19669727, 41.38055313 ], [ 2.19668021, 41.38054681 ], [ 2.19664815, 41.3805192 ], [ 2.19535187, 41.38098667 ], [ 2.19568051, 41.38152153 ], [ 2.1969607, 41.38106568 ], [ 2.19693892, 41.38101082 ], [ 2.19694707, 41.380987 ], [ 2.19702439, 41.38095491 ], [ 2.1971109, 41.38095662 ], [ 2.19716614, 41.38096474 ], [ 2.19725267, 41.38102495 ], [ 2.19727143, 41.38104188 ], [ 2.19730526, 41.38107793 ], [ 2.19731708, 41.38110859 ], [ 2.19731593, 41.38111649 ], [ 2.19726974, 41.38115756 ], [ 2.19723805, 41.38121472 ], [ 2.19721838, 41.38122927 ], [ 2.19719749, 41.38123475 ], [ 2.19712249, 41.38124075 ], [ 2.19698806, 41.38123285 ], [ 2.19697571, 41.38120967 ], [ 2.19546199, 41.38174423 ], [ 2.19546147, 41.38206959 ], [ 2.19556852, 41.38252142 ], [ 2.19580519, 41.3830187 ], [ 2.19593412, 41.38319419 ], [ 2.19630828, 41.38360383 ], [ 2.19655959, 41.38382548 ], [ 2.19700391, 41.38410403 ], [ 2.19722364, 41.38421324 ], [ 2.1978466, 41.38442684 ], [ 2.19819402, 41.38447986 ], [ 2.19820365, 41.3844487 ], [ 2.19821554, 41.38443087 ], [ 2.19822576, 41.3843974 ], [ 2.19824891, 41.38434498 ], [ 2.19826279, 41.38433718 ], [ 2.19827492, 41.38433912 ], [ 2.19828636, 41.38433284 ], [ 2.19831519, 41.38434102 ], [ 2.19832587, 41.38438397 ], [ 2.1983136, 41.38442216 ], [ 2.19831416, 41.38443753 ], [ 2.19830717, 41.38444957 ], [ 2.19829788, 41.38449453 ], [ 2.19828065, 41.38453504 ], [ 2.19827964, 41.38454698 ], [ 2.19827234, 41.38455445 ], [ 2.19827199, 41.38457059 ], [ 2.19825383, 41.38460857 ], [ 2.19825052, 41.38464544 ], [ 2.19825446, 41.38465571 ], [ 2.19824411, 41.38466766 ], [ 2.19824355, 41.38468248 ], [ 2.19822994, 41.38470306 ], [ 2.19823838, 41.38471166 ], [ 2.19826394, 41.38472206 ], [ 2.19830373, 41.38475933 ], [ 2.1983129, 41.38475996 ], [ 2.19832149, 41.38476665 ], [ 2.19834345, 41.38479376 ], [ 2.19840291, 41.38480829 ], [ 2.19842087, 41.38481599 ], [ 2.19853547, 41.38489896 ], [ 2.19854377, 41.38491108 ], [ 2.19855821, 41.38494965 ], [ 2.19859197, 41.38498963 ], [ 2.19860405, 41.38499733 ], [ 2.1986108, 41.38499907 ], [ 2.19904439, 41.38467517 ], [ 2.19903872, 41.38467066 ], [ 2.19908339, 41.38463772 ], [ 2.19928711, 41.38473176 ], [ 2.1994172, 41.38479895 ], [ 2.19953191, 41.38486417 ], [ 2.199655, 41.38494025 ], [ 2.19976062, 41.3850144 ], [ 2.19984193, 41.38507449 ], [ 2.1999861, 41.3851924 ], [ 2.19995022, 41.38523938 ], [ 2.19991327, 41.38521012 ], [ 2.19976221, 41.38532416 ], [ 2.19983665, 41.38538329 ], [ 2.19958842, 41.38570116 ], [ 2.19942213, 41.3855798 ], [ 2.19928791, 41.38567956 ], [ 2.19948901, 41.38583236 ], [ 2.19831328, 41.38671843 ], [ 2.19843024, 41.3868085 ], [ 2.19831247, 41.38689523 ], [ 2.20022073, 41.38833241 ], [ 2.20034136, 41.38824368 ], [ 2.20045748, 41.38833287 ], [ 2.20196351, 41.38719758 ], [ 2.20019655, 41.38586811 ], [ 2.20083575, 41.38538524 ], [ 2.20112488, 41.38559956 ], [ 2.20098538, 41.38570437 ], [ 2.20103635, 41.38574202 ], [ 2.20117415, 41.38563873 ], [ 2.2014092, 41.38581526 ], [ 2.20120383, 41.3859726 ], [ 2.20209701, 41.3866442 ], [ 2.20214757, 41.38660565 ], [ 2.20218758, 41.38663601 ], [ 2.20213808, 41.38667417 ], [ 2.20239724, 41.38687141 ], [ 2.20260336, 41.38671546 ], [ 2.20251519, 41.38664823 ], [ 2.20253365, 41.38663432 ], [ 2.20262237, 41.38670108 ], [ 2.20274527, 41.38660809 ], [ 2.20264176, 41.38647124 ], [ 2.20255124, 41.38651286 ], [ 2.20251473, 41.38646458 ], [ 2.20260685, 41.38642507 ], [ 2.20246597, 41.38624678 ], [ 2.20233668, 41.38609023 ], [ 2.20220629, 41.38594175 ], [ 2.2019299, 41.38564252 ], [ 2.20179622, 41.38550643 ], [ 2.20165087, 41.38536229 ], [ 2.20127142, 41.38501393 ], [ 2.20100733, 41.38478767 ], [ 2.20074957, 41.38458152 ], [ 2.20050494, 41.38439701 ], [ 2.20038456, 41.38431467 ], [ 2.20016368, 41.38417853 ], [ 2.20003376, 41.38410584 ], [ 2.19989597, 41.38415144 ], [ 2.19947153, 41.3839528 ], [ 2.19942909, 41.38392236 ], [ 2.19939898, 41.38388583 ], [ 2.19937162, 41.38389216 ], [ 2.1992619, 41.38385641 ], [ 2.19910767, 41.3837903 ], [ 2.19898027, 41.38372127 ], [ 2.19886661, 41.38366901 ], [ 2.19885976, 41.38366104 ], [ 2.19885889, 41.38362635 ], [ 2.19887034, 41.38360735 ], [ 2.19900784, 41.38350311 ], [ 2.19919815, 41.38345136 ], [ 2.19940285, 41.38336267 ], [ 2.19955834, 41.38335246 ], [ 2.19977646, 41.38335247 ], [ 2.19984998, 41.3833793 ], [ 2.2000564, 41.38347129 ], [ 2.20011559, 41.38350729 ], [ 2.20023494, 41.38362052 ], [ 2.200322, 41.38366182 ], [ 2.2005438, 41.38373467 ], [ 2.20058825, 41.38383675 ], [ 2.20065551, 41.38384703 ], [ 2.20066944, 41.38385762 ], [ 2.20063356, 41.38390573 ], [ 2.20059415, 41.38397489 ], [ 2.20052865, 41.38398424 ], [ 2.20045393, 41.38396374 ], [ 2.20036927, 41.3839244 ], [ 2.20033175, 41.38385665 ], [ 2.20025576, 41.38380596 ], [ 2.20014689, 41.38378732 ], [ 2.19986516, 41.38366149 ], [ 2.19977905, 41.38359906 ], [ 2.19971175, 41.38358013 ], [ 2.19965693, 41.38358724 ], [ 2.19960329, 41.38358419 ], [ 2.19957614, 41.38357592 ], [ 2.19953038, 41.38357658 ], [ 2.1995016, 41.3835906 ], [ 2.19951638, 41.38362157 ], [ 2.19951394, 41.38363056 ], [ 2.199504, 41.38364335 ], [ 2.1995102, 41.38365485 ], [ 2.19956762, 41.38364067 ], [ 2.19961404, 41.38363766 ], [ 2.19967523, 41.38364455 ], [ 2.19973, 41.38366255 ], [ 2.20014552, 41.38386971 ], [ 2.20028628, 41.38394847 ], [ 2.20051159, 41.38408355 ], [ 2.20073275, 41.38423174 ], [ 2.20085503, 41.38432215 ], [ 2.20107455, 41.38449253 ], [ 2.2012926, 41.3846686 ], [ 2.20145739, 41.38480767 ], [ 2.20165813, 41.38498411 ], [ 2.20196823, 41.38527541 ], [ 2.20213871, 41.38544571 ], [ 2.20231538, 41.38563232 ], [ 2.20273184, 41.38610951 ], [ 2.20278387, 41.3861733 ], [ 2.20290543, 41.38633002 ], [ 2.20314261, 41.38665198 ], [ 2.20329953, 41.38688016 ], [ 2.20343859, 41.3870972 ], [ 2.20362066, 41.38741658 ], [ 2.20305455, 41.38783979 ], [ 2.20325083, 41.38792428 ], [ 2.20325988, 41.38793059 ], [ 2.203271, 41.3879429 ], [ 2.20327476, 41.38796459 ], [ 2.20342667, 41.38809962 ], [ 2.20342298, 41.38813538 ], [ 2.20338988, 41.38815908 ], [ 2.20334749, 41.38815886 ], [ 2.20331638, 41.38813335 ], [ 2.20331447, 41.38809719 ], [ 2.20322393, 41.38805208 ], [ 2.20313397, 41.38797507 ], [ 2.20303067, 41.38791956 ], [ 2.20300513, 41.38787676 ], [ 2.20299104, 41.38788727 ], [ 2.20291704, 41.38783048 ], [ 2.20294614, 41.38780995 ], [ 2.20283308, 41.38765362 ], [ 2.20277819, 41.38769557 ], [ 2.20276963, 41.38768948 ], [ 2.20149176, 41.38865399 ], [ 2.20151877, 41.38875844 ], [ 2.20156074, 41.38883454 ], [ 2.20166577, 41.38916575 ], [ 2.20184654, 41.38951874 ], [ 2.20207489, 41.3897954 ], [ 2.20256054, 41.39021507 ], [ 2.20299596, 41.39049783 ], [ 2.20354565, 41.39078422 ], [ 2.20389095, 41.39091594 ], [ 2.20442077, 41.39108064 ], [ 2.20474685, 41.39111147 ], [ 2.20484972, 41.39103547 ], [ 2.20491904, 41.39097848 ], [ 2.2049351, 41.39097207 ], [ 2.2049652, 41.39096628 ], [ 2.2049897, 41.39097033 ], [ 2.20499284, 41.39097753 ], [ 2.20575919, 41.39039198 ], [ 2.20589054, 41.3904911 ], [ 2.20537026, 41.39088509 ], [ 2.20537769, 41.3908932 ], [ 2.2053786, 41.39089929 ], [ 2.20537874, 41.390909 ], [ 2.20537334, 41.39091861 ], [ 2.20534419, 41.39093538 ], [ 2.20523915, 41.39102023 ], [ 2.20515899, 41.39109387 ], [ 2.205122, 41.39112246 ], [ 2.20496174, 41.39123765 ], [ 2.20481533, 41.39134973 ], [ 2.20478724, 41.39136529 ], [ 2.20469179, 41.39139886 ], [ 2.20456739, 41.39149306 ], [ 2.20482252, 41.39168338 ], [ 2.20485299, 41.39166018 ], [ 2.20490197, 41.39160165 ], [ 2.20499269, 41.3915241 ], [ 2.20515347, 41.39139638 ], [ 2.2051843, 41.39136494 ], [ 2.2052254, 41.39134132 ], [ 2.20524571, 41.39131659 ], [ 2.20550951, 41.39110872 ], [ 2.20554008, 41.39108771 ], [ 2.20555837, 41.39107973 ], [ 2.20559392, 41.39107709 ], [ 2.20561266, 41.39108178 ], [ 2.20614205, 41.39067871 ], [ 2.20627097, 41.3907748 ], [ 2.20572923, 41.39118484 ], [ 2.20575193, 41.39118456 ], [ 2.20575826, 41.39121422 ], [ 2.20574841, 41.39123402 ], [ 2.20572117, 41.39125211 ], [ 2.20566038, 41.39130329 ], [ 2.20562541, 41.39132044 ], [ 2.205563, 41.39137299 ], [ 2.20553324, 41.39140265 ], [ 2.20547482, 41.39144384 ], [ 2.20550985, 41.39154814 ], [ 2.20567615, 41.3918233 ], [ 2.20636427, 41.39280058 ], [ 2.20703001, 41.39361824 ], [ 2.20763119, 41.39427198 ], [ 2.20820257, 41.39479493 ], [ 2.20854016, 41.39503997 ], [ 2.20890362, 41.39524712 ], [ 2.20943469, 41.39547549 ], [ 2.21006508, 41.39564578 ], [ 2.21041287, 41.39538 ], [ 2.21053455, 41.39529767 ], [ 2.2105613, 41.39526982 ], [ 2.21058533, 41.39525183 ], [ 2.21069546, 41.39517638 ], [ 2.21074611, 41.39514539 ], [ 2.21076065, 41.39514021 ], [ 2.21077046, 41.39514181 ], [ 2.21077838, 41.39515447 ], [ 2.21131765, 41.39474173 ], [ 2.21144832, 41.39483858 ], [ 2.21091157, 41.39524528 ], [ 2.21112725, 41.39540719 ], [ 2.21125247, 41.39531098 ], [ 2.21130915, 41.39535298 ], [ 2.21171787, 41.39503823 ], [ 2.21184877, 41.39513421 ], [ 2.2113181, 41.39554057 ], [ 2.21132801, 41.395553 ], [ 2.21132479, 41.39556457 ], [ 2.21125736, 41.39561326 ], [ 2.2111851, 41.39567917 ], [ 2.21103308, 41.39580245 ], [ 2.21082209, 41.39595479 ], [ 2.2107353, 41.39602698 ], [ 2.21111235, 41.39677669 ], [ 2.21153765, 41.39730876 ], [ 2.21156019, 41.39736381 ], [ 2.21164106, 41.39746732 ], [ 2.21201105, 41.39781976 ], [ 2.21211856, 41.39795403 ], [ 2.21280184, 41.39858304 ], [ 2.21323267, 41.3988984 ], [ 2.21363564, 41.3991386 ], [ 2.21407075, 41.39929082 ], [ 2.21439889, 41.39935213 ], [ 2.2144441, 41.39932511 ], [ 2.21446302, 41.39931949 ], [ 2.21447956, 41.39931051 ], [ 2.21451898, 41.39927626 ], [ 2.21458227, 41.39921299 ], [ 2.21459751, 41.39920694 ], [ 2.21466359, 41.39915849 ], [ 2.21478033, 41.39908524 ], [ 2.21480036, 41.39906784 ], [ 2.2148385, 41.39902495 ], [ 2.21494575, 41.39895658 ], [ 2.21496454, 41.39895805 ], [ 2.21499575, 41.39894387 ], [ 2.21499232, 41.39892682 ], [ 2.21501972, 41.39885303 ], [ 2.21503188, 41.3988447 ], [ 2.21507409, 41.39882791 ], [ 2.21509666, 41.39880469 ], [ 2.21512345, 41.39878656 ], [ 2.21513578, 41.39875971 ], [ 2.21514992, 41.39874387 ], [ 2.21516343, 41.39873553 ], [ 2.21519397, 41.39872753 ], [ 2.21520369, 41.39871221 ], [ 2.21521469, 41.39870798 ], [ 2.21523718, 41.39871327 ], [ 2.21526493, 41.39870187 ], [ 2.2152957, 41.39868422 ], [ 2.21533814, 41.39865185 ], [ 2.21539006, 41.3986338 ], [ 2.21541899, 41.39862008 ], [ 2.21548052, 41.39858217 ], [ 2.21553044, 41.39857311 ], [ 2.21555174, 41.39857612 ], [ 2.21557227, 41.39858481 ], [ 2.21558776, 41.39859528 ], [ 2.21559868, 41.39860844 ], [ 2.21559844, 41.39862215 ], [ 2.2155798, 41.39865019 ], [ 2.21551834, 41.39869377 ], [ 2.21541885, 41.39875752 ], [ 2.21540645, 41.39877294 ], [ 2.21538728, 41.39880781 ], [ 2.21534476, 41.39884061 ], [ 2.21533704, 41.39885636 ], [ 2.21536738, 41.39888535 ], [ 2.21542127, 41.39892481 ], [ 2.21545992, 41.39891408 ], [ 2.2154889, 41.39890185 ], [ 2.21553309, 41.39886774 ], [ 2.21556564, 41.39884716 ], [ 2.21562051, 41.39882051 ], [ 2.21565234, 41.39879992 ], [ 2.21567343, 41.39879664 ], [ 2.21570186, 41.39880989 ], [ 2.21571335, 41.39881997 ], [ 2.21571971, 41.39883749 ], [ 2.21571497, 41.3988743 ], [ 2.21570051, 41.3989123 ], [ 2.21566113, 41.39895455 ], [ 2.21563935, 41.39898439 ], [ 2.21559669, 41.39902085 ], [ 2.21556173, 41.39904322 ], [ 2.21552197, 41.39905628 ], [ 2.21546461, 41.3990812 ], [ 2.2153997, 41.3991167 ], [ 2.21533026, 41.39916126 ], [ 2.21528397, 41.39922094 ], [ 2.21523681, 41.3992525 ], [ 2.21516274, 41.39928479 ], [ 2.21514562, 41.39929521 ], [ 2.21510538, 41.3993288 ], [ 2.21508203, 41.39936044 ], [ 2.21505284, 41.39938051 ], [ 2.21503235, 41.39940352 ], [ 2.21501669, 41.39941269 ], [ 2.21499754, 41.39943318 ], [ 2.21494671, 41.39946166 ], [ 2.21491934, 41.39948958 ], [ 2.2148977, 41.39949898 ], [ 2.21488082, 41.39950922 ], [ 2.21486871, 41.39952202 ], [ 2.21484428, 41.39953383 ], [ 2.21476203, 41.39959921 ], [ 2.21472877, 41.39963861 ], [ 2.2146423, 41.39968568 ], [ 2.21462509, 41.39971213 ], [ 2.21461443, 41.39972258 ], [ 2.21456196, 41.39974397 ], [ 2.21492134, 41.40047558 ], [ 2.215295, 41.40104937 ], [ 2.21571274, 41.40155307 ], [ 2.21614789, 41.40195051 ], [ 2.21661408, 41.40228006 ], [ 2.21717026, 41.40254243 ], [ 2.21734078, 41.40259282 ], [ 2.21745061, 41.40251569 ], [ 2.21748008, 41.40250247 ], [ 2.21748297, 41.40249087 ], [ 2.21749669, 41.40248348 ], [ 2.21750639, 41.40248328 ], [ 2.21764199, 41.4023889 ], [ 2.21765872, 41.40238037 ], [ 2.21766732, 41.40237115 ], [ 2.2176827, 41.40236576 ], [ 2.21771217, 41.40234227 ], [ 2.21781127, 41.40227863 ], [ 2.21782148, 41.40227519 ], [ 2.21782503, 41.40226891 ], [ 2.21784087, 41.40226451 ], [ 2.2178618, 41.40224556 ], [ 2.21787526, 41.40224024 ], [ 2.21787833, 41.40223378 ], [ 2.21796975, 41.40217153 ], [ 2.2180195, 41.4021434 ], [ 2.218057, 41.4021287 ], [ 2.21812479, 41.40207269 ], [ 2.21816526, 41.40205963 ], [ 2.21821441, 41.4020315 ], [ 2.21822322, 41.40202472 ], [ 2.21823312, 41.4020074 ], [ 2.21823566, 41.40199499 ], [ 2.21824435, 41.40198856 ], [ 2.2182578, 41.40198433 ], [ 2.21827311, 41.40196452 ], [ 2.21827985, 41.4019616 ], [ 2.21830408, 41.40193591 ], [ 2.21831904, 41.40192565 ], [ 2.21834185, 41.40191842 ], [ 2.21835754, 41.40190727 ], [ 2.21841703, 41.40183453 ], [ 2.21843248, 41.40182338 ], [ 2.2184503, 41.4018235 ], [ 2.2184751, 41.40180106 ], [ 2.21848528, 41.40179942 ], [ 2.21849266, 41.40180262 ], [ 2.21849846, 41.40179807 ], [ 2.21850584, 41.40177154 ], [ 2.21852118, 41.4017585 ], [ 2.21855715, 41.40174217 ], [ 2.21856405, 41.40173528 ], [ 2.21859162, 41.40173087 ], [ 2.21860342, 41.40172429 ], [ 2.21862316, 41.40168452 ], [ 2.21865438, 41.40165518 ], [ 2.21867429, 41.40163082 ], [ 2.21877789, 41.40154064 ], [ 2.2187905, 41.40153649 ], [ 2.21880556, 41.40153821 ], [ 2.21882347, 41.40155094 ], [ 2.2188315, 41.40154992 ], [ 2.21885129, 41.40153546 ], [ 2.21888428, 41.4015274 ], [ 2.21889189, 41.40152168 ], [ 2.21890979, 41.40151568 ], [ 2.21893956, 41.40150715 ], [ 2.21894324, 41.40150906 ], [ 2.21894712, 41.40151449 ], [ 2.21894369, 41.40152186 ], [ 2.21892639, 41.40153804 ], [ 2.2187961, 41.40163831 ], [ 2.21866194, 41.40176261 ], [ 2.21849848, 41.40189634 ], [ 2.21841151, 41.40197564 ], [ 2.21838236, 41.40201274 ], [ 2.21836739, 41.40201345 ], [ 2.21836088, 41.40202826 ], [ 2.21834274, 41.40204381 ], [ 2.21832406, 41.40207521 ], [ 2.21832647, 41.40208424 ], [ 2.21835094, 41.40208846 ], [ 2.21834787, 41.40209528 ], [ 2.21831886, 41.40209986 ], [ 2.2183084, 41.40212447 ], [ 2.2182555, 41.40216662 ], [ 2.2182336, 41.4021771 ], [ 2.2182164, 41.40219446 ], [ 2.21819166, 41.40221222 ], [ 2.21817252, 41.40222218 ], [ 2.21810301, 41.40227269 ], [ 2.2180746, 41.40228754 ], [ 2.21804034, 41.40231144 ], [ 2.21794478, 41.40238844 ], [ 2.21788264, 41.40243269 ], [ 2.21784588, 41.40245541 ], [ 2.21781618, 41.402468 ], [ 2.21771766, 41.40252309 ], [ 2.21770617, 41.40252355 ], [ 2.21769792, 41.40253313 ], [ 2.21769547, 41.40254807 ], [ 2.2176843, 41.40256186 ], [ 2.21760878, 41.40259387 ], [ 2.21758986, 41.40260554 ], [ 2.21758125, 41.40261485 ], [ 2.21756973, 41.40261828 ], [ 2.2175594, 41.40264172 ], [ 2.21752433, 41.40267301 ], [ 2.21747518, 41.40270096 ], [ 2.21745429, 41.40271757 ], [ 2.21740036, 41.40274522 ], [ 2.21737287, 41.40277322 ], [ 2.21734786, 41.40279314 ], [ 2.2173078, 41.40281178 ], [ 2.21729104, 41.40282293 ], [ 2.21726017, 41.4028528 ], [ 2.21724298, 41.4028598 ], [ 2.21716052, 41.40291196 ], [ 2.21715388, 41.4029244 ], [ 2.2171512, 41.40293979 ], [ 2.21756488, 41.40352924 ], [ 2.21800065, 41.40399571 ], [ 2.21849395, 41.40438266 ], [ 2.21887029, 41.40460328 ], [ 2.21921613, 41.40478034 ], [ 2.21986955, 41.40501789 ], [ 2.21999739, 41.40504876 ], [ 2.22019291, 41.4051399 ], [ 2.22030728, 41.40515302 ], [ 2.22182367, 41.40401654 ], [ 2.22215303, 41.40387622 ], [ 2.22196002, 41.40359774 ], [ 2.2219503, 41.40354741 ], [ 2.22200089, 41.40349491 ], [ 2.22202384, 41.40348952 ], [ 2.22203594, 41.40349083 ], [ 2.22215195, 41.40352468 ], [ 2.22222057, 41.40356602 ], [ 2.22246203, 41.40380496 ], [ 2.22261841, 41.40404361 ], [ 2.22293464, 41.40462589 ], [ 2.22304782, 41.40476969 ], [ 2.22312615, 41.40487961 ], [ 2.22328191, 41.40501071 ], [ 2.22333725, 41.40507289 ], [ 2.2233847, 41.40514574 ], [ 2.22340072, 41.40521703 ], [ 2.22338713, 41.4052872 ], [ 2.22337916, 41.4052975 ], [ 2.22335525, 41.40530875 ], [ 2.22326284, 41.40529213 ], [ 2.22324199, 41.40528518 ], [ 2.22320391, 41.40524561 ], [ 2.22286146, 41.40497997 ], [ 2.22276571, 41.40484012 ], [ 2.22257193, 41.40453193 ], [ 2.22237216, 41.40419806 ], [ 2.22230545, 41.40413702 ], [ 2.22224324, 41.40408931 ], [ 2.22217462, 41.40407759 ], [ 2.22213272, 41.40408181 ], [ 2.22206666, 41.40410613 ], [ 2.22197575, 41.40415104 ], [ 2.22190002, 41.40422306 ], [ 2.22172031, 41.40436042 ], [ 2.221688, 41.40440667 ], [ 2.22170652, 41.40444109 ], [ 2.22171328, 41.40446688 ], [ 2.22174551, 41.4044847 ], [ 2.22152458, 41.40469913 ], [ 2.22145522, 41.40465862 ], [ 2.22097145, 41.40514024 ], [ 2.22134924, 41.40541777 ], [ 2.22137346, 41.40539959 ], [ 2.22144013, 41.40545106 ], [ 2.22142779, 41.40546063 ], [ 2.22152095, 41.40553361 ], [ 2.22181741, 41.40531534 ], [ 2.22180942, 41.40529624 ], [ 2.22182255, 41.40526275 ], [ 2.2217767, 41.40522074 ], [ 2.22176118, 41.40520029 ], [ 2.22175078, 41.40516667 ], [ 2.22175071, 41.40514803 ], [ 2.22176589, 41.40511235 ], [ 2.22178582, 41.40509351 ], [ 2.22180258, 41.40508344 ], [ 2.22184662, 41.40506664 ], [ 2.22188648, 41.40506328 ], [ 2.22192331, 41.40507525 ], [ 2.22208487, 41.40518734 ], [ 2.22226915, 41.40534308 ], [ 2.2223159, 41.40532407 ], [ 2.22240258, 41.40531067 ], [ 2.22242195, 41.40531014 ], [ 2.22244809, 41.40533695 ], [ 2.2224937, 41.40535106 ], [ 2.22256595, 41.40536304 ], [ 2.22268002, 41.40539344 ], [ 2.22278644, 41.4055391 ], [ 2.2228641, 41.40563774 ], [ 2.2229075, 41.40574187 ], [ 2.22307573, 41.40583696 ], [ 2.2231711, 41.40600915 ], [ 2.22343333, 41.40617938 ], [ 2.22354923, 41.40617051 ], [ 2.22365163, 41.4061857 ], [ 2.22376122, 41.40624593 ], [ 2.22384049, 41.40623648 ], [ 2.22385777, 41.40623977 ], [ 2.22386454, 41.40624627 ], [ 2.22389477, 41.40630418 ], [ 2.22393532, 41.40632027 ], [ 2.22406327, 41.40623853 ], [ 2.22420358, 41.40618123 ], [ 2.22432768, 41.40616696 ], [ 2.22444027, 41.40619721 ], [ 2.22449044, 41.40622969 ], [ 2.22452672, 41.4062622 ], [ 2.2245462, 41.40628538 ], [ 2.22464444, 41.40640709 ], [ 2.22468607, 41.40647021 ], [ 2.22478551, 41.40643162 ], [ 2.22491878, 41.40642691 ], [ 2.22496683, 41.40638111 ], [ 2.22505515, 41.40633641 ], [ 2.22511086, 41.40632007 ], [ 2.22513028, 41.4062735 ], [ 2.22524762, 41.40617588 ], [ 2.22541554, 41.40602093 ], [ 2.22550019, 41.4059553 ], [ 2.22564136, 41.40594129 ], [ 2.22571729, 41.40596718 ], [ 2.22574692, 41.40598542 ], [ 2.22578006, 41.40601904 ], [ 2.22579938, 41.40605334 ], [ 2.22580642, 41.40612332 ], [ 2.22579853, 41.40615192 ], [ 2.22575908, 41.40624913 ], [ 2.22569142, 41.40632906 ], [ 2.22563858, 41.40637216 ], [ 2.22539316, 41.40650516 ], [ 2.22535719, 41.40652386 ], [ 2.22528655, 41.40654305 ], [ 2.22477888, 41.40693705 ], [ 2.22502405, 41.40733552 ], [ 2.22547165, 41.40701638 ], [ 2.22543886, 41.40698936 ], [ 2.22542751, 41.4069616 ], [ 2.22547386, 41.40691653 ], [ 2.22559501, 41.40682429 ], [ 2.22565538, 41.40673337 ], [ 2.22584795, 41.40662554 ], [ 2.22588325, 41.40661087 ], [ 2.22595305, 41.40660868 ], [ 2.22605986, 41.40661123 ], [ 2.22609476, 41.40662198 ], [ 2.22612261, 41.40664976 ], [ 2.22619918, 41.40670617 ], [ 2.22620767, 41.40681827 ], [ 2.22616403, 41.40688805 ], [ 2.22610323, 41.40689869 ], [ 2.22606361, 41.40692737 ], [ 2.22603606, 41.40694106 ], [ 2.22606186, 41.40696742 ], [ 2.22610667, 41.40704821 ], [ 2.2261204, 41.40708299 ], [ 2.22615862, 41.40709467 ], [ 2.22616286, 41.40711114 ], [ 2.2261573, 41.40718872 ], [ 2.22616112, 41.40721287 ], [ 2.2261435, 41.40722288 ], [ 2.226066, 41.40717445 ], [ 2.22605309, 41.40718248 ], [ 2.22610973, 41.40725429 ], [ 2.22619728, 41.40731848 ], [ 2.22621964, 41.40735995 ], [ 2.22622814, 41.40735942 ], [ 2.22626829, 41.40733442 ], [ 2.22626621, 41.40731377 ], [ 2.22628152, 41.40727269 ], [ 2.22632103, 41.40722827 ], [ 2.22633757, 41.40722543 ], [ 2.22634786, 41.40721487 ], [ 2.22635066, 41.40720284 ], [ 2.22634127, 41.40717653 ], [ 2.22634449, 41.40716197 ], [ 2.22639203, 41.40711262 ], [ 2.2264186, 41.4070902 ], [ 2.22645883, 41.40708741 ], [ 2.22647529, 41.40709599 ], [ 2.22648723, 41.4071236 ], [ 2.22651133, 41.40713409 ], [ 2.22651867, 41.40714868 ], [ 2.22652121, 41.40716619 ], [ 2.2264937, 41.40718099 ], [ 2.2264845, 41.40719144 ], [ 2.22648535, 41.40720382 ], [ 2.22649363, 41.4072182 ], [ 2.22651733, 41.40723884 ], [ 2.22651165, 41.40726122 ], [ 2.22648513, 41.40728639 ], [ 2.2265036, 41.40733085 ], [ 2.22654068, 41.40746713 ], [ 2.22654045, 41.40751618 ], [ 2.22651871, 41.40764682 ], [ 2.2265105, 41.40765731 ], [ 2.22647844, 41.40765535 ], [ 2.22647363, 41.40766464 ], [ 2.22648711, 41.40769159 ], [ 2.22652132, 41.40771176 ], [ 2.22655898, 41.40775679 ], [ 2.22659886, 41.40776657 ], [ 2.2266186, 41.40777441 ], [ 2.22662607, 41.40778766 ], [ 2.22663333, 41.40782463 ], [ 2.22666609, 41.40786386 ], [ 2.22670019, 41.40787915 ], [ 2.22674104, 41.40787616 ], [ 2.22674563, 41.40784666 ], [ 2.22681116, 41.40769782 ], [ 2.22679176, 41.40767493 ], [ 2.22679005, 41.40766182 ], [ 2.22680656, 41.40762893 ], [ 2.226817, 41.40761571 ], [ 2.22686668, 41.40760129 ], [ 2.22690396, 41.40761228 ], [ 2.22692634, 41.40762769 ], [ 2.22694726, 41.40766864 ], [ 2.22694704, 41.40770351 ], [ 2.22699375, 41.40779594 ], [ 2.22701385, 41.40784555 ], [ 2.2270213, 41.40788901 ], [ 2.22701104, 41.40796393 ], [ 2.22700031, 41.40797764 ], [ 2.22696751, 41.40799799 ], [ 2.22695022, 41.40800199 ], [ 2.22693577, 41.40801093 ], [ 2.22692921, 41.40802852 ], [ 2.2269351, 41.40804336 ], [ 2.22693502, 41.40806025 ], [ 2.22690673, 41.40808114 ], [ 2.2269167, 41.40811438 ], [ 2.22700006, 41.40818769 ], [ 2.22701916, 41.40819506 ], [ 2.22704714, 41.40813421 ], [ 2.22705736, 41.40812395 ], [ 2.22716715, 41.40808251 ], [ 2.22718367, 41.40807906 ], [ 2.22726697, 41.40807432 ], [ 2.22735868, 41.40808012 ], [ 2.22742503, 41.40809377 ], [ 2.22745145, 41.4081202 ], [ 2.22748987, 41.40817304 ], [ 2.22754878, 41.40833227 ], [ 2.22763695, 41.40840765 ], [ 2.22770331, 41.40855502 ], [ 2.22774948, 41.40862912 ], [ 2.22780524, 41.4086892 ], [ 2.22784615, 41.40874662 ], [ 2.22787125, 41.40878912 ], [ 2.22790827, 41.40887224 ], [ 2.22800244, 41.40898665 ], [ 2.22801751, 41.40904303 ], [ 2.228045, 41.40922402 ], [ 2.2280275, 41.40931945 ], [ 2.22801253, 41.40937509 ], [ 2.22793918, 41.40954336 ], [ 2.22788593, 41.40961554 ], [ 2.22778598, 41.40962456 ], [ 2.22774806, 41.40962182 ], [ 2.22771183, 41.40961405 ], [ 2.22770253, 41.40960732 ], [ 2.22769256, 41.40958041 ], [ 2.22750335, 41.40940897 ], [ 2.22736919, 41.40898605 ], [ 2.22724377, 41.40894813 ], [ 2.22698012, 41.40841096 ], [ 2.22705257, 41.40827531 ], [ 2.22702339, 41.4082726 ], [ 2.22699932, 41.40828378 ], [ 2.22696816, 41.40826871 ], [ 2.22694028, 41.40826861 ], [ 2.22691801, 41.40825964 ], [ 2.22690804, 41.40826299 ], [ 2.22689094, 41.40825216 ], [ 2.22688291, 41.40820274 ], [ 2.22685511, 41.40818616 ], [ 2.22683874, 41.40815435 ], [ 2.22679968, 41.40810851 ], [ 2.22679822, 41.40809075 ], [ 2.22681914, 41.40806505 ], [ 2.22682468, 41.40805286 ], [ 2.22682052, 41.40803949 ], [ 2.22677583, 41.40802939 ], [ 2.22677094, 41.40802113 ], [ 2.22678105, 41.40798643 ], [ 2.22676892, 41.40798132 ], [ 2.22675832, 41.40798139 ], [ 2.22672082, 41.40795037 ], [ 2.22670558, 41.40794708 ], [ 2.22669291, 41.40794838 ], [ 2.22668087, 41.40794248 ], [ 2.22667179, 41.4079328 ], [ 2.22663238, 41.40791901 ], [ 2.22661529, 41.40790648 ], [ 2.22658893, 41.40789744 ], [ 2.22656809, 41.40788575 ], [ 2.22644075, 41.40776706 ], [ 2.2264473, 41.40772114 ], [ 2.2264329, 41.40770321 ], [ 2.22642818, 41.40768985 ], [ 2.22642175, 41.40764183 ], [ 2.22641238, 41.40762103 ], [ 2.22640206, 41.40760715 ], [ 2.2263881, 41.40760128 ], [ 2.2263728, 41.40756312 ], [ 2.22634137, 41.40754745 ], [ 2.22631515, 41.40750735 ], [ 2.22630484, 41.40749852 ], [ 2.22628881, 41.40749167 ], [ 2.22627239, 41.40747285 ], [ 2.22627511, 41.40742974 ], [ 2.22619385, 41.40742871 ], [ 2.22617253, 41.40740912 ], [ 2.22614306, 41.40739218 ], [ 2.22612452, 41.4074016 ], [ 2.22609656, 41.40738078 ], [ 2.2261063, 41.40736776 ], [ 2.22606273, 41.40735191 ], [ 2.22608743, 41.40731028 ], [ 2.22606849, 41.40728583 ], [ 2.22605532, 41.407288 ], [ 2.22604078, 41.40727087 ], [ 2.22605156, 41.40726274 ], [ 2.22600969, 41.4072262 ], [ 2.22597249, 41.40714604 ], [ 2.22589465, 41.40713866 ], [ 2.22589407, 41.40710696 ], [ 2.22583692, 41.40709618 ], [ 2.22583603, 41.40708779 ], [ 2.22581087, 41.40708604 ], [ 2.22578207, 41.40709851 ], [ 2.22576718, 41.4071 ], [ 2.22574566, 41.40709673 ], [ 2.22573113, 41.40710754 ], [ 2.22573411, 41.40712943 ], [ 2.22570813, 41.4071485 ], [ 2.22567453, 41.40714597 ], [ 2.22558818, 41.40721138 ], [ 2.22553657, 41.40724596 ], [ 2.22550241, 41.40727542 ], [ 2.22542656, 41.40731992 ], [ 2.2258285, 41.40794336 ], [ 2.22581388, 41.40777802 ], [ 2.22582679, 41.40776495 ], [ 2.22583754, 41.40776091 ], [ 2.22593013, 41.40774224 ], [ 2.22593826, 41.40774404 ], [ 2.22594753, 41.40774933 ], [ 2.22607909, 41.40788829 ], [ 2.2260826, 41.40790148 ], [ 2.22607665, 41.40790871 ], [ 2.22589716, 41.40804544 ], [ 2.22617598, 41.408476 ], [ 2.22618435, 41.4084754 ], [ 2.22622727, 41.40848761 ], [ 2.22625788, 41.40851344 ], [ 2.22626831, 41.40853797 ], [ 2.22624854, 41.40854274 ], [ 2.2262317, 41.40851784 ], [ 2.22617726, 41.40849981 ], [ 2.22613287, 41.40850586 ], [ 2.22611633, 41.40853698 ], [ 2.22615125, 41.40856183 ], [ 2.22621092, 41.408548 ], [ 2.22621884, 41.40856073 ], [ 2.22616338, 41.40858028 ], [ 2.22614403, 41.40857574 ], [ 2.2263569, 41.40890384 ], [ 2.22637805, 41.40890536 ], [ 2.22641106, 41.4086479 ], [ 2.22637454, 41.40866055 ], [ 2.22635471, 41.40865735 ], [ 2.226339, 41.40864575 ], [ 2.2262578, 41.4084665 ], [ 2.22625298, 41.40845371 ], [ 2.22625666, 41.40843785 ], [ 2.22627163, 41.4084266 ], [ 2.22635901, 41.40839508 ], [ 2.22637825, 41.40839496 ], [ 2.22638855, 41.40839773 ], [ 2.22640254, 41.40840885 ], [ 2.22653311, 41.40857716 ], [ 2.22653597, 41.40859029 ], [ 2.22652897, 41.408603 ], [ 2.2265097, 41.40861286 ], [ 2.22645046, 41.40863382 ], [ 2.22641735, 41.40889582 ], [ 2.22663783, 41.40923664 ], [ 2.22675525, 41.40931897 ], [ 2.22678164, 41.40934527 ], [ 2.22679231, 41.40936159 ], [ 2.22680786, 41.40939895 ], [ 2.22680862, 41.40943152 ], [ 2.22674689, 41.40965681 ], [ 2.22721348, 41.41037753 ], [ 2.22325069, 41.41198749 ], [ 2.22311356, 41.41205561 ], [ 2.2228803, 41.41216055 ], [ 2.22279455, 41.41231689 ], [ 2.22097558, 41.41307808 ], [ 2.22136827, 41.41351379 ], [ 2.22088428, 41.41377395 ], [ 2.22065018, 41.41394957 ], [ 2.22044277, 41.41416662 ], [ 2.21819362, 41.41729369 ], [ 2.21779199, 41.41698908 ], [ 2.21609319, 41.41826667 ], [ 2.21632111, 41.41843739 ], [ 2.2155521, 41.41901633 ], [ 2.21503575, 41.41941317 ], [ 2.21402113, 41.42017265 ], [ 2.21378685, 41.41999973 ], [ 2.21258947, 41.42089831 ], [ 2.21247723, 41.42081386 ], [ 2.21196617, 41.42119773 ], [ 2.21193727, 41.42117559 ], [ 2.2112789, 41.42167098 ], [ 2.21181507, 41.42207227 ], [ 2.21161011, 41.42222724 ], [ 2.21144614, 41.42237555 ], [ 2.21132257, 41.4225653 ], [ 2.21113051, 41.42321245 ], [ 2.21094944, 41.42346912 ], [ 2.21077217, 41.42363443 ], [ 2.21060395, 41.42375879 ], [ 2.21036812, 41.42389129 ], [ 2.21005149, 41.42403036 ], [ 2.20980149, 41.42417358 ], [ 2.20959916, 41.42434388 ], [ 2.20949468, 41.42447221 ], [ 2.20937174, 41.42472251 ], [ 2.20931478, 41.42498252 ], [ 2.20925729, 41.42518671 ], [ 2.20908724, 41.42534473 ], [ 2.2086585, 41.42502271 ], [ 2.20849116, 41.42514892 ], [ 2.20843469, 41.42517577 ], [ 2.20832127, 41.42512486 ], [ 2.20824012, 41.42509455 ], [ 2.2080995, 41.42505138 ], [ 2.20797627, 41.42502258 ], [ 2.20777148, 41.42498624 ], [ 2.20753963, 41.42500187 ], [ 2.20729875, 41.42518333 ], [ 2.20676602, 41.42542241 ], [ 2.20606707, 41.42561251 ], [ 2.20613972, 41.42580112 ], [ 2.20635305, 41.42604912 ], [ 2.20646312, 41.42640149 ], [ 2.20676111, 41.42675235 ], [ 2.20697602, 41.42664971 ], [ 2.20736412, 41.4271113 ], [ 2.20683846, 41.42736089 ], [ 2.20735191, 41.42797666 ], [ 2.20727853, 41.42801168 ], [ 2.20736114, 41.42810663 ], [ 2.20734342, 41.428115 ], [ 2.20732868, 41.42823783 ], [ 2.20728992, 41.42843592 ], [ 2.20727362, 41.42865469 ], [ 2.20727531, 41.42878742 ], [ 2.20713871, 41.42885401 ], [ 2.20732379, 41.42906816 ], [ 2.20724916, 41.4291047 ], [ 2.20701003, 41.42967933 ], [ 2.20692094, 41.42991292 ], [ 2.20700761, 41.43001374 ], [ 2.2065403, 41.4302424 ], [ 2.2067967, 41.43053706 ], [ 2.20672389, 41.43057295 ], [ 2.20667264, 41.430581 ], [ 2.20648307, 41.43108071 ], [ 2.20636613, 41.43153724 ], [ 2.20617121, 41.43227123 ], [ 2.20647077, 41.43264072 ], [ 2.20726239, 41.43289565 ], [ 2.20727737, 41.43288818 ], [ 2.20743176, 41.43294797 ], [ 2.20747853, 41.43295267 ], [ 2.2077196, 41.43303158 ], [ 2.20801685, 41.43311788 ], [ 2.2080414, 41.43313092 ], [ 2.20819309, 41.43314436 ], [ 2.20840706, 41.43317584 ], [ 2.20855232, 41.43316123 ], [ 2.20954545, 41.43323642 ], [ 2.20960487, 41.43325361 ], [ 2.20975292, 41.43327267 ], [ 2.20988695, 41.43328163 ], [ 2.20992632, 41.43329624 ], [ 2.21075919, 41.43343029 ], [ 2.21030464, 41.43424841 ], [ 2.21016651, 41.43451801 ], [ 2.20997999, 41.43491087 ], [ 2.20988758, 41.43511696 ], [ 2.20980488, 41.43531177 ], [ 2.20962705, 41.43575932 ], [ 2.20953782, 41.43600985 ], [ 2.20941085, 41.43638587 ], [ 2.20862539, 41.43919007 ], [ 2.20846829, 41.43977031 ], [ 2.20840099, 41.43999629 ], [ 2.20829041, 41.44033222 ], [ 2.20822556, 41.44051524 ], [ 2.20809385, 41.44085264 ], [ 2.20795156, 41.4411848 ], [ 2.20783027, 41.44144219 ], [ 2.20774957, 41.4416038 ], [ 2.20756765, 41.44195116 ], [ 2.20737239, 41.44228985 ], [ 2.20719406, 41.44257654 ], [ 2.20694337, 41.44296213 ], [ 2.20683459, 41.44311606 ], [ 2.20629803, 41.44380765 ], [ 2.20613301, 41.44400023 ], [ 2.20588132, 41.44428301 ], [ 2.20560553, 41.44457772 ], [ 2.20321077, 41.44710332 ], [ 2.20182969, 41.44850425 ], [ 2.20070148, 41.44962096 ], [ 2.19957297, 41.45072491 ], [ 2.19918132, 41.45106709 ], [ 2.19847648, 41.4516693 ], [ 2.19810607, 41.45198092 ], [ 2.19771264, 41.45227591 ], [ 2.19699349, 41.45278528 ], [ 2.19527745, 41.45398949 ], [ 2.1945062, 41.4545351 ], [ 2.19170558, 41.45655475 ], [ 2.19131132, 41.45685117 ], [ 2.1909557, 41.45713906 ], [ 2.19061661, 41.45743313 ], [ 2.18978662, 41.45821898 ], [ 2.18936539, 41.45863861 ], [ 2.18901447, 41.45903871 ], [ 2.18883473, 41.45926664 ], [ 2.18860898, 41.45958354 ], [ 2.18845954, 41.45981742 ], [ 2.1883285, 41.46004502 ], [ 2.18819881, 41.46029258 ], [ 2.18805611, 41.46059855 ], [ 2.18796137, 41.46083228 ], [ 2.18787317, 41.46107903 ], [ 2.18779787, 41.46130982 ], [ 2.18771697, 41.46161749 ], [ 2.18768122, 41.46180173 ], [ 2.18763995, 41.46213062 ], [ 2.18745366, 41.46379557 ], [ 2.18718162, 41.46628646 ], [ 2.1870605, 41.46771682 ] ] ], [ [ [ 2.17520934, 41.34983861 ], [ 2.1751859, 41.34984898 ], [ 2.17517388, 41.3498633 ], [ 2.17515808, 41.34989319 ], [ 2.17515767, 41.34990714 ], [ 2.17518958, 41.34996466 ], [ 2.17521071, 41.34997607 ], [ 2.17523691, 41.34998419 ], [ 2.17524281, 41.3499899 ], [ 2.17524226, 41.34999585 ], [ 2.17519251, 41.35001621 ], [ 2.17518447, 41.35002858 ], [ 2.17518407, 41.35004119 ], [ 2.17518618, 41.35005363 ], [ 2.17519356, 41.35006603 ], [ 2.17521882, 41.35008188 ], [ 2.17525154, 41.35009373 ], [ 2.17525527, 41.35011097 ], [ 2.1752449, 41.35012746 ], [ 2.1752188, 41.35014007 ], [ 2.17520005, 41.35015759 ], [ 2.17519308, 41.35018925 ], [ 2.17519397, 41.35023231 ], [ 2.17521141, 41.35026171 ], [ 2.17523189, 41.35027762 ], [ 2.17523123, 41.35029194 ], [ 2.17521391, 41.35030046 ], [ 2.1752132, 41.35030919 ], [ 2.17523743, 41.35035008 ], [ 2.1752593, 41.35043563 ], [ 2.17528111, 41.35054504 ], [ 2.17532212, 41.35062037 ], [ 2.17535696, 41.35065332 ], [ 2.17537348, 41.3506801 ], [ 2.17538206, 41.35072006 ], [ 2.17539486, 41.350757 ], [ 2.17539994, 41.35080955 ], [ 2.17541103, 41.35084007 ], [ 2.17542728, 41.35086928 ], [ 2.175474, 41.35092718 ], [ 2.17554037, 41.35099197 ], [ 2.17565652, 41.35109008 ], [ 2.17567073, 41.35110955 ], [ 2.17568458, 41.35112082 ], [ 2.17573523, 41.3511237 ], [ 2.1757488, 41.35112785 ], [ 2.17576053, 41.35113613 ], [ 2.17577296, 41.35115559 ], [ 2.17577063, 41.35116908 ], [ 2.17576179, 41.35117857 ], [ 2.17577067, 41.35119467 ], [ 2.17579437, 41.35121096 ], [ 2.17580367, 41.35123183 ], [ 2.1758745, 41.35128368 ], [ 2.17587838, 41.35129866 ], [ 2.17587746, 41.35131478 ], [ 2.17588643, 41.35134277 ], [ 2.17591546, 41.35137279 ], [ 2.17591688, 41.35141162 ], [ 2.17592529, 41.35143645 ], [ 2.17597258, 41.35153516 ], [ 2.17598281, 41.35154874 ], [ 2.17601175, 41.35155732 ], [ 2.1760301, 41.35157142 ], [ 2.17604268, 41.35158826 ], [ 2.17605444, 41.35163212 ], [ 2.17605836, 41.35167187 ], [ 2.17604843, 41.35169144 ], [ 2.17600088, 41.35175595 ], [ 2.17599402, 41.35178761 ], [ 2.17600167, 41.35180712 ], [ 2.1760199, 41.35182121 ], [ 2.17603197, 41.35184049 ], [ 2.17603638, 41.35186043 ], [ 2.17603596, 41.35194122 ], [ 2.17605175, 41.3519689 ], [ 2.1760542, 41.35198297 ], [ 2.17604624, 41.35200768 ], [ 2.17603787, 41.35201744 ], [ 2.17602413, 41.35202626 ], [ 2.1760182, 41.35204144 ], [ 2.1760186, 41.35205675 ], [ 2.17602844, 41.35209177 ], [ 2.17604162, 41.35211799 ], [ 2.17604227, 41.35218033 ], [ 2.17604802, 41.3522073 ], [ 2.17607412, 41.35227072 ], [ 2.17609291, 41.35230652 ], [ 2.1761452, 41.35237851 ], [ 2.17622919, 41.35247729 ], [ 2.17631798, 41.35256503 ], [ 2.17636891, 41.35259305 ], [ 2.17638997, 41.35261022 ], [ 2.17642025, 41.35264548 ], [ 2.17642888, 41.35266257 ], [ 2.1764383, 41.35271154 ], [ 2.17645963, 41.35275547 ], [ 2.17652459, 41.3528461 ], [ 2.17654576, 41.35288292 ], [ 2.17659685, 41.35294607 ], [ 2.17660854, 41.35296669 ], [ 2.17661802, 41.3530589 ], [ 2.1766302, 41.35307908 ], [ 2.1766521, 41.35309608 ], [ 2.17668073, 41.3531106 ], [ 2.17669659, 41.35312315 ], [ 2.17670836, 41.35313791 ], [ 2.17671624, 41.35316688 ], [ 2.17671788, 41.35320743 ], [ 2.17674057, 41.35327542 ], [ 2.17675277, 41.35329442 ], [ 2.17683956, 41.35338863 ], [ 2.17690453, 41.35348881 ], [ 2.17692869, 41.35353537 ], [ 2.17701288, 41.35366532 ], [ 2.17713637, 41.35382708 ], [ 2.17718027, 41.35389108 ], [ 2.17721576, 41.35393052 ], [ 2.17723726, 41.35396976 ], [ 2.177258, 41.35403143 ], [ 2.17727132, 41.35405576 ], [ 2.17735314, 41.35415597 ], [ 2.1774043, 41.35425136 ], [ 2.17747301, 41.35433923 ], [ 2.17748349, 41.35436101 ], [ 2.17750849, 41.35445487 ], [ 2.17751708, 41.35447564 ], [ 2.17755131, 41.35453849 ], [ 2.17759352, 41.35463328 ], [ 2.17763462, 41.35471113 ], [ 2.17773862, 41.35484447 ], [ 2.17782154, 41.35499026 ], [ 2.17786999, 41.35509185 ], [ 2.17793459, 41.35515519 ], [ 2.17800307, 41.35523224 ], [ 2.17801502, 41.35526169 ], [ 2.17801428, 41.3552824 ], [ 2.17800039, 41.35530338 ], [ 2.1779975, 41.35531417 ], [ 2.1780018, 41.35532429 ], [ 2.1780496, 41.35534409 ], [ 2.17806353, 41.35535824 ], [ 2.17811158, 41.35542551 ], [ 2.17816179, 41.35551117 ], [ 2.17818448, 41.3555415 ], [ 2.17825133, 41.35559702 ], [ 2.17828752, 41.35563745 ], [ 2.17831361, 41.35568249 ], [ 2.17837785, 41.35577411 ], [ 2.17839315, 41.35581232 ], [ 2.17840093, 41.35585903 ], [ 2.17841054, 41.35588405 ], [ 2.17844744, 41.35595413 ], [ 2.17854213, 41.35608604 ], [ 2.17856445, 41.35610773 ], [ 2.17862976, 41.35615278 ], [ 2.17864437, 41.35616991 ], [ 2.17872719, 41.35630472 ], [ 2.17876607, 41.35638831 ], [ 2.17883296, 41.35644022 ], [ 2.17884106, 41.35645244 ], [ 2.17883799, 41.35652538 ], [ 2.17884465, 41.35653813 ], [ 2.17887093, 41.35655867 ], [ 2.17891841, 41.35658576 ], [ 2.17893128, 41.3565982 ], [ 2.17895024, 41.35663031 ], [ 2.17896817, 41.35668755 ], [ 2.17898492, 41.35672496 ], [ 2.17901084, 41.35676459 ], [ 2.17904993, 41.35681252 ], [ 2.17912487, 41.35693718 ], [ 2.17921652, 41.35704611 ], [ 2.17933679, 41.35722675 ], [ 2.1793542, 41.35725868 ], [ 2.17939137, 41.35735469 ], [ 2.17940507, 41.35737731 ], [ 2.17944465, 41.35740542 ], [ 2.1794864, 41.35745049 ], [ 2.17949996, 41.35748427 ], [ 2.17950749, 41.35756071 ], [ 2.17951574, 41.35757077 ], [ 2.1795605, 41.35759541 ], [ 2.17957676, 41.35761399 ], [ 2.17959581, 41.35768709 ], [ 2.17964486, 41.35775094 ], [ 2.17967526, 41.35781511 ], [ 2.179705, 41.35785541 ], [ 2.17973955, 41.35792177 ], [ 2.17975671, 41.35794558 ], [ 2.17983038, 41.3580287 ], [ 2.17988468, 41.35806485 ], [ 2.17992177, 41.35811015 ], [ 2.17993028, 41.35812751 ], [ 2.17993503, 41.35814961 ], [ 2.1799383, 41.35821269 ], [ 2.17994233, 41.35823424 ], [ 2.17995163, 41.35825512 ], [ 2.17996446, 41.35827133 ], [ 2.18001345, 41.35831131 ], [ 2.18002807, 41.35832763 ], [ 2.18003645, 41.3583458 ], [ 2.18003825, 41.35839328 ], [ 2.18004343, 41.3584089 ], [ 2.18009172, 41.35846716 ], [ 2.18012525, 41.35850109 ], [ 2.18013851, 41.35852055 ], [ 2.18016894, 41.35861039 ], [ 2.18019484, 41.35865237 ], [ 2.1802288, 41.35868981 ], [ 2.18024642, 41.35870561 ], [ 2.18028152, 41.35872838 ], [ 2.18030772, 41.35875568 ], [ 2.1803315, 41.35880377 ], [ 2.18034785, 41.35886361 ], [ 2.18037817, 41.35893372 ], [ 2.1804038, 41.3590066 ], [ 2.18041652, 41.35903083 ], [ 2.18051105, 41.35916724 ], [ 2.18060876, 41.35926945 ], [ 2.1806597, 41.35933566 ], [ 2.18069568, 41.35939339 ], [ 2.18073693, 41.35949781 ], [ 2.18076027, 41.35954337 ], [ 2.18078737, 41.3595841 ], [ 2.18085135, 41.35965914 ], [ 2.18094244, 41.35978427 ], [ 2.18096668, 41.35982417 ], [ 2.18098547, 41.35987096 ], [ 2.18103245, 41.3599284 ], [ 2.18108691, 41.35997067 ], [ 2.18110661, 41.3599918 ], [ 2.18111801, 41.36003647 ], [ 2.18116047, 41.36014027 ], [ 2.18122263, 41.36024538 ], [ 2.18142593, 41.36062298 ], [ 2.18165045, 41.36102406 ], [ 2.18169757, 41.36109916 ], [ 2.18184951, 41.36132048 ], [ 2.18196529, 41.36150766 ], [ 2.18209974, 41.36170282 ], [ 2.18238064, 41.36215601 ], [ 2.18250238, 41.36232594 ], [ 2.18262929, 41.3625315 ], [ 2.18276998, 41.36272535 ], [ 2.18281375, 41.36279114 ], [ 2.1830363, 41.36316023 ], [ 2.18305712, 41.36318758 ], [ 2.18308455, 41.36321255 ], [ 2.18311208, 41.36322878 ], [ 2.18314376, 41.36323864 ], [ 2.18318015, 41.36324484 ], [ 2.18337134, 41.36326277 ], [ 2.18341369, 41.36327073 ], [ 2.18343356, 41.36327853 ], [ 2.18345242, 41.36329064 ], [ 2.18346447, 41.36330226 ], [ 2.18347476, 41.36332044 ], [ 2.18347584, 41.36333945 ], [ 2.18340048, 41.3636767 ], [ 2.18332437, 41.36412266 ], [ 2.18329596, 41.36425217 ], [ 2.18326311, 41.36435552 ], [ 2.18307822, 41.36486407 ], [ 2.18328142, 41.3649086 ], [ 2.18305957, 41.36519802 ], [ 2.18301029, 41.36521888 ], [ 2.18288994, 41.36519354 ], [ 2.18285864, 41.36515513 ], [ 2.18290093, 41.36485482 ], [ 2.18252834, 41.36477952 ], [ 2.18252478, 41.36477401 ], [ 2.18240156, 41.36474923 ], [ 2.18232245, 41.36463164 ], [ 2.18089795, 41.36241567 ], [ 2.1790992, 41.35963952 ], [ 2.17803589, 41.35798131 ], [ 2.17776322, 41.35756554 ], [ 2.17709322, 41.3565181 ], [ 2.17673363, 41.35596794 ], [ 2.17627103, 41.35524427 ], [ 2.17526641, 41.35369507 ], [ 2.17515682, 41.35353137 ], [ 2.17242306, 41.34928902 ], [ 2.1721025, 41.34940379 ], [ 2.17199106, 41.34923067 ], [ 2.17191764, 41.34906435 ], [ 2.17190244, 41.34900883 ], [ 2.17186903, 41.34885324 ], [ 2.17221957, 41.3488105 ], [ 2.17129073, 41.34452251 ], [ 2.17139304, 41.34450986 ], [ 2.17145402, 41.34449843 ], [ 2.17146994, 41.34449719 ], [ 2.17148579, 41.34450091 ], [ 2.17149599, 41.3445071 ], [ 2.17150788, 41.34452133 ], [ 2.17151355, 41.34456407 ], [ 2.17155409, 41.34468506 ], [ 2.17156392, 41.3447018 ], [ 2.17158036, 41.34471579 ], [ 2.17160843, 41.3447268 ], [ 2.17162251, 41.34472807 ], [ 2.17169118, 41.34472325 ], [ 2.17170249, 41.34471811 ], [ 2.17180176, 41.34464649 ], [ 2.17224907, 41.34431373 ], [ 2.17230988, 41.34425886 ], [ 2.17233483, 41.34421427 ], [ 2.1723406, 41.34419278 ], [ 2.17234334, 41.34408057 ], [ 2.17233989, 41.34403208 ], [ 2.17230063, 41.34383778 ], [ 2.172297, 41.34373723 ], [ 2.1722736, 41.34362239 ], [ 2.17224433, 41.34350823 ], [ 2.1721771, 41.34329553 ], [ 2.17215948, 41.34322398 ], [ 2.1720709, 41.34277206 ], [ 2.17201221, 41.34254582 ], [ 2.1719833, 41.34233726 ], [ 2.17195011, 41.34218317 ], [ 2.17192743, 41.34209618 ], [ 2.17189637, 41.34187725 ], [ 2.17188926, 41.34185423 ], [ 2.17185628, 41.34178689 ], [ 2.17184381, 41.34171465 ], [ 2.17182438, 41.34165398 ], [ 2.17180215, 41.34155023 ], [ 2.17179671, 41.34150794 ], [ 2.1717895, 41.34134134 ], [ 2.17177936, 41.34128299 ], [ 2.17176169, 41.3412253 ], [ 2.1717367, 41.3411691 ], [ 2.17172365, 41.34110532 ], [ 2.17171625, 41.3410287 ], [ 2.17166508, 41.3408979 ], [ 2.17166334, 41.34084664 ], [ 2.17163437, 41.34072726 ], [ 2.17160746, 41.34063483 ], [ 2.17160456, 41.34060923 ], [ 2.17160637, 41.34055069 ], [ 2.17160231, 41.34053174 ], [ 2.17154338, 41.3403817 ], [ 2.17152269, 41.34031616 ], [ 2.17152515, 41.3403014 ], [ 2.17153597, 41.34028743 ], [ 2.17155357, 41.34027504 ], [ 2.17158615, 41.34026059 ], [ 2.1716118, 41.34025438 ], [ 2.17165154, 41.34024998 ], [ 2.17204683, 41.34023742 ], [ 2.17208754, 41.34023168 ], [ 2.17210341, 41.34022369 ], [ 2.17212402, 41.3402006 ], [ 2.17212961, 41.34018415 ], [ 2.17212898, 41.34016757 ], [ 2.17208432, 41.3399853 ], [ 2.17205264, 41.33982582 ], [ 2.17193204, 41.33946717 ], [ 2.17191838, 41.33941366 ], [ 2.17189403, 41.33925062 ], [ 2.17180473, 41.3388187 ], [ 2.17178926, 41.33870923 ], [ 2.17177859, 41.33866315 ], [ 2.17172091, 41.33866927 ], [ 2.17171703, 41.33866657 ], [ 2.17166234, 41.33867462 ], [ 2.17166407, 41.33868057 ], [ 2.17160908, 41.33868629 ], [ 2.17160747, 41.33868179 ], [ 2.17100547, 41.33875026 ], [ 2.17100645, 41.33875477 ], [ 2.17099358, 41.33875637 ], [ 2.17095057, 41.33855927 ], [ 2.17097121, 41.33855571 ], [ 2.17101057, 41.3384679 ], [ 2.17105059, 41.33841261 ], [ 2.17107105, 41.33836331 ], [ 2.17109733, 41.33834539 ], [ 2.17110658, 41.33833249 ], [ 2.17111022, 41.33831891 ], [ 2.17109169, 41.33818736 ], [ 2.1710057, 41.33781526 ], [ 2.17097481, 41.33771578 ], [ 2.17095388, 41.33763204 ], [ 2.1709352, 41.33751237 ], [ 2.17091831, 41.33744929 ], [ 2.17090062, 41.33712939 ], [ 2.17087382, 41.33699922 ], [ 2.17080168, 41.33660011 ], [ 2.17077416, 41.33647102 ], [ 2.1707338, 41.33631696 ], [ 2.17068966, 41.33620702 ], [ 2.1706783, 41.33616983 ], [ 2.17061345, 41.33585572 ], [ 2.17059217, 41.33581882 ], [ 2.17056557, 41.33578665 ], [ 2.17053688, 41.33566439 ], [ 2.17054685, 41.33563239 ], [ 2.1705534, 41.33558686 ], [ 2.1705459, 41.33553754 ], [ 2.17054784, 41.33552611 ], [ 2.17056092, 41.33551197 ], [ 2.17061237, 41.33547919 ], [ 2.17065738, 41.33544493 ], [ 2.17069909, 41.33540731 ], [ 2.17071485, 41.33538004 ], [ 2.17074044, 41.33529465 ], [ 2.17075035, 41.33523834 ], [ 2.17074108, 41.33518738 ], [ 2.17072141, 41.33515481 ], [ 2.17072422, 41.33514077 ], [ 2.17073575, 41.33512717 ], [ 2.17076573, 41.33510946 ], [ 2.17078419, 41.33510536 ], [ 2.17088832, 41.33510214 ], [ 2.17097579, 41.33509368 ], [ 2.1710394, 41.33509116 ], [ 2.17106062, 41.33508564 ], [ 2.1710674, 41.33507893 ], [ 2.17105942, 41.3350487 ], [ 2.17105345, 41.33499164 ], [ 2.17102417, 41.33486001 ], [ 2.1710261, 41.33482976 ], [ 2.1710504, 41.33479822 ], [ 2.17095473, 41.33409936 ], [ 2.17014428, 41.33419243 ], [ 2.17014164, 41.33419644 ], [ 2.17020856, 41.33451131 ], [ 2.17021749, 41.33452122 ], [ 2.17026396, 41.33454985 ], [ 2.17027156, 41.33456022 ], [ 2.17027137, 41.33456683 ], [ 2.17026245, 41.33457943 ], [ 2.17023593, 41.33460116 ], [ 2.17020765, 41.33461576 ], [ 2.17017573, 41.33462243 ], [ 2.17014435, 41.33462259 ], [ 2.17010393, 41.33461613 ], [ 2.17008282, 41.33460628 ], [ 2.1700604, 41.3345883 ], [ 2.17004765, 41.33456238 ], [ 2.17003616, 41.33451901 ], [ 2.16997339, 41.3342358 ], [ 2.16997684, 41.3341998 ], [ 2.16998662, 41.33415806 ], [ 2.16999483, 41.33413467 ], [ 2.17000674, 41.33411733 ], [ 2.17003522, 41.33409612 ], [ 2.1701034, 41.33406423 ], [ 2.17013148, 41.33405708 ], [ 2.17026942, 41.33404121 ], [ 2.17068909, 41.33398518 ], [ 2.17111891, 41.33393495 ], [ 2.17114032, 41.33391933 ], [ 2.17103968, 41.33348661 ], [ 2.17099518, 41.33331711 ], [ 2.17090461, 41.33288429 ], [ 2.17086808, 41.3327374 ], [ 2.17084306, 41.33261378 ], [ 2.17071699, 41.33211443 ], [ 2.17057943, 41.33150022 ], [ 2.17049261, 41.33113915 ], [ 2.17044145, 41.33089176 ], [ 2.17038794, 41.33069392 ], [ 2.17036546, 41.33058192 ], [ 2.17034055, 41.33049585 ], [ 2.17033402, 41.33045271 ], [ 2.17031098, 41.33035411 ], [ 2.1702742, 41.3302237 ], [ 2.17025474, 41.33011475 ], [ 2.17024164, 41.33006248 ], [ 2.17023251, 41.3300431 ], [ 2.17022909, 41.3300118 ], [ 2.17021287, 41.32996369 ], [ 2.17020694, 41.32990413 ], [ 2.17019174, 41.32983614 ], [ 2.17014552, 41.3296509 ], [ 2.17013555, 41.32959303 ], [ 2.17009172, 41.32940118 ], [ 2.1700476, 41.32923152 ], [ 2.17002672, 41.32912774 ], [ 2.16994933, 41.32880839 ], [ 2.16986598, 41.32841534 ], [ 2.16979205, 41.32809573 ], [ 2.16970193, 41.32776821 ], [ 2.1696201, 41.32739189 ], [ 2.16952496, 41.32700943 ], [ 2.1694, 41.32647528 ], [ 2.16938902, 41.32639175 ], [ 2.16935525, 41.3263709 ], [ 2.16937273, 41.32632524 ], [ 2.16938015, 41.32626771 ], [ 2.16941064, 41.32622304 ], [ 2.16943986, 41.32611242 ], [ 2.16945992, 41.32606126 ], [ 2.16947109, 41.32601695 ], [ 2.16949689, 41.3259427 ], [ 2.16951867, 41.3259141 ], [ 2.1695644, 41.32574538 ], [ 2.16958283, 41.32564794 ], [ 2.16959731, 41.32562225 ], [ 2.16959949, 41.32557031 ], [ 2.16963398, 41.32553474 ], [ 2.16962632, 41.32552027 ], [ 2.16965108, 41.32547549 ], [ 2.16965747, 41.32543849 ], [ 2.16967894, 41.32542676 ], [ 2.16968031, 41.32540133 ], [ 2.16969439, 41.32535387 ], [ 2.16973061, 41.32525743 ], [ 2.16975957, 41.32520736 ], [ 2.16978605, 41.32513609 ], [ 2.16980959, 41.32505336 ], [ 2.16982672, 41.32503015 ], [ 2.16985281, 41.32492776 ], [ 2.16986078, 41.32487294 ], [ 2.16988562, 41.32482336 ], [ 2.16989822, 41.324772 ], [ 2.1699189, 41.32472932 ], [ 2.16994704, 41.32460121 ], [ 2.16996972, 41.32453183 ], [ 2.17004611, 41.32432835 ], [ 2.17006562, 41.32424234 ], [ 2.17011235, 41.32415886 ], [ 2.17013266, 41.32409501 ], [ 2.17015252, 41.32402097 ], [ 2.1701586, 41.32395138 ], [ 2.17017031, 41.32391013 ], [ 2.17019381, 41.32387913 ], [ 2.1701989, 41.32383403 ], [ 2.17022774, 41.32375317 ], [ 2.17025521, 41.32365983 ], [ 2.1702701, 41.3236541 ], [ 2.17029023, 41.32362693 ], [ 2.17026865, 41.32361049 ], [ 2.1702935, 41.32358062 ], [ 2.17027695, 41.32355874 ], [ 2.17029646, 41.32355031 ], [ 2.17032097, 41.32350991 ], [ 2.17034149, 41.32348974 ], [ 2.17033281, 41.32346525 ], [ 2.17034916, 41.32338977 ], [ 2.17037279, 41.32335788 ], [ 2.17037238, 41.32333028 ], [ 2.17036542, 41.32330601 ], [ 2.17038306, 41.32328712 ], [ 2.17040009, 41.32325553 ], [ 2.17041767, 41.32323303 ], [ 2.17041056, 41.32319846 ], [ 2.17042324, 41.32318602 ], [ 2.170422, 41.32317008 ], [ 2.17043123, 41.32314356 ], [ 2.17044263, 41.32313391 ], [ 2.17044811, 41.32310895 ], [ 2.17047624, 41.32305424 ], [ 2.17049652, 41.32300012 ], [ 2.17051278, 41.32294655 ], [ 2.17052353, 41.32289086 ], [ 2.17055319, 41.32283558 ], [ 2.17056427, 41.32279113 ], [ 2.17059633, 41.32270532 ], [ 2.17059576, 41.32267474 ], [ 2.17062033, 41.32259175 ], [ 2.17065018, 41.32257395 ], [ 2.17064563, 41.32254121 ], [ 2.17064857, 41.32252018 ], [ 2.17065975, 41.32248265 ], [ 2.17068476, 41.32245559 ], [ 2.17069307, 41.32241861 ], [ 2.17068074, 41.32241045 ], [ 2.17076966, 41.32222819 ], [ 2.17078124, 41.32217394 ], [ 2.17079514, 41.32216338 ], [ 2.17081461, 41.32206061 ], [ 2.17083647, 41.3220099 ], [ 2.17085357, 41.32200281 ], [ 2.1708506, 41.32197053 ], [ 2.17086888, 41.32194243 ], [ 2.17088341, 41.32184983 ], [ 2.17089686, 41.32184459 ], [ 2.17091399, 41.32180566 ], [ 2.1708963, 41.32179818 ], [ 2.17094864, 41.32163556 ], [ 2.17096221, 41.32160602 ], [ 2.17097555, 41.32156327 ], [ 2.17098024, 41.32152553 ], [ 2.17101697, 41.32147896 ], [ 2.17102057, 41.32143618 ], [ 2.17103016, 41.32143351 ], [ 2.17103973, 41.32141758 ], [ 2.17103414, 41.32140644 ], [ 2.17108246, 41.32130418 ], [ 2.1711003, 41.32125429 ], [ 2.1711139, 41.32123666 ], [ 2.17110639, 41.32122609 ], [ 2.17112014, 41.32118238 ], [ 2.17114953, 41.32111038 ], [ 2.17114776, 41.32109927 ], [ 2.17115976, 41.32104286 ], [ 2.17119132, 41.32104107 ], [ 2.17119979, 41.32102139 ], [ 2.17117945, 41.32099775 ], [ 2.17118653, 41.32098152 ], [ 2.17117254, 41.32096931 ], [ 2.17119169, 41.32092189 ], [ 2.1712073, 41.32092661 ], [ 2.17124569, 41.3208394 ], [ 2.17125465, 41.32079551 ], [ 2.17129753, 41.32065415 ], [ 2.17130789, 41.32060623 ], [ 2.17135805, 41.32048005 ], [ 2.17138714, 41.32038687 ], [ 2.17140845, 41.32034984 ], [ 2.17141323, 41.32031947 ], [ 2.171428, 41.32028484 ], [ 2.17152627, 41.31998289 ], [ 2.17154292, 41.31995073 ], [ 2.1715378, 41.31991783 ], [ 2.17156411, 41.31986268 ], [ 2.1716126, 41.31968734 ], [ 2.17163536, 41.31962597 ], [ 2.17166009, 41.31957512 ], [ 2.17168668, 41.31954389 ], [ 2.17167833, 41.31953864 ], [ 2.17169035, 41.3194792 ], [ 2.17170816, 41.31941606 ], [ 2.17174782, 41.31936403 ], [ 2.17174112, 41.31934986 ], [ 2.17173817, 41.31931121 ], [ 2.17176184, 41.31926872 ], [ 2.17184278, 41.31908108 ], [ 2.17185155, 41.31903762 ], [ 2.17198957, 41.31864559 ], [ 2.17204389, 41.31846165 ], [ 2.1720669, 41.31835085 ], [ 2.17211329, 41.31831047 ], [ 2.1720972, 41.31829287 ], [ 2.17213099, 41.31823316 ], [ 2.17213312, 41.3181778 ], [ 2.17219859, 41.31802802 ], [ 2.17227007, 41.31780882 ], [ 2.1723498, 41.31762442 ], [ 2.17240978, 41.31744895 ], [ 2.17239861, 41.31737803 ], [ 2.17234054, 41.31735536 ], [ 2.17230373, 41.31734681 ], [ 2.17228717, 41.3173339 ], [ 2.17228824, 41.31726779 ], [ 2.1722954, 41.31722146 ], [ 2.17230523, 41.31719072 ], [ 2.1723226, 41.31715851 ], [ 2.17234758, 41.31712959 ], [ 2.17236872, 41.31711128 ], [ 2.17241017, 41.31708383 ], [ 2.17245546, 41.31706362 ], [ 2.17248893, 41.31705323 ], [ 2.17254941, 41.31704196 ], [ 2.17261027, 41.31703852 ], [ 2.17268965, 41.31704396 ], [ 2.17272837, 41.31705261 ], [ 2.1727537, 41.31706189 ], [ 2.17280874, 41.31709355 ], [ 2.17285364, 41.31713287 ], [ 2.17288548, 41.31716616 ], [ 2.17291229, 41.31720031 ], [ 2.17292657, 41.31722392 ], [ 2.17294012, 41.31725726 ], [ 2.17294568, 41.31729063 ], [ 2.17294334, 41.3173243 ], [ 2.17293721, 41.31734605 ], [ 2.17278158, 41.31775784 ], [ 2.17272443, 41.31792128 ], [ 2.17257051, 41.31841505 ], [ 2.17216027, 41.31962912 ], [ 2.17202559, 41.32005574 ], [ 2.17183761, 41.32060593 ], [ 2.17157008, 41.32137073 ], [ 2.17132567, 41.32213047 ], [ 2.17106235, 41.32291125 ], [ 2.17082195, 41.32360743 ], [ 2.17070532, 41.32397572 ], [ 2.17062957, 41.32420198 ], [ 2.17055166, 41.32442787 ], [ 2.17036187, 41.32494958 ], [ 2.17020438, 41.32542936 ], [ 2.17002247, 41.32600715 ], [ 2.16989607, 41.32633537 ], [ 2.16988802, 41.32639531 ], [ 2.16989323, 41.3264556 ], [ 2.16990444, 41.32651342 ], [ 2.16995866, 41.32668559 ], [ 2.16997871, 41.32676248 ], [ 2.16998544, 41.32680675 ], [ 2.16998223, 41.3269468 ], [ 2.1700068, 41.32712893 ], [ 2.17001978, 41.32718901 ], [ 2.17004387, 41.3272681 ], [ 2.17019164, 41.32767675 ], [ 2.1709341, 41.33087881 ], [ 2.17138931, 41.3329233 ], [ 2.17163774, 41.33400996 ], [ 2.17172414, 41.33443502 ], [ 2.17175139, 41.33454791 ], [ 2.17178499, 41.33465984 ], [ 2.1719154, 41.33505423 ], [ 2.17194844, 41.33517193 ], [ 2.17194499, 41.33518974 ], [ 2.17193604, 41.33520751 ], [ 2.17190999, 41.33524506 ], [ 2.17190629, 41.33527269 ], [ 2.17191044, 41.33532307 ], [ 2.17191517, 41.33534563 ], [ 2.1719477, 41.33543792 ], [ 2.17195528, 41.33547157 ], [ 2.17195795, 41.33552527 ], [ 2.17198367, 41.33559878 ], [ 2.17198578, 41.33567743 ], [ 2.17201879, 41.3357509 ], [ 2.17204703, 41.33579533 ], [ 2.17205191, 41.33592886 ], [ 2.17206848, 41.33596105 ], [ 2.1720697, 41.33597736 ], [ 2.17206464, 41.33599966 ], [ 2.17207036, 41.33605789 ], [ 2.17207882, 41.33607876 ], [ 2.1721083, 41.33611041 ], [ 2.17211902, 41.3361321 ], [ 2.17212022, 41.33621624 ], [ 2.17212986, 41.33624784 ], [ 2.17214326, 41.33627523 ], [ 2.17213895, 41.33629465 ], [ 2.17211421, 41.33633258 ], [ 2.17211273, 41.33634554 ], [ 2.17213082, 41.33639863 ], [ 2.17214534, 41.3364789 ], [ 2.17214618, 41.33653494 ], [ 2.17215246, 41.33655858 ], [ 2.1721625, 41.33656766 ], [ 2.17220313, 41.33658687 ], [ 2.17219943, 41.33660558 ], [ 2.17218754, 41.33662918 ], [ 2.1721948, 41.33665004 ], [ 2.1722074, 41.33666464 ], [ 2.1722104, 41.33676753 ], [ 2.17221583, 41.33679207 ], [ 2.17224308, 41.33684892 ], [ 2.17226732, 41.33686891 ], [ 2.17229418, 41.33693738 ], [ 2.17229779, 41.33696362 ], [ 2.17229165, 41.33697718 ], [ 2.17227292, 41.33698407 ], [ 2.17226358, 41.33699445 ], [ 2.17225878, 41.3370054 ], [ 2.17225947, 41.33701748 ], [ 2.1722666, 41.33702942 ], [ 2.17228261, 41.33703944 ], [ 2.1723118, 41.33704686 ], [ 2.17232498, 41.33706263 ], [ 2.1723298, 41.33707879 ], [ 2.17232912, 41.33709472 ], [ 2.17232431, 41.3371064 ], [ 2.172317, 41.3371177 ], [ 2.17229634, 41.33713529 ], [ 2.17229866, 41.33717855 ], [ 2.17230334, 41.3371956 ], [ 2.17231193, 41.33720647 ], [ 2.17234877, 41.33723277 ], [ 2.17235468, 41.33724705 ], [ 2.17234584, 41.33726536 ], [ 2.17234374, 41.33729939 ], [ 2.17233312, 41.33734507 ], [ 2.17233669, 41.33735618 ], [ 2.17238073, 41.33739829 ], [ 2.17238041, 41.33741432 ], [ 2.17236468, 41.33742979 ], [ 2.17234216, 41.3374426 ], [ 2.17234154, 41.33746376 ], [ 2.17235304, 41.33748979 ], [ 2.17236183, 41.33753219 ], [ 2.17237652, 41.33757076 ], [ 2.17239453, 41.3375925 ], [ 2.17241249, 41.3375993 ], [ 2.17243553, 41.337601 ], [ 2.17244587, 41.33761539 ], [ 2.17245186, 41.33763282 ], [ 2.17245224, 41.33764994 ], [ 2.17243721, 41.33767649 ], [ 2.17243263, 41.3376979 ], [ 2.17243876, 41.33771406 ], [ 2.17246512, 41.33774695 ], [ 2.17248596, 41.33781889 ], [ 2.17251337, 41.33786241 ], [ 2.17255229, 41.33791314 ], [ 2.17255988, 41.33792733 ], [ 2.1725643, 41.33794655 ], [ 2.17255681, 41.33799072 ], [ 2.17254825, 41.33801534 ], [ 2.17252314, 41.33806371 ], [ 2.17252093, 41.33808685 ], [ 2.17252547, 41.33814327 ], [ 2.17253799, 41.33819299 ], [ 2.17254819, 41.33820865 ], [ 2.17257623, 41.3382311 ], [ 2.17258602, 41.33825116 ], [ 2.17257387, 41.33830431 ], [ 2.17257294, 41.33837826 ], [ 2.17257644, 41.33842251 ], [ 2.17259968, 41.33846573 ], [ 2.17265236, 41.33853367 ], [ 2.17266728, 41.33856368 ], [ 2.17266427, 41.33863158 ], [ 2.17264872, 41.3386792 ], [ 2.17264708, 41.33871477 ], [ 2.17264941, 41.3387292 ], [ 2.17265736, 41.33874268 ], [ 2.17270223, 41.33877669 ], [ 2.1727085, 41.33879088 ], [ 2.17270748, 41.33880537 ], [ 2.17269566, 41.33882366 ], [ 2.17269563, 41.33885402 ], [ 2.17273044, 41.33896551 ], [ 2.17275263, 41.3390535 ], [ 2.17274112, 41.33907521 ], [ 2.1727363, 41.33909725 ], [ 2.17274564, 41.33914334 ], [ 2.17274671, 41.33919055 ], [ 2.17277024, 41.33927674 ], [ 2.17278115, 41.33936825 ], [ 2.17279135, 41.33941282 ], [ 2.17280397, 41.33944479 ], [ 2.17281848, 41.33945949 ], [ 2.17283812, 41.33946621 ], [ 2.17285041, 41.33947756 ], [ 2.17286512, 41.33950495 ], [ 2.17287215, 41.33971443 ], [ 2.17287599, 41.33974148 ], [ 2.17291888, 41.33981808 ], [ 2.17291635, 41.33985743 ], [ 2.17292171, 41.33986864 ], [ 2.17296313, 41.33990154 ], [ 2.17297561, 41.33992532 ], [ 2.17297961, 41.33995895 ], [ 2.17296761, 41.34000994 ], [ 2.17297368, 41.34004997 ], [ 2.17295819, 41.34009328 ], [ 2.17295627, 41.34011263 ], [ 2.17296415, 41.34012305 ], [ 2.17297659, 41.34013151 ], [ 2.17301255, 41.34014204 ], [ 2.17301865, 41.34015127 ], [ 2.17301566, 41.34016053 ], [ 2.17299763, 41.34016868 ], [ 2.1729756, 41.34017195 ], [ 2.17296683, 41.34020359 ], [ 2.17297039, 41.34021542 ], [ 2.1729924, 41.34023287 ], [ 2.17302078, 41.3402474 ], [ 2.17303012, 41.34026458 ], [ 2.17302527, 41.34036498 ], [ 2.17305602, 41.3404378 ], [ 2.17309053, 41.34055344 ], [ 2.17307729, 41.34059847 ], [ 2.17309261, 41.34063506 ], [ 2.17309282, 41.34064695 ], [ 2.17308206, 41.3406657 ], [ 2.1730784, 41.34068072 ], [ 2.17308145, 41.34069524 ], [ 2.1731409, 41.3407761 ], [ 2.17315361, 41.34080106 ], [ 2.17316105, 41.3408275 ], [ 2.17316701, 41.34086664 ], [ 2.17316544, 41.34090554 ], [ 2.17315014, 41.34095272 ], [ 2.17314813, 41.34103639 ], [ 2.17315118, 41.34105965 ], [ 2.1731735, 41.34109962 ], [ 2.17318244, 41.34112968 ], [ 2.17319795, 41.34126482 ], [ 2.17321804, 41.34129171 ], [ 2.17324621, 41.34134245 ], [ 2.17326217, 41.34139364 ], [ 2.17328176, 41.34149871 ], [ 2.17329874, 41.34154568 ], [ 2.17332999, 41.34160688 ], [ 2.17334363, 41.34164409 ], [ 2.17335957, 41.34174455 ], [ 2.17336151, 41.34183662 ], [ 2.17337549, 41.34194103 ], [ 2.17339291, 41.34199043 ], [ 2.17341524, 41.34202977 ], [ 2.17343489, 41.34205495 ], [ 2.17344889, 41.34209117 ], [ 2.17345958, 41.34222906 ], [ 2.17347466, 41.34228421 ], [ 2.17348024, 41.34232478 ], [ 2.17347428, 41.34243698 ], [ 2.17348153, 41.34245856 ], [ 2.17350038, 41.3424804 ], [ 2.17351843, 41.34250908 ], [ 2.17352452, 41.34253723 ], [ 2.17352722, 41.3425985 ], [ 2.17353822, 41.34261678 ], [ 2.17355726, 41.34263259 ], [ 2.17359072, 41.34265228 ], [ 2.17360501, 41.34267526 ], [ 2.17361049, 41.34270494 ], [ 2.17360335, 41.3427692 ], [ 2.17360615, 41.34279336 ], [ 2.17361439, 41.34280351 ], [ 2.1736327, 41.34281085 ], [ 2.17364207, 41.34281668 ], [ 2.17364451, 41.34282219 ], [ 2.1736036, 41.34284334 ], [ 2.17361142, 41.34285825 ], [ 2.17360136, 41.34290718 ], [ 2.17362338, 41.34296184 ], [ 2.17364555, 41.34305216 ], [ 2.17368083, 41.34307881 ], [ 2.17368453, 41.34308838 ], [ 2.17368153, 41.34309845 ], [ 2.17366496, 41.34311463 ], [ 2.1736364, 41.34318964 ], [ 2.17363601, 41.34320108 ], [ 2.17364137, 41.34321256 ], [ 2.17366875, 41.34322131 ], [ 2.173679, 41.34324228 ], [ 2.17367693, 41.34326416 ], [ 2.1736567, 41.34329491 ], [ 2.17365631, 41.34334436 ], [ 2.17366128, 41.34335835 ], [ 2.1736718, 41.34336744 ], [ 2.17370589, 41.34338425 ], [ 2.17370997, 41.34339266 ], [ 2.17370746, 41.34340165 ], [ 2.17369354, 41.34341587 ], [ 2.17368497, 41.34344121 ], [ 2.17368463, 41.3434776 ], [ 2.17369716, 41.34353615 ], [ 2.17370992, 41.34355696 ], [ 2.1737402, 41.34357321 ], [ 2.1737502, 41.34358571 ], [ 2.17376265, 41.34361201 ], [ 2.17376106, 41.34362443 ], [ 2.17372825, 41.34364861 ], [ 2.17372909, 41.34365771 ], [ 2.17373626, 41.34366731 ], [ 2.17375112, 41.34368327 ], [ 2.17376489, 41.34369012 ], [ 2.17377121, 41.34370125 ], [ 2.17376168, 41.34371721 ], [ 2.17375822, 41.34373566 ], [ 2.17376134, 41.34375414 ], [ 2.17378395, 41.3437898 ], [ 2.17378553, 41.34392978 ], [ 2.17379012, 41.34395468 ], [ 2.17381277, 41.34397808 ], [ 2.17385902, 41.34400697 ], [ 2.17387725, 41.3440307 ], [ 2.17387801, 41.34404566 ], [ 2.1738667, 41.34406161 ], [ 2.17384418, 41.34407478 ], [ 2.17383534, 41.34409282 ], [ 2.1738552, 41.34413908 ], [ 2.17388503, 41.34419037 ], [ 2.17388855, 41.34424246 ], [ 2.17391444, 41.34428426 ], [ 2.17391968, 41.34430474 ], [ 2.17390835, 41.34434979 ], [ 2.17392023, 41.34436492 ], [ 2.17396024, 41.34436764 ], [ 2.17397376, 41.3443762 ], [ 2.17398962, 41.34439838 ], [ 2.17399103, 41.34440938 ], [ 2.17397489, 41.34444773 ], [ 2.17398372, 41.34446779 ], [ 2.17394066, 41.34448901 ], [ 2.17392797, 41.34450918 ], [ 2.17392903, 41.34452009 ], [ 2.17393752, 41.3445297 ], [ 2.17398916, 41.34454754 ], [ 2.17399479, 41.34456587 ], [ 2.17399573, 41.34461407 ], [ 2.17395912, 41.34463578 ], [ 2.17395367, 41.34467042 ], [ 2.17395684, 41.34468432 ], [ 2.17400104, 41.34470499 ], [ 2.17400748, 41.34471558 ], [ 2.17400469, 41.34473745 ], [ 2.17399917, 41.34474858 ], [ 2.17398117, 41.34476385 ], [ 2.17398113, 41.34477682 ], [ 2.17398213, 41.34483006 ], [ 2.17398634, 41.34485576 ], [ 2.17399415, 41.34488113 ], [ 2.17401663, 41.3449184 ], [ 2.17401489, 41.34495199 ], [ 2.1740076, 41.34497085 ], [ 2.17406075, 41.34498375 ], [ 2.17407201, 41.3449914 ], [ 2.17406762, 41.34504488 ], [ 2.17407046, 41.34516127 ], [ 2.17408792, 41.3451795 ], [ 2.17412252, 41.34519362 ], [ 2.17413361, 41.3452055 ], [ 2.17414001, 41.34521879 ], [ 2.1741602, 41.34539954 ], [ 2.17418145, 41.34546779 ], [ 2.17417972, 41.34550056 ], [ 2.17416268, 41.34556268 ], [ 2.1741757, 41.34557286 ], [ 2.17419805, 41.34557294 ], [ 2.17420892, 41.34558274 ], [ 2.17421298, 41.34559268 ], [ 2.17420349, 41.34560594 ], [ 2.17420067, 41.34562069 ], [ 2.17420192, 41.34563575 ], [ 2.17421766, 41.34565721 ], [ 2.1742187, 41.34566973 ], [ 2.17420066, 41.34567897 ], [ 2.17419216, 41.34568873 ], [ 2.17420711, 41.34571676 ], [ 2.17420195, 41.34572798 ], [ 2.17418197, 41.34573856 ], [ 2.17417395, 41.34574931 ], [ 2.17416944, 41.34577531 ], [ 2.17417559, 41.34578968 ], [ 2.17419948, 41.34581011 ], [ 2.17421071, 41.34582902 ], [ 2.17420935, 41.34585171 ], [ 2.17419766, 41.34586883 ], [ 2.17420462, 41.34588564 ], [ 2.17424389, 41.34590871 ], [ 2.17424829, 41.34592 ], [ 2.17425548, 41.34608849 ], [ 2.17426213, 41.34612106 ], [ 2.17429585, 41.34619543 ], [ 2.17430748, 41.34623055 ], [ 2.1743019, 41.34629384 ], [ 2.17430411, 41.34630817 ], [ 2.17432371, 41.34633669 ], [ 2.17432877, 41.34635258 ], [ 2.17433084, 41.34636845 ], [ 2.17432528, 41.34638291 ], [ 2.1743356, 41.34639857 ], [ 2.17436238, 41.34641695 ], [ 2.17436711, 41.34647779 ], [ 2.17438698, 41.34655098 ], [ 2.17437973, 41.34658579 ], [ 2.1743798, 41.3466084 ], [ 2.17439812, 41.34663429 ], [ 2.17442003, 41.34665084 ], [ 2.17444276, 41.3466583 ], [ 2.17445063, 41.3466698 ], [ 2.17444324, 41.34668686 ], [ 2.17444642, 41.34674705 ], [ 2.17446184, 41.34677545 ], [ 2.17446232, 41.34679455 ], [ 2.17444815, 41.34683723 ], [ 2.17444911, 41.34684652 ], [ 2.17445665, 41.34685513 ], [ 2.17447211, 41.34686109 ], [ 2.17451346, 41.3468622 ], [ 2.17453863, 41.34686652 ], [ 2.17454558, 41.34687396 ], [ 2.17454596, 41.3468818 ], [ 2.17453623, 41.34689506 ], [ 2.17452007, 41.34690674 ], [ 2.17451964, 41.34693151 ], [ 2.17451095, 41.34695649 ], [ 2.1744942, 41.34696772 ], [ 2.17448702, 41.34697776 ], [ 2.17448593, 41.34698784 ], [ 2.17451174, 41.34703621 ], [ 2.17451374, 41.34707631 ], [ 2.17451788, 41.34708976 ], [ 2.17453812, 41.34710522 ], [ 2.17455187, 41.34712361 ], [ 2.17455288, 41.3471382 ], [ 2.17460446, 41.34716172 ], [ 2.1746175, 41.34717046 ], [ 2.17462287, 41.34718041 ], [ 2.17462071, 41.34719076 ], [ 2.17460355, 41.34720558 ], [ 2.17459197, 41.34723306 ], [ 2.1745731, 41.3473358 ], [ 2.1745888, 41.34743652 ], [ 2.17459685, 41.34745252 ], [ 2.17461077, 41.34746668 ], [ 2.17465019, 41.34748786 ], [ 2.17466442, 41.34750651 ], [ 2.17466665, 41.34753824 ], [ 2.17465584, 41.34757041 ], [ 2.17465053, 41.34760271 ], [ 2.17465557, 41.34762967 ], [ 2.17467304, 41.347647 ], [ 2.1746957, 41.34766095 ], [ 2.17470105, 41.34767234 ], [ 2.17470623, 41.34770705 ], [ 2.17470415, 41.34772965 ], [ 2.17468065, 41.3477638 ], [ 2.1746661, 41.34780891 ], [ 2.17466381, 41.34782898 ], [ 2.17467133, 41.34784903 ], [ 2.17469565, 41.34786326 ], [ 2.1747283, 41.34787169 ], [ 2.17473929, 41.34789131 ], [ 2.17473897, 41.34790698 ], [ 2.17475717, 41.34798008 ], [ 2.17475672, 41.34805348 ], [ 2.17474244, 41.34807698 ], [ 2.17473503, 41.34811449 ], [ 2.17473593, 41.34812909 ], [ 2.17474184, 41.34814363 ], [ 2.17477617, 41.34816036 ], [ 2.17481597, 41.34822731 ], [ 2.17482052, 41.34824526 ], [ 2.1747882, 41.34828692 ], [ 2.17478773, 41.34830547 ], [ 2.17479742, 41.34832391 ], [ 2.17485556, 41.34840504 ], [ 2.17490461, 41.34846835 ], [ 2.17490569, 41.34848638 ], [ 2.17486983, 41.34854386 ], [ 2.17486871, 41.34860366 ], [ 2.17485938, 41.34868953 ], [ 2.17486099, 41.34878889 ], [ 2.17486761, 41.34881416 ], [ 2.17488321, 41.34883742 ], [ 2.17493303, 41.34887786 ], [ 2.17494418, 41.34889406 ], [ 2.17491863, 41.34890109 ], [ 2.17490709, 41.34891515 ], [ 2.17490104, 41.34893105 ], [ 2.1749006, 41.34894681 ], [ 2.17494931, 41.34910299 ], [ 2.17497582, 41.34916173 ], [ 2.17501475, 41.34923109 ], [ 2.17502085, 41.34924942 ], [ 2.17501113, 41.34937627 ], [ 2.17501523, 41.34944854 ], [ 2.17502403, 41.34947166 ], [ 2.17503603, 41.34948652 ], [ 2.17505165, 41.34949933 ], [ 2.17508156, 41.34951621 ], [ 2.1750923, 41.34953665 ], [ 2.17507942, 41.34956213 ], [ 2.17506589, 41.34957375 ], [ 2.17506335, 41.34960463 ], [ 2.17506949, 41.34962908 ], [ 2.17510165, 41.34966696 ], [ 2.1751206, 41.34971898 ], [ 2.17512434, 41.34973513 ], [ 2.17511206, 41.34980837 ], [ 2.17512012, 41.34982302 ], [ 2.17513056, 41.3498294 ], [ 2.17514249, 41.3498311 ], [ 2.17520018, 41.34982548 ], [ 2.17520788, 41.34983094 ], [ 2.17520934, 41.34983861 ] ] ], [ [ [ 2.05896992, 41.43541978 ], [ 2.05881353, 41.43555721 ], [ 2.05831772, 41.43565944 ], [ 2.05810591, 41.43573877 ], [ 2.05766925, 41.43580636 ], [ 2.05767248, 41.43574873 ], [ 2.05772658, 41.43556633 ], [ 2.05772748, 41.43550418 ], [ 2.05766697, 41.43530192 ], [ 2.05765153, 41.43512795 ], [ 2.05749041, 41.43468257 ], [ 2.05748191, 41.43460774 ], [ 2.05750831, 41.43452058 ], [ 2.05756144, 41.43440572 ], [ 2.05788529, 41.43394449 ], [ 2.05790647, 41.43388702 ], [ 2.05790478, 41.43383837 ], [ 2.05789083, 41.43380943 ], [ 2.05778344, 41.43370406 ], [ 2.05767688, 41.43362392 ], [ 2.05763913, 41.43358578 ], [ 2.05760293, 41.43352334 ], [ 2.05759687, 41.43344582 ], [ 2.05762624, 41.43340103 ], [ 2.05770979, 41.43333416 ], [ 2.05773672, 41.43329294 ], [ 2.05776318, 41.43320128 ], [ 2.05778902, 41.43290425 ], [ 2.05785254, 41.43264986 ], [ 2.05785442, 41.43260304 ], [ 2.0584167, 41.43129529 ], [ 2.0584016, 41.4311798 ], [ 2.058438, 41.43089821 ], [ 2.05844237, 41.43042986 ], [ 2.05841233, 41.42994141 ], [ 2.05839335, 41.42976381 ], [ 2.05844845, 41.42959492 ], [ 2.05844719, 41.42918508 ], [ 2.05833018, 41.42900037 ], [ 2.05825804, 41.42877459 ], [ 2.05799244, 41.4282716 ], [ 2.05769025, 41.42789892 ], [ 2.05758216, 41.42751162 ], [ 2.05755423, 41.42712587 ], [ 2.05767867, 41.42679632 ], [ 2.05766497, 41.4264197 ], [ 2.05747285, 41.42621546 ], [ 2.05679052, 41.42581444 ], [ 2.0564284, 41.42569708 ], [ 2.05586781, 41.42548441 ], [ 2.05529908, 41.42542119 ], [ 2.05466331, 41.42527635 ], [ 2.05325746, 41.42500718 ], [ 2.05288557, 41.42482217 ], [ 2.05242925, 41.4244356 ], [ 2.05233291, 41.42423033 ], [ 2.05240743, 41.42420753 ], [ 2.05246169, 41.42418005 ], [ 2.05247995, 41.42415859 ], [ 2.05248015, 41.42406221 ], [ 2.05243311, 41.42392311 ], [ 2.05243833, 41.42389342 ], [ 2.0524737, 41.42384778 ], [ 2.05251604, 41.4238166 ], [ 2.05259185, 41.4237875 ], [ 2.05306223, 41.4237004 ], [ 2.05316088, 41.42366428 ], [ 2.05371898, 41.42314014 ], [ 2.05375916, 41.42309273 ], [ 2.05380347, 41.42300842 ], [ 2.0539204, 41.42286707 ], [ 2.05400089, 41.42284611 ], [ 2.05416049, 41.42273303 ], [ 2.05423251, 41.42271831 ], [ 2.05444185, 41.42272363 ], [ 2.05447687, 41.4227023 ], [ 2.05455378, 41.42251468 ], [ 2.05461724, 41.42242963 ], [ 2.05464379, 41.42241454 ], [ 2.05497356, 41.4223677 ], [ 2.05514545, 41.42231507 ], [ 2.05551319, 41.42229017 ], [ 2.05554456, 41.42227241 ], [ 2.05559458, 41.42220707 ], [ 2.05571677, 41.42211529 ], [ 2.05577542, 41.42203201 ], [ 2.05594114, 41.42190906 ], [ 2.05603496, 41.42187651 ], [ 2.05607984, 41.42183454 ], [ 2.05614331, 41.42174859 ], [ 2.05619027, 41.42172916 ], [ 2.05621936, 41.42170327 ], [ 2.05637998, 41.42143707 ], [ 2.05640309, 41.42141114 ], [ 2.05644413, 41.42138716 ], [ 2.0564649, 41.4213576 ], [ 2.05648524, 41.4212749 ], [ 2.05648628, 41.42120285 ], [ 2.05644134, 41.42100072 ], [ 2.05643959, 41.42095656 ], [ 2.05637751, 41.42078131 ], [ 2.05637711, 41.42047776 ], [ 2.05640038, 41.42044102 ], [ 2.05652302, 41.42031862 ], [ 2.05657067, 41.42025056 ], [ 2.05658459, 41.42019843 ], [ 2.05657129, 41.42012536 ], [ 2.05658068, 41.42005518 ], [ 2.05661822, 41.41994199 ], [ 2.05663297, 41.41974935 ], [ 2.05668115, 41.41964526 ], [ 2.05668869, 41.41953724 ], [ 2.05684088, 41.41927457 ], [ 2.05685633, 41.41919903 ], [ 2.05685368, 41.41913415 ], [ 2.05686501, 41.41909552 ], [ 2.0569403, 41.41901957 ], [ 2.05702123, 41.41896709 ], [ 2.05708191, 41.41890814 ], [ 2.05710767, 41.41886511 ], [ 2.05704515, 41.41880245 ], [ 2.05707114, 41.41874321 ], [ 2.05712131, 41.41866616 ], [ 2.0572502, 41.4185249 ], [ 2.05730093, 41.41840912 ], [ 2.05728106, 41.41829366 ], [ 2.05725976, 41.41827727 ], [ 2.05722383, 41.41819681 ], [ 2.05723022, 41.41816894 ], [ 2.05722115, 41.41813374 ], [ 2.05717512, 41.41809013 ], [ 2.05708791, 41.4178318 ], [ 2.05706805, 41.41779831 ], [ 2.05705805, 41.41766221 ], [ 2.05703283, 41.41750348 ], [ 2.05697288, 41.41726339 ], [ 2.0569778, 41.41717155 ], [ 2.05694641, 41.41694251 ], [ 2.05689746, 41.41685203 ], [ 2.05690593, 41.41676293 ], [ 2.05689423, 41.41666195 ], [ 2.05690183, 41.41663319 ], [ 2.05694547, 41.41659391 ], [ 2.05696278, 41.41655532 ], [ 2.05689903, 41.41599904 ], [ 2.05622585, 41.41563502 ], [ 2.0560857, 41.41531501 ], [ 2.05594436, 41.41515982 ], [ 2.05571672, 41.41501474 ], [ 2.05523167, 41.41446761 ], [ 2.05481738, 41.41415705 ], [ 2.05464091, 41.41394933 ], [ 2.05484544, 41.41340965 ], [ 2.05494239, 41.41296891 ], [ 2.05498905, 41.41218237 ], [ 2.05685195, 41.4103299 ], [ 2.05743784, 41.41033446 ], [ 2.05876513, 41.41064648 ], [ 2.05899606, 41.41098535 ], [ 2.05899323, 41.4115355 ], [ 2.05907429, 41.4122587 ], [ 2.05886951, 41.41245895 ], [ 2.05847265, 41.4126937 ], [ 2.05829133, 41.41282282 ], [ 2.05851758, 41.41274463 ], [ 2.05957989, 41.41279866 ], [ 2.06018695, 41.41268337 ], [ 2.06077825, 41.41272693 ], [ 2.06149267, 41.4129465 ], [ 2.06152224, 41.41304421 ], [ 2.06156465, 41.41311077 ], [ 2.06167614, 41.4131903 ], [ 2.0617309, 41.41325134 ], [ 2.06176486, 41.41328051 ], [ 2.06190925, 41.41338909 ], [ 2.06195052, 41.4134307 ], [ 2.06196347, 41.41345342 ], [ 2.06200034, 41.41358543 ], [ 2.06204843, 41.41366468 ], [ 2.06262655, 41.41360336 ], [ 2.0633817, 41.41357196 ], [ 2.06349607, 41.41355023 ], [ 2.06398809, 41.41416025 ], [ 2.06415788, 41.41428674 ], [ 2.06422452, 41.41445973 ], [ 2.06425457, 41.41452113 ], [ 2.06437727, 41.41502938 ], [ 2.06471092, 41.41559255 ], [ 2.064903, 41.41609297 ], [ 2.06498986, 41.41663224 ], [ 2.06471464, 41.41713645 ], [ 2.06440898, 41.41764515 ], [ 2.06428745, 41.41784056 ], [ 2.06458049, 41.41802623 ], [ 2.06566562, 41.41812778 ], [ 2.06678357, 41.41805913 ], [ 2.0672419, 41.4180824 ], [ 2.06757245, 41.41829441 ], [ 2.06811476, 41.41846126 ], [ 2.07003294, 41.41869212 ], [ 2.07048495, 41.4188121 ], [ 2.07023915, 41.42015517 ], [ 2.07017084, 41.42097735 ], [ 2.06996046, 41.42134309 ], [ 2.0697953, 41.42176611 ], [ 2.06987386, 41.42270295 ], [ 2.06954344, 41.42305174 ], [ 2.06939763, 41.42335409 ], [ 2.06967406, 41.42517608 ], [ 2.06933638, 41.42526506 ], [ 2.06765555, 41.42599162 ], [ 2.06704455, 41.42626654 ], [ 2.06701552, 41.42635774 ], [ 2.0670054, 41.42641576 ], [ 2.06701473, 41.42649143 ], [ 2.0670489, 41.42656571 ], [ 2.06708387, 41.42662535 ], [ 2.0671201, 41.42675165 ], [ 2.06711595, 41.42681466 ], [ 2.0671041, 41.42685065 ], [ 2.06697285, 41.4269888 ], [ 2.06686274, 41.42721571 ], [ 2.06681383, 41.42726976 ], [ 2.06680381, 41.42732189 ], [ 2.06681845, 41.42738847 ], [ 2.06685678, 41.42745417 ], [ 2.06692751, 41.42754065 ], [ 2.06695668, 41.42764654 ], [ 2.0670014, 41.42774064 ], [ 2.06711153, 41.42786977 ], [ 2.06716319, 41.42790535 ], [ 2.06729227, 41.42802951 ], [ 2.06744452, 41.42815949 ], [ 2.06746643, 41.42821268 ], [ 2.06745926, 41.42828963 ], [ 2.06743987, 41.42834851 ], [ 2.06744164, 41.42841651 ], [ 2.06746321, 41.42854067 ], [ 2.06749543, 41.42864217 ], [ 2.06757249, 41.42870303 ], [ 2.06771904, 41.42873982 ], [ 2.06776812, 41.42874699 ], [ 2.06786649, 41.42879687 ], [ 2.06786675, 41.42884947 ], [ 2.06788342, 41.42900753 ], [ 2.06783031, 41.42913091 ], [ 2.06776578, 41.42921584 ], [ 2.06773366, 41.42937645 ], [ 2.06781367, 41.42954478 ], [ 2.06739592, 41.42953525 ], [ 2.06665298, 41.42976619 ], [ 2.06641248, 41.42980937 ], [ 2.06596881, 41.43008034 ], [ 2.06553655, 41.42990382 ], [ 2.06458185, 41.42991487 ], [ 2.06410955, 41.43046026 ], [ 2.06366221, 41.43112763 ], [ 2.06346345, 41.43206995 ], [ 2.06331069, 41.43232201 ], [ 2.06330619, 41.43260639 ], [ 2.0633169, 41.43290447 ], [ 2.06309899, 41.43294835 ], [ 2.06290781, 41.43358317 ], [ 2.06212017, 41.43335835 ], [ 2.06092746, 41.43367709 ], [ 2.06002039, 41.43395525 ], [ 2.05983325, 41.43411572 ], [ 2.05949864, 41.43447841 ], [ 2.05936152, 41.4347864 ], [ 2.05931733, 41.43506643 ], [ 2.05935819, 41.43538782 ], [ 2.0591165, 41.43538134 ], [ 2.05896992, 41.43541978 ] ] ] ] } }
]
}
