{
"type": "FeatureCollection",
"name": "neighbourhoods",
"features": [
{ "type": "Feature", "properties": { "id": "01", "name": "el Raval", "housing2025": 23558.0, "housing2026": 23580.0, "hutCount": 247, "hutPending": 2, "hutAllRecords": 249, "hutStrictGeometry": 247, "hutBeds": 1388.0, "missingBeds": 0, "rent2019": 14.323614132049755, "rentMonth2019": 850.11234318299614, "contracts2019": 1929.0, "rent2020": 14.038781235917654, "rentMonth2020": 833.86822767552837, "contracts2020": 1467.0, "rent2021": 12.910850546960988, "rentMonth2021": 768.78294558162781, "contracts2021": 2003.0, "rent2022": 15.218871840797879, "rentMonth2022": 911.97413899139008, "contracts2022": 1626.0, "rent2023": 15.890005586104447, "rentMonth2023": 959.50234879867435, "contracts2023": 1207.0, "rent2024": 15.943019068419218, "rentMonth2024": 975.41558073654437, "contracts2024": 1059.0, "rent2025": 16.606813043923701, "rentMonth2025": 957.34416901408486, "contracts2025": 1065.0, "hutIntensity": 10.474978795589482, "hutInclusiveIntensity": 10.559796437659033, "hutStrictIntensity": 10.474978795589482, "rentChange": 9.1198691837663493, "contractIntensity": 45.207572799049153, "comparable": true, "validRent2025": true, "validRentChange": true, "validContractActivity": true, "qualityFlag": "pending_registry_records_retained_in_audit", "platform2025": 1330, "platformEntire2025": 697, "platformIntensity2025": 29.586552338908227, "overlapClass": "neither", "changeClass": "neither", "thresholdStable": false, "caseFlag": false }, "geometry": { "type": "Polygon", "coordinates": [ [ [ 2.1647138, 41.3859302 ], [ 2.1640108, 41.3853985 ], [ 2.1638342, 41.384125 ], [ 2.1635842, 41.3823192 ], [ 2.16349, 41.381642 ], [ 2.1633109, 41.3803497 ], [ 2.1630888, 41.378747 ], [ 2.1632142, 41.3786507 ], [ 2.1646673, 41.377535 ], [ 2.1654625, 41.3769244 ], [ 2.1661283, 41.3764132 ], [ 2.1667783, 41.375914 ], [ 2.1677882, 41.3751674 ], [ 2.1677969, 41.3749762 ], [ 2.1699986, 41.3749556 ], [ 2.1727305, 41.3747939 ], [ 2.1731868, 41.374767 ], [ 2.1735292, 41.3747468 ], [ 2.1750413, 41.3746495 ], [ 2.1751953, 41.3746377 ], [ 2.1752977, 41.3746214 ], [ 2.1754073, 41.3745814 ], [ 2.1755294, 41.3745085 ], [ 2.1757381, 41.374292 ], [ 2.1756054, 41.3742066 ], [ 2.1755037, 41.3740614 ], [ 2.1754593, 41.3739309 ], [ 2.17546, 41.3737961 ], [ 2.1755058, 41.3736659 ], [ 2.1755936, 41.3735485 ], [ 2.1756289, 41.3735211 ], [ 2.175554, 41.3734277 ], [ 2.1754728, 41.3733265 ], [ 2.1756384, 41.3732523 ], [ 2.1757294, 41.3732116 ], [ 2.175735, 41.3732091 ], [ 2.1758296, 41.3731668 ], [ 2.1758519, 41.3731568 ], [ 2.1758576, 41.3731543 ], [ 2.1758594, 41.3731535 ], [ 2.1758637, 41.3731515 ], [ 2.1758973, 41.3731361 ], [ 2.1760446, 41.3730702 ], [ 2.1760554, 41.3730652 ], [ 2.176061, 41.3730626 ], [ 2.1760661, 41.3730603 ], [ 2.1762005, 41.3729984 ], [ 2.1762917, 41.3729563 ], [ 2.1762991, 41.3729529 ], [ 2.1763024, 41.3729514 ], [ 2.1764383, 41.3729175 ], [ 2.1765299, 41.3728946 ], [ 2.17694, 41.372792 ], [ 2.1770949, 41.3727533 ], [ 2.1772881, 41.3725127 ], [ 2.1773212, 41.3724977 ], [ 2.1773539, 41.3724828 ], [ 2.1774521, 41.3724382 ], [ 2.1775252, 41.3724049 ], [ 2.1775985, 41.3723717 ], [ 2.1776201, 41.3723619 ], [ 2.1776216, 41.3723612 ], [ 2.1776212, 41.3723607 ], [ 2.1778288, 41.3722646 ], [ 2.181898, 41.3704148 ], [ 2.1819884, 41.3703759 ], [ 2.1820043, 41.370372 ], [ 2.1820214, 41.3703703 ], [ 2.1820389, 41.3703709 ], [ 2.1820561, 41.370374 ], [ 2.1820719, 41.3703792 ], [ 2.1820857, 41.3703863 ], [ 2.1820972, 41.3703946 ], [ 2.1822025, 41.3705237 ], [ 2.1830093, 41.3715354 ], [ 2.1830135, 41.3715466 ], [ 2.1830153, 41.3715588 ], [ 2.1830142, 41.3715714 ], [ 2.18301, 41.3715839 ], [ 2.1830028, 41.3715956 ], [ 2.1829931, 41.3716059 ], [ 2.1829815, 41.3716145 ], [ 2.1812757, 41.3723935 ], [ 2.1791666, 41.3733457 ], [ 2.1787755, 41.3735247 ], [ 2.1781238, 41.3738184 ], [ 2.1782708, 41.3740065 ], [ 2.1781381, 41.3740675 ], [ 2.1779763, 41.3741383 ], [ 2.1784793, 41.3747665 ], [ 2.1784786, 41.3747668 ], [ 2.1784483, 41.3747806 ], [ 2.178408, 41.3747989 ], [ 2.1783176, 41.3748376 ], [ 2.1782263, 41.3748799 ], [ 2.1781556, 41.3749127 ], [ 2.1781065, 41.3749353 ], [ 2.1781063, 41.3749354 ], [ 2.1781028, 41.374937 ], [ 2.1780702, 41.3749886 ], [ 2.1780586, 41.3750069 ], [ 2.1780501, 41.3750111 ], [ 2.1780081, 41.3750316 ], [ 2.1779861, 41.3750419 ], [ 2.1778765, 41.3750931 ], [ 2.1778478, 41.3751064 ], [ 2.1778467, 41.3751069 ], [ 2.1778199, 41.3751194 ], [ 2.1778179, 41.3751169 ], [ 2.1778147, 41.3751129 ], [ 2.1778043, 41.3751178 ], [ 2.177783, 41.3751276 ], [ 2.1777863, 41.3751316 ], [ 2.177788, 41.3751338 ], [ 2.177774, 41.3751403 ], [ 2.1777722, 41.3751381 ], [ 2.1777689, 41.3751341 ], [ 2.1777342, 41.3751503 ], [ 2.1777368, 41.3751535 ], [ 2.1777374, 41.3751543 ], [ 2.1777395, 41.3751569 ], [ 2.1777277, 41.3751623 ], [ 2.1777251, 41.3751635 ], [ 2.1776053, 41.3752188 ], [ 2.1775605, 41.3752394 ], [ 2.1775286, 41.3752542 ], [ 2.1774509, 41.3752903 ], [ 2.1774508, 41.3752904 ], [ 2.1774201, 41.3753046 ], [ 2.1773802, 41.3753231 ], [ 2.1775133, 41.375516 ], [ 2.177462, 41.3755517 ], [ 2.1774212, 41.3755955 ], [ 2.1773937, 41.3756446 ], [ 2.1773798, 41.3757048 ], [ 2.1773854, 41.3757955 ], [ 2.1774192, 41.3758846 ], [ 2.1774789, 41.3759648 ], [ 2.1775174, 41.3760003 ], [ 2.1768591, 41.3767127 ], [ 2.1760043, 41.3778303 ], [ 2.175774, 41.3782263 ], [ 2.1757508, 41.3782663 ], [ 2.1755219, 41.378651 ], [ 2.1754345, 41.3787709 ], [ 2.1751029, 41.3790454 ], [ 2.1747024, 41.3795089 ], [ 2.1741565, 41.3801408 ], [ 2.1740704, 41.3802375 ], [ 2.1736645, 41.3807082 ], [ 2.1732996, 41.3811276 ], [ 2.1731634, 41.3812842 ], [ 2.1731607, 41.3812873 ], [ 2.1724098, 41.3821525 ], [ 2.1719596, 41.3826796 ], [ 2.1717218, 41.3829999 ], [ 2.1709615, 41.3841488 ], [ 2.1706603, 41.3845958 ], [ 2.1705092, 41.3848201 ], [ 2.1705171, 41.3848143 ], [ 2.1700811, 41.3854852 ], [ 2.1699633, 41.3856665 ], [ 2.1697689, 41.3855737 ], [ 2.1693583, 41.3855397 ], [ 2.1647138, 41.3859302 ] ] ] } },
{ "type": "Feature", "properties": { "id": "02", "name": "el Barri Gòtic", "housing2025": 10475.0, "housing2026": 10478.0, "hutCount": 238, "hutPending": 1, "hutAllRecords": 239, "hutStrictGeometry": 238, "hutBeds": 1263.0, "missingBeds": 0, "rent2019": 14.298789695601281, "rentMonth2019": 1097.2901235955055, "contracts2019": 890.0, "rent2020": 13.633715413462417, "rentMonth2020": 1035.7777123287672, "contracts2020": 730.0, "rent2021": 12.592373902608839, "rentMonth2021": 947.0674952380956, "contracts2021": 1050.0, "rent2022": 15.64870069036388, "rentMonth2022": 1133.3602040816329, "contracts2022": 882.0, "rent2023": 16.436274260181822, "rentMonth2023": 1265.3793811074918, "contracts2023": 614.0, "rent2024": 16.221308828826771, "rentMonth2024": 1195.3673207126949, "contracts2024": 449.0, "rent2025": 16.488115063792101, "rentMonth2025": 1172.0456433823499, "contracts2025": 544.0, "hutIntensity": 22.714258446268371, "hutInclusiveIntensity": 22.809696506966979, "hutStrictIntensity": 22.714258446268371, "rentChange": 5.3641154626026699, "contractIntensity": 51.933174224343674, "comparable": true, "validRent2025": true, "validRentChange": true, "validContractActivity": true, "qualityFlag": "pending_registry_records_retained_in_audit", "platform2025": 1167, "platformEntire2025": 653, "platformIntensity2025": 62.338902147971361, "overlapClass": "tourism", "changeClass": "tourism", "thresholdStable": true, "caseFlag": false }, "geometry": { "type": "Polygon", "coordinates": [ [ [ 2.1770142, 41.3852484 ], [ 2.1765805, 41.3855785 ], [ 2.1757224, 41.3862369 ], [ 2.1750321, 41.3867676 ], [ 2.1742833, 41.3873341 ], [ 2.1727622, 41.3884706 ], [ 2.1717023, 41.387263 ], [ 2.1715102, 41.3870441 ], [ 2.171336, 41.3869496 ], [ 2.171138, 41.3868422 ], [ 2.1702843, 41.3858786 ], [ 2.170133, 41.3857656 ], [ 2.1699633, 41.3856665 ], [ 2.1700811, 41.3854852 ], [ 2.1705171, 41.3848143 ], [ 2.1705092, 41.3848201 ], [ 2.1706603, 41.3845958 ], [ 2.1709615, 41.3841488 ], [ 2.1717218, 41.3829999 ], [ 2.1719596, 41.3826796 ], [ 2.1724098, 41.3821525 ], [ 2.1731607, 41.3812873 ], [ 2.1731634, 41.3812842 ], [ 2.1732996, 41.3811276 ], [ 2.1736645, 41.3807082 ], [ 2.1740704, 41.3802375 ], [ 2.1741565, 41.3801408 ], [ 2.1747024, 41.3795089 ], [ 2.1751029, 41.3790454 ], [ 2.1754345, 41.3787709 ], [ 2.1755219, 41.378651 ], [ 2.1757508, 41.3782663 ], [ 2.175774, 41.3782263 ], [ 2.1760043, 41.3778303 ], [ 2.1768591, 41.3767127 ], [ 2.1775174, 41.3760003 ], [ 2.1774789, 41.3759648 ], [ 2.1774192, 41.3758846 ], [ 2.1773854, 41.3757955 ], [ 2.1773798, 41.3757048 ], [ 2.1773937, 41.3756446 ], [ 2.1774212, 41.3755955 ], [ 2.177462, 41.3755517 ], [ 2.1775133, 41.375516 ], [ 2.1773802, 41.3753231 ], [ 2.1774201, 41.3753046 ], [ 2.1774508, 41.3752904 ], [ 2.1774509, 41.3752903 ], [ 2.1775286, 41.3752542 ], [ 2.1775605, 41.3752394 ], [ 2.1776053, 41.3752188 ], [ 2.1777251, 41.3751635 ], [ 2.1777277, 41.3751623 ], [ 2.1777395, 41.3751569 ], [ 2.1777374, 41.3751543 ], [ 2.1777368, 41.3751535 ], [ 2.1777342, 41.3751503 ], [ 2.1777689, 41.3751341 ], [ 2.1777722, 41.3751381 ], [ 2.177774, 41.3751403 ], [ 2.177788, 41.3751338 ], [ 2.1777863, 41.3751316 ], [ 2.177783, 41.3751276 ], [ 2.1778043, 41.3751178 ], [ 2.1778147, 41.3751129 ], [ 2.1778179, 41.3751169 ], [ 2.1778199, 41.3751194 ], [ 2.1778467, 41.3751069 ], [ 2.1778478, 41.3751064 ], [ 2.1778765, 41.3750931 ], [ 2.1779861, 41.3750419 ], [ 2.1780081, 41.3750316 ], [ 2.1780501, 41.3750111 ], [ 2.1780586, 41.3750069 ], [ 2.1780702, 41.3749886 ], [ 2.1781028, 41.374937 ], [ 2.1781063, 41.3749354 ], [ 2.1781065, 41.3749353 ], [ 2.1781556, 41.3749127 ], [ 2.1782263, 41.3748799 ], [ 2.1783176, 41.3748376 ], [ 2.178408, 41.3747989 ], [ 2.1784483, 41.3747806 ], [ 2.1784786, 41.3747668 ], [ 2.1784793, 41.3747665 ], [ 2.1785845, 41.374898 ], [ 2.1786095, 41.3749313 ], [ 2.1799394, 41.3765888 ], [ 2.1802469, 41.3769788 ], [ 2.1803697, 41.377129 ], [ 2.1807323, 41.3775847 ], [ 2.1808749, 41.3777588 ], [ 2.1810981, 41.3780425 ], [ 2.1821747, 41.3793875 ], [ 2.1822778, 41.3795207 ], [ 2.1823047, 41.3795517 ], [ 2.1823895, 41.3795131 ], [ 2.1824651, 41.379481 ], [ 2.1825096, 41.3794596 ], [ 2.1826172, 41.3791679 ], [ 2.1826821, 41.3790098 ], [ 2.1827769, 41.3787734 ], [ 2.1828515, 41.3785757 ], [ 2.1829683, 41.3782769 ], [ 2.1831784, 41.3777296 ], [ 2.1832536, 41.37755 ], [ 2.1831082, 41.3773694 ], [ 2.182597, 41.3767248 ], [ 2.1824154, 41.3764928 ], [ 2.1815056, 41.3753547 ], [ 2.1815877, 41.3750872 ], [ 2.1816533, 41.374888 ], [ 2.1825692, 41.3744711 ], [ 2.1829235, 41.3743145 ], [ 2.1830575, 41.3743389 ], [ 2.1831896, 41.3744995 ], [ 2.1834495, 41.3748324 ], [ 2.183584, 41.3750006 ], [ 2.1836134, 41.3750401 ], [ 2.184295, 41.375893 ], [ 2.1844969, 41.3761486 ], [ 2.1846264, 41.3763157 ], [ 2.184637, 41.3763271 ], [ 2.1847211, 41.3764368 ], [ 2.1848741, 41.3766306 ], [ 2.1849661, 41.3767407 ], [ 2.1849929, 41.3767466 ], [ 2.1848716, 41.3770508 ], [ 2.1847318, 41.3774175 ], [ 2.1845108, 41.3779733 ], [ 2.1842704, 41.3785981 ], [ 2.1841701, 41.3788651 ], [ 2.1838536, 41.3796764 ], [ 2.1837485, 41.3799536 ], [ 2.1836489, 41.3801985 ], [ 2.1835505, 41.3804536 ], [ 2.1835009, 41.3805077 ], [ 2.1831641, 41.3806444 ], [ 2.1831598, 41.3806551 ], [ 2.1831445, 41.3806932 ], [ 2.1831421, 41.3806992 ], [ 2.1831381, 41.3807048 ], [ 2.1831327, 41.3807097 ], [ 2.1831263, 41.3807136 ], [ 2.1831183, 41.3807193 ], [ 2.1831091, 41.3807242 ], [ 2.1830989, 41.3807282 ], [ 2.1830903, 41.3807304 ], [ 2.1830906, 41.3807314 ], [ 2.1830872, 41.3807328 ], [ 2.182909, 41.3808076 ], [ 2.1828718, 41.3808232 ], [ 2.1828659, 41.3808255 ], [ 2.1828275, 41.3808414 ], [ 2.1828213, 41.3808342 ], [ 2.1827742, 41.3808528 ], [ 2.1827807, 41.3808607 ], [ 2.1826085, 41.3809316 ], [ 2.1826027, 41.3809565 ], [ 2.1825546, 41.3811612 ], [ 2.1825419, 41.3811708 ], [ 2.1824935, 41.3812074 ], [ 2.182446, 41.3812433 ], [ 2.1824341, 41.3812572 ], [ 2.1824251, 41.3812723 ], [ 2.1824223, 41.3812787 ], [ 2.1824205, 41.3812855 ], [ 2.1824198, 41.3812925 ], [ 2.18242, 41.3812973 ], [ 2.1822671, 41.3813707 ], [ 2.1822225, 41.381388 ], [ 2.1819293, 41.3815679 ], [ 2.1816952, 41.3817442 ], [ 2.1816951, 41.3817443 ], [ 2.1809054, 41.3823269 ], [ 2.1800193, 41.3829985 ], [ 2.1788469, 41.3838799 ], [ 2.1787349, 41.3839632 ], [ 2.1770142, 41.3852484 ] ] ] } },
{ "type": "Feature", "properties": { "id": "03", "name": "la Barceloneta", "housing2025": 9255.0, "housing2026": 9206.0, "hutCount": 85, "hutPending": 33, "hutAllRecords": 118, "hutStrictGeometry": 85, "hutBeds": 241.0, "missingBeds": 0, "rent2019": 17.400464569693909, "rentMonth2019": 895.89703896103924, "contracts2019": 385.0, "rent2020": 17.283146098294704, "rentMonth2020": 867.94989051094876, "contracts2020": 274.0, "rent2021": 15.997813482563371, "rentMonth2021": 827.08848066298333, "contracts2021": 362.0, "rent2022": 18.771756560847113, "rentMonth2022": 944.02557184750731, "contracts2022": 341.0, "rent2023": 18.984795002896565, "rentMonth2023": 991.02953389830509, "contracts2023": 236.0, "rent2024": 19.97192233216883, "rentMonth2024": 1015.337170731707, "contracts2024": 205.0, "rent2025": 22.698405220336895, "rentMonth2025": 881.03149553571404, "contracts2025": 448.0, "hutIntensity": 9.2331088420595258, "hutInclusiveIntensity": 12.817727568976755, "hutStrictIntensity": 9.2331088420595258, "rentChange": 20.917854153722224, "contractIntensity": 48.406266882766076, "comparable": true, "validRent2025": true, "validRentChange": true, "validContractActivity": true, "qualityFlag": "pending_registry_records_retained_in_audit", "platform2025": 482, "platformEntire2025": 390, "platformIntensity2025": 42.139384116693677, "overlapClass": "rent", "changeClass": "rent", "thresholdStable": false, "caseFlag": false }, "geometry": { "type": "Polygon", "coordinates": [ [ [ 2.1962288, 41.3874542 ], [ 2.1961727, 41.3874586 ], [ 2.1961111, 41.3874717 ], [ 2.196058, 41.3874884 ], [ 2.1959978, 41.3875117 ], [ 2.1959494, 41.3875383 ], [ 2.1959064, 41.3875708 ], [ 2.1958649, 41.3876124 ], [ 2.1958379, 41.3876481 ], [ 2.1958146, 41.3876963 ], [ 2.1958026, 41.3877488 ], [ 2.1958026, 41.3877858 ], [ 2.1958062, 41.3878134 ], [ 2.1957546, 41.3878524 ], [ 2.1935999, 41.3862596 ], [ 2.1935727, 41.3862395 ], [ 2.193272, 41.3860133 ], [ 2.1931938, 41.3859549 ], [ 2.1931159, 41.3858955 ], [ 2.1930261, 41.3858301 ], [ 2.1929355, 41.3857656 ], [ 2.1928441, 41.3857018 ], [ 2.1927642, 41.3856468 ], [ 2.1926834, 41.3855923 ], [ 2.1926018, 41.3855383 ], [ 2.1925357, 41.385496 ], [ 2.192469, 41.3854543 ], [ 2.1924017, 41.3854129 ], [ 2.1922108, 41.3852997 ], [ 2.1920158, 41.3851905 ], [ 2.1914002, 41.3848647 ], [ 2.1912625, 41.3847859 ], [ 2.1911113, 41.3847098 ], [ 2.1909289, 41.3846188 ], [ 2.190746, 41.3845284 ], [ 2.1905331, 41.3844238 ], [ 2.1903194, 41.3843201 ], [ 2.1901053, 41.3842171 ], [ 2.1899943, 41.3841646 ], [ 2.1898838, 41.3841119 ], [ 2.1897732, 41.3840589 ], [ 2.1895324, 41.3839453 ], [ 2.1894702, 41.383916 ], [ 2.1894511, 41.383907 ], [ 2.189378, 41.3838726 ], [ 2.1892236, 41.3838001 ], [ 2.1890689, 41.3837276 ], [ 2.1889066, 41.3836525 ], [ 2.1887443, 41.3835775 ], [ 2.1885818, 41.3835025 ], [ 2.1881815, 41.3833201 ], [ 2.1881774, 41.3833183 ], [ 2.1876247, 41.3830644 ], [ 2.1868682, 41.3827169 ], [ 2.1864172, 41.3825096 ], [ 2.1857616, 41.3822068 ], [ 2.1855733, 41.3822845 ], [ 2.1846184, 41.3827359 ], [ 2.18457, 41.3826806 ], [ 2.1844555, 41.3825515 ], [ 2.1843461, 41.3824241 ], [ 2.1842325, 41.3822918 ], [ 2.1841189, 41.3821595 ], [ 2.1842393, 41.382106 ], [ 2.1842821, 41.3820863 ], [ 2.1842417, 41.3820373 ], [ 2.1842336, 41.3820275 ], [ 2.184207, 41.3819953 ], [ 2.1842059, 41.3819939 ], [ 2.1841856, 41.3819699 ], [ 2.1841546, 41.3819332 ], [ 2.1841508, 41.3819287 ], [ 2.1841477, 41.3819251 ], [ 2.1841319, 41.3819063 ], [ 2.1841027, 41.3818718 ], [ 2.1840721, 41.3818356 ], [ 2.1840668, 41.3818293 ], [ 2.1839752, 41.3817209 ], [ 2.1839537, 41.3816954 ], [ 2.1839175, 41.3816526 ], [ 2.1838967, 41.381628 ], [ 2.1838586, 41.381583 ], [ 2.1838012, 41.3815149 ], [ 2.1836601, 41.381348 ], [ 2.1836, 41.3812769 ], [ 2.1834961, 41.3812738 ], [ 2.1831213, 41.3812625 ], [ 2.1830113, 41.381257 ], [ 2.182914, 41.3812539 ], [ 2.1828755, 41.3812527 ], [ 2.1827248, 41.3812479 ], [ 2.1825357, 41.3812419 ], [ 2.1824727, 41.3812721 ], [ 2.1824673, 41.3812747 ], [ 2.18242, 41.3812973 ], [ 2.1824198, 41.3812925 ], [ 2.1824205, 41.3812855 ], [ 2.1824223, 41.3812787 ], [ 2.1824251, 41.3812723 ], [ 2.1824341, 41.3812572 ], [ 2.182446, 41.3812433 ], [ 2.1824935, 41.3812074 ], [ 2.1825419, 41.3811708 ], [ 2.1825546, 41.3811612 ], [ 2.1826027, 41.3809565 ], [ 2.1826085, 41.3809316 ], [ 2.1827807, 41.3808607 ], [ 2.1827742, 41.3808528 ], [ 2.1828213, 41.3808342 ], [ 2.1828275, 41.3808414 ], [ 2.1828659, 41.3808255 ], [ 2.1828718, 41.3808232 ], [ 2.182909, 41.3808076 ], [ 2.1830872, 41.3807328 ], [ 2.1830906, 41.3807314 ], [ 2.1830903, 41.3807304 ], [ 2.1830989, 41.3807282 ], [ 2.1831091, 41.3807242 ], [ 2.1831183, 41.3807193 ], [ 2.1831263, 41.3807136 ], [ 2.1831327, 41.3807097 ], [ 2.1831381, 41.3807048 ], [ 2.1831421, 41.3806992 ], [ 2.1831445, 41.3806932 ], [ 2.1831598, 41.3806551 ], [ 2.1831641, 41.3806444 ], [ 2.1835009, 41.3805077 ], [ 2.1835505, 41.3804536 ], [ 2.1846571, 41.3807052 ], [ 2.1846709, 41.3807037 ], [ 2.185917, 41.38011 ], [ 2.1860467, 41.3797876 ], [ 2.185945, 41.3797644 ], [ 2.1860291, 41.3795546 ], [ 2.1864461, 41.3796493 ], [ 2.1871152, 41.3779769 ], [ 2.1872636, 41.3775987 ], [ 2.1864365, 41.3774108 ], [ 2.1864421, 41.3773351 ], [ 2.1871974, 41.3772268 ], [ 2.1871253, 41.3769372 ], [ 2.1870583, 41.3766828 ], [ 2.1870573, 41.3766721 ], [ 2.1870446, 41.3766318 ], [ 2.1870446, 41.3766238 ], [ 2.1869417, 41.3762272 ], [ 2.1869416, 41.3762153 ], [ 2.1869116, 41.3760839 ], [ 2.1868947, 41.3760097 ], [ 2.186602, 41.37605 ], [ 2.1868352, 41.375907 ], [ 2.1868471, 41.3759576 ], [ 2.1868802, 41.3759532 ], [ 2.1868329, 41.3757687 ], [ 2.1868505, 41.3757657 ], [ 2.1868308, 41.3756879 ], [ 2.1868342, 41.3756755 ], [ 2.1869268, 41.3756248 ], [ 2.1863606, 41.3754097 ], [ 2.1859827, 41.3752707 ], [ 2.1856777, 41.3751447 ], [ 2.1853955, 41.3750347 ], [ 2.1853704, 41.3750226 ], [ 2.1853359, 41.3750004 ], [ 2.1853067, 41.3749755 ], [ 2.1850348, 41.3750004 ], [ 2.1848327, 41.3750189 ], [ 2.18473, 41.3750283 ], [ 2.1847284, 41.3750189 ], [ 2.1847254, 41.3750005 ], [ 2.184721, 41.3749734 ], [ 2.1852707, 41.3749225 ], [ 2.1852668, 41.3749041 ], [ 2.1852632, 41.3748729 ], [ 2.1852079, 41.3745312 ], [ 2.184548, 41.374638 ], [ 2.1845352, 41.374584 ], [ 2.1851979, 41.3744755 ], [ 2.185137, 41.3740828 ], [ 2.1844921, 41.374222 ], [ 2.1844697, 41.3741684 ], [ 2.1851286, 41.3740269 ], [ 2.1850663, 41.3736377 ], [ 2.1844735, 41.3738143 ], [ 2.1844467, 41.3737631 ], [ 2.185058, 41.373581 ], [ 2.1850035, 41.3732325 ], [ 2.1849425, 41.3732129 ], [ 2.1844225, 41.3734098 ], [ 2.1843922, 41.3733593 ], [ 2.1849872, 41.3731348 ], [ 2.1849298, 41.3727892 ], [ 2.1848742, 41.3727728 ], [ 2.1843015, 41.3730335 ], [ 2.1842642, 41.3729869 ], [ 2.1849253, 41.3726836 ], [ 2.1849324, 41.3726739 ], [ 2.1849067, 41.372658 ], [ 2.1842448, 41.3729647 ], [ 2.1842335, 41.3729509 ], [ 2.1848921, 41.3726457 ], [ 2.1849836, 41.3726414 ], [ 2.1849939, 41.3726378 ], [ 2.1850667, 41.3726315 ], [ 2.1855325, 41.3725911 ], [ 2.1855488, 41.372591 ], [ 2.1855656, 41.372593 ], [ 2.1855822, 41.3725972 ], [ 2.1855978, 41.3726037 ], [ 2.1856117, 41.3726122 ], [ 2.1856232, 41.3726222 ], [ 2.185632, 41.3726332 ], [ 2.185638, 41.3726446 ], [ 2.185786, 41.3735797 ], [ 2.1859343, 41.3745319 ], [ 2.1866605, 41.3748152 ], [ 2.1874892, 41.374557 ], [ 2.1872341, 41.3740771 ], [ 2.1872141, 41.3740443 ], [ 2.1872083, 41.3740464 ], [ 2.1871185, 41.3738741 ], [ 2.1869504, 41.3737073 ], [ 2.1868019, 41.37356 ], [ 2.1868388, 41.3735388 ], [ 2.1868445, 41.3735398 ], [ 2.187092, 41.3737877 ], [ 2.1869809, 41.3735878 ], [ 2.1868186, 41.3732873 ], [ 2.1871213, 41.3731938 ], [ 2.1875456, 41.3731563 ], [ 2.1875, 41.3728643 ], [ 2.1874032, 41.3722783 ], [ 2.1870925, 41.3723041 ], [ 2.1865065, 41.372357 ], [ 2.1859244, 41.3724059 ], [ 2.1859204, 41.3724048 ], [ 2.1857965, 41.3716925 ], [ 2.185798, 41.3716887 ], [ 2.1858026, 41.371687 ], [ 2.1861643, 41.371654 ], [ 2.1861522, 41.3715881 ], [ 2.1857976, 41.3716187 ], [ 2.185792, 41.3716169 ], [ 2.1857895, 41.3716104 ], [ 2.1857693, 41.3714944 ], [ 2.1857702, 41.3714879 ], [ 2.1857731, 41.371485 ], [ 2.1858077, 41.3714821 ], [ 2.1857676, 41.371209 ], [ 2.1865112, 41.3711477 ], [ 2.1865134, 41.371163 ], [ 2.1872137, 41.3711027 ], [ 2.1871429, 41.3706437 ], [ 2.1865716, 41.3707062 ], [ 2.1865112, 41.3707114 ], [ 2.1853507, 41.3708337 ], [ 2.1849738, 41.3708695 ], [ 2.1847846, 41.3708934 ], [ 2.1847095, 41.3709002 ], [ 2.1846913, 41.3708992 ], [ 2.184664, 41.3708926 ], [ 2.1846401, 41.3708801 ], [ 2.1846225, 41.3708635 ], [ 2.1846122, 41.3708452 ], [ 2.184562, 41.3705444 ], [ 2.1845603, 41.3705174 ], [ 2.1845676, 41.3704909 ], [ 2.1845788, 41.3704755 ], [ 2.1845947, 41.3704622 ], [ 2.1846142, 41.3704519 ], [ 2.1846357, 41.3704454 ], [ 2.1849643, 41.370416 ], [ 2.1849565, 41.3703586 ], [ 2.184948, 41.370359 ], [ 2.1849193, 41.3701892 ], [ 2.1847041, 41.3690141 ], [ 2.1846244, 41.3686055 ], [ 2.1846349, 41.3685804 ], [ 2.1846467, 41.3685654 ], [ 2.184663, 41.3685523 ], [ 2.1846828, 41.3685419 ], [ 2.1847048, 41.3685349 ], [ 2.1850195, 41.3684992 ], [ 2.1851925, 41.3684816 ], [ 2.1851452, 41.3682185 ], [ 2.1851604, 41.3682167 ], [ 2.1851453, 41.3681439 ], [ 2.1851487, 41.3681437 ], [ 2.1851459, 41.3681264 ], [ 2.1851504, 41.368126 ], [ 2.1851469, 41.3681043 ], [ 2.1852402, 41.3680958 ], [ 2.1852481, 41.3681448 ], [ 2.1856884, 41.3681011 ], [ 2.1856796, 41.3680437 ], [ 2.18582, 41.3680314 ], [ 2.1858206, 41.368035 ], [ 2.1858601, 41.3680316 ], [ 2.1858594, 41.3680273 ], [ 2.1858734, 41.3680261 ], [ 2.1858746, 41.3680341 ], [ 2.1859535, 41.3680272 ], [ 2.1859943, 41.3682572 ], [ 2.1859762, 41.368259 ], [ 2.1859783, 41.3682707 ], [ 2.1859715, 41.3682713 ], [ 2.1859762, 41.3682978 ], [ 2.1859845, 41.368297 ], [ 2.185988, 41.368317 ], [ 2.1859512, 41.3683171 ], [ 2.1859488, 41.368354 ], [ 2.1859398, 41.368386 ], [ 2.1859184, 41.3684107 ], [ 2.1858868, 41.368433 ], [ 2.1858605, 41.3684479 ], [ 2.1859623, 41.3690271 ], [ 2.1861736, 41.3701256 ], [ 2.1872018, 41.3700069 ], [ 2.1868801, 41.3683009 ], [ 2.1869727, 41.368291 ], [ 2.1868613, 41.3677964 ], [ 2.1868176, 41.367576 ], [ 2.1867305, 41.3671634 ], [ 2.1866808, 41.3669123 ], [ 2.1862524, 41.3664089 ], [ 2.1860275, 41.3661507 ], [ 2.1857603, 41.3658245 ], [ 2.1854817, 41.3655017 ], [ 2.1854632, 41.3654755 ], [ 2.1853638, 41.3653585 ], [ 2.1851333, 41.3656872 ], [ 2.1850874, 41.3657035 ], [ 2.1849761, 41.3656697 ], [ 2.1849343, 41.365631 ], [ 2.1849303, 41.3655932 ], [ 2.184936, 41.3652563 ], [ 2.1851317, 41.3652961 ], [ 2.1852887, 41.3648235 ], [ 2.1853128, 41.3647509 ], [ 2.1853665, 41.3647192 ], [ 2.18543, 41.3647146 ], [ 2.18555, 41.3647605 ], [ 2.1856079, 41.3647495 ], [ 2.1856503, 41.3646885 ], [ 2.1857178, 41.3645914 ], [ 2.1857593, 41.3645318 ], [ 2.1857884, 41.36449 ], [ 2.1858577, 41.3643904 ], [ 2.185973, 41.3642247 ], [ 2.1860713, 41.3641861 ], [ 2.1862814, 41.3641062 ], [ 2.1864078, 41.3640607 ], [ 2.1864821, 41.3640366 ], [ 2.1865348, 41.3640315 ], [ 2.186596, 41.3640342 ], [ 2.1866486, 41.3640453 ], [ 2.1867031, 41.3640679 ], [ 2.1867434, 41.3640946 ], [ 2.1867662, 41.3641131 ], [ 2.1867944, 41.364141 ], [ 2.1867925, 41.3641625 ], [ 2.186778, 41.3641788 ], [ 2.1865253, 41.3642715 ], [ 2.1861549, 41.3644075 ], [ 2.1861001, 41.3644862 ], [ 2.1859491, 41.3647032 ], [ 2.185864, 41.3648255 ], [ 2.1858624, 41.3648521 ], [ 2.1858708, 41.3648848 ], [ 2.1859204, 41.364937 ], [ 2.1863143, 41.3652052 ], [ 2.1866898, 41.3655043 ], [ 2.1868396, 41.365673 ], [ 2.1870362, 41.3659105 ], [ 2.1871046, 41.3660236 ], [ 2.1871567, 41.3661079 ], [ 2.1872646, 41.3662507 ], [ 2.1873283, 41.3664058 ], [ 2.1873961, 41.3665652 ], [ 2.1874437, 41.3666863 ], [ 2.1874547, 41.3667315 ], [ 2.1874599, 41.3667573 ], [ 2.1874755, 41.3667541 ], [ 2.187531, 41.3667689 ], [ 2.1875582, 41.366784 ], [ 2.1876555, 41.3668953 ], [ 2.1877753, 41.3670801 ], [ 2.1878958, 41.3672306 ], [ 2.1879344, 41.3672563 ], [ 2.1880603, 41.3672214 ], [ 2.1883262, 41.3671049 ], [ 2.1889165, 41.3668604 ], [ 2.1892453, 41.3667441 ], [ 2.1892833, 41.3667172 ], [ 2.1893012, 41.3666976 ], [ 2.1893018, 41.3666381 ], [ 2.1892825, 41.3665823 ], [ 2.1892275, 41.3665261 ], [ 2.1890101, 41.3661839 ], [ 2.1889664, 41.3661154 ], [ 2.1887874, 41.365867 ], [ 2.1885883, 41.3655564 ], [ 2.1875925, 41.3640175 ], [ 2.1875, 41.3638339 ], [ 2.1875, 41.3637116 ], [ 2.1874144, 41.3635754 ], [ 2.1872626, 41.3634213 ], [ 2.1871917, 41.3634414 ], [ 2.1870644, 41.363437 ], [ 2.1868722, 41.3634092 ], [ 2.1867338, 41.3633644 ], [ 2.1867121, 41.3633337 ], [ 2.1866888, 41.3632876 ], [ 2.1866798, 41.3632172 ], [ 2.187133, 41.3631273 ], [ 2.1871628, 41.3630786 ], [ 2.1871336, 41.362963 ], [ 2.1870947, 41.3628515 ], [ 2.186948, 41.3624391 ], [ 2.1868671, 41.362226 ], [ 2.1868046, 41.3620409 ], [ 2.1867926, 41.3620131 ], [ 2.1867644, 41.3619584 ], [ 2.186723, 41.3618622 ], [ 2.1866862, 41.3617517 ], [ 2.1866467, 41.3616242 ], [ 2.186626, 41.3616267 ], [ 2.1865433, 41.3614068 ], [ 2.186458, 41.3611906 ], [ 2.1862588, 41.3606673 ], [ 2.185985, 41.359964 ], [ 2.1858694, 41.3596728 ], [ 2.1857742, 41.3594123 ], [ 2.1855115, 41.3587157 ], [ 2.1852808, 41.3581126 ], [ 2.1851222, 41.3581453 ], [ 2.1850568, 41.3579806 ], [ 2.1850368, 41.3579776 ], [ 2.1846616, 41.3580599 ], [ 2.1845988, 41.3579029 ], [ 2.1853606, 41.3577342 ], [ 2.1854516, 41.357967 ], [ 2.1855256, 41.3581453 ], [ 2.1858362, 41.3589501 ], [ 2.1861119, 41.3596901 ], [ 2.1863714, 41.3603472 ], [ 2.1868487, 41.3615885 ], [ 2.1870873, 41.3615398 ], [ 2.1871453, 41.3617076 ], [ 2.1870854, 41.3617186 ], [ 2.187118, 41.3618035 ], [ 2.1875054, 41.3627942 ], [ 2.1877294, 41.3630834 ], [ 2.1877591, 41.3634711 ], [ 2.1880257, 41.3637876 ], [ 2.1883962, 41.3644568 ], [ 2.1886748, 41.3648878 ], [ 2.1890189, 41.3654201 ], [ 2.1892819, 41.365827 ], [ 2.1895506, 41.3662426 ], [ 2.1898122, 41.3666473 ], [ 2.1901277, 41.3670465 ], [ 2.1901588, 41.3671292 ], [ 2.1904532, 41.367639 ], [ 2.1907576, 41.3681099 ], [ 2.1909587, 41.3684209 ], [ 2.1911229, 41.3686749 ], [ 2.191287, 41.3689288 ], [ 2.1913986, 41.3691014 ], [ 2.1915946, 41.3694045 ], [ 2.1917224, 41.3696023 ], [ 2.191781, 41.3696929 ], [ 2.1918333, 41.3697739 ], [ 2.1918572, 41.3698107 ], [ 2.1918774, 41.369857 ], [ 2.19188, 41.369892 ], [ 2.1918758, 41.3699079 ], [ 2.1918653, 41.3699207 ], [ 2.1917938, 41.3699821 ], [ 2.1915699, 41.3700372 ], [ 2.1914614, 41.3699703 ], [ 2.1914603, 41.3699271 ], [ 2.1913231, 41.3697209 ], [ 2.1912521, 41.3696084 ], [ 2.1912183, 41.3695406 ], [ 2.1911526, 41.3694377 ], [ 2.191112, 41.3693948 ], [ 2.1909949, 41.3693784 ], [ 2.1908709, 41.3693952 ], [ 2.1905455, 41.369479 ], [ 2.1903475, 41.3695154 ], [ 2.1901619, 41.3696442 ], [ 2.1898461, 41.3699285 ], [ 2.1896918, 41.370158 ], [ 2.1895284, 41.3704952 ], [ 2.1894914, 41.3706891 ], [ 2.1894822, 41.3710964 ], [ 2.1895097, 41.3715622 ], [ 2.1896859, 41.3724104 ], [ 2.1902368, 41.373867 ], [ 2.1906355, 41.3747106 ], [ 2.1908628, 41.3751915 ], [ 2.191298, 41.3758365 ], [ 2.1916787, 41.3762388 ], [ 2.19195, 41.3764549 ], [ 2.1922313, 41.3766367 ], [ 2.1927691, 41.3768417 ], [ 2.1932066, 41.3769194 ], [ 2.1934139, 41.3769079 ], [ 2.1934424, 41.3769179 ], [ 2.1932011, 41.3770781 ], [ 2.1930721, 41.377263 ], [ 2.1929656, 41.3774157 ], [ 2.1928685, 41.377636 ], [ 2.1928184, 41.3779427 ], [ 2.1928715, 41.3784035 ], [ 2.1929562, 41.3786956 ], [ 2.1929682, 41.3787369 ], [ 2.1931835, 41.3791967 ], [ 2.1932903, 41.3793733 ], [ 2.1934175, 41.3795837 ], [ 2.1939473, 41.3802117 ], [ 2.1945048, 41.380709 ], [ 2.19489, 41.3809317 ], [ 2.194979, 41.3809694 ], [ 2.1965312, 41.3804099 ], [ 2.1965075, 41.3803643 ], [ 2.1965389, 41.3803045 ], [ 2.1965633, 41.3802892 ], [ 2.1965942, 41.3802714 ], [ 2.1966355, 41.3802522 ], [ 2.1967167, 41.3802391 ], [ 2.1968247, 41.3802578 ], [ 2.1969075, 41.3802821 ], [ 2.1969277, 41.3802973 ], [ 2.196932, 41.3803062 ], [ 2.1969343, 41.3803467 ], [ 2.1969206, 41.3804061 ], [ 2.1969415, 41.3804519 ], [ 2.1969266, 41.3805095 ], [ 2.1968961, 41.3805416 ], [ 2.1968258, 41.3805734 ], [ 2.1968177, 41.3805748 ], [ 2.1967105, 41.3805555 ], [ 2.1966973, 41.3805531 ], [ 2.1966802, 41.3805468 ], [ 2.1966482, 41.3805192 ], [ 2.1953519, 41.3809867 ], [ 2.1956805, 41.3815215 ], [ 2.1969607, 41.3810657 ], [ 2.1969389, 41.3810108 ], [ 2.196942, 41.3809959 ], [ 2.1969471, 41.380987 ], [ 2.1970244, 41.3809549 ], [ 2.1971109, 41.3809566 ], [ 2.1971661, 41.3809647 ], [ 2.1972035, 41.3809922 ], [ 2.1972527, 41.3810249 ], [ 2.1972714, 41.3810419 ], [ 2.1973053, 41.3810779 ], [ 2.1973171, 41.3811086 ], [ 2.1973159, 41.3811165 ], [ 2.1972697, 41.3811576 ], [ 2.1972381, 41.3812147 ], [ 2.1972184, 41.3812293 ], [ 2.1971975, 41.3812348 ], [ 2.1971225, 41.3812408 ], [ 2.1971051, 41.3812405 ], [ 2.1969881, 41.3812329 ], [ 2.1969757, 41.3812097 ], [ 2.195462, 41.3817442 ], [ 2.1954615, 41.3820696 ], [ 2.1955685, 41.3825214 ], [ 2.1958052, 41.3830187 ], [ 2.1959341, 41.3831942 ], [ 2.1963083, 41.3836038 ], [ 2.1965596, 41.3838255 ], [ 2.1970039, 41.384104 ], [ 2.1972236, 41.3842132 ], [ 2.1978466, 41.3844268 ], [ 2.198194, 41.3844799 ], [ 2.1982037, 41.3844487 ], [ 2.198207, 41.3844426 ], [ 2.1982132, 41.3844349 ], [ 2.1982155, 41.3844309 ], [ 2.1982258, 41.3843974 ], [ 2.1982386, 41.3843706 ], [ 2.1982406, 41.384364 ], [ 2.1982427, 41.384355 ], [ 2.1982445, 41.3843505 ], [ 2.1982489, 41.384345 ], [ 2.198253, 41.3843419 ], [ 2.1982628, 41.3843372 ], [ 2.1982668, 41.3843372 ], [ 2.1982724, 41.3843389 ], [ 2.1982749, 41.3843391 ], [ 2.1982787, 41.384337 ], [ 2.1982837, 41.3843332 ], [ 2.1982864, 41.3843328 ], [ 2.1982954, 41.3843356 ], [ 2.1983094, 41.3843386 ], [ 2.1983152, 41.384341 ], [ 2.198317, 41.384343 ], [ 2.1983185, 41.3843476 ], [ 2.1983189, 41.3843537 ], [ 2.1983195, 41.3843568 ], [ 2.1983246, 41.3843724 ], [ 2.1983259, 41.384384 ], [ 2.1983252, 41.3843897 ], [ 2.1983212, 41.3844029 ], [ 2.1983136, 41.3844222 ], [ 2.1983133, 41.3844272 ], [ 2.1983145, 41.3844342 ], [ 2.1983142, 41.3844375 ], [ 2.1983072, 41.3844496 ], [ 2.1983044, 41.3844637 ], [ 2.1983007, 41.3844769 ], [ 2.1982979, 41.3844945 ], [ 2.1982918, 41.384506 ], [ 2.1982904, 41.3845159 ], [ 2.1982857, 41.3845255 ], [ 2.1982807, 41.384535 ], [ 2.1982796, 41.384547 ], [ 2.198275, 41.3845527 ], [ 2.1982723, 41.3845545 ], [ 2.1982723, 41.3845572 ], [ 2.198274, 41.3845609 ], [ 2.1982742, 41.3845627 ], [ 2.198272, 41.3845706 ], [ 2.1982645, 41.3845812 ], [ 2.198258, 41.384596 ], [ 2.1982538, 41.3846086 ], [ 2.1982532, 41.3846198 ], [ 2.1982505, 41.3846342 ], [ 2.1982505, 41.3846454 ], [ 2.1982544, 41.3846539 ], [ 2.1982545, 41.3846557 ], [ 2.1982527, 41.3846593 ], [ 2.1982482, 41.384661 ], [ 2.1982441, 41.3846677 ], [ 2.1982431, 41.3846712 ], [ 2.1982433, 41.384675 ], [ 2.1982442, 41.3846801 ], [ 2.1982436, 41.3846825 ], [ 2.1982383, 41.3846906 ], [ 2.1982328, 41.3846979 ], [ 2.1982299, 41.3847031 ], [ 2.1982384, 41.3847117 ], [ 2.1982425, 41.384714 ], [ 2.1982495, 41.3847156 ], [ 2.1982528, 41.3847167 ], [ 2.1982606, 41.3847199 ], [ 2.1982639, 41.3847221 ], [ 2.1982743, 41.3847314 ], [ 2.198294, 41.3847496 ], [ 2.1983037, 41.3847593 ], [ 2.1983065, 41.38476 ], [ 2.198311, 41.3847595 ], [ 2.1983129, 41.38476 ], [ 2.1983215, 41.3847667 ], [ 2.1983315, 41.3847779 ], [ 2.1983332, 41.3847838 ], [ 2.1983395, 41.3847908 ], [ 2.1983435, 41.3847938 ], [ 2.1983505, 41.384797 ], [ 2.1983673, 41.3848011 ], [ 2.1983873, 41.3848047 ], [ 2.1984029, 41.3848083 ], [ 2.1984104, 41.3848109 ], [ 2.1984209, 41.384816 ], [ 2.1984398, 41.384828 ], [ 2.1984746, 41.3848526 ], [ 2.198503, 41.3848746 ], [ 2.1985233, 41.3848898 ], [ 2.1985355, 41.384899 ], [ 2.1985406, 41.3849043 ], [ 2.1985438, 41.3849111 ], [ 2.1985455, 41.3849207 ], [ 2.1985469, 41.3849254 ], [ 2.1985527, 41.3849387 ], [ 2.1985582, 41.3849497 ], [ 2.1985692, 41.3849634 ], [ 2.1985783, 41.3849742 ], [ 2.1985866, 41.384983 ], [ 2.198592, 41.3849896 ], [ 2.1986007, 41.384995 ], [ 2.1986041, 41.3849973 ], [ 2.1986108, 41.3849991 ], [ 2.1988164, 41.3848436 ], [ 2.1990444, 41.3846752 ], [ 2.1990387, 41.3846707 ], [ 2.1990834, 41.3846377 ], [ 2.1991498, 41.3846667 ], [ 2.1992871, 41.3847318 ], [ 2.1994172, 41.3847989 ], [ 2.1995319, 41.3848642 ], [ 2.199655, 41.3849403 ], [ 2.1997222, 41.3849874 ], [ 2.1980003, 41.3862796 ], [ 2.1964197, 41.3874657 ], [ 2.1963753, 41.3874565 ], [ 2.196314, 41.3874541 ], [ 2.1962288, 41.3874542 ] ] ] } },
{ "type": "Feature", "properties": { "id": "04", "name": "Sant Pere, Santa Caterina i la Ribera", "housing2025": 14643.0, "housing2026": 14641.0, "hutCount": 229, "hutPending": 8, "hutAllRecords": 237, "hutStrictGeometry": 229, "hutBeds": 998.0, "missingBeds": 0, "rent2019": 15.157329044420129, "rentMonth2019": 996.35349253731363, "contracts2019": 1340.0, "rent2020": 14.615678330873401, "rentMonth2020": 954.47684157416757, "contracts2020": 991.0, "rent2021": 13.592294852635478, "rentMonth2021": 888.27006637168142, "contracts2021": 1356.0, "rent2022": 16.047234932928344, "rentMonth2022": 1070.0150766456272, "contracts2022": 1109.0, "rent2023": 17.408158834037675, "rentMonth2023": 1138.0155892648772, "contracts2023": 857.0, "rent2024": 17.080626139191224, "rentMonth2024": 1130.5597412480977, "contracts2024": 657.0, "rent2025": 18.606184723257599, "rentMonth2025": 1081.05708215297, "contracts2025": 706.0, "hutIntensity": 15.641008127860118, "hutInclusiveIntensity": 16.187418892152177, "hutStrictIntensity": 15.641008127860118, "rentChange": 15.946359612884976, "contractIntensity": 48.214163764255957, "comparable": true, "validRent2025": true, "validRentChange": true, "validContractActivity": true, "qualityFlag": "pending_registry_records_retained_in_audit", "platform2025": 1141, "platformEntire2025": 759, "platformIntensity2025": 51.833640647408316, "overlapClass": "both", "changeClass": "tourism", "thresholdStable": true, "caseFlag": false }, "geometry": { "type": "Polygon", "coordinates": [ [ [ 2.1834514, 41.390612 ], [ 2.182381, 41.3914201 ], [ 2.1813233, 41.3922222 ], [ 2.1802291, 41.3913478 ], [ 2.1798592, 41.3910522 ], [ 2.1774901, 41.3901639 ], [ 2.1773924, 41.3900915 ], [ 2.1758508, 41.388949 ], [ 2.1737575, 41.3889485 ], [ 2.1734089, 41.3889484 ], [ 2.1727654, 41.3884743 ], [ 2.1727622, 41.3884706 ], [ 2.1742833, 41.3873341 ], [ 2.1750321, 41.3867676 ], [ 2.1757224, 41.3862369 ], [ 2.1765805, 41.3855785 ], [ 2.1770142, 41.3852484 ], [ 2.1787349, 41.3839632 ], [ 2.1788469, 41.3838799 ], [ 2.1800193, 41.3829985 ], [ 2.1809054, 41.3823269 ], [ 2.1816951, 41.3817443 ], [ 2.1816952, 41.3817442 ], [ 2.1819293, 41.3815679 ], [ 2.1822225, 41.381388 ], [ 2.1822671, 41.3813707 ], [ 2.18242, 41.3812973 ], [ 2.1824673, 41.3812747 ], [ 2.1824727, 41.3812721 ], [ 2.1825357, 41.3812419 ], [ 2.1827248, 41.3812479 ], [ 2.1828755, 41.3812527 ], [ 2.182914, 41.3812539 ], [ 2.1830113, 41.381257 ], [ 2.1831213, 41.3812625 ], [ 2.1834961, 41.3812738 ], [ 2.1836, 41.3812769 ], [ 2.1836601, 41.381348 ], [ 2.1838012, 41.3815149 ], [ 2.1838586, 41.381583 ], [ 2.1838967, 41.381628 ], [ 2.1839175, 41.3816526 ], [ 2.1839537, 41.3816954 ], [ 2.1839752, 41.3817209 ], [ 2.1840668, 41.3818293 ], [ 2.1840721, 41.3818356 ], [ 2.1841027, 41.3818718 ], [ 2.1841319, 41.3819063 ], [ 2.1841477, 41.3819251 ], [ 2.1841508, 41.3819287 ], [ 2.1841546, 41.3819332 ], [ 2.1841856, 41.3819699 ], [ 2.1842059, 41.3819939 ], [ 2.184207, 41.3819953 ], [ 2.1842336, 41.3820275 ], [ 2.1842417, 41.3820373 ], [ 2.1842821, 41.3820863 ], [ 2.1842393, 41.382106 ], [ 2.1841189, 41.3821595 ], [ 2.1842325, 41.3822918 ], [ 2.1843461, 41.3824241 ], [ 2.1844555, 41.3825515 ], [ 2.18457, 41.3826806 ], [ 2.1846184, 41.3827359 ], [ 2.1855733, 41.3822845 ], [ 2.1857616, 41.3822068 ], [ 2.1864172, 41.3825096 ], [ 2.1868682, 41.3827169 ], [ 2.1876247, 41.3830644 ], [ 2.1881774, 41.3833183 ], [ 2.1881815, 41.3833201 ], [ 2.1885818, 41.3835025 ], [ 2.1887443, 41.3835775 ], [ 2.1889066, 41.3836525 ], [ 2.1890689, 41.3837276 ], [ 2.1892236, 41.3838001 ], [ 2.189378, 41.3838726 ], [ 2.1894511, 41.383907 ], [ 2.1894702, 41.383916 ], [ 2.1895324, 41.3839453 ], [ 2.1897732, 41.3840589 ], [ 2.1898838, 41.3841119 ], [ 2.1899943, 41.3841646 ], [ 2.1901053, 41.3842171 ], [ 2.1903194, 41.3843201 ], [ 2.1905331, 41.3844238 ], [ 2.190746, 41.3845284 ], [ 2.1909289, 41.3846188 ], [ 2.1911113, 41.3847098 ], [ 2.1912625, 41.3847859 ], [ 2.1914002, 41.3848647 ], [ 2.1920158, 41.3851905 ], [ 2.1922108, 41.3852997 ], [ 2.1924017, 41.3854129 ], [ 2.192469, 41.3854543 ], [ 2.1925357, 41.385496 ], [ 2.1926018, 41.3855383 ], [ 2.1926834, 41.3855923 ], [ 2.1927642, 41.3856468 ], [ 2.1928441, 41.3857018 ], [ 2.1929355, 41.3857656 ], [ 2.1930261, 41.3858301 ], [ 2.1931159, 41.3858955 ], [ 2.1931938, 41.3859549 ], [ 2.193272, 41.3860133 ], [ 2.1935727, 41.3862395 ], [ 2.1934772, 41.3863153 ], [ 2.1934753, 41.3863168 ], [ 2.1933623, 41.3864065 ], [ 2.1933584, 41.3864094 ], [ 2.1933447, 41.3864196 ], [ 2.1933298, 41.3864307 ], [ 2.1931034, 41.3865995 ], [ 2.1930789, 41.3866177 ], [ 2.1930612, 41.3866309 ], [ 2.1929975, 41.3866789 ], [ 2.1929446, 41.3867186 ], [ 2.1929086, 41.3867459 ], [ 2.1929078, 41.3867446 ], [ 2.1928815, 41.3867663 ], [ 2.1928437, 41.3867949 ], [ 2.1927459, 41.3868695 ], [ 2.1926776, 41.3869227 ], [ 2.1926029, 41.3869804 ], [ 2.1925613, 41.3870124 ], [ 2.1923982, 41.3871355 ], [ 2.192399, 41.3871365 ], [ 2.1920465, 41.3874041 ], [ 2.1920499, 41.3874066 ], [ 2.1919209, 41.3875007 ], [ 2.1918413, 41.3875619 ], [ 2.1914881, 41.3878331 ], [ 2.1914854, 41.3878311 ], [ 2.1914175, 41.3878814 ], [ 2.1912337, 41.3880243 ], [ 2.1906755, 41.3884443 ], [ 2.1904962, 41.3885792 ], [ 2.189719, 41.3891639 ], [ 2.1894397, 41.389374 ], [ 2.189149, 41.3895927 ], [ 2.1890771, 41.3896468 ], [ 2.189077, 41.3896468 ], [ 2.1887385, 41.3899015 ], [ 2.1884695, 41.3901056 ], [ 2.1881785, 41.3903264 ], [ 2.1878953, 41.3905407 ], [ 2.1875, 41.3908398 ], [ 2.1872692, 41.3910145 ], [ 2.187181, 41.3910813 ], [ 2.1869841, 41.3912303 ], [ 2.1867697, 41.3913926 ], [ 2.1845856, 41.3897555 ], [ 2.1834514, 41.390612 ] ] ] } },
{ "type": "Feature", "properties": { "id": "05", "name": "el Fort Pienc", "housing2025": 15687.0, "housing2026": 15922.0, "hutCount": 366, "hutPending": 15, "hutAllRecords": 381, "hutStrictGeometry": 366, "hutBeds": 2292.0, "missingBeds": 0, "rent2019": 14.015333335958172, "rentMonth2019": 1012.41236013986, "contracts2019": 1144.0, "rent2020": 13.900360175981906, "rentMonth2020": 1003.1162582056892, "contracts2020": 914.0, "rent2021": 13.048152752838208, "rentMonth2021": 941.76812589413362, "contracts2021": 1398.0, "rent2022": 14.377274696354526, "rentMonth2022": 1071.5202032913835, "contracts2022": 1033.0, "rent2023": 16.082591245864599, "rentMonth2023": 1179.5460909090907, "contracts2023": 770.0, "rent2024": 15.900414700473773, "rentMonth2024": 1178.2679354838708, "contracts2024": 620.0, "rent2025": 15.545892157430099, "rentMonth2025": 1134.3942319749201, "contracts2025": 638.0, "hutIntensity": 22.987061926893606, "hutInclusiveIntensity": 23.929154628815475, "hutStrictIntensity": 22.987061926893606, "rentChange": 8.1282265641894327, "contractIntensity": 40.670618983871996, "comparable": true, "validRent2025": true, "validRentChange": true, "validContractActivity": true, "qualityFlag": "pending_registry_records_retained_in_audit", "platform2025": 489, "platformEntire2025": 321, "platformIntensity2025": 20.462803595333718, "overlapClass": "tourism", "changeClass": "tourism", "thresholdStable": true, "caseFlag": false }, "geometry": { "type": "Polygon", "coordinates": [ [ [ 2.1835273, 41.3922684 ], [ 2.1838845, 41.3925327 ], [ 2.1846752, 41.3931178 ], [ 2.1858111, 41.3939583 ], [ 2.1867317, 41.3946395 ], [ 2.1867073, 41.3946601 ], [ 2.1866818, 41.3946905 ], [ 2.1866643, 41.3947239 ], [ 2.1866552, 41.3947593 ], [ 2.186655, 41.3947952 ], [ 2.1866637, 41.3948306 ], [ 2.1866809, 41.3948642 ], [ 2.1867061, 41.3948948 ], [ 2.1867283, 41.3949131 ], [ 2.1867384, 41.3949213 ], [ 2.1867766, 41.3949429 ], [ 2.1868195, 41.3949588 ], [ 2.1868655, 41.3949684 ], [ 2.186866, 41.3950711 ], [ 2.1868729, 41.3966179 ], [ 2.1868802, 41.3982421 ], [ 2.1868857, 41.399467 ], [ 2.186887, 41.3997553 ], [ 2.1868919, 41.4008674 ], [ 2.1868955, 41.4016545 ], [ 2.1868955, 41.4016564 ], [ 2.1867385, 41.4017754 ], [ 2.1858635, 41.4024386 ], [ 2.1857367, 41.4025347 ], [ 2.1851753, 41.4029602 ], [ 2.1835097, 41.4025424 ], [ 2.1818503, 41.4021262 ], [ 2.1802668, 41.401729 ], [ 2.1767091, 41.4008365 ], [ 2.1762699, 41.4007264 ], [ 2.1753418, 41.4004937 ], [ 2.1750347, 41.4004155 ], [ 2.1733678, 41.3999911 ], [ 2.1733245, 41.3999809 ], [ 2.1740813, 41.3994103 ], [ 2.1742904, 41.3992532 ], [ 2.1747365, 41.3989133 ], [ 2.1750299, 41.3986881 ], [ 2.1754219, 41.3983968 ], [ 2.175793, 41.3981232 ], [ 2.1760984, 41.3978892 ], [ 2.1765593, 41.3975427 ], [ 2.1765688, 41.3975354 ], [ 2.1770054, 41.3971983 ], [ 2.1770553, 41.3971621 ], [ 2.1771241, 41.3971105 ], [ 2.177396, 41.3969025 ], [ 2.1776444, 41.3967149 ], [ 2.177812, 41.3965936 ], [ 2.177461, 41.3963256 ], [ 2.1770531, 41.3960305 ], [ 2.1766847, 41.3957412 ], [ 2.1760306, 41.3952531 ], [ 2.1760428, 41.3952446 ], [ 2.17607, 41.3952184 ], [ 2.176083, 41.3952045 ], [ 2.176096, 41.3951904 ], [ 2.176109, 41.395175 ], [ 2.1761212, 41.395159 ], [ 2.1761325, 41.3951428 ], [ 2.176143, 41.395126 ], [ 2.1761525, 41.395109 ], [ 2.176161, 41.3950917 ], [ 2.1761686, 41.3950741 ], [ 2.1761752, 41.3950562 ], [ 2.1761807, 41.3950383 ], [ 2.1761853, 41.3950202 ], [ 2.176196, 41.394985 ], [ 2.1762026, 41.3949457 ], [ 2.1762019, 41.3949261 ], [ 2.1762001, 41.3949051 ], [ 2.1761973, 41.3948842 ], [ 2.1761936, 41.3948632 ], [ 2.1761888, 41.3948424 ], [ 2.176183, 41.3948216 ], [ 2.1761763, 41.394801 ], [ 2.1761685, 41.3947806 ], [ 2.1761598, 41.3947604 ], [ 2.1761501, 41.3947404 ], [ 2.1761396, 41.3947207 ], [ 2.176128, 41.3947014 ], [ 2.1761157, 41.3946825 ], [ 2.1761025, 41.3946639 ], [ 2.1760884, 41.3946458 ], [ 2.1760699, 41.3946264 ], [ 2.1760487, 41.3946043 ], [ 2.1760239, 41.3945813 ], [ 2.1759972, 41.3945593 ], [ 2.1759856, 41.3945507 ], [ 2.1759933, 41.3945449 ], [ 2.1767959, 41.3939392 ], [ 2.1767996, 41.3939364 ], [ 2.1779307, 41.3930827 ], [ 2.1779345, 41.3930799 ], [ 2.1790594, 41.3922308 ], [ 2.1790606, 41.3922299 ], [ 2.180214, 41.3913592 ], [ 2.1802291, 41.3913478 ], [ 2.1813233, 41.3922222 ], [ 2.182381, 41.3914201 ], [ 2.1835273, 41.3922684 ] ] ] } },
{ "type": "Feature", "properties": { "id": "06", "name": "la Sagrada Família", "housing2025": 27445.0, "housing2026": 27428.0, "hutCount": 823, "hutPending": 1, "hutAllRecords": 824, "hutStrictGeometry": 823, "hutBeds": 4470.0, "missingBeds": 3, "rent2019": 14.476486837923607, "rentMonth2019": 960.21267577137053, "contracts2019": 1977.0, "rent2020": 14.308564387548021, "rentMonth2020": 942.08992052980159, "contracts2020": 1510.0, "rent2021": 13.580897607988748, "rentMonth2021": 901.98170337078625, "contracts2021": 2225.0, "rent2022": 15.312070177885218, "rentMonth2022": 1019.4020251716248, "contracts2022": 1748.0, "rent2023": 16.703789595439545, "rentMonth2023": 1115.1094618834072, "contracts2023": 1338.0, "rent2024": 16.805830727871772, "rentMonth2024": 1139.7902615518744, "contracts2024": 1147.0, "rent2025": 16.893433143872802, "rentMonth2025": 1106.9935834155999, "contracts2025": 1013.0, "hutIntensity": 30.005833454863645, "hutInclusiveIntensity": 30.042292547761413, "hutStrictIntensity": 30.005833454863645, "rentChange": 10.327558244028289, "contractIntensity": 36.910184004372383, "comparable": true, "validRent2025": true, "validRentChange": true, "validContractActivity": true, "qualityFlag": "pending_registry_records_retained_in_audit", "platform2025": 1047, "platformEntire2025": 769, "platformIntensity2025": 28.019675715066498, "overlapClass": "tourism", "changeClass": "tourism", "thresholdStable": false, "caseFlag": false }, "geometry": { "type": "Polygon", "coordinates": [ [ [ 2.1733678, 41.3999911 ], [ 2.1750347, 41.4004155 ], [ 2.1753418, 41.4004937 ], [ 2.1762699, 41.4007264 ], [ 2.1767091, 41.4008365 ], [ 2.1802668, 41.401729 ], [ 2.1818503, 41.4021262 ], [ 2.1835097, 41.4025424 ], [ 2.1851753, 41.4029602 ], [ 2.1849668, 41.4031182 ], [ 2.1849636, 41.4031206 ], [ 2.184527, 41.4034515 ], [ 2.1846085, 41.4035124 ], [ 2.1855901, 41.4042466 ], [ 2.1856693, 41.4043058 ], [ 2.1849453, 41.4048546 ], [ 2.1833826, 41.4060389 ], [ 2.1831025, 41.4062512 ], [ 2.1822521, 41.4068937 ], [ 2.1811163, 41.4077564 ], [ 2.1800193, 41.4085877 ], [ 2.1788798, 41.4094495 ], [ 2.1777235, 41.4103273 ], [ 2.1774633, 41.4105245 ], [ 2.1771533, 41.4107594 ], [ 2.176893, 41.4109566 ], [ 2.176594, 41.4111831 ], [ 2.1754678, 41.4120364 ], [ 2.1743289, 41.4111822 ], [ 2.1732418, 41.4103667 ], [ 2.1721373, 41.409538 ], [ 2.1699708, 41.4079129 ], [ 2.1686593, 41.406929 ], [ 2.1697871, 41.4060759 ], [ 2.1708972, 41.4052362 ], [ 2.1720429, 41.4043695 ], [ 2.169778, 41.4026724 ], [ 2.1701277, 41.4024048 ], [ 2.1703936, 41.402207 ], [ 2.1707182, 41.4019607 ], [ 2.1709089, 41.4018173 ], [ 2.1722061, 41.400829 ], [ 2.1729721, 41.4002466 ], [ 2.1733245, 41.3999809 ], [ 2.1733678, 41.3999911 ] ] ] } },
{ "type": "Feature", "properties": { "id": "07", "name": "la Dreta de l'Eixample", "housing2025": 27246.0, "housing2026": 27326.0, "hutCount": 1784, "hutPending": 3, "hutAllRecords": 1787, "hutStrictGeometry": 1784, "hutBeds": 12387.0, "missingBeds": 8, "rent2019": 14.399608832391859, "rentMonth2019": 1307.6168415984594, "contracts2019": 2077.0, "rent2020": 14.156206418242176, "rentMonth2020": 1273.5032432432429, "contracts2020": 1628.0, "rent2021": 13.146806325245857, "rentMonth2021": 1189.2243406830955, "contracts2021": 2313.0, "rent2022": 14.995865030823913, "rentMonth2022": 1389.9831609513278, "contracts2022": 1808.0, "rent2023": 16.590097632742435, "rentMonth2023": 1578.6309775429322, "contracts2023": 1514.0, "rent2024": 16.762918340802742, "rentMonth2024": 1572.8487121212113, "contracts2024": 1188.0, "rent2025": 17.400271368732898, "rentMonth2025": 1596.38857978279, "contracts2025": 1197.0, "hutIntensity": 65.285808387616186, "hutInclusiveIntensity": 65.395593939837511, "hutStrictIntensity": 65.285808387616186, "rentChange": 16.033795536081065, "contractIntensity": 43.93305439330544, "comparable": true, "validRent2025": true, "validRentChange": true, "validContractActivity": true, "qualityFlag": "pending_registry_records_retained_in_audit", "platform2025": 2404, "platformEntire2025": 1576, "platformIntensity2025": 57.843353152756364, "overlapClass": "both", "changeClass": "tourism", "thresholdStable": false, "caseFlag": false }, "geometry": { "type": "Polygon", "coordinates": [ [ [ 2.1709089, 41.4018173 ], [ 2.1707182, 41.4019607 ], [ 2.1703936, 41.402207 ], [ 2.1701277, 41.4024048 ], [ 2.169778, 41.4026724 ], [ 2.168665, 41.4018382 ], [ 2.1673535, 41.4008553 ], [ 2.1662247, 41.4017048 ], [ 2.1662182, 41.4017097 ], [ 2.1652482, 41.4009816 ], [ 2.1641084, 41.4001259 ], [ 2.1629082, 41.3992248 ], [ 2.1618413, 41.3984239 ], [ 2.161597, 41.3982404 ], [ 2.161573, 41.3982224 ], [ 2.1595455, 41.3967001 ], [ 2.1592265, 41.3964606 ], [ 2.1586513, 41.396315 ], [ 2.1559044, 41.3956199 ], [ 2.1557107, 41.3955709 ], [ 2.1547107, 41.3953179 ], [ 2.1551128, 41.3950298 ], [ 2.1562114, 41.394188 ], [ 2.1562293, 41.3941742 ], [ 2.1573553, 41.3933062 ], [ 2.1584706, 41.3924546 ], [ 2.1595985, 41.3916055 ], [ 2.1596063, 41.3915998 ], [ 2.1607292, 41.3907514 ], [ 2.1607314, 41.3907497 ], [ 2.1618646, 41.3899009 ], [ 2.1618657, 41.3899002 ], [ 2.1629843, 41.3890518 ], [ 2.1641238, 41.3881891 ], [ 2.1651111, 41.3874586 ], [ 2.1653922, 41.3872564 ], [ 2.1641681, 41.3863421 ], [ 2.1647138, 41.3859302 ], [ 2.1693583, 41.3855397 ], [ 2.1697689, 41.3855737 ], [ 2.1699633, 41.3856665 ], [ 2.170133, 41.3857656 ], [ 2.1702843, 41.3858786 ], [ 2.171138, 41.3868422 ], [ 2.171336, 41.3869496 ], [ 2.1715102, 41.3870441 ], [ 2.1717023, 41.387263 ], [ 2.1727622, 41.3884706 ], [ 2.1727654, 41.3884743 ], [ 2.1734089, 41.3889484 ], [ 2.1737575, 41.3889485 ], [ 2.1758508, 41.388949 ], [ 2.1773924, 41.3900915 ], [ 2.1774901, 41.3901639 ], [ 2.1798592, 41.3910522 ], [ 2.1802291, 41.3913478 ], [ 2.180214, 41.3913592 ], [ 2.1790606, 41.3922299 ], [ 2.1790594, 41.3922308 ], [ 2.1779345, 41.3930799 ], [ 2.1779307, 41.3930827 ], [ 2.1767996, 41.3939364 ], [ 2.1767959, 41.3939392 ], [ 2.1759933, 41.3945449 ], [ 2.1759856, 41.3945507 ], [ 2.1759972, 41.3945593 ], [ 2.1760239, 41.3945813 ], [ 2.1760487, 41.3946043 ], [ 2.1760699, 41.3946264 ], [ 2.1760884, 41.3946458 ], [ 2.1761025, 41.3946639 ], [ 2.1761157, 41.3946825 ], [ 2.176128, 41.3947014 ], [ 2.1761396, 41.3947207 ], [ 2.1761501, 41.3947404 ], [ 2.1761598, 41.3947604 ], [ 2.1761685, 41.3947806 ], [ 2.1761763, 41.394801 ], [ 2.176183, 41.3948216 ], [ 2.1761888, 41.3948424 ], [ 2.1761936, 41.3948632 ], [ 2.1761973, 41.3948842 ], [ 2.1762001, 41.3949051 ], [ 2.1762019, 41.3949261 ], [ 2.1762026, 41.3949457 ], [ 2.176196, 41.394985 ], [ 2.1761853, 41.3950202 ], [ 2.1761807, 41.3950383 ], [ 2.1761752, 41.3950562 ], [ 2.1761686, 41.3950741 ], [ 2.176161, 41.3950917 ], [ 2.1761525, 41.395109 ], [ 2.176143, 41.395126 ], [ 2.1761325, 41.3951428 ], [ 2.1761212, 41.395159 ], [ 2.176109, 41.395175 ], [ 2.176096, 41.3951904 ], [ 2.176083, 41.3952045 ], [ 2.17607, 41.3952184 ], [ 2.1760428, 41.3952446 ], [ 2.1760306, 41.3952531 ], [ 2.1766847, 41.3957412 ], [ 2.1770531, 41.3960305 ], [ 2.177461, 41.3963256 ], [ 2.177812, 41.3965936 ], [ 2.1776444, 41.3967149 ], [ 2.177396, 41.3969025 ], [ 2.1771241, 41.3971105 ], [ 2.1770553, 41.3971621 ], [ 2.1770054, 41.3971983 ], [ 2.1765688, 41.3975354 ], [ 2.1765593, 41.3975427 ], [ 2.1760984, 41.3978892 ], [ 2.175793, 41.3981232 ], [ 2.1754219, 41.3983968 ], [ 2.1750299, 41.3986881 ], [ 2.1747365, 41.3989133 ], [ 2.1742904, 41.3992532 ], [ 2.1740813, 41.3994103 ], [ 2.1733245, 41.3999809 ], [ 2.1729721, 41.4002466 ], [ 2.1722061, 41.400829 ], [ 2.1709089, 41.4018173 ] ] ] } },
{ "type": "Feature", "properties": { "id": "08", "name": "l'Antiga Esquerra de l'Eixample", "housing2025": 24446.0, "housing2026": 24468.0, "hutCount": 723, "hutPending": 3, "hutAllRecords": 726, "hutStrictGeometry": 723, "hutBeds": 4654.0, "missingBeds": 0, "rent2019": 14.475539079123978, "rentMonth2019": 1162.3216295594511, "contracts2019": 2111.0, "rent2020": 14.32006576315368, "rentMonth2020": 1155.7804065040652, "contracts2020": 1599.0, "rent2021": 13.650116837702225, "rentMonth2021": 1073.7339634399664, "contracts2021": 2407.0, "rent2022": 15.203971349796094, "rentMonth2022": 1201.0842163412128, "contracts2022": 1946.0, "rent2023": 16.752925921704215, "rentMonth2023": 1352.5862711291411, "contracts2023": 1479.0, "rent2024": 16.986084150288978, "rentMonth2024": 1367.9888998482545, "contracts2024": 1318.0, "rent2025": 16.797803046307099, "rentMonth2025": 1389.21466243655, "contracts2025": 1182.0, "hutIntensity": 29.548798430603238, "hutInclusiveIntensity": 29.671407552721924, "hutStrictIntensity": 29.548798430603238, "rentChange": 10.482995921538496, "contractIntensity": 48.351468542910908, "comparable": true, "validRent2025": true, "validRentChange": true, "validContractActivity": true, "qualityFlag": "pending_registry_records_retained_in_audit", "platform2025": 1006, "platformEntire2025": 669, "platformIntensity2025": 27.366440317434346, "overlapClass": "tourism", "changeClass": "tourism", "thresholdStable": false, "caseFlag": false }, "geometry": { "type": "Polygon", "coordinates": [ [ [ 2.1573553, 41.3933062 ], [ 2.1562293, 41.3941742 ], [ 2.1562114, 41.394188 ], [ 2.1551128, 41.3950298 ], [ 2.1547107, 41.3953179 ], [ 2.151308, 41.3944569 ], [ 2.1496174, 41.3940291 ], [ 2.1479221, 41.3936001 ], [ 2.1466853, 41.3932871 ], [ 2.1462166, 41.3931684 ], [ 2.1461609, 41.3931543 ], [ 2.1455648, 41.3930034 ], [ 2.1449784, 41.392855 ], [ 2.144995, 41.392803 ], [ 2.1450023, 41.3927546 ], [ 2.1450019, 41.3927063 ], [ 2.1449905, 41.3926506 ], [ 2.1449677, 41.392597 ], [ 2.1449395, 41.3925537 ], [ 2.1448903, 41.3925011 ], [ 2.1448583, 41.3924762 ], [ 2.1448352, 41.3924582 ], [ 2.1447893, 41.3924308 ], [ 2.1447278, 41.392403 ], [ 2.144657, 41.3923815 ], [ 2.1445826, 41.3923682 ], [ 2.1445193, 41.3923635 ], [ 2.1444518, 41.3923653 ], [ 2.1444011, 41.3923719 ], [ 2.1443445, 41.392384 ], [ 2.1439582, 41.3914715 ], [ 2.1438016, 41.3910271 ], [ 2.1436493, 41.3905006 ], [ 2.148169, 41.3898127 ], [ 2.1484593, 41.3897697 ], [ 2.1494132, 41.3890503 ], [ 2.1505392, 41.3881987 ], [ 2.1516693, 41.3873533 ], [ 2.1516697, 41.3873529 ], [ 2.1528135, 41.386484 ], [ 2.1544561, 41.3852488 ], [ 2.1550711, 41.384785 ], [ 2.156188, 41.3839426 ], [ 2.1573185, 41.3830791 ], [ 2.1585718, 41.3821392 ], [ 2.1597079, 41.3829957 ], [ 2.1608332, 41.3838441 ], [ 2.1619693, 41.3846937 ], [ 2.1631098, 41.3855404 ], [ 2.1641681, 41.3863421 ], [ 2.1653922, 41.3872564 ], [ 2.1651111, 41.3874586 ], [ 2.1641238, 41.3881891 ], [ 2.1629843, 41.3890518 ], [ 2.1618657, 41.3899002 ], [ 2.1618646, 41.3899009 ], [ 2.1607314, 41.3907497 ], [ 2.1607292, 41.3907514 ], [ 2.1596063, 41.3915998 ], [ 2.1595985, 41.3916055 ], [ 2.1584706, 41.3924546 ], [ 2.1573553, 41.3933062 ] ] ] } },
{ "type": "Feature", "properties": { "id": "09", "name": "la Nova Esquerra de l'Eixample", "housing2025": 30410.0, "housing2026": 30475.0, "hutCount": 507, "hutPending": 3, "hutAllRecords": 510, "hutStrictGeometry": 507, "hutBeds": 3002.0, "missingBeds": 0, "rent2019": 14.521146251476097, "rentMonth2019": 1053.8323926654739, "contracts2019": 2236.0, "rent2020": 14.42170366836244, "rentMonth2020": 1034.152890804598, "contracts2020": 1740.0, "rent2021": 13.438599368813312, "rentMonth2021": 963.14369061193486, "contracts2021": 2631.0, "rent2022": 14.946847269428693, "rentMonth2022": 1069.604177884615, "contracts2022": 2080.0, "rent2023": 16.679598062028326, "rentMonth2023": 1177.5860980392156, "contracts2023": 1530.0, "rent2024": 16.733409000229269, "rentMonth2024": 1217.8589176829275, "contracts2024": 1312.0, "rent2025": 17.3148814795066, "rentMonth2025": 1203.2667196554401, "contracts2025": 1277.0, "hutIntensity": 16.636587366694013, "hutInclusiveIntensity": 16.735028712059066, "hutStrictIntensity": 16.636587366694013, "rentChange": 15.843034771094032, "contractIntensity": 41.99276553765209, "comparable": true, "validRent2025": true, "validRentChange": true, "validContractActivity": true, "qualityFlag": "pending_registry_records_retained_in_audit", "platform2025": 766, "platformEntire2025": 493, "platformIntensity2025": 16.211772443275237, "overlapClass": "tourism", "changeClass": "tourism", "thresholdStable": false, "caseFlag": false }, "geometry": { "type": "Polygon", "coordinates": [ [ [ 2.1498382, 41.3753879 ], [ 2.1500336, 41.375686 ], [ 2.1501791, 41.3758311 ], [ 2.1505876, 41.3761548 ], [ 2.151782, 41.3770334 ], [ 2.1529116, 41.3778924 ], [ 2.1540346, 41.3787361 ], [ 2.156295, 41.3804366 ], [ 2.1562961, 41.3804375 ], [ 2.1585718, 41.3821392 ], [ 2.1573185, 41.3830791 ], [ 2.156188, 41.3839426 ], [ 2.1550711, 41.384785 ], [ 2.1544561, 41.3852488 ], [ 2.1528135, 41.386484 ], [ 2.1516697, 41.3873529 ], [ 2.1516693, 41.3873533 ], [ 2.1505392, 41.3881987 ], [ 2.1494132, 41.3890503 ], [ 2.1484593, 41.3897697 ], [ 2.148169, 41.3898127 ], [ 2.1436493, 41.3905006 ], [ 2.1435294, 41.3900434 ], [ 2.1431977, 41.3887185 ], [ 2.1429397, 41.3876775 ], [ 2.1427511, 41.3866035 ], [ 2.1426457, 41.3856511 ], [ 2.142642, 41.3856175 ], [ 2.1426419, 41.3856173 ], [ 2.1426419, 41.3856171 ], [ 2.1426244, 41.3853635 ], [ 2.1425588, 41.3844162 ], [ 2.1425402, 41.3841476 ], [ 2.1425341, 41.3840592 ], [ 2.1424191, 41.3823977 ], [ 2.1423113, 41.38084 ], [ 2.1423028, 41.3807175 ], [ 2.1423158, 41.3807077 ], [ 2.1424208, 41.3806284 ], [ 2.142889, 41.3802745 ], [ 2.1429032, 41.3802638 ], [ 2.1433335, 41.3799385 ], [ 2.1448373, 41.3788017 ], [ 2.1459318, 41.3779743 ], [ 2.1470547, 41.3771255 ], [ 2.1472522, 41.3769762 ], [ 2.1482362, 41.3762322 ], [ 2.1489579, 41.3757677 ], [ 2.1492269, 41.3755662 ], [ 2.1493463, 41.3754755 ], [ 2.1495272, 41.3753381 ], [ 2.1495286, 41.3753371 ], [ 2.1497667, 41.3751682 ], [ 2.1498382, 41.3753879 ] ] ] } },
{ "type": "Feature", "properties": { "id": "10", "name": "Sant Antoni", "housing2025": 20198.0, "housing2026": 20202.0, "hutCount": 667, "hutPending": 2, "hutAllRecords": 669, "hutStrictGeometry": 667, "hutBeds": 3724.0, "missingBeds": 2, "rent2019": 13.848563622132446, "rentMonth2019": 994.90915804002805, "contracts2019": 1449.0, "rent2020": 13.94538330226278, "rentMonth2020": 971.88167903525039, "contracts2020": 1078.0, "rent2021": 12.958486115218699, "rentMonth2021": 928.48600350058325, "contracts2021": 1714.0, "rent2022": 14.404203694871676, "rentMonth2022": 1037.9847019867543, "contracts2022": 1359.0, "rent2023": 15.874314475169015, "rentMonth2023": 1134.063853211009, "contracts2023": 981.0, "rent2024": 16.143360513168599, "rentMonth2024": 1131.8890179640723, "contracts2024": 835.0, "rent2025": 16.261869820983101, "rentMonth2025": 1118.4458024691401, "contracts2025": 729.0, "hutIntensity": 33.016533016533018, "hutInclusiveIntensity": 33.115533115533118, "hutStrictIntensity": 33.016533016533018, "rentChange": 12.896694364109894, "contractIntensity": 36.092682443806318, "comparable": true, "validRent2025": true, "validRentChange": true, "validContractActivity": true, "qualityFlag": "pending_registry_records_retained_in_audit", "platform2025": 947, "platformEntire2025": 651, "platformIntensity2025": 32.230913951876424, "overlapClass": "tourism", "changeClass": "tourism", "thresholdStable": true, "caseFlag": true }, "geometry": { "type": "Polygon", "coordinates": [ [ [ 2.1677882, 41.3751674 ], [ 2.1667783, 41.375914 ], [ 2.1661283, 41.3764132 ], [ 2.1654625, 41.3769244 ], [ 2.1646673, 41.377535 ], [ 2.1632142, 41.3786507 ], [ 2.1630888, 41.378747 ], [ 2.1633109, 41.3803497 ], [ 2.16349, 41.381642 ], [ 2.1635842, 41.3823192 ], [ 2.1638342, 41.384125 ], [ 2.1640108, 41.3853985 ], [ 2.1647138, 41.3859302 ], [ 2.1641681, 41.3863421 ], [ 2.1631098, 41.3855404 ], [ 2.1619693, 41.3846937 ], [ 2.1608332, 41.3838441 ], [ 2.1597079, 41.3829957 ], [ 2.1585718, 41.3821392 ], [ 2.1562961, 41.3804375 ], [ 2.156295, 41.3804366 ], [ 2.1540346, 41.3787361 ], [ 2.1529116, 41.3778924 ], [ 2.151782, 41.3770334 ], [ 2.1505876, 41.3761548 ], [ 2.1501791, 41.3758311 ], [ 2.1500336, 41.375686 ], [ 2.1498382, 41.3753879 ], [ 2.1497667, 41.3751682 ], [ 2.1498989, 41.3750745 ], [ 2.1509892, 41.3750352 ], [ 2.1540251, 41.3750026 ], [ 2.1560865, 41.3750081 ], [ 2.1562379, 41.3750087 ], [ 2.1576997, 41.3750025 ], [ 2.1586749, 41.375 ], [ 2.159335, 41.3749983 ], [ 2.1609145, 41.3749942 ], [ 2.1615433, 41.3749926 ], [ 2.16215, 41.374991 ], [ 2.163385, 41.3749878 ], [ 2.1652275, 41.3749829 ], [ 2.165458, 41.3749823 ], [ 2.1677969, 41.3749762 ], [ 2.1677882, 41.3751674 ] ] ] } },
{ "type": "Feature", "properties": { "id": "11", "name": "el Poble Sec", "housing2025": 19228.0, "housing2026": 19253.0, "hutCount": 574, "hutPending": 0, "hutAllRecords": 574, "hutStrictGeometry": 574, "hutBeds": 2776.0, "missingBeds": 0, "rent2019": 14.359229885638657, "rentMonth2019": 837.05380476556491, "contracts2019": 1301.0, "rent2020": 14.264062240931189, "rentMonth2020": 827.42977401129917, "contracts2020": 1062.0, "rent2021": 13.620301505811062, "rentMonth2021": 780.11496005326228, "contracts2021": 1502.0, "rent2022": 15.232628351234204, "rentMonth2022": 881.2877731092442, "contracts2022": 1190.0, "rent2023": 16.00167407559502, "rentMonth2023": 937.28111239860925, "contracts2023": 863.0, "rent2024": 16.412833429522358, "rentMonth2024": 959.2248395378698, "contracts2024": 779.0, "rent2025": 16.728170682388399, "rentMonth2025": 942.55011764705887, "contracts2025": 765.0, "hutIntensity": 29.813535552900845, "hutInclusiveIntensity": 29.813535552900845, "hutStrictIntensity": 29.813535552900845, "rentChange": 9.8180189043542079, "contractIntensity": 39.785729144996878, "comparable": false, "validRent2025": true, "validRentChange": true, "validContractActivity": true, "qualityFlag": "aei_scope_not_confirmed", "platform2025": 823, "platformEntire2025": 579, "platformIntensity2025": 30.112336176409404, "overlapClass": "unavailable", "changeClass": "unavailable", "thresholdStable": false, "caseFlag": false }, "geometry": { "type": "Polygon", "coordinates": [ [ [ 2.1762415, 41.3728623 ], [ 2.1762303, 41.3728674 ], [ 2.1762365, 41.3728751 ], [ 2.176267, 41.3729107 ], [ 2.1762689, 41.3729131 ], [ 2.1763003, 41.3729488 ], [ 2.1763024, 41.3729514 ], [ 2.1762991, 41.3729529 ], [ 2.1762917, 41.3729563 ], [ 2.1762005, 41.3729984 ], [ 2.1760661, 41.3730603 ], [ 2.176061, 41.3730626 ], [ 2.1760554, 41.3730652 ], [ 2.1760446, 41.3730702 ], [ 2.1758973, 41.3731361 ], [ 2.1758637, 41.3731515 ], [ 2.1758594, 41.3731535 ], [ 2.1758576, 41.3731543 ], [ 2.1758519, 41.3731568 ], [ 2.1758296, 41.3731668 ], [ 2.175735, 41.3732091 ], [ 2.1757294, 41.3732116 ], [ 2.1756384, 41.3732523 ], [ 2.1754728, 41.3733265 ], [ 2.175554, 41.3734277 ], [ 2.1756289, 41.3735211 ], [ 2.1755936, 41.3735485 ], [ 2.1755058, 41.3736659 ], [ 2.17546, 41.3737961 ], [ 2.1754593, 41.3739309 ], [ 2.1755037, 41.3740614 ], [ 2.1756054, 41.3742066 ], [ 2.1757381, 41.374292 ], [ 2.1755294, 41.3745085 ], [ 2.1754073, 41.3745814 ], [ 2.1752977, 41.3746214 ], [ 2.1751953, 41.3746377 ], [ 2.1750413, 41.3746495 ], [ 2.1735292, 41.3747468 ], [ 2.1731868, 41.374767 ], [ 2.1727305, 41.3747939 ], [ 2.1699986, 41.3749556 ], [ 2.1677969, 41.3749762 ], [ 2.165458, 41.3749823 ], [ 2.1652275, 41.3749829 ], [ 2.163385, 41.3749878 ], [ 2.16215, 41.374991 ], [ 2.1615433, 41.3749926 ], [ 2.1609145, 41.3749942 ], [ 2.159335, 41.3749983 ], [ 2.1586749, 41.375 ], [ 2.1576997, 41.3750025 ], [ 2.1562379, 41.3750087 ], [ 2.1560865, 41.3750081 ], [ 2.1540251, 41.3750026 ], [ 2.1509892, 41.3750352 ], [ 2.1498989, 41.3750745 ], [ 2.1497667, 41.3751682 ], [ 2.1495286, 41.3753371 ], [ 2.1495272, 41.3753381 ], [ 2.1493463, 41.3754755 ], [ 2.1492269, 41.3755662 ], [ 2.1491299, 41.3755557 ], [ 2.1490589, 41.3755395 ], [ 2.1489469, 41.3754929 ], [ 2.1488367, 41.375433 ], [ 2.1487173, 41.3753578 ], [ 2.1486332, 41.3752921 ], [ 2.1485896, 41.3752187 ], [ 2.1485677, 41.3751515 ], [ 2.148547, 41.3750625 ], [ 2.1485547, 41.374986 ], [ 2.1485762, 41.3748951 ], [ 2.1486319, 41.3748081 ], [ 2.1483555, 41.3745148 ], [ 2.1479504, 41.3741446 ], [ 2.1473019, 41.3736546 ], [ 2.1481142, 41.3730345 ], [ 2.1485066, 41.372737 ], [ 2.149329, 41.3721169 ], [ 2.1498127, 41.3717497 ], [ 2.1500595, 41.3715643 ], [ 2.1502441, 41.3714237 ], [ 2.150382, 41.371256 ], [ 2.1503827, 41.3712551 ], [ 2.1498393, 41.3710443 ], [ 2.1496701, 41.370957 ], [ 2.1495982, 41.370897 ], [ 2.1495497, 41.3708363 ], [ 2.1495108, 41.37076 ], [ 2.1494866, 41.370706 ], [ 2.1494614, 41.3706349 ], [ 2.1494278, 41.3704788 ], [ 2.1493878, 41.3702915 ], [ 2.1493317, 41.3700553 ], [ 2.1493032, 41.3699853 ], [ 2.1492612, 41.3699079 ], [ 2.1492033, 41.3698252 ], [ 2.1491165, 41.3697313 ], [ 2.1489999, 41.3696396 ], [ 2.148875, 41.3695649 ], [ 2.1487389, 41.3695067 ], [ 2.1485883, 41.3694675 ], [ 2.1484029, 41.3694427 ], [ 2.1481932, 41.369444 ], [ 2.1479213, 41.3694692 ], [ 2.1476379, 41.3695033 ], [ 2.1474005, 41.3695193 ], [ 2.1471763, 41.3695198 ], [ 2.1470226, 41.3695102 ], [ 2.1468802, 41.369493 ], [ 2.1467221, 41.3694635 ], [ 2.1466922, 41.3694563 ], [ 2.1464858, 41.3694064 ], [ 2.1463201, 41.369356 ], [ 2.1462939, 41.369348 ], [ 2.1461163, 41.3692813 ], [ 2.1459653, 41.3692138 ], [ 2.1459287, 41.3691926 ], [ 2.1458621, 41.3691542 ], [ 2.1458333, 41.3691376 ], [ 2.1458014, 41.3691191 ], [ 2.1456737, 41.3690253 ], [ 2.1455926, 41.368955 ], [ 2.1455055, 41.3688609 ], [ 2.1454322, 41.368764 ], [ 2.1453611, 41.3686418 ], [ 2.1453151, 41.3685317 ], [ 2.1447642, 41.3682144 ], [ 2.1445698, 41.3681241 ], [ 2.1443389, 41.3680159 ], [ 2.1441082, 41.3679048 ], [ 2.1438732, 41.3677919 ], [ 2.1437026, 41.3677103 ], [ 2.1435851, 41.3676352 ], [ 2.1434763, 41.3675402 ], [ 2.1434257, 41.3674911 ], [ 2.143345, 41.3673578 ], [ 2.1433158, 41.3672744 ], [ 2.1433078, 41.3671965 ], [ 2.143309, 41.3671573 ], [ 2.1431756, 41.3671488 ], [ 2.1431609, 41.3671428 ], [ 2.1431591, 41.3671421 ], [ 2.1431346, 41.367118 ], [ 2.1431316, 41.3671149 ], [ 2.1431208, 41.3670959 ], [ 2.1431208, 41.3670958 ], [ 2.1430935, 41.3670473 ], [ 2.1430234, 41.3669165 ], [ 2.1429594, 41.3667802 ], [ 2.1429227, 41.3666855 ], [ 2.1429155, 41.3666672 ], [ 2.1429149, 41.3666655 ], [ 2.1429089, 41.3666672 ], [ 2.1428893, 41.3666728 ], [ 2.1428447, 41.3666855 ], [ 2.1428319, 41.3666892 ], [ 2.1428319, 41.3666892 ], [ 2.1428263, 41.3666908 ], [ 2.1428228, 41.3666855 ], [ 2.1428168, 41.3666764 ], [ 2.1428108, 41.3666672 ], [ 2.1427958, 41.3666444 ], [ 2.1427958, 41.3666444 ], [ 2.1427909, 41.3666369 ], [ 2.1427701, 41.3666078 ], [ 2.1426978, 41.3665068 ], [ 2.1426328, 41.3664184 ], [ 2.1425677, 41.36633 ], [ 2.1425435, 41.3662974 ], [ 2.1425193, 41.3662649 ], [ 2.1424562, 41.3661793 ], [ 2.142419, 41.3661314 ], [ 2.1423818, 41.3660835 ], [ 2.1423737, 41.366072 ], [ 2.1423482, 41.3660354 ], [ 2.1421382, 41.3660509 ], [ 2.1421061, 41.3657408 ], [ 2.1421011, 41.3656981 ], [ 2.1420673, 41.365635 ], [ 2.1420595, 41.3656205 ], [ 2.1420184, 41.3655577 ], [ 2.1419494, 41.3654645 ], [ 2.1419409, 41.3654539 ], [ 2.1419408, 41.3654385 ], [ 2.1419463, 41.3654239 ], [ 2.1419472, 41.3654213 ], [ 2.1419621, 41.3654124 ], [ 2.1419727, 41.3654061 ], [ 2.1419918, 41.3653946 ], [ 2.1420099, 41.3653829 ], [ 2.1420147, 41.3653797 ], [ 2.1420396, 41.365362 ], [ 2.1420552, 41.3653501 ], [ 2.1420786, 41.3653692 ], [ 2.1421256, 41.3654078 ], [ 2.1423016, 41.3652975 ], [ 2.1424149, 41.3652256 ], [ 2.1424182, 41.3652235 ], [ 2.1424437, 41.3652076 ], [ 2.1424438, 41.3652075 ], [ 2.1427539, 41.3650133 ], [ 2.1427701, 41.365005 ], [ 2.1430476, 41.3648636 ], [ 2.1429175, 41.364722 ], [ 2.1429126, 41.3647185 ], [ 2.1428173, 41.3646987 ], [ 2.1429705, 41.3646324 ], [ 2.1431553, 41.3645436 ], [ 2.1432605, 41.3644847 ], [ 2.1433486, 41.3644204 ], [ 2.1434462, 41.3643463 ], [ 2.1435476, 41.3642579 ], [ 2.1437724, 41.3640755 ], [ 2.1439127, 41.3639513 ], [ 2.1440689, 41.3638268 ], [ 2.1442171, 41.3637466 ], [ 2.1444198, 41.3636519 ], [ 2.1446682, 41.3635522 ], [ 2.1448192, 41.3634893 ], [ 2.1449808, 41.3634206 ], [ 2.145143, 41.3633561 ], [ 2.1453478, 41.3632772 ], [ 2.1454564, 41.3632517 ], [ 2.1455745, 41.3632489 ], [ 2.1456421, 41.363255 ], [ 2.1457687, 41.3632549 ], [ 2.1458334, 41.3632501 ], [ 2.1458661, 41.3632476 ], [ 2.1459239, 41.3632357 ], [ 2.1459286, 41.3632347 ], [ 2.1459541, 41.3632295 ], [ 2.1460356, 41.3632077 ], [ 2.146135, 41.3631679 ], [ 2.1461358, 41.3631676 ], [ 2.1461995, 41.3631022 ], [ 2.1462777, 41.3630385 ], [ 2.1463795, 41.3629826 ], [ 2.1465047, 41.3629312 ], [ 2.146618, 41.3628919 ], [ 2.1467534, 41.3628448 ], [ 2.1468552, 41.3628068 ], [ 2.1469875, 41.3627562 ], [ 2.1471208, 41.3627022 ], [ 2.1472428, 41.362645 ], [ 2.1473164, 41.3626086 ], [ 2.1474342, 41.3625559 ], [ 2.1474976, 41.3625187 ], [ 2.147529, 41.3625003 ], [ 2.1475771, 41.3624721 ], [ 2.1477402, 41.3623559 ], [ 2.1478846, 41.3622457 ], [ 2.1479433, 41.3621999 ], [ 2.1480479, 41.3621181 ], [ 2.1482473, 41.3619571 ], [ 2.148417, 41.3618235 ], [ 2.1485594, 41.3617082 ], [ 2.1486571, 41.3616237 ], [ 2.1487665, 41.3615153 ], [ 2.1488544, 41.3614131 ], [ 2.1489429, 41.3612974 ], [ 2.1490161, 41.3611906 ], [ 2.1490874, 41.3610774 ], [ 2.1491446, 41.3609753 ], [ 2.149209, 41.3608547 ], [ 2.1492663, 41.3607357 ], [ 2.149309, 41.3606234 ], [ 2.149419, 41.3600856 ], [ 2.149423, 41.3600419 ], [ 2.1494204, 41.3599972 ], [ 2.1494102, 41.3599538 ], [ 2.1493882, 41.3599148 ], [ 2.1493577, 41.3598735 ], [ 2.1493251, 41.3598432 ], [ 2.1492946, 41.359816 ], [ 2.1492471, 41.3597851 ], [ 2.1491703, 41.3597563 ], [ 2.1490767, 41.3597321 ], [ 2.1489669, 41.3597137 ], [ 2.1488147, 41.359705 ], [ 2.148627, 41.3597141 ], [ 2.1484642, 41.3597331 ], [ 2.1482116, 41.3597806 ], [ 2.1479892, 41.3598257 ], [ 2.1477446, 41.3598832 ], [ 2.1474636, 41.3599516 ], [ 2.1473335, 41.3599819 ], [ 2.1472626, 41.3599947 ], [ 2.1471662, 41.3600077 ], [ 2.1470626, 41.3600175 ], [ 2.1469462, 41.3600245 ], [ 2.1468295, 41.3600251 ], [ 2.1467098, 41.3600209 ], [ 2.1466066, 41.3600117 ], [ 2.1465072, 41.3599967 ], [ 2.146394, 41.3599741 ], [ 2.1462561, 41.3599384 ], [ 2.1461218, 41.3598975 ], [ 2.1459926, 41.3598451 ], [ 2.1459286, 41.3598122 ], [ 2.1458574, 41.3597757 ], [ 2.1458334, 41.3597626 ], [ 2.1457192, 41.3597004 ], [ 2.1456872, 41.3596819 ], [ 2.1455462, 41.3596002 ], [ 2.1453413, 41.3594877 ], [ 2.1451885, 41.3593966 ], [ 2.1450127, 41.359298 ], [ 2.1447052, 41.3591256 ], [ 2.1447242, 41.3590814 ], [ 2.1447621, 41.3589926 ], [ 2.1447922, 41.3589164 ], [ 2.1448158, 41.3588041 ], [ 2.1448278, 41.3586724 ], [ 2.1448235, 41.3585584 ], [ 2.1448123, 41.3584023 ], [ 2.1448108, 41.3583519 ], [ 2.1448116, 41.3583335 ], [ 2.1448264, 41.3579984 ], [ 2.1448986, 41.3577708 ], [ 2.145019, 41.357559 ], [ 2.1451845, 41.3573714 ], [ 2.1453414, 41.3572295 ], [ 2.1457064, 41.3568012 ], [ 2.1458484, 41.3566531 ], [ 2.1460613, 41.3563029 ], [ 2.1461016, 41.3560778 ], [ 2.1461806, 41.3558396 ], [ 2.1462735, 41.3556111 ], [ 2.1463864, 41.3554049 ], [ 2.1464628, 41.3553268 ], [ 2.1464628, 41.3553268 ], [ 2.1464929, 41.355296 ], [ 2.1466407, 41.3551448 ], [ 2.1467483, 41.3550494 ], [ 2.1468703, 41.3549616 ], [ 2.1471175, 41.3548194 ], [ 2.1474842, 41.3545702 ], [ 2.1487282, 41.3539305 ], [ 2.1503197, 41.3531179 ], [ 2.1507638, 41.3528813 ], [ 2.1508385, 41.3528415 ], [ 2.1509706, 41.3527711 ], [ 2.1514424, 41.352544 ], [ 2.1522112, 41.3524038 ], [ 2.1530658, 41.3518824 ], [ 2.1532817, 41.3518282 ], [ 2.1534816, 41.351778 ], [ 2.154341, 41.3519926 ], [ 2.1550003, 41.352168 ], [ 2.1554247, 41.3523038 ], [ 2.1555715, 41.3523814 ], [ 2.1559125, 41.3525053 ], [ 2.1563239, 41.3526723 ], [ 2.1567688, 41.3528679 ], [ 2.157188, 41.353088 ], [ 2.157529, 41.3532911 ], [ 2.157615, 41.3533443 ], [ 2.1578274, 41.3534808 ], [ 2.1581035, 41.353684 ], [ 2.1584724, 41.3539571 ], [ 2.1587071, 41.354124 ], [ 2.1596404, 41.3548521 ], [ 2.1600592, 41.3552349 ], [ 2.1603408, 41.3554943 ], [ 2.1605429, 41.3556816 ], [ 2.1607348, 41.355858 ], [ 2.1609935, 41.3560945 ], [ 2.1611726, 41.3562571 ], [ 2.1619641, 41.3569739 ], [ 2.1623239, 41.3572972 ], [ 2.1625014, 41.3574562 ], [ 2.1628409, 41.3577522 ], [ 2.1632342, 41.3580709 ], [ 2.1637823, 41.3584844 ], [ 2.1646449, 41.3591105 ], [ 2.165309, 41.3595656 ], [ 2.16608, 41.3600305 ], [ 2.166502, 41.3603049 ], [ 2.1670217, 41.3606717 ], [ 2.1680536, 41.3614192 ], [ 2.1685969, 41.3618086 ], [ 2.168846, 41.362017 ], [ 2.1692532, 41.3624216 ], [ 2.1695835, 41.3628493 ], [ 2.1708664, 41.3645735 ], [ 2.1712348, 41.3651128 ], [ 2.1713921, 41.3653943 ], [ 2.1719967, 41.3665061 ], [ 2.1721396, 41.3667516 ], [ 2.1723536, 41.3670687 ], [ 2.1725434, 41.3673498 ], [ 2.1723983, 41.367464 ], [ 2.1724555, 41.3675444 ], [ 2.1732337, 41.3685473 ], [ 2.1732912, 41.3686658 ], [ 2.1733214, 41.3687711 ], [ 2.1733359, 41.3689977 ], [ 2.1734467, 41.369349 ], [ 2.1735484, 41.369707 ], [ 2.1735615, 41.3697044 ], [ 2.1736204, 41.3696916 ], [ 2.1736228, 41.3696911 ], [ 2.173628, 41.36969 ], [ 2.1736344, 41.3696886 ], [ 2.173703, 41.3696737 ], [ 2.1737087, 41.3696725 ], [ 2.1737263, 41.3696687 ], [ 2.173727, 41.3696685 ], [ 2.1737316, 41.3696789 ], [ 2.1737614, 41.369747 ], [ 2.1737896, 41.3698062 ], [ 2.1738115, 41.3698453 ], [ 2.1738183, 41.3698577 ], [ 2.1738256, 41.3698707 ], [ 2.1738299, 41.3698793 ], [ 2.1738914, 41.370003 ], [ 2.1739157, 41.3700518 ], [ 2.1738888, 41.3700553 ], [ 2.1738994, 41.3700799 ], [ 2.1739439, 41.3701837 ], [ 2.1740105, 41.370339 ], [ 2.1739896, 41.3703453 ], [ 2.1739792, 41.3703485 ], [ 2.174, 41.3703731 ], [ 2.1740086, 41.3703833 ], [ 2.1740061, 41.3703838 ], [ 2.1740351, 41.370419 ], [ 2.174107, 41.3705093 ], [ 2.1742592, 41.3707002 ], [ 2.174302, 41.3707538 ], [ 2.1743353, 41.3707957 ], [ 2.1743871, 41.3707723 ], [ 2.1744419, 41.3708349 ], [ 2.1744565, 41.3708515 ], [ 2.174457, 41.3708522 ], [ 2.1744982, 41.3708992 ], [ 2.1745028, 41.3709049 ], [ 2.1745824, 41.3710024 ], [ 2.1746053, 41.3710195 ], [ 2.174619, 41.3710271 ], [ 2.1746648, 41.3710527 ], [ 2.1748329, 41.3711207 ], [ 2.1748407, 41.3711238 ], [ 2.1749074, 41.371198 ], [ 2.175003, 41.3713022 ], [ 2.1750318, 41.3713354 ], [ 2.1750616, 41.3713697 ], [ 2.1750587, 41.3713712 ], [ 2.1750303, 41.3713861 ], [ 2.175131, 41.3715072 ], [ 2.1751716, 41.371556 ], [ 2.1752024, 41.3715932 ], [ 2.1752094, 41.3716004 ], [ 2.1752191, 41.3715958 ], [ 2.1752762, 41.3716646 ], [ 2.1752649, 41.3716699 ], [ 2.1753284, 41.3717479 ], [ 2.1753328, 41.3717532 ], [ 2.175473, 41.3719252 ], [ 2.1754885, 41.3719446 ], [ 2.1754937, 41.371951 ], [ 2.1755088, 41.3719698 ], [ 2.1755526, 41.3720242 ], [ 2.1757764, 41.3723026 ], [ 2.1757975, 41.3723289 ], [ 2.1758192, 41.3723559 ], [ 2.1759709, 41.3725445 ], [ 2.1760216, 41.3726076 ], [ 2.1760474, 41.3726397 ], [ 2.1761768, 41.3728006 ], [ 2.1761825, 41.3727981 ], [ 2.1761878, 41.3727956 ], [ 2.1762415, 41.3728623 ] ] ] } },
{ "type": "Feature", "properties": { "id": "12", "name": "la Marina del Prat Vermell", "housing2025": 1654.0, "housing2026": 1648.0, "hutCount": 3, "hutPending": 0, "hutAllRecords": 3, "hutStrictGeometry": 3, "hutBeds": 10.0, "missingBeds": 0, "rent2019": 7.1009917938225788, "rentMonth2019": 374.34968253968265, "contracts2019": 63.0, "rent2020": null, "rentMonth2020": null, "contracts2020": 5.0, "rent2021": 5.9015961892857138, "rentMonth2021": 430.58571428571435, "contracts2021": 7.0, "rent2022": 7.1941478683333342, "rentMonth2022": 1456.6, "contracts2022": 65.0, "rent2023": 13.39285714, "rentMonth2023": 1451.0752688172042, "contracts2023": 93.0, "rent2024": 8.6766220599775234, "rentMonth2024": 751.57355140186996, "contracts2024": 214.0, "rent2025": 17.364144944040401, "rentMonth2025": 1389.56051282051, "contracts2025": 78.0, "hutIntensity": 1.8203883495145632, "hutInclusiveIntensity": 1.8203883495145632, "hutStrictIntensity": 1.8203883495145632, "rentChange": 141.36486018688336, "contractIntensity": 47.158403869407501, "comparable": false, "validRent2025": true, "validRentChange": true, "validContractActivity": true, "qualityFlag": "aei_scope_not_confirmed", "platform2025": 9, "platformEntire2025": 5, "platformIntensity2025": 3.022974607013301, "overlapClass": "unavailable", "changeClass": "unavailable", "thresholdStable": false, "caseFlag": false }, "geometry": { "type": "MultiPolygon", "coordinates": [ [ [ [ 2.1765299, 41.3728946 ], [ 2.1764383, 41.3729175 ], [ 2.1763024, 41.3729514 ], [ 2.1763003, 41.3729488 ], [ 2.1762689, 41.3729131 ], [ 2.176267, 41.3729107 ], [ 2.1762365, 41.3728751 ], [ 2.1762303, 41.3728674 ], [ 2.1762415, 41.3728623 ], [ 2.1761878, 41.3727956 ], [ 2.1761825, 41.3727981 ], [ 2.1761768, 41.3728006 ], [ 2.1760474, 41.3726397 ], [ 2.1760216, 41.3726076 ], [ 2.1759709, 41.3725445 ], [ 2.1758192, 41.3723559 ], [ 2.1757975, 41.3723289 ], [ 2.1757764, 41.3723026 ], [ 2.1755526, 41.3720242 ], [ 2.1755088, 41.3719698 ], [ 2.1754937, 41.371951 ], [ 2.1754885, 41.3719446 ], [ 2.175473, 41.3719252 ], [ 2.1753328, 41.3717532 ], [ 2.1753284, 41.3717479 ], [ 2.1752649, 41.3716699 ], [ 2.1752762, 41.3716646 ], [ 2.1752191, 41.3715958 ], [ 2.1752094, 41.3716004 ], [ 2.1752024, 41.3715932 ], [ 2.1751716, 41.371556 ], [ 2.175131, 41.3715072 ], [ 2.1750303, 41.3713861 ], [ 2.1750587, 41.3713712 ], [ 2.1750616, 41.3713697 ], [ 2.1750318, 41.3713354 ], [ 2.175003, 41.3713022 ], [ 2.1749074, 41.371198 ], [ 2.1748407, 41.3711238 ], [ 2.1748329, 41.3711207 ], [ 2.1746648, 41.3710527 ], [ 2.174619, 41.3710271 ], [ 2.1746053, 41.3710195 ], [ 2.1745824, 41.3710024 ], [ 2.1745028, 41.3709049 ], [ 2.1744982, 41.3708992 ], [ 2.174457, 41.3708522 ], [ 2.1744565, 41.3708515 ], [ 2.1744419, 41.3708349 ], [ 2.1743871, 41.3707723 ], [ 2.1743353, 41.3707957 ], [ 2.174302, 41.3707538 ], [ 2.1742592, 41.3707002 ], [ 2.174107, 41.3705093 ], [ 2.1740351, 41.370419 ], [ 2.1740061, 41.3703838 ], [ 2.1740086, 41.3703833 ], [ 2.174, 41.3703731 ], [ 2.1739792, 41.3703485 ], [ 2.1739896, 41.3703453 ], [ 2.1740105, 41.370339 ], [ 2.1739439, 41.3701837 ], [ 2.1738994, 41.3700799 ], [ 2.1738888, 41.3700553 ], [ 2.1739157, 41.3700518 ], [ 2.1738914, 41.370003 ], [ 2.1738299, 41.3698793 ], [ 2.1738256, 41.3698707 ], [ 2.1738183, 41.3698577 ], [ 2.1738115, 41.3698453 ], [ 2.1737896, 41.3698062 ], [ 2.1737614, 41.369747 ], [ 2.1737316, 41.3696789 ], [ 2.173727, 41.3696685 ], [ 2.1737263, 41.3696687 ], [ 2.1737087, 41.3696725 ], [ 2.173703, 41.3696737 ], [ 2.1736344, 41.3696886 ], [ 2.173628, 41.36969 ], [ 2.1736228, 41.3696911 ], [ 2.1736204, 41.3696916 ], [ 2.1735615, 41.3697044 ], [ 2.1735484, 41.369707 ], [ 2.1734467, 41.369349 ], [ 2.1733359, 41.3689977 ], [ 2.1733214, 41.3687711 ], [ 2.1732912, 41.3686658 ], [ 2.1732337, 41.3685473 ], [ 2.1724555, 41.3675444 ], [ 2.1723983, 41.367464 ], [ 2.1725434, 41.3673498 ], [ 2.1723536, 41.3670687 ], [ 2.1721396, 41.3667516 ], [ 2.1719967, 41.3665061 ], [ 2.1713921, 41.3653943 ], [ 2.1712348, 41.3651128 ], [ 2.1708664, 41.3645735 ], [ 2.1695835, 41.3628493 ], [ 2.1692532, 41.3624216 ], [ 2.168846, 41.362017 ], [ 2.1685969, 41.3618086 ], [ 2.1680536, 41.3614192 ], [ 2.1670217, 41.3606717 ], [ 2.166502, 41.3603049 ], [ 2.16608, 41.3600305 ], [ 2.165309, 41.3595656 ], [ 2.1646449, 41.3591105 ], [ 2.1637823, 41.3584844 ], [ 2.1632342, 41.3580709 ], [ 2.1628409, 41.3577522 ], [ 2.1625014, 41.3574562 ], [ 2.1623239, 41.3572972 ], [ 2.1619641, 41.3569739 ], [ 2.1611726, 41.3562571 ], [ 2.1609935, 41.3560945 ], [ 2.1607348, 41.355858 ], [ 2.1605429, 41.3556816 ], [ 2.1603408, 41.3554943 ], [ 2.1600592, 41.3552349 ], [ 2.1596404, 41.3548521 ], [ 2.1587071, 41.354124 ], [ 2.1584724, 41.3539571 ], [ 2.1581035, 41.353684 ], [ 2.1578274, 41.3534808 ], [ 2.157615, 41.3533443 ], [ 2.157529, 41.3532911 ], [ 2.157188, 41.353088 ], [ 2.1567688, 41.3528679 ], [ 2.1563239, 41.3526723 ], [ 2.1559125, 41.3525053 ], [ 2.1555715, 41.3523814 ], [ 2.1554247, 41.3523038 ], [ 2.1550003, 41.352168 ], [ 2.154341, 41.3519926 ], [ 2.1534816, 41.351778 ], [ 2.1532817, 41.3518282 ], [ 2.1530658, 41.3518824 ], [ 2.1522112, 41.3524038 ], [ 2.1514424, 41.352544 ], [ 2.1509706, 41.3527711 ], [ 2.1508385, 41.3528415 ], [ 2.1507638, 41.3528813 ], [ 2.1503197, 41.3531179 ], [ 2.1487282, 41.3539305 ], [ 2.1474842, 41.3545702 ], [ 2.1471175, 41.3548194 ], [ 2.1468703, 41.3549616 ], [ 2.1467483, 41.3550494 ], [ 2.1466407, 41.3551448 ], [ 2.1464929, 41.355296 ], [ 2.1464628, 41.3553268 ], [ 2.1464628, 41.3553268 ], [ 2.1463864, 41.3554049 ], [ 2.1462196, 41.3552754 ], [ 2.1460546, 41.355186 ], [ 2.1451602, 41.3547691 ], [ 2.1442059, 41.3545141 ], [ 2.1439395, 41.3544355 ], [ 2.1436457, 41.3543189 ], [ 2.143359, 41.3542091 ], [ 2.142994, 41.3547009 ], [ 2.1425641, 41.3552906 ], [ 2.1419539, 41.3561449 ], [ 2.1418154, 41.3563425 ], [ 2.1401185, 41.355639 ], [ 2.1376341, 41.354625 ], [ 2.1364886, 41.3541678 ], [ 2.1342069, 41.3532452 ], [ 2.1338998, 41.3530596 ], [ 2.133771, 41.3530051 ], [ 2.1350422, 41.351301 ], [ 2.1351754, 41.3511351 ], [ 2.1352994, 41.3509918 ], [ 2.1355949, 41.3506818 ], [ 2.1356286, 41.3506468 ], [ 2.1365221, 41.3497136 ], [ 2.1367113, 41.3495159 ], [ 2.1369327, 41.3492847 ], [ 2.1372024, 41.349003 ], [ 2.137264, 41.3489387 ], [ 2.1374221, 41.3487736 ], [ 2.1370744, 41.3486525 ], [ 2.1367861, 41.3483648 ], [ 2.135664, 41.3479785 ], [ 2.1347962, 41.3476844 ], [ 2.1335455, 41.3472557 ], [ 2.132119, 41.3467686 ], [ 2.1312222, 41.3464477 ], [ 2.1300607, 41.3460153 ], [ 2.1292682, 41.3457182 ], [ 2.1287424, 41.3455231 ], [ 2.1280919, 41.345298 ], [ 2.111202, 41.3396995 ], [ 2.1080391, 41.3386078 ], [ 2.1013685, 41.3363341 ], [ 2.1005265, 41.3360421 ], [ 2.1022497, 41.3353507 ], [ 2.1027692, 41.3351014 ], [ 2.1031347, 41.3349041 ], [ 2.1041284, 41.3343354 ], [ 2.1047888, 41.3339312 ], [ 2.1053894, 41.3334943 ], [ 2.1058297, 41.3331618 ], [ 2.1065716, 41.332581 ], [ 2.1076537, 41.331745 ], [ 2.1083785, 41.3311033 ], [ 2.1087488, 41.3307296 ], [ 2.1091182, 41.3302451 ], [ 2.110131, 41.3289296 ], [ 2.1113789, 41.3272475 ], [ 2.1123024, 41.3261167 ], [ 2.1131098, 41.325596 ], [ 2.1140388, 41.324881 ], [ 2.1156527, 41.3238899 ], [ 2.1170434, 41.323321 ], [ 2.1189008, 41.322734 ], [ 2.121745, 41.3220662 ], [ 2.1231354, 41.3218066 ], [ 2.1257981, 41.3213529 ], [ 2.128519, 41.3209614 ], [ 2.1307118, 41.3207718 ], [ 2.1321168, 41.3208087 ], [ 2.1325821, 41.3208464 ], [ 2.1397688, 41.3211154 ], [ 2.1412679, 41.3210903 ], [ 2.1437427, 41.3209441 ], [ 2.1457415, 41.3207509 ], [ 2.1466176, 41.3207798 ], [ 2.1467292, 41.3207602 ], [ 2.1468595, 41.3207543 ], [ 2.1477116, 41.3207577 ], [ 2.1495199, 41.3207406 ], [ 2.14962, 41.3207436 ], [ 2.1497284, 41.3207576 ], [ 2.1498573, 41.3206829 ], [ 2.1506957, 41.3215295 ], [ 2.1508158, 41.3216741 ], [ 2.1509261, 41.3218486 ], [ 2.1511426, 41.3222014 ], [ 2.1513958, 41.3226141 ], [ 2.1517269, 41.3231537 ], [ 2.1517272, 41.3231536 ], [ 2.1522652, 41.3229642 ], [ 2.1522883, 41.322987 ], [ 2.152351, 41.3230758 ], [ 2.1523722, 41.3231909 ], [ 2.1524642, 41.323367 ], [ 2.1526086, 41.3236296 ], [ 2.1526933, 41.3238648 ], [ 2.1527111, 41.323977 ], [ 2.1527765, 41.3241081 ], [ 2.1528504, 41.3243058 ], [ 2.1528968, 41.3244003 ], [ 2.1529568, 41.324647 ], [ 2.1530045, 41.3247981 ], [ 2.1530366, 41.3249127 ], [ 2.153049, 41.3249533 ], [ 2.1530484, 41.3250213 ], [ 2.1530946, 41.3251649 ], [ 2.1531043, 41.3252055 ], [ 2.1531297, 41.325328 ], [ 2.1531736, 41.32542 ], [ 2.153181, 41.3254863 ], [ 2.1532175, 41.3255628 ], [ 2.1532735, 41.3256561 ], [ 2.1532928, 41.3257554 ], [ 2.1533322, 41.325858 ], [ 2.1533434, 41.3259098 ], [ 2.1533694, 41.325969 ], [ 2.1533769, 41.3260418 ], [ 2.1533986, 41.3261144 ], [ 2.1534126, 41.32617 ], [ 2.1534557, 41.3262752 ], [ 2.1534898, 41.3263222 ], [ 2.1535065, 41.3263856 ], [ 2.1535357, 41.326445 ], [ 2.153549, 41.3264956 ], [ 2.1536144, 41.3265778 ], [ 2.1536368, 41.3266462 ], [ 2.1536892, 41.3268401 ], [ 2.1537217, 41.3269474 ], [ 2.1538259, 41.3273177 ], [ 2.1538436, 41.327372 ], [ 2.1538773, 41.3274721 ], [ 2.1538796, 41.3275035 ], [ 2.1538248, 41.3275213 ], [ 2.1538702, 41.3275944 ], [ 2.1539233, 41.3275759 ], [ 2.1539627, 41.3276652 ], [ 2.1539969, 41.3276798 ], [ 2.15408, 41.3276587 ], [ 2.1541667, 41.3276188 ], [ 2.1542207, 41.3275569 ], [ 2.1542319, 41.3275184 ], [ 2.1542489, 41.3275037 ], [ 2.154225, 41.3274708 ], [ 2.1541682, 41.3274251 ], [ 2.1540417, 41.3273191 ], [ 2.1540399, 41.3272692 ], [ 2.1540401, 41.3272531 ], [ 2.1540557, 41.3272395 ], [ 2.1541874, 41.3272162 ], [ 2.154213, 41.3272138 ], [ 2.1542619, 41.3272185 ], [ 2.1543393, 41.3272711 ], [ 2.1544261, 41.3273548 ], [ 2.1544951, 41.3274662 ], [ 2.1544948, 41.3275562 ], [ 2.1544811, 41.3276154 ], [ 2.1543947, 41.3277473 ], [ 2.1542826, 41.3278125 ], [ 2.1542624, 41.3278354 ], [ 2.154266, 41.3278539 ], [ 2.1542995, 41.3278602 ], [ 2.1547833, 41.3278416 ], [ 2.1569768, 41.3278255 ], [ 2.1588452, 41.3278348 ], [ 2.1588697, 41.3277889 ], [ 2.1589255, 41.3277676 ], [ 2.1589711, 41.3277631 ], [ 2.158905, 41.3275728 ], [ 2.1588288, 41.3275455 ], [ 2.1587932, 41.3274779 ], [ 2.158736, 41.3273383 ], [ 2.1587225, 41.3272808 ], [ 2.1587555, 41.3272251 ], [ 2.158777, 41.3271939 ], [ 2.1588168, 41.32716 ], [ 2.1588986, 41.3271394 ], [ 2.1590276, 41.3271407 ], [ 2.1590907, 41.3271534 ], [ 2.1591488, 41.3271802 ], [ 2.1592024, 41.3272209 ], [ 2.1592474, 41.327299 ], [ 2.1593089, 41.3274191 ], [ 2.1594645, 41.3278256 ], [ 2.1595327, 41.327962 ], [ 2.1596319, 41.3280936 ], [ 2.1597321, 41.3282376 ], [ 2.15981, 41.3285116 ], [ 2.1599973, 41.3289958 ], [ 2.1600713, 41.3291661 ], [ 2.1602878, 41.3296851 ], [ 2.1606474, 41.3305195 ], [ 2.1608644, 41.3310082 ], [ 2.1610992, 41.3315868 ], [ 2.1611643, 41.3317261 ], [ 2.1613205, 41.3320487 ], [ 2.1613862, 41.33224 ], [ 2.1614636, 41.3324216 ], [ 2.1615731, 41.332685 ], [ 2.1616709, 41.3328773 ], [ 2.1617121, 41.3329743 ], [ 2.1618244, 41.3332289 ], [ 2.1620396, 41.3337157 ], [ 2.1621951, 41.3340791 ], [ 2.1622653, 41.3342154 ], [ 2.1623092, 41.3343496 ], [ 2.1624084, 41.334533 ], [ 2.1624506, 41.3346512 ], [ 2.1624926, 41.3347272 ], [ 2.162576, 41.3348885 ], [ 2.1625957, 41.3349356 ], [ 2.1626603, 41.335092 ], [ 2.1627471, 41.3352935 ], [ 2.1629389, 41.3357203 ], [ 2.1631205, 41.336078 ], [ 2.1632406, 41.3363183 ], [ 2.1633379, 41.3365025 ], [ 2.1634492, 41.3368004 ], [ 2.163566, 41.3370469 ], [ 2.1636312, 41.3371753 ], [ 2.1635995, 41.3372334 ], [ 2.1636391, 41.3373187 ], [ 2.1636863, 41.3373339 ], [ 2.1637282, 41.3373556 ], [ 2.1637461, 41.337368 ], [ 2.1637495, 41.3373798 ], [ 2.1637511, 41.3373961 ], [ 2.1637515, 41.3373969 ], [ 2.1637516, 41.337397 ], [ 2.1637582, 41.3374087 ], [ 2.1637553, 41.3374139 ], [ 2.1637552, 41.3374141 ], [ 2.1637457, 41.3374158 ], [ 2.1637373, 41.3374126 ], [ 2.1637245, 41.3374305 ], [ 2.1637318, 41.3374359 ], [ 2.1637314, 41.3374411 ], [ 2.1637125, 41.3374512 ], [ 2.1636883, 41.3374492 ], [ 2.1636836, 41.3374613 ], [ 2.1637047, 41.3375019 ], [ 2.1637093, 41.3375106 ], [ 2.1637298, 41.3375356 ], [ 2.1637497, 41.3375908 ], [ 2.1637802, 41.3376676 ], [ 2.1637989, 41.3376862 ], [ 2.1637953, 41.3377013 ], [ 2.1638077, 41.3377259 ], [ 2.1638145, 41.3377395 ], [ 2.1638298, 41.3377699 ], [ 2.1638511, 41.3378103 ], [ 2.1638548, 41.3378113 ], [ 2.1638573, 41.3378375 ], [ 2.1638778, 41.3378652 ], [ 2.1638916, 41.3378921 ], [ 2.1638931, 41.3379111 ], [ 2.1639021, 41.3379369 ], [ 2.1639138, 41.3379716 ], [ 2.1639291, 41.3379938 ], [ 2.1639365, 41.3380058 ], [ 2.1639456, 41.3380074 ], [ 2.1640126, 41.3379969 ], [ 2.1642002, 41.33797 ], [ 2.1642652, 41.3379606 ], [ 2.1642657, 41.3379605 ], [ 2.1644745, 41.3379303 ], [ 2.1647512, 41.3378848 ], [ 2.1648075, 41.337875 ], [ 2.1648332, 41.3378756 ], [ 2.1648613, 41.3378833 ], [ 2.1648805, 41.3378938 ], [ 2.1648878, 41.3379103 ], [ 2.1650997, 41.3378764 ], [ 2.1650235, 41.3376132 ], [ 2.1651784, 41.3375877 ], [ 2.1653887, 41.3383136 ], [ 2.1652352, 41.3383389 ], [ 2.1651546, 41.3380732 ], [ 2.1649413, 41.3381122 ], [ 2.1649453, 41.338131 ], [ 2.1649406, 41.338139 ], [ 2.1649218, 41.3381532 ], [ 2.1649054, 41.3381648 ], [ 2.1648874, 41.3381739 ], [ 2.164868, 41.3381807 ], [ 2.1648005, 41.3381939 ], [ 2.1646656, 41.3382193 ], [ 2.1646008, 41.3382348 ], [ 2.1644487, 41.3382583 ], [ 2.1643685, 41.3382725 ], [ 2.1643656, 41.338273 ], [ 2.164346, 41.3382765 ], [ 2.1643268, 41.3382799 ], [ 2.164248, 41.3382968 ], [ 2.1641038, 41.3383134 ], [ 2.1640752, 41.3383221 ], [ 2.1641812, 41.3385448 ], [ 2.1642684, 41.3387455 ], [ 2.1643686, 41.3389621 ], [ 2.1646132, 41.3394997 ], [ 2.1648122, 41.3399525 ], [ 2.1649251, 41.3402207 ], [ 2.1649366, 41.3402452 ], [ 2.1649485, 41.3402529 ], [ 2.1649596, 41.340256 ], [ 2.1649705, 41.3402585 ], [ 2.1649817, 41.3402574 ], [ 2.1650823, 41.3402295 ], [ 2.1650761, 41.3402152 ], [ 2.1651193, 41.3402046 ], [ 2.1651472, 41.3402689 ], [ 2.1656005, 41.3401573 ], [ 2.1657294, 41.3406133 ], [ 2.1656347, 41.3406288 ], [ 2.1655285, 41.340253 ], [ 2.1651782, 41.3403402 ], [ 2.1652884, 41.3405915 ], [ 2.1652452, 41.3406022 ], [ 2.1652256, 41.3405573 ], [ 2.1652076, 41.3405613 ], [ 2.1651986, 41.3405642 ], [ 2.1651912, 41.3405685 ], [ 2.1651863, 41.3405728 ], [ 2.1651765, 41.3405753 ], [ 2.1651668, 41.3405789 ], [ 2.1651607, 41.3405828 ], [ 2.1651521, 41.3405822 ], [ 2.1651465, 41.3405853 ], [ 2.1651424, 41.3405906 ], [ 2.1651436, 41.3405947 ], [ 2.1651436, 41.3405987 ], [ 2.1651347, 41.3406027 ], [ 2.1651293, 41.3406081 ], [ 2.1651269, 41.3406153 ], [ 2.1651273, 41.3406211 ], [ 2.165124, 41.340627 ], [ 2.1651218, 41.3406315 ], [ 2.1651228, 41.3406382 ], [ 2.1651252, 41.3406454 ], [ 2.1651216, 41.3406515 ], [ 2.1651165, 41.3406574 ], [ 2.1651145, 41.3406642 ], [ 2.1651144, 41.3406726 ], [ 2.165117, 41.34068 ], [ 2.1651186, 41.3406888 ], [ 2.165121, 41.340696 ], [ 2.1651249, 41.3406993 ], [ 2.1651269, 41.3407054 ], [ 2.1651301, 41.3407191 ], [ 2.1651359, 41.3407243 ], [ 2.1651404, 41.340732 ], [ 2.1651437, 41.3407411 ], [ 2.16515, 41.3407555 ], [ 2.1651576, 41.3407654 ], [ 2.1651623, 41.3407735 ], [ 2.1651712, 41.3407906 ], [ 2.1651767, 41.3408004 ], [ 2.1651784, 41.340816 ], [ 2.1651914, 41.3408414 ], [ 2.1651968, 41.3408534 ], [ 2.1652029, 41.3408725 ], [ 2.1652096, 41.3408862 ], [ 2.1652166, 41.3408942 ], [ 2.1652261, 41.3409064 ], [ 2.1652309, 41.3409148 ], [ 2.1652375, 41.3409311 ], [ 2.1652406, 41.3409447 ], [ 2.1652433, 41.3409551 ], [ 2.1652442, 41.3409671 ], [ 2.1652466, 41.3409755 ], [ 2.165248, 41.3409802 ], [ 2.1652538, 41.3409922 ], [ 2.1652591, 41.3410057 ], [ 2.1652637, 41.3410165 ], [ 2.16527, 41.3410232 ], [ 2.1652718, 41.3410252 ], [ 2.1652738, 41.3410273 ], [ 2.1652799, 41.3410383 ], [ 2.1652844, 41.3410502 ], [ 2.1652871, 41.341062 ], [ 2.1652947, 41.3410729 ], [ 2.1652985, 41.3410761 ], [ 2.1653112, 41.3411077 ], [ 2.165314, 41.3411203 ], [ 2.1653172, 41.3411293 ], [ 2.1653204, 41.3411358 ], [ 2.1653266, 41.3411412 ], [ 2.1653349, 41.3411459 ], [ 2.1653431, 41.3411502 ], [ 2.1653489, 41.3411555 ], [ 2.1653535, 41.3411624 ], [ 2.1653595, 41.3411702 ], [ 2.16537, 41.3411761 ], [ 2.1653813, 41.3411789 ], [ 2.1653903, 41.3411793 ], [ 2.1654021, 41.341179 ], [ 2.1654226, 41.3411782 ], [ 2.165435, 41.3411732 ], [ 2.1654467, 41.3411733 ], [ 2.1654654, 41.3411727 ], [ 2.1654823, 41.3411698 ], [ 2.1655004, 41.3411658 ], [ 2.1655174, 41.3411635 ], [ 2.1655371, 41.3411581 ], [ 2.1655513, 41.3411547 ], [ 2.1655683, 41.3411529 ], [ 2.1655831, 41.3411489 ], [ 2.1655951, 41.3411467 ], [ 2.1656134, 41.3411469 ], [ 2.165627, 41.3411469 ], [ 2.165645, 41.3411455 ], [ 2.1656582, 41.3411408 ], [ 2.165677, 41.3411357 ], [ 2.1656888, 41.3411347 ], [ 2.1657049, 41.3411337 ], [ 2.1657447, 41.3411304 ], [ 2.1657664, 41.3411266 ], [ 2.1657845, 41.3411227 ], [ 2.1658033, 41.3411168 ], [ 2.1658233, 41.3411107 ], [ 2.1658356, 41.3411078 ], [ 2.1658494, 41.3411045 ], [ 2.1658662, 41.3411024 ], [ 2.1659059, 41.3411023 ], [ 2.1659261, 41.3410981 ], [ 2.1659478, 41.3410928 ], [ 2.1659677, 41.3410865 ], [ 2.1659905, 41.3410831 ], [ 2.166006, 41.3410774 ], [ 2.1660218, 41.3410725 ], [ 2.166035, 41.3410705 ], [ 2.166049, 41.3410678 ], [ 2.1660635, 41.3410656 ], [ 2.1660947, 41.341065 ], [ 2.1661152, 41.3410657 ], [ 2.1661369, 41.3410689 ], [ 2.1661548, 41.3410734 ], [ 2.1661688, 41.3410799 ], [ 2.1661823, 41.3410853 ], [ 2.1661925, 41.3410924 ], [ 2.1662031, 41.3411017 ], [ 2.1662141, 41.3411126 ], [ 2.1662253, 41.3411269 ], [ 2.1662315, 41.3411399 ], [ 2.1662323, 41.3411542 ], [ 2.1662324, 41.3411688 ], [ 2.1662372, 41.3411848 ], [ 2.1662432, 41.3412044 ], [ 2.1662466, 41.3412189 ], [ 2.1662478, 41.3412281 ], [ 2.16624, 41.3412501 ], [ 2.1662335, 41.3412564 ], [ 2.1662286, 41.3412639 ], [ 2.1662247, 41.3412732 ], [ 2.1662215, 41.3412832 ], [ 2.166219, 41.3412939 ], [ 2.1662058, 41.3413029 ], [ 2.1661868, 41.3413104 ], [ 2.1661771, 41.3413173 ], [ 2.1661657, 41.3413252 ], [ 2.1661442, 41.3413312 ], [ 2.166122, 41.3413347 ], [ 2.1661049, 41.341339 ], [ 2.1660828, 41.3413422 ], [ 2.1660608, 41.3413442 ], [ 2.1660305, 41.3413457 ], [ 2.1660052, 41.3413499 ], [ 2.1659837, 41.3413521 ], [ 2.1659607, 41.3413493 ], [ 2.1659413, 41.3413474 ], [ 2.1659215, 41.3413444 ], [ 2.1658804, 41.341323 ], [ 2.1658639, 41.3413161 ], [ 2.1658482, 41.3413191 ], [ 2.1658337, 41.3413263 ], [ 2.1658126, 41.3413265 ], [ 2.1657985, 41.341328 ], [ 2.1657848, 41.3413277 ], [ 2.1657677, 41.3413209 ], [ 2.1657611, 41.3413213 ], [ 2.1657487, 41.341322 ], [ 2.1657265, 41.3413283 ], [ 2.1657113, 41.3413345 ], [ 2.1656921, 41.3413376 ], [ 2.1656738, 41.3413372 ], [ 2.1656233, 41.3413448 ], [ 2.1655904, 41.3413486 ], [ 2.165564, 41.3413497 ], [ 2.1655453, 41.3413539 ], [ 2.1655238, 41.34136 ], [ 2.1654986, 41.341364 ], [ 2.1654976, 41.3413642 ], [ 2.1654776, 41.3413689 ], [ 2.1654481, 41.3413769 ], [ 2.1654209, 41.341376 ], [ 2.1653942, 41.3413772 ], [ 2.1653791, 41.3413775 ], [ 2.165352, 41.3413836 ], [ 2.1653281, 41.3413911 ], [ 2.1653071, 41.3413952 ], [ 2.1652873, 41.3413981 ], [ 2.1652465, 41.3414068 ], [ 2.1652162, 41.3414123 ], [ 2.165192, 41.3414145 ], [ 2.1651796, 41.3414169 ], [ 2.1651701, 41.3414218 ], [ 2.1651545, 41.3414257 ], [ 2.1651402, 41.3414269 ], [ 2.1651366, 41.3414275 ], [ 2.1651253, 41.3414296 ], [ 2.1651123, 41.3414272 ], [ 2.1650888, 41.3414292 ], [ 2.1650799, 41.3414362 ], [ 2.1650716, 41.3414425 ], [ 2.1650607, 41.3414512 ], [ 2.1650465, 41.3414609 ], [ 2.1650316, 41.3414721 ], [ 2.1650174, 41.3414851 ], [ 2.1650004, 41.34149 ], [ 2.1649814, 41.341495 ], [ 2.164967, 41.3415025 ], [ 2.1649548, 41.3415082 ], [ 2.164933, 41.3415128 ], [ 2.1649193, 41.3415176 ], [ 2.1649072, 41.3415215 ], [ 2.1648907, 41.3415206 ], [ 2.1648715, 41.3415205 ], [ 2.1648403, 41.3415232 ], [ 2.1648332, 41.3415238 ], [ 2.1648132, 41.341529 ], [ 2.1647926, 41.3415278 ], [ 2.1647691, 41.3415274 ], [ 2.164746, 41.3415267 ], [ 2.1647359, 41.3415266 ], [ 2.164712, 41.341522 ], [ 2.1646906, 41.3415232 ], [ 2.1646707, 41.3415271 ], [ 2.164658, 41.3415318 ], [ 2.1646374, 41.3415359 ], [ 2.1646259, 41.341536 ], [ 2.1646001, 41.3415358 ], [ 2.1645839, 41.3415333 ], [ 2.1645651, 41.3415288 ], [ 2.1645478, 41.3415249 ], [ 2.1645413, 41.3415237 ], [ 2.1645286, 41.3415213 ], [ 2.1645124, 41.3415198 ], [ 2.1645007, 41.341526 ], [ 2.1644847, 41.3415269 ], [ 2.1644658, 41.3415231 ], [ 2.1644468, 41.3415236 ], [ 2.1644271, 41.3415285 ], [ 2.1644103, 41.3415344 ], [ 2.1643953, 41.3415366 ], [ 2.1643819, 41.3415399 ], [ 2.1643664, 41.3415421 ], [ 2.1643518, 41.341542 ], [ 2.1643338, 41.3415429 ], [ 2.1643142, 41.3415456 ], [ 2.1642783, 41.3415422 ], [ 2.1642611, 41.3415454 ], [ 2.1642467, 41.3415478 ], [ 2.1642304, 41.3415456 ], [ 2.1642122, 41.3415448 ], [ 2.1641939, 41.3415535 ], [ 2.1641898, 41.3415582 ], [ 2.1641819, 41.3415605 ], [ 2.1641775, 41.3415663 ], [ 2.1641716, 41.3415704 ], [ 2.1641619, 41.3415716 ], [ 2.1641575, 41.3415702 ], [ 2.1641508, 41.3415678 ], [ 2.1641377, 41.3415662 ], [ 2.1641102, 41.3415691 ], [ 2.1640882, 41.3415722 ], [ 2.1640674, 41.3415776 ], [ 2.1640503, 41.3415802 ], [ 2.1640339, 41.3415837 ], [ 2.1640227, 41.3415899 ], [ 2.1640169, 41.3415918 ], [ 2.1639988, 41.3415927 ], [ 2.1639816, 41.341594 ], [ 2.1639655, 41.3415932 ], [ 2.1639441, 41.3415964 ], [ 2.1639408, 41.3415968 ], [ 2.1639303, 41.3416037 ], [ 2.163926, 41.3416064 ], [ 2.1639161, 41.3416108 ], [ 2.1639048, 41.3416088 ], [ 2.1638923, 41.341612 ], [ 2.1638815, 41.341613 ], [ 2.1638708, 41.341615 ], [ 2.1638609, 41.341621 ], [ 2.1638508, 41.3416224 ], [ 2.1638484, 41.3416221 ], [ 2.1638326, 41.3416243 ], [ 2.1638123, 41.3416268 ], [ 2.1637924, 41.3416273 ], [ 2.1637772, 41.3416281 ], [ 2.1637556, 41.3416324 ], [ 2.1637436, 41.3416393 ], [ 2.1637387, 41.341644 ], [ 2.1637257, 41.3416472 ], [ 2.1637128, 41.3416518 ], [ 2.1636958, 41.3416522 ], [ 2.1636498, 41.3416654 ], [ 2.1636356, 41.3416663 ], [ 2.163626, 41.3416676 ], [ 2.1636241, 41.341668 ], [ 2.163623, 41.3416685 ], [ 2.1636137, 41.3416723 ], [ 2.1636131, 41.3416806 ], [ 2.163614, 41.3416846 ], [ 2.1636162, 41.3417018 ], [ 2.1636238, 41.3417387 ], [ 2.1636246, 41.3417617 ], [ 2.1636267, 41.3417753 ], [ 2.1636286, 41.3417873 ], [ 2.1636391, 41.3418135 ], [ 2.16365, 41.3418323 ], [ 2.1636608, 41.3418498 ], [ 2.1636781, 41.3418577 ], [ 2.163698, 41.3418608 ], [ 2.1637186, 41.3418592 ], [ 2.1637218, 41.3418578 ], [ 2.1637409, 41.3418494 ], [ 2.1637617, 41.3418451 ], [ 2.163785, 41.3418399 ], [ 2.1638086, 41.3418349 ], [ 2.1638401, 41.3418323 ], [ 2.1638724, 41.3418299 ], [ 2.1639002, 41.3418307 ], [ 2.1639213, 41.3418332 ], [ 2.1639453, 41.3418431 ], [ 2.1639576, 41.3418563 ], [ 2.1639651, 41.3418751 ], [ 2.1639776, 41.341889 ], [ 2.1639876, 41.3419014 ], [ 2.1639938, 41.341916 ], [ 2.1639989, 41.3419301 ], [ 2.1640011, 41.3419466 ], [ 2.1640155, 41.3419739 ], [ 2.1640292, 41.3419957 ], [ 2.164038, 41.3420123 ], [ 2.1640435, 41.3420288 ], [ 2.1640443, 41.3420422 ], [ 2.1640499, 41.3420587 ], [ 2.1640504, 41.3420604 ], [ 2.1640537, 41.342073 ], [ 2.1640582, 41.3420856 ], [ 2.1640637, 41.3420938 ], [ 2.1640684, 41.342099 ], [ 2.1640746, 41.3421023 ], [ 2.1640776, 41.3421102 ], [ 2.1640692, 41.3421309 ], [ 2.164205, 41.3421077 ], [ 2.1642408, 41.342227 ], [ 2.1625293, 41.3425014 ], [ 2.1624954, 41.342382 ], [ 2.1626447, 41.3423592 ], [ 2.1626436, 41.3423416 ], [ 2.1626461, 41.3423311 ], [ 2.1626462, 41.3423192 ], [ 2.1626418, 41.3423009 ], [ 2.1626396, 41.3422931 ], [ 2.162632, 41.3422788 ], [ 2.1626261, 41.3422641 ], [ 2.1626264, 41.3422445 ], [ 2.1626192, 41.3422259 ], [ 2.1626111, 41.3422037 ], [ 2.1626063, 41.3421811 ], [ 2.1626063, 41.342181 ], [ 2.1625966, 41.3421493 ], [ 2.1625916, 41.3421328 ], [ 2.1625883, 41.3421061 ], [ 2.1625885, 41.3420881 ], [ 2.1625932, 41.3420735 ], [ 2.1626009, 41.3420619 ], [ 2.1626185, 41.3420509 ], [ 2.1626408, 41.3420426 ], [ 2.1626673, 41.3420372 ], [ 2.1626939, 41.3420303 ], [ 2.1627242, 41.3420236 ], [ 2.1627598, 41.3420179 ], [ 2.1627889, 41.3420135 ], [ 2.1628176, 41.3420108 ], [ 2.1628364, 41.3420059 ], [ 2.1628391, 41.3419975 ], [ 2.1628367, 41.3419873 ], [ 2.1628359, 41.3419829 ], [ 2.1628344, 41.3419749 ], [ 2.162825, 41.3419355 ], [ 2.1628204, 41.3419144 ], [ 2.1628178, 41.3418964 ], [ 2.1628118, 41.3418746 ], [ 2.1628091, 41.3418587 ], [ 2.1627769, 41.341805 ], [ 2.1627613, 41.3418004 ], [ 2.1627238, 41.3418004 ], [ 2.1627038, 41.341804 ], [ 2.1627011, 41.3418055 ], [ 2.1626906, 41.3418115 ], [ 2.1626649, 41.341815 ], [ 2.1626373, 41.3418175 ], [ 2.1625957, 41.3418245 ], [ 2.1625714, 41.3418323 ], [ 2.1625469, 41.3418415 ], [ 2.1625186, 41.3418483 ], [ 2.1625, 41.3418507 ], [ 2.1624909, 41.3418519 ], [ 2.1624656, 41.3418576 ], [ 2.16244, 41.3418646 ], [ 2.1624132, 41.3418679 ], [ 2.1623857, 41.3418709 ], [ 2.1623591, 41.3418757 ], [ 2.1623571, 41.3418767 ], [ 2.162345, 41.3418828 ], [ 2.1623269, 41.341889 ], [ 2.1623027, 41.341891 ], [ 2.1622785, 41.3418924 ], [ 2.1622278, 41.3419065 ], [ 2.1621984, 41.3419103 ], [ 2.1621725, 41.3419151 ], [ 2.1621485, 41.3419192 ], [ 2.1621232, 41.3419254 ], [ 2.1621218, 41.3419258 ], [ 2.1620765, 41.3419391 ], [ 2.1620192, 41.3419416 ], [ 2.1619933, 41.3419448 ], [ 2.1619663, 41.3419458 ], [ 2.1619384, 41.3419485 ], [ 2.161913, 41.3419525 ], [ 2.161892, 41.3419551 ], [ 2.1618647, 41.3419561 ], [ 2.1618523, 41.3419604 ], [ 2.1618397, 41.3419656 ], [ 2.1617561, 41.3419685 ], [ 2.1617079, 41.34198 ], [ 2.1616927, 41.3419855 ], [ 2.1616788, 41.3419905 ], [ 2.1616518, 41.3419986 ], [ 2.1616272, 41.3420078 ], [ 2.161602, 41.3420156 ], [ 2.1615777, 41.3420177 ], [ 2.1615527, 41.3420218 ], [ 2.1615423, 41.3420272 ], [ 2.1615375, 41.3420296 ], [ 2.1615244, 41.3420334 ], [ 2.1615078, 41.3420409 ], [ 2.1614915, 41.3420441 ], [ 2.1614737, 41.3420399 ], [ 2.1614636, 41.3420337 ], [ 2.1614428, 41.3420341 ], [ 2.1614153, 41.3420344 ], [ 2.1613886, 41.3420302 ], [ 2.1613676, 41.3420298 ], [ 2.1613322, 41.342037 ], [ 2.1612955, 41.3420474 ], [ 2.1612732, 41.3420556 ], [ 2.1612466, 41.3420596 ], [ 2.161226, 41.3420633 ], [ 2.1612075, 41.3420719 ], [ 2.1611796, 41.3420802 ], [ 2.1611505, 41.3420799 ], [ 2.1611296, 41.3420794 ], [ 2.1610984, 41.3420796 ], [ 2.1610736, 41.3420809 ], [ 2.1610485, 41.3420843 ], [ 2.1610423, 41.3420866 ], [ 2.1610262, 41.3420925 ], [ 2.1610241, 41.3421081 ], [ 2.1610314, 41.3421215 ], [ 2.1610394, 41.3421377 ], [ 2.1610454, 41.3421499 ], [ 2.1610534, 41.3421741 ], [ 2.1610561, 41.3421938 ], [ 2.1610653, 41.3422182 ], [ 2.1610811, 41.3422375 ], [ 2.1610945, 41.3422603 ], [ 2.1611123, 41.3422797 ], [ 2.1611212, 41.3422942 ], [ 2.1611285, 41.3423164 ], [ 2.1611454, 41.3423724 ], [ 2.1611606, 41.3423866 ], [ 2.1611662, 41.3424299 ], [ 2.1611643, 41.3424599 ], [ 2.1611644, 41.3424716 ], [ 2.1611687, 41.3424869 ], [ 2.1611638, 41.3424959 ], [ 2.1611658, 41.342508 ], [ 2.1611706, 41.3425185 ], [ 2.1611741, 41.342532 ], [ 2.1611754, 41.3425471 ], [ 2.1611723, 41.3425593 ], [ 2.1611646, 41.3425646 ], [ 2.1611789, 41.3425923 ], [ 2.1606896, 41.34278 ], [ 2.1594796, 41.3432517 ], [ 2.1594648, 41.3432282 ], [ 2.1593977, 41.3432482 ], [ 2.1593337, 41.3432666 ], [ 2.1592841, 41.3432703 ], [ 2.1592638, 41.3432698 ], [ 2.1592385, 41.3432618 ], [ 2.1592073, 41.3432461 ], [ 2.159142, 41.3432042 ], [ 2.1584415, 41.3427562 ], [ 2.1584352, 41.3427621 ], [ 2.1584075, 41.3427453 ], [ 2.1584225, 41.3427313 ], [ 2.1584002, 41.3427129 ], [ 2.1583921, 41.3426993 ], [ 2.1583829, 41.342687 ], [ 2.1583728, 41.3426725 ], [ 2.1583513, 41.3426489 ], [ 2.1583317, 41.3426369 ], [ 2.1583177, 41.3426314 ], [ 2.1582982, 41.3426206 ], [ 2.1582865, 41.34261 ], [ 2.158267, 41.3425943 ], [ 2.15825, 41.3425856 ], [ 2.1582297, 41.3425825 ], [ 2.1582076, 41.3425824 ], [ 2.1581834, 41.3425841 ], [ 2.1581385, 41.3425884 ], [ 2.1581112, 41.3425916 ], [ 2.1580914, 41.3425944 ], [ 2.1580667, 41.3425944 ], [ 2.158042, 41.3425965 ], [ 2.1580115, 41.3426005 ], [ 2.1579919, 41.3426035 ], [ 2.1579878, 41.3426041 ], [ 2.1579454, 41.3426031 ], [ 2.1579126, 41.3425993 ], [ 2.157871, 41.3425892 ], [ 2.1578164, 41.3425691 ], [ 2.1577915, 41.3425599 ], [ 2.1577203, 41.3425332 ], [ 2.1576875, 41.3425241 ], [ 2.1576378, 41.3425023 ], [ 2.1576022, 41.3424829 ], [ 2.1575706, 41.3424641 ], [ 2.1575246, 41.3424393 ], [ 2.1574729, 41.3424119 ], [ 2.1574401, 41.342399 ], [ 2.1573882, 41.3423733 ], [ 2.1573344, 41.3423499 ], [ 2.1573188, 41.3423494 ], [ 2.157303, 41.3423456 ], [ 2.1572619, 41.3423214 ], [ 2.1572414, 41.3423086 ], [ 2.1572271, 41.3422998 ], [ 2.1572064, 41.3422912 ], [ 2.1571858, 41.3422848 ], [ 2.1571368, 41.3422603 ], [ 2.157081, 41.3422336 ], [ 2.157048, 41.3422755 ], [ 2.157153, 41.3423244 ], [ 2.1570881, 41.3424056 ], [ 2.1570438, 41.3423849 ], [ 2.1568491, 41.3422937 ], [ 2.1569152, 41.3422136 ], [ 2.1569268, 41.342219 ], [ 2.1569609, 41.3421775 ], [ 2.156941, 41.3421649 ], [ 2.156914, 41.3421569 ], [ 2.1568764, 41.3421392 ], [ 2.1568317, 41.3421197 ], [ 2.1568106, 41.342144 ], [ 2.1568167, 41.3421474 ], [ 2.156786, 41.3421779 ], [ 2.156746, 41.3421551 ], [ 2.1567725, 41.3421265 ], [ 2.1567754, 41.3421281 ], [ 2.1567845, 41.3421183 ], [ 2.1567872, 41.3421197 ], [ 2.1567989, 41.3421072 ], [ 2.156791, 41.3421031 ], [ 2.1567745, 41.3420937 ], [ 2.1567581, 41.3420861 ], [ 2.1567354, 41.3420773 ], [ 2.1567272, 41.3420748 ], [ 2.1567098, 41.3420711 ], [ 2.1567063, 41.3420704 ], [ 2.1566881, 41.3420585 ], [ 2.1566784, 41.3420498 ], [ 2.1566368, 41.3420333 ], [ 2.1566002, 41.3420159 ], [ 2.1565955, 41.3420138 ], [ 2.1565516, 41.3419933 ], [ 2.1565281, 41.3419825 ], [ 2.15651, 41.3419719 ], [ 2.1564961, 41.3419649 ], [ 2.1564837, 41.3419573 ], [ 2.1564696, 41.3419507 ], [ 2.1564555, 41.3419458 ], [ 2.1564417, 41.3419383 ], [ 2.156413, 41.3419248 ], [ 2.1563978, 41.3419214 ], [ 2.1563833, 41.3419159 ], [ 2.156365, 41.3419053 ], [ 2.1563272, 41.3418839 ], [ 2.1562813, 41.3418618 ], [ 2.1562783, 41.3418603 ], [ 2.1562484, 41.3418389 ], [ 2.1562328, 41.3418199 ], [ 2.1562254, 41.3418055 ], [ 2.1562061, 41.3417804 ], [ 2.1561946, 41.3417614 ], [ 2.1561883, 41.3417488 ], [ 2.1561803, 41.3417341 ], [ 2.1561751, 41.341721 ], [ 2.1561689, 41.3417043 ], [ 2.1561586, 41.3416899 ], [ 2.156141, 41.3416681 ], [ 2.1561367, 41.3416627 ], [ 2.1561227, 41.3416443 ], [ 2.1561069, 41.3416268 ], [ 2.1560927, 41.3416132 ], [ 2.1560823, 41.3415982 ], [ 2.1560735, 41.3415807 ], [ 2.1560666, 41.3415641 ], [ 2.1560627, 41.3415465 ], [ 2.1560583, 41.3415282 ], [ 2.1560481, 41.3415111 ], [ 2.1560366, 41.3414952 ], [ 2.1560289, 41.3414813 ], [ 2.1560122, 41.3414641 ], [ 2.1560046, 41.3414545 ], [ 2.1560016, 41.3414507 ], [ 2.1559859, 41.341418 ], [ 2.1559696, 41.3413994 ], [ 2.1559588, 41.341386 ], [ 2.1559508, 41.3413672 ], [ 2.155939, 41.3413487 ], [ 2.1559181, 41.3413105 ], [ 2.1559078, 41.3412978 ], [ 2.1558926, 41.3412751 ], [ 2.1558719, 41.3412377 ], [ 2.155862, 41.341216 ], [ 2.1558547, 41.3412007 ], [ 2.155852, 41.3411951 ], [ 2.155838, 41.3411735 ], [ 2.1558107, 41.341141 ], [ 2.1557863, 41.341119 ], [ 2.1557687, 41.3410868 ], [ 2.1557516, 41.3410646 ], [ 2.1557461, 41.341056 ], [ 2.1557353, 41.3410403 ], [ 2.1557352, 41.3410296 ], [ 2.1557291, 41.3410174 ], [ 2.1557159, 41.3410001 ], [ 2.1557024, 41.3409851 ], [ 2.1556926, 41.3409741 ], [ 2.1556811, 41.3409627 ], [ 2.1556749, 41.3409516 ], [ 2.1556766, 41.3409394 ], [ 2.155668, 41.340929 ], [ 2.1556597, 41.3409154 ], [ 2.1556523, 41.3408966 ], [ 2.1556273, 41.340858 ], [ 2.1555499, 41.340814 ], [ 2.1555548, 41.3407882 ], [ 2.155552, 41.3407705 ], [ 2.1555476, 41.3407628 ], [ 2.155542, 41.3407519 ], [ 2.1555358, 41.3407406 ], [ 2.1555308, 41.340718 ], [ 2.1555201, 41.3407014 ], [ 2.1555144, 41.3406828 ], [ 2.1555051, 41.3406662 ], [ 2.155495, 41.3406451 ], [ 2.1554858, 41.3406232 ], [ 2.1554779, 41.3406065 ], [ 2.1554703, 41.3405935 ], [ 2.1554608, 41.3405794 ], [ 2.1554572, 41.340563 ], [ 2.1554486, 41.3405494 ], [ 2.155438, 41.3405398 ], [ 2.1554268, 41.340525 ], [ 2.1554174, 41.3405178 ], [ 2.1554095, 41.3405089 ], [ 2.1553968, 41.3404809 ], [ 2.1553885, 41.34047 ], [ 2.1553823, 41.3404547 ], [ 2.1553815, 41.3404461 ], [ 2.1553814, 41.3404409 ], [ 2.1553793, 41.3404296 ], [ 2.1553727, 41.3404151 ], [ 2.155327, 41.340426 ], [ 2.1553219, 41.3404141 ], [ 2.1553577, 41.3404056 ], [ 2.1553365, 41.3403996 ], [ 2.1553239, 41.3403848 ], [ 2.1553205, 41.3403725 ], [ 2.1553119, 41.3403443 ], [ 2.1553038, 41.34033 ], [ 2.1553002, 41.3403237 ], [ 2.1552902, 41.3403003 ], [ 2.1552822, 41.3402804 ], [ 2.1552721, 41.3402609 ], [ 2.1552583, 41.3402464 ], [ 2.1552454, 41.3402261 ], [ 2.1552354, 41.3402078 ], [ 2.1552228, 41.3401914 ], [ 2.1552085, 41.3401724 ], [ 2.1551987, 41.3401533 ], [ 2.1551902, 41.3401339 ], [ 2.1551813, 41.3401148 ], [ 2.1551739, 41.3400958 ], [ 2.1551623, 41.340077 ], [ 2.1551459, 41.3400562 ], [ 2.1551339, 41.3400362 ], [ 2.155107, 41.3399893 ], [ 2.1551024, 41.3399697 ], [ 2.1551, 41.3399536 ], [ 2.1551, 41.3399532 ], [ 2.1550899, 41.3399398 ], [ 2.1550783, 41.3399237 ], [ 2.1550717, 41.339913 ], [ 2.1550684, 41.3399077 ], [ 2.1550604, 41.3398981 ], [ 2.1550527, 41.3398896 ], [ 2.1550291, 41.3398513 ], [ 2.155006, 41.3398183 ], [ 2.1549899, 41.339795 ], [ 2.1549823, 41.3397781 ], [ 2.1549712, 41.3397585 ], [ 2.1549479, 41.3397374 ], [ 2.1549336, 41.3397191 ], [ 2.1549165, 41.3397 ], [ 2.1548948, 41.3396742 ], [ 2.1548819, 41.339652 ], [ 2.1548799, 41.3396407 ], [ 2.1548767, 41.3396272 ], [ 2.1548751, 41.3396163 ], [ 2.15487, 41.3396008 ], [ 2.1548583, 41.339587 ], [ 2.15485, 41.3395698 ], [ 2.1548431, 41.3395623 ], [ 2.1548349, 41.3395482 ], [ 2.1548305, 41.3395268 ], [ 2.1548249, 41.3395186 ], [ 2.1548176, 41.3395059 ], [ 2.1547837, 41.3394681 ], [ 2.154772, 41.339464 ], [ 2.1547657, 41.3394587 ], [ 2.1547567, 41.3394507 ], [ 2.1547511, 41.3394478 ], [ 2.1547435, 41.3394365 ], [ 2.1547213, 41.3393693 ], [ 2.1546947, 41.3393233 ], [ 2.1546824, 41.3393091 ], [ 2.1546742, 41.3392973 ], [ 2.154667, 41.3392839 ], [ 2.154657, 41.3392719 ], [ 2.1546415, 41.3392528 ], [ 2.1546303, 41.3392374 ], [ 2.1546188, 41.3392312 ], [ 2.1546071, 41.3392284 ], [ 2.1545955, 41.3392211 ], [ 2.1545803, 41.3392068 ], [ 2.1545621, 41.3391826 ], [ 2.154551, 41.3391695 ], [ 2.1545448, 41.3391609 ], [ 2.1545395, 41.3391535 ], [ 2.1545264, 41.339121 ], [ 2.1545152, 41.3391084 ], [ 2.154503, 41.3390999 ], [ 2.1544954, 41.3390866 ], [ 2.1544905, 41.339076 ], [ 2.1544822, 41.3390687 ], [ 2.1544736, 41.3390638 ], [ 2.1544614, 41.3390609 ], [ 2.1544519, 41.339061 ], [ 2.1544395, 41.339062 ], [ 2.1544267, 41.3390639 ], [ 2.1544159, 41.3390621 ], [ 2.1544062, 41.3390597 ], [ 2.1543985, 41.3390554 ], [ 2.1543815, 41.3390342 ], [ 2.1543721, 41.3390151 ], [ 2.1543598, 41.3389792 ], [ 2.1543421, 41.3389585 ], [ 2.1543374, 41.3389522 ], [ 2.1543354, 41.3389455 ], [ 2.1543333, 41.3389398 ], [ 2.1543324, 41.3389322 ], [ 2.1543322, 41.3389261 ], [ 2.1543359, 41.3389191 ], [ 2.1543424, 41.3389123 ], [ 2.1543498, 41.3389061 ], [ 2.1543593, 41.3389 ], [ 2.1543734, 41.3388952 ], [ 2.1543795, 41.3388915 ], [ 2.15439, 41.3388861 ], [ 2.154397, 41.3388803 ], [ 2.1543992, 41.3388751 ], [ 2.1543999, 41.3388672 ], [ 2.1544, 41.3388583 ], [ 2.1544018, 41.3388509 ], [ 2.1544019, 41.3388429 ], [ 2.1543989, 41.3388313 ], [ 2.1543896, 41.3388175 ], [ 2.1543572, 41.3387744 ], [ 2.1543375, 41.3387464 ], [ 2.1543269, 41.3387237 ], [ 2.1543244, 41.3387103 ], [ 2.1543178, 41.3386994 ], [ 2.1543133, 41.3386905 ], [ 2.1543, 41.3386715 ], [ 2.1542908, 41.3386574 ], [ 2.154269, 41.338628 ], [ 2.154262, 41.3386212 ], [ 2.1542448, 41.3385981 ], [ 2.1542335, 41.3385872 ], [ 2.1542281, 41.3385759 ], [ 2.1542233, 41.3385641 ], [ 2.1542176, 41.3385463 ], [ 2.1542075, 41.3385323 ], [ 2.1541945, 41.3385107 ], [ 2.1541885, 41.3384975 ], [ 2.1541784, 41.3384826 ], [ 2.1541714, 41.3384687 ], [ 2.1541667, 41.3384637 ], [ 2.1541628, 41.3384595 ], [ 2.1541543, 41.3384522 ], [ 2.1541403, 41.3384332 ], [ 2.1541322, 41.3384163 ], [ 2.1541274, 41.3384093 ], [ 2.1541241, 41.3384031 ], [ 2.1541233, 41.3383975 ], [ 2.1541064, 41.3384036 ], [ 2.1540952, 41.3383859 ], [ 2.1541142, 41.3383795 ], [ 2.1541054, 41.3383681 ], [ 2.1541024, 41.3383619 ], [ 2.1540956, 41.3383561 ], [ 2.1540913, 41.3383493 ], [ 2.1540927, 41.3383407 ], [ 2.1540976, 41.338335 ], [ 2.1540944, 41.3383262 ], [ 2.1540896, 41.3383116 ], [ 2.1540806, 41.3382974 ], [ 2.154061, 41.3382791 ], [ 2.1540515, 41.3382616 ], [ 2.1540407, 41.338244 ], [ 2.1540355, 41.3382363 ], [ 2.1540228, 41.3382215 ], [ 2.1540114, 41.3382073 ], [ 2.1540062, 41.3381924 ], [ 2.1539942, 41.3381814 ], [ 2.1539803, 41.3381704 ], [ 2.1539739, 41.3381612 ], [ 2.1539652, 41.3381478 ], [ 2.1539586, 41.3381363 ], [ 2.1539516, 41.3381231 ], [ 2.1539448, 41.3381073 ], [ 2.1539326, 41.3380872 ], [ 2.1539183, 41.3380748 ], [ 2.1539084, 41.3380628 ], [ 2.153898, 41.3380434 ], [ 2.1538928, 41.3380348 ], [ 2.1538911, 41.3380319 ], [ 2.1538891, 41.3380287 ], [ 2.1538863, 41.3380167 ], [ 2.1538781, 41.3380053 ], [ 2.1538676, 41.3379883 ], [ 2.1538574, 41.3379738 ], [ 2.1538555, 41.3379616 ], [ 2.1538556, 41.3379408 ], [ 2.1538473, 41.3379284 ], [ 2.1538352, 41.3379167 ], [ 2.1538258, 41.3379037 ], [ 2.1538194, 41.337896 ], [ 2.153814, 41.3378857 ], [ 2.1538063, 41.3378646 ], [ 2.1538029, 41.3378534 ], [ 2.1537966, 41.3378421 ], [ 2.1537897, 41.3378322 ], [ 2.1537865, 41.3378209 ], [ 2.1537775, 41.3378116 ], [ 2.1537655, 41.3378079 ], [ 2.1537534, 41.3378092 ], [ 2.1537474, 41.3378137 ], [ 2.1537419, 41.3378186 ], [ 2.1537345, 41.3378213 ], [ 2.1537247, 41.337823 ], [ 2.1537123, 41.3378259 ], [ 2.153703, 41.3378321 ], [ 2.15369, 41.337835 ], [ 2.1536794, 41.3378351 ], [ 2.1536683, 41.3378329 ], [ 2.153662, 41.3378284 ], [ 2.1536533, 41.3378245 ], [ 2.1536436, 41.3378175 ], [ 2.1536334, 41.3378096 ], [ 2.1536264, 41.3378051 ], [ 2.1536195, 41.3378018 ], [ 2.1536066, 41.3377912 ], [ 2.1535892, 41.3377578 ], [ 2.1535816, 41.3377431 ], [ 2.1535784, 41.3377296 ], [ 2.1535785, 41.3377253 ], [ 2.1535803, 41.3377185 ], [ 2.1535869, 41.3377126 ], [ 2.1535931, 41.3377054 ], [ 2.1535992, 41.3376959 ], [ 2.1536097, 41.3376899 ], [ 2.153617, 41.3376852 ], [ 2.1536239, 41.3376803 ], [ 2.1536332, 41.3376762 ], [ 2.1536411, 41.3376746 ], [ 2.153649, 41.3376741 ], [ 2.1536572, 41.3376699 ], [ 2.1536638, 41.3376639 ], [ 2.1536677, 41.3376575 ], [ 2.1536664, 41.3376512 ], [ 2.1536653, 41.3376409 ], [ 2.1536663, 41.3376329 ], [ 2.1536663, 41.3376268 ], [ 2.1536563, 41.3376186 ], [ 2.1536489, 41.3376078 ], [ 2.1536416, 41.3375929 ], [ 2.1536378, 41.3375839 ], [ 2.1536294, 41.3375764 ], [ 2.1536227, 41.3375658 ], [ 2.1536178, 41.3375517 ], [ 2.1536071, 41.3375418 ], [ 2.1535992, 41.3375293 ], [ 2.1535913, 41.3375173 ], [ 2.1535793, 41.3375072 ], [ 2.1535742, 41.3375012 ], [ 2.1535693, 41.3374954 ], [ 2.1535669, 41.3374845 ], [ 2.1535626, 41.3374719 ], [ 2.1535575, 41.3374579 ], [ 2.1535469, 41.337452 ], [ 2.153539, 41.3374451 ], [ 2.1535321, 41.3374343 ], [ 2.153524, 41.3374242 ], [ 2.1535131, 41.3374158 ], [ 2.153505, 41.3374053 ], [ 2.1535019, 41.3373941 ], [ 2.1534948, 41.3373829 ], [ 2.153486, 41.3373732 ], [ 2.1534834, 41.3373598 ], [ 2.1534715, 41.3373467 ], [ 2.1534627, 41.3373354 ], [ 2.1534538, 41.3373233 ], [ 2.1534438, 41.3373137 ], [ 2.1534352, 41.3373005 ], [ 2.1534253, 41.3372833 ], [ 2.1534182, 41.3372717 ], [ 2.1534143, 41.3372639 ], [ 2.1534104, 41.3372516 ], [ 2.1534051, 41.3372327 ], [ 2.1534015, 41.3372252 ], [ 2.1533917, 41.3372159 ], [ 2.153385, 41.337204 ], [ 2.1533674, 41.3371739 ], [ 2.1533599, 41.3371668 ], [ 2.1533516, 41.337157 ], [ 2.1533469, 41.3371451 ], [ 2.1533462, 41.3371415 ], [ 2.1533447, 41.3371343 ], [ 2.1533413, 41.3371248 ], [ 2.153332, 41.3371116 ], [ 2.1533267, 41.3371029 ], [ 2.1533171, 41.3370944 ], [ 2.1533056, 41.3370986 ], [ 2.1532946, 41.3370816 ], [ 2.1533017, 41.337079 ], [ 2.153291, 41.3370675 ], [ 2.1532852, 41.3370601 ], [ 2.1532773, 41.3370474 ], [ 2.1532739, 41.3370393 ], [ 2.1532698, 41.3370305 ], [ 2.1532676, 41.3370237 ], [ 2.1532671, 41.3370222 ], [ 2.1532639, 41.3370152 ], [ 2.1532593, 41.3370106 ], [ 2.1532515, 41.3370056 ], [ 2.1532475, 41.3369978 ], [ 2.1532413, 41.3369868 ], [ 2.1532366, 41.3369757 ], [ 2.1532299, 41.3369698 ], [ 2.1532273, 41.336958 ], [ 2.1532254, 41.336943 ], [ 2.1532168, 41.3369306 ], [ 2.1532061, 41.3369157 ], [ 2.1531804, 41.3368761 ], [ 2.1531704, 41.3368613 ], [ 2.1531585, 41.336843 ], [ 2.1531493, 41.3368204 ], [ 2.1531397, 41.3367983 ], [ 2.1531297, 41.3367814 ], [ 2.1531214, 41.3367629 ], [ 2.1531176, 41.3367511 ], [ 2.1531056, 41.3367317 ], [ 2.1530925, 41.3367219 ], [ 2.1530826, 41.3367097 ], [ 2.1530753, 41.3366957 ], [ 2.1530694, 41.3366867 ], [ 2.1530667, 41.3366825 ], [ 2.1530487, 41.3366651 ], [ 2.153042, 41.3366523 ], [ 2.1530371, 41.3366396 ], [ 2.1530297, 41.3366308 ], [ 2.1530195, 41.3366173 ], [ 2.1530099, 41.3365935 ], [ 2.1530045, 41.33658 ], [ 2.1529917, 41.3365535 ], [ 2.1529749, 41.3365134 ], [ 2.1529637, 41.3364949 ], [ 2.152954, 41.3364747 ], [ 2.1529507, 41.3364612 ], [ 2.1529404, 41.3364501 ], [ 2.1529366, 41.3364403 ], [ 2.1529326, 41.3364317 ], [ 2.1529123, 41.3364179 ], [ 2.1528983, 41.3364176 ], [ 2.1528895, 41.3364201 ], [ 2.1528774, 41.3364204 ], [ 2.1528669, 41.3364214 ], [ 2.152842, 41.3364303 ], [ 2.1528269, 41.3364304 ], [ 2.1528168, 41.3364297 ], [ 2.1528046, 41.3364324 ], [ 2.1527932, 41.3364324 ], [ 2.1527836, 41.3364294 ], [ 2.1527742, 41.3364246 ], [ 2.152765, 41.3364144 ], [ 2.1527548, 41.3364014 ], [ 2.1527401, 41.336366 ], [ 2.1527371, 41.336363 ], [ 2.1527343, 41.3363565 ], [ 2.1527327, 41.3363421 ], [ 2.1527314, 41.3363367 ], [ 2.1527272, 41.3363261 ], [ 2.152726, 41.3363182 ], [ 2.1527265, 41.3363164 ], [ 2.1527286, 41.336313 ], [ 2.152732, 41.33631 ], [ 2.1527405, 41.3363049 ], [ 2.1527688, 41.336293 ], [ 2.1527832, 41.3362864 ], [ 2.1527899, 41.3362818 ], [ 2.1527926, 41.3362792 ], [ 2.1527963, 41.3362735 ], [ 2.1527984, 41.3362676 ], [ 2.1528002, 41.3362554 ], [ 2.1528023, 41.3362376 ], [ 2.1528021, 41.3362287 ], [ 2.1528017, 41.3362274 ], [ 2.1527999, 41.3362202 ], [ 2.1527978, 41.3362162 ], [ 2.1527784, 41.3361855 ], [ 2.1527719, 41.3361777 ], [ 2.1527656, 41.3361687 ], [ 2.1527622, 41.3361624 ], [ 2.1527568, 41.3361495 ], [ 2.1527525, 41.3361399 ], [ 2.1527433, 41.3361235 ], [ 2.1527379, 41.3361156 ], [ 2.1527227, 41.3360988 ], [ 2.1527116, 41.3360888 ], [ 2.1527108, 41.3360862 ], [ 2.1527136, 41.3360801 ], [ 2.1527145, 41.3360771 ], [ 2.1527141, 41.3360758 ], [ 2.1527129, 41.3360742 ], [ 2.152709, 41.3360715 ], [ 2.1526929, 41.3360654 ], [ 2.1526884, 41.3360629 ], [ 2.1526868, 41.3360614 ], [ 2.1526861, 41.3360602 ], [ 2.1526853, 41.3360588 ], [ 2.1526832, 41.3360466 ], [ 2.1526794, 41.3360337 ], [ 2.1526767, 41.3360274 ], [ 2.1526735, 41.3360232 ], [ 2.1526645, 41.3360158 ], [ 2.1526587, 41.3360099 ], [ 2.1526468, 41.3359864 ], [ 2.1526329, 41.3359696 ], [ 2.152631, 41.3359589 ], [ 2.1526225, 41.3359444 ], [ 2.1526169, 41.3359376 ], [ 2.1526017, 41.3359243 ], [ 2.1525944, 41.3359156 ], [ 2.1525917, 41.3359109 ], [ 2.1525917, 41.3359096 ], [ 2.1525936, 41.3359069 ], [ 2.1525943, 41.3359048 ], [ 2.1525923, 41.3358974 ], [ 2.1525906, 41.3358936 ], [ 2.1525868, 41.3358882 ], [ 2.1525746, 41.3358771 ], [ 2.152565, 41.335867 ], [ 2.1525619, 41.3358618 ], [ 2.1525535, 41.3358429 ], [ 2.1525404, 41.3358208 ], [ 2.1525364, 41.335817 ], [ 2.1525252, 41.3358111 ], [ 2.1525203, 41.3358078 ], [ 2.1525186, 41.3358058 ], [ 2.1525144, 41.3357971 ], [ 2.152509, 41.3357873 ], [ 2.1525045, 41.335783 ], [ 2.152502, 41.3357818 ], [ 2.1524918, 41.335781 ], [ 2.152485, 41.3357797 ], [ 2.1524824, 41.335778 ], [ 2.1524813, 41.3357749 ], [ 2.1524827, 41.3357687 ], [ 2.1524802, 41.33575 ], [ 2.1524717, 41.3357535 ], [ 2.1524617, 41.3357383 ], [ 2.1524767, 41.3357322 ], [ 2.1524699, 41.3357155 ], [ 2.1524513, 41.3356843 ], [ 2.1524464, 41.3356786 ], [ 2.1524341, 41.3356687 ], [ 2.1524253, 41.335661 ], [ 2.152408, 41.3356401 ], [ 2.1524005, 41.3356291 ], [ 2.1523976, 41.3356226 ], [ 2.1523944, 41.3356088 ], [ 2.1523908, 41.3355988 ], [ 2.1523883, 41.3355958 ], [ 2.1523818, 41.3355904 ], [ 2.1523782, 41.3355859 ], [ 2.1523658, 41.3355499 ], [ 2.1523562, 41.3355278 ], [ 2.1523505, 41.335517 ], [ 2.1523456, 41.3355093 ], [ 2.1523275, 41.3354807 ], [ 2.1523053, 41.3354472 ], [ 2.1522995, 41.3354347 ], [ 2.1522922, 41.3354085 ], [ 2.1522907, 41.3354022 ], [ 2.1522883, 41.3353894 ], [ 2.1522858, 41.3353799 ], [ 2.152281, 41.3353703 ], [ 2.1522674, 41.3353526 ], [ 2.1522622, 41.3353471 ], [ 2.1522506, 41.3353367 ], [ 2.1522429, 41.3353285 ], [ 2.1522396, 41.3353234 ], [ 2.152237, 41.3353174 ], [ 2.1522348, 41.3353125 ], [ 2.152231, 41.3353046 ], [ 2.152229, 41.3353019 ], [ 2.1522237, 41.3352968 ], [ 2.1522207, 41.3352927 ], [ 2.1522205, 41.3352891 ], [ 2.1522247, 41.3352817 ], [ 2.1522261, 41.335278 ], [ 2.1522259, 41.3352762 ], [ 2.1522226, 41.3352662 ], [ 2.1522203, 41.3352612 ], [ 2.1522156, 41.335254 ], [ 2.1521935, 41.3352301 ], [ 2.1521794, 41.3352099 ], [ 2.1521754, 41.335205 ], [ 2.1521667, 41.3351955 ], [ 2.1521617, 41.3351878 ], [ 2.1521505, 41.335162 ], [ 2.1521417, 41.3351423 ], [ 2.152132, 41.3351205 ], [ 2.1521287, 41.3351164 ], [ 2.1521185, 41.3351098 ], [ 2.1521141, 41.3351062 ], [ 2.1521126, 41.335104 ], [ 2.1521017, 41.3350792 ], [ 2.1520929, 41.3350623 ], [ 2.1520879, 41.335054 ], [ 2.15208, 41.3350449 ], [ 2.1520732, 41.3350396 ], [ 2.1520682, 41.3350365 ], [ 2.152057, 41.3350312 ], [ 2.1520505, 41.3350295 ], [ 2.1520414, 41.3350296 ], [ 2.1520372, 41.3350306 ], [ 2.1519967, 41.3350463 ], [ 2.1519787, 41.3350527 ], [ 2.1519696, 41.3350552 ], [ 2.151963, 41.3350554 ], [ 2.1519585, 41.3350543 ], [ 2.1519504, 41.3350505 ], [ 2.1519361, 41.3350419 ], [ 2.1519167, 41.335015 ], [ 2.1518996, 41.3349811 ], [ 2.1518792, 41.3349633 ], [ 2.1518767, 41.3349565 ], [ 2.1518747, 41.3349485 ], [ 2.1518746, 41.3349445 ], [ 2.1518765, 41.3349387 ], [ 2.1518813, 41.334933 ], [ 2.1518855, 41.3349299 ], [ 2.151895, 41.3349244 ], [ 2.1518987, 41.3349231 ], [ 2.151907, 41.3349219 ], [ 2.1519125, 41.3349205 ], [ 2.1519134, 41.3349194 ], [ 2.1519138, 41.3349163 ], [ 2.1519151, 41.3349147 ], [ 2.1519227, 41.3349138 ], [ 2.1519392, 41.3349103 ], [ 2.1519469, 41.3349063 ], [ 2.1519501, 41.3349035 ], [ 2.1519547, 41.3348975 ], [ 2.1519572, 41.3348912 ], [ 2.1519589, 41.3348782 ], [ 2.1519592, 41.3348631 ], [ 2.1519583, 41.3348555 ], [ 2.1519551, 41.3348443 ], [ 2.1519521, 41.3348388 ], [ 2.1519445, 41.3348283 ], [ 2.1519395, 41.3348203 ], [ 2.1519343, 41.3348016 ], [ 2.1519308, 41.3347972 ], [ 2.1519206, 41.3347898 ], [ 2.1519142, 41.3347838 ], [ 2.1519119, 41.3347786 ], [ 2.1519097, 41.3347671 ], [ 2.1519079, 41.3347617 ], [ 2.1519064, 41.3347591 ], [ 2.151903, 41.3347557 ], [ 2.1518942, 41.3347495 ], [ 2.1518889, 41.3347443 ], [ 2.151884, 41.3347341 ], [ 2.1518645, 41.3347091 ], [ 2.1518496, 41.3346929 ], [ 2.1518442, 41.3346871 ], [ 2.1518403, 41.334678 ], [ 2.1518362, 41.3346736 ], [ 2.1518256, 41.3346657 ], [ 2.151821, 41.3346614 ], [ 2.1518193, 41.334659 ], [ 2.1518104, 41.3346385 ], [ 2.1518017, 41.3346247 ], [ 2.1518006, 41.3346213 ], [ 2.1518003, 41.3346142 ], [ 2.1517992, 41.3346088 ], [ 2.151793, 41.3345981 ], [ 2.1517876, 41.3345915 ], [ 2.1517835, 41.3345874 ], [ 2.151774, 41.3345799 ], [ 2.1517718, 41.3345798 ], [ 2.1517667, 41.3345835 ], [ 2.1517643, 41.3345845 ], [ 2.1517633, 41.3345842 ], [ 2.1517596, 41.3345813 ], [ 2.1517587, 41.3345806 ], [ 2.1517571, 41.3345784 ], [ 2.151755, 41.3345729 ], [ 2.1517532, 41.3345617 ], [ 2.1517506, 41.3345538 ], [ 2.1517347, 41.3345287 ], [ 2.1517257, 41.3345166 ], [ 2.1517243, 41.3345129 ], [ 2.151724, 41.334505 ], [ 2.1517231, 41.3345013 ], [ 2.151722, 41.3344995 ], [ 2.1517168, 41.3344936 ], [ 2.1517046, 41.3344829 ], [ 2.1516921, 41.3344734 ], [ 2.1516914, 41.3344652 ], [ 2.1516821, 41.3344437 ], [ 2.1516641, 41.334415 ], [ 2.1516594, 41.3343898 ], [ 2.1516442, 41.3343951 ], [ 2.1516333, 41.3343798 ], [ 2.1516476, 41.3343744 ], [ 2.1516245, 41.3343492 ], [ 2.1516109, 41.3343354 ], [ 2.1516079, 41.334329 ], [ 2.1516071, 41.3343161 ], [ 2.1516084, 41.3343097 ], [ 2.1516068, 41.3343071 ], [ 2.1516018, 41.3343026 ], [ 2.1515986, 41.3342991 ], [ 2.1515961, 41.3342944 ], [ 2.151592, 41.3342843 ], [ 2.1515876, 41.3342773 ], [ 2.1515814, 41.3342713 ], [ 2.1515727, 41.3342644 ], [ 2.1515694, 41.3342601 ], [ 2.1515646, 41.3342509 ], [ 2.1515582, 41.3342343 ], [ 2.1515484, 41.3342249 ], [ 2.1515473, 41.3342191 ], [ 2.1515371, 41.3342019 ], [ 2.1515343, 41.3341959 ], [ 2.1515294, 41.3341837 ], [ 2.1515247, 41.3341747 ], [ 2.1515205, 41.3341705 ], [ 2.1515089, 41.3341645 ], [ 2.1515074, 41.3341642 ], [ 2.1515039, 41.334164 ], [ 2.1515021, 41.3341632 ], [ 2.1514985, 41.3341523 ], [ 2.1514903, 41.3341336 ], [ 2.1514778, 41.3341039 ], [ 2.1514732, 41.3340945 ], [ 2.151462, 41.3340762 ], [ 2.1514497, 41.3340662 ], [ 2.1514397, 41.3340479 ], [ 2.1514361, 41.3340385 ], [ 2.1514329, 41.3340283 ], [ 2.1514294, 41.3340189 ], [ 2.1514233, 41.334009 ], [ 2.15142, 41.3340037 ], [ 2.1514128, 41.3339942 ], [ 2.1514021, 41.3339802 ], [ 2.1514003, 41.3339761 ], [ 2.1513989, 41.3339673 ], [ 2.1513969, 41.3339608 ], [ 2.1513938, 41.3339559 ], [ 2.1513862, 41.3339466 ], [ 2.1513839, 41.3339446 ], [ 2.1513787, 41.333941 ], [ 2.151376, 41.3339378 ], [ 2.151372, 41.3339264 ], [ 2.1513669, 41.3339105 ], [ 2.1513616, 41.3338974 ], [ 2.1513573, 41.3338889 ], [ 2.1513473, 41.3338723 ], [ 2.1513321, 41.3338575 ], [ 2.1513283, 41.3338503 ], [ 2.1513222, 41.3338325 ], [ 2.1513103, 41.3338102 ], [ 2.1513029, 41.3337969 ], [ 2.1512904, 41.3337723 ], [ 2.1512885, 41.333762 ], [ 2.1512811, 41.3337511 ], [ 2.1512737, 41.3337418 ], [ 2.1512701, 41.3337398 ], [ 2.1512608, 41.3337386 ], [ 2.1512543, 41.3337374 ], [ 2.151251, 41.3337355 ], [ 2.1512446, 41.3337304 ], [ 2.1512414, 41.3337287 ], [ 2.1512397, 41.3337284 ], [ 2.1512342, 41.3337293 ], [ 2.1512303, 41.3337308 ], [ 2.1512231, 41.3337351 ], [ 2.151217, 41.3337406 ], [ 2.1512118, 41.3337439 ], [ 2.1512079, 41.3337449 ], [ 2.1511993, 41.3337451 ], [ 2.1511932, 41.3337454 ], [ 2.1511897, 41.3337466 ], [ 2.1511828, 41.3337502 ], [ 2.1511778, 41.3337518 ], [ 2.1511753, 41.3337512 ], [ 2.1511706, 41.3337473 ], [ 2.1511669, 41.3337453 ], [ 2.1511637, 41.3337453 ], [ 2.1511563, 41.3337465 ], [ 2.151151, 41.333746 ], [ 2.151144, 41.3337426 ], [ 2.1511414, 41.3337403 ], [ 2.1511151, 41.333709 ], [ 2.1510829, 41.3336817 ], [ 2.151066, 41.3336589 ], [ 2.1510645, 41.333656 ], [ 2.1510635, 41.33365 ], [ 2.1510644, 41.3336414 ], [ 2.1510661, 41.3336371 ], [ 2.1510711, 41.3336311 ], [ 2.1510751, 41.3336281 ], [ 2.1510894, 41.3336202 ], [ 2.1510984, 41.3336139 ], [ 2.1511015, 41.3336128 ], [ 2.1511087, 41.3336124 ], [ 2.1511138, 41.3336113 ], [ 2.1511225, 41.3336068 ], [ 2.1511391, 41.333597 ], [ 2.1511494, 41.3335903 ], [ 2.1511539, 41.3335863 ], [ 2.1511553, 41.3335844 ], [ 2.1511571, 41.3335802 ], [ 2.1511574, 41.3335758 ], [ 2.1511551, 41.3335673 ], [ 2.1511526, 41.3335621 ], [ 2.1511449, 41.3335458 ], [ 2.1511407, 41.333538 ], [ 2.1511271, 41.3335157 ], [ 2.1511242, 41.3335094 ], [ 2.1511196, 41.3334965 ], [ 2.1511152, 41.3334871 ], [ 2.1511082, 41.3334766 ], [ 2.1510929, 41.3334561 ], [ 2.1510741, 41.3334335 ], [ 2.1510735, 41.3334317 ], [ 2.1510741, 41.3334277 ], [ 2.1510737, 41.3334248 ], [ 2.1510673, 41.3334147 ], [ 2.1510526, 41.3333952 ], [ 2.1510358, 41.3333769 ], [ 2.1510339, 41.3333733 ], [ 2.1510322, 41.3333653 ], [ 2.1510296, 41.3333599 ], [ 2.1510118, 41.3333454 ], [ 2.1510016, 41.3333341 ], [ 2.150989, 41.3333202 ], [ 2.1509835, 41.333313 ], [ 2.1509758, 41.3332974 ], [ 2.1509759, 41.333295 ], [ 2.1509789, 41.3332899 ], [ 2.1509794, 41.3332875 ], [ 2.150979, 41.3332863 ], [ 2.1509739, 41.3332804 ], [ 2.1509613, 41.3332699 ], [ 2.1509527, 41.3332617 ], [ 2.1509407, 41.3332446 ], [ 2.1509383, 41.3332425 ], [ 2.1509322, 41.3332389 ], [ 2.1509297, 41.3332356 ], [ 2.1509298, 41.3332324 ], [ 2.1509342, 41.3332208 ], [ 2.1509372, 41.3332064 ], [ 2.150937, 41.3331993 ], [ 2.1509353, 41.3331968 ], [ 2.1509283, 41.3331932 ], [ 2.1509252, 41.3331911 ], [ 2.1509242, 41.3331898 ], [ 2.1509196, 41.333181 ], [ 2.1509126, 41.3331748 ], [ 2.1509088, 41.3331719 ], [ 2.1509021, 41.3331741 ], [ 2.1508925, 41.3331582 ], [ 2.1508982, 41.3331562 ], [ 2.1508858, 41.3331379 ], [ 2.1508714, 41.3331163 ], [ 2.150857, 41.3330949 ], [ 2.1508412, 41.3330645 ], [ 2.1508386, 41.3330635 ], [ 2.1507364, 41.3329259 ], [ 2.1507167, 41.3329025 ], [ 2.1507133, 41.3328759 ], [ 2.1507054, 41.3328519 ], [ 2.1506931, 41.3328277 ], [ 2.1506709, 41.3327884 ], [ 2.150647, 41.3327499 ], [ 2.1506191, 41.3327151 ], [ 2.1505925, 41.33268 ], [ 2.1505758, 41.3326491 ], [ 2.1505598, 41.3326181 ], [ 2.1505423, 41.3325835 ], [ 2.1505022, 41.3325304 ], [ 2.1504854, 41.3325126 ], [ 2.1504682, 41.3325066 ], [ 2.150437, 41.3324981 ], [ 2.1503722, 41.3324786 ], [ 2.1503518, 41.3324708 ], [ 2.1503047, 41.3324149 ], [ 2.1502983, 41.3323968 ], [ 2.1502918, 41.3323786 ], [ 2.1502978, 41.332357 ], [ 2.1503197, 41.3323325 ], [ 2.150342, 41.3323092 ], [ 2.1503502, 41.3322976 ], [ 2.1503567, 41.3322854 ], [ 2.150359, 41.3322738 ], [ 2.1503562, 41.3322624 ], [ 2.1503398, 41.3322337 ], [ 2.1503207, 41.332206 ], [ 2.1502911, 41.3321686 ], [ 2.1502619, 41.332131 ], [ 2.1502285, 41.3320836 ], [ 2.1501969, 41.3320356 ], [ 2.150183, 41.3320079 ], [ 2.1501679, 41.3319808 ], [ 2.1501454, 41.3319508 ], [ 2.1501228, 41.3319208 ], [ 2.1501063, 41.331899 ], [ 2.1500898, 41.331877 ], [ 2.1500873, 41.3318623 ], [ 2.1500866, 41.3318467 ], [ 2.1500772, 41.3318283 ], [ 2.1500623, 41.3318117 ], [ 2.1500446, 41.331801 ], [ 2.1500268, 41.3317909 ], [ 2.1500144, 41.331782 ], [ 2.1500049, 41.3317717 ], [ 2.1499987, 41.3317605 ], [ 2.1499925, 41.3317493 ], [ 2.1499716, 41.3317103 ], [ 2.1499508, 41.3316712 ], [ 2.1499203, 41.3316206 ], [ 2.1498884, 41.3315707 ], [ 2.1498528, 41.3315124 ], [ 2.1498044, 41.3314308 ], [ 2.1497561, 41.3313492 ], [ 2.1497434, 41.3313311 ], [ 2.1497261, 41.331315 ], [ 2.1497045, 41.3313027 ], [ 2.1496812, 41.3312926 ], [ 2.1496653, 41.3312836 ], [ 2.1495744, 41.3312342 ], [ 2.1495659, 41.3312258 ], [ 2.1495526, 41.3312083 ], [ 2.1495245, 41.3311578 ], [ 2.1494997, 41.3311064 ], [ 2.1494933, 41.3310918 ], [ 2.1494884, 41.3310771 ], [ 2.1494878, 41.331058 ], [ 2.1494934, 41.3310389 ], [ 2.1495082, 41.331013 ], [ 2.1495236, 41.3309871 ], [ 2.1495301, 41.3309697 ], [ 2.1495328, 41.3309523 ], [ 2.1495279, 41.3309314 ], [ 2.1495153, 41.3309112 ], [ 2.149488, 41.3308857 ], [ 2.1494626, 41.3308607 ], [ 2.1494415, 41.3308295 ], [ 2.1494203, 41.3307983 ], [ 2.1494166, 41.330793 ], [ 2.1493741, 41.3307277 ], [ 2.1493214, 41.3306449 ], [ 2.1492691, 41.330562 ], [ 2.1492104, 41.3304671 ], [ 2.149193, 41.3304384 ], [ 2.1491525, 41.3303719 ], [ 2.1491031, 41.3302875 ], [ 2.1490529, 41.3302033 ], [ 2.1490072, 41.3301311 ], [ 2.1489611, 41.3300587 ], [ 2.148949, 41.3300368 ], [ 2.1489369, 41.330015 ], [ 2.1489333, 41.3300104 ], [ 2.1489271, 41.330005 ], [ 2.1489221, 41.3300016 ], [ 2.1489127, 41.3299981 ], [ 2.1488981, 41.3299968 ], [ 2.1488837, 41.3299947 ], [ 2.1488669, 41.3299907 ], [ 2.1488501, 41.3299854 ], [ 2.1488425, 41.3299841 ], [ 2.1488349, 41.3299845 ], [ 2.1488091, 41.3299926 ], [ 2.1487833, 41.3300009 ], [ 2.1487536, 41.3300098 ], [ 2.1487103, 41.3300162 ], [ 2.1486883, 41.3300191 ], [ 2.1486805, 41.3300181 ], [ 2.1485462, 41.3300662 ], [ 2.1476895, 41.3303664 ], [ 2.1459017, 41.3309877 ], [ 2.1460854, 41.3312859 ], [ 2.1458488, 41.3313712 ], [ 2.1472804, 41.3336975 ], [ 2.1442793, 41.3347474 ], [ 2.1453143, 41.3364268 ], [ 2.1456121, 41.3363233 ], [ 2.1456278, 41.3363245 ], [ 2.1456126, 41.3365506 ], [ 2.1495549, 41.3366681 ], [ 2.1495599, 41.3366696 ], [ 2.1495677, 41.3366756 ], [ 2.1496047, 41.3369301 ], [ 2.1496317, 41.3371367 ], [ 2.149745, 41.3379695 ], [ 2.149803, 41.3383651 ], [ 2.1498791, 41.3389489 ], [ 2.1499491, 41.339437 ], [ 2.1499783, 41.3396627 ], [ 2.150037, 41.3400588 ], [ 2.1501968, 41.3412298 ], [ 2.1502591, 41.3416674 ], [ 2.1503384, 41.342253 ], [ 2.1504072, 41.3427399 ], [ 2.1509243, 41.3464834 ], [ 2.1510298, 41.3464749 ], [ 2.1510324, 41.3464714 ], [ 2.151089, 41.3464673 ], [ 2.1510916, 41.34647 ], [ 2.1511818, 41.3464628 ], [ 2.1511833, 41.3464595 ], [ 2.1512408, 41.3464548 ], [ 2.151244, 41.3464578 ], [ 2.1518697, 41.346408 ], [ 2.1518494, 41.3462583 ], [ 2.1518356, 41.3462589 ], [ 2.1518098, 41.346069 ], [ 2.1518224, 41.3460681 ], [ 2.1518016, 41.345912 ], [ 2.1517872, 41.3459129 ], [ 2.1517713, 41.3457994 ], [ 2.15177, 41.3457634 ], [ 2.1517824, 41.3457389 ], [ 2.1517947, 41.3457264 ], [ 2.1518097, 41.3457199 ], [ 2.1518235, 41.3457193 ], [ 2.1518354, 41.3457215 ], [ 2.1518497, 41.3457278 ], [ 2.1518668, 41.3457422 ], [ 2.1518821, 41.3457755 ], [ 2.1519014, 41.3459033 ], [ 2.1518881, 41.3459041 ], [ 2.1519101, 41.3460606 ], [ 2.1519244, 41.3460601 ], [ 2.1519485, 41.3462492 ], [ 2.1519364, 41.3462497 ], [ 2.1519575, 41.3464015 ], [ 2.1525699, 41.3463542 ], [ 2.152573, 41.346351 ], [ 2.1526289, 41.3463462 ], [ 2.1526329, 41.346349 ], [ 2.1527406, 41.3463402 ], [ 2.1526424, 41.3456283 ], [ 2.1528366, 41.3456125 ], [ 2.1528412, 41.3456076 ], [ 2.1529595, 41.3455987 ], [ 2.152967, 41.3456029 ], [ 2.1530074, 41.3455997 ], [ 2.1528539, 41.3444929 ], [ 2.1532177, 41.3444631 ], [ 2.1530106, 41.3429876 ], [ 2.153006, 41.3429431 ], [ 2.1531133, 41.3427349 ], [ 2.1533083, 41.3427011 ], [ 2.1533717, 41.342736 ], [ 2.1537652, 41.3429622 ], [ 2.1539658, 41.3430745 ], [ 2.1576897, 41.3451928 ], [ 2.1576734, 41.3452097 ], [ 2.1604063, 41.3467617 ], [ 2.1614939, 41.3473801 ], [ 2.1625, 41.3479471 ], [ 2.1628792, 41.3481624 ], [ 2.1632392, 41.3483693 ], [ 2.163143, 41.3484643 ], [ 2.1630698, 41.3484223 ], [ 2.1630412, 41.3484513 ], [ 2.1633778, 41.3486412 ], [ 2.1636964, 41.3485209 ], [ 2.1636737, 41.3484898 ], [ 2.1636346, 41.3485045 ], [ 2.1635628, 41.3483956 ], [ 2.1669066, 41.3471439 ], [ 2.1671336, 41.3474929 ], [ 2.1673859, 41.3478709 ], [ 2.1676084, 41.3482097 ], [ 2.1679255, 41.3486992 ], [ 2.1681007, 41.3489609 ], [ 2.1706233, 41.3528086 ], [ 2.1709295, 41.3532714 ], [ 2.1715273, 41.354185 ], [ 2.1720423, 41.354968 ], [ 2.1728141, 41.356148 ], [ 2.1730513, 41.3565027 ], [ 2.1730544, 41.3565155 ], [ 2.1730502, 41.3565254 ], [ 2.1730394, 41.3565358 ], [ 2.1729551, 41.3565937 ], [ 2.1699005, 41.3586474 ], [ 2.1700172, 41.358836 ], [ 2.1701988, 41.3591164 ], [ 2.1702961, 41.3592711 ], [ 2.1706006, 41.3597362 ], [ 2.1709309, 41.3602513 ], [ 2.1750074, 41.3587478 ], [ 2.1753289, 41.3586245 ], [ 2.1753594, 41.3586155 ], [ 2.1753798, 41.3586127 ], [ 2.1754034, 41.3586143 ], [ 2.1754245, 41.3586204 ], [ 2.1754475, 41.3586308 ], [ 2.1754642, 41.3586439 ], [ 2.1756432, 41.3589167 ], [ 2.1758573, 41.3592534 ], [ 2.1760972, 41.3596214 ], [ 2.1761257, 41.3596108 ], [ 2.176739, 41.3605529 ], [ 2.1761744, 41.3607621 ], [ 2.1761604, 41.3607398 ], [ 2.1753614, 41.3610339 ], [ 2.1749079, 41.3612047 ], [ 2.1745361, 41.3613384 ], [ 2.1740423, 41.3615135 ], [ 2.1736912, 41.3616457 ], [ 2.173844, 41.3618799 ], [ 2.1734801, 41.3620354 ], [ 2.1759831, 41.3653241 ], [ 2.1768245, 41.3650204 ], [ 2.1772254, 41.3648718 ], [ 2.1780672, 41.3645661 ], [ 2.1792795, 41.3641202 ], [ 2.1789929, 41.3636779 ], [ 2.1793137, 41.3635599 ], [ 2.1797048, 41.3641634 ], [ 2.1802369, 41.3649903 ], [ 2.1807215, 41.3657539 ], [ 2.1807523, 41.3657956 ], [ 2.1807556, 41.3658132 ], [ 2.1807531, 41.3658368 ], [ 2.1807436, 41.3658589 ], [ 2.180729, 41.3658757 ], [ 2.1807123, 41.3658879 ], [ 2.1806968, 41.3658957 ], [ 2.1803296, 41.3660312 ], [ 2.1798267, 41.3662207 ], [ 2.1796755, 41.3659788 ], [ 2.1765198, 41.3671318 ], [ 2.1766889, 41.3673979 ], [ 2.1763927, 41.3674228 ], [ 2.1765166, 41.3682503 ], [ 2.176562, 41.368566 ], [ 2.1766822, 41.3693857 ], [ 2.1770392, 41.3693566 ], [ 2.1771088, 41.3698209 ], [ 2.1767517, 41.36985 ], [ 2.1770896, 41.3721436 ], [ 2.1773759, 41.3721194 ], [ 2.177461, 41.3721605 ], [ 2.1776185, 41.372362 ], [ 2.1776212, 41.3723607 ], [ 2.1776216, 41.3723612 ], [ 2.1776201, 41.3723619 ], [ 2.1775985, 41.3723717 ], [ 2.1775252, 41.3724049 ], [ 2.1774521, 41.3724382 ], [ 2.1773539, 41.3724828 ], [ 2.1773212, 41.3724977 ], [ 2.1772881, 41.3725127 ], [ 2.1770949, 41.3727533 ], [ 2.17694, 41.372792 ], [ 2.1765299, 41.3728946 ] ] ], [ [ [ 2.1752093, 41.3498386 ], [ 2.1751859, 41.349849 ], [ 2.1751739, 41.3498633 ], [ 2.1751641, 41.3498791 ], [ 2.1751581, 41.3498932 ], [ 2.1751577, 41.3499071 ], [ 2.175163, 41.3499198 ], [ 2.1751698, 41.3499324 ], [ 2.1751785, 41.3499488 ], [ 2.1751896, 41.3499647 ], [ 2.1752107, 41.3499761 ], [ 2.1752369, 41.3499842 ], [ 2.1752428, 41.3499899 ], [ 2.1752423, 41.3499959 ], [ 2.175219, 41.3500072 ], [ 2.1751925, 41.3500162 ], [ 2.1751845, 41.3500286 ], [ 2.1751841, 41.3500412 ], [ 2.1751862, 41.3500536 ], [ 2.1751936, 41.350066 ], [ 2.1752055, 41.3500751 ], [ 2.1752188, 41.3500819 ], [ 2.1752355, 41.3500869 ], [ 2.1752515, 41.3500937 ], [ 2.1752553, 41.350111 ], [ 2.1752449, 41.3501275 ], [ 2.1752319, 41.3501341 ], [ 2.1752188, 41.3501401 ], [ 2.1752001, 41.3501576 ], [ 2.175195, 41.3501733 ], [ 2.1751931, 41.3501893 ], [ 2.1751919, 41.3502108 ], [ 2.175194, 41.3502323 ], [ 2.1752008, 41.3502475 ], [ 2.1752114, 41.3502617 ], [ 2.1752319, 41.3502776 ], [ 2.1752312, 41.3502919 ], [ 2.1752139, 41.3503005 ], [ 2.1752132, 41.3503092 ], [ 2.1752264, 41.3503293 ], [ 2.1752374, 41.3503501 ], [ 2.1752404, 41.3503685 ], [ 2.1752454, 41.3503847 ], [ 2.1752503, 41.3504009 ], [ 2.1752593, 41.3504356 ], [ 2.1752671, 41.3504706 ], [ 2.1752724, 41.3505081 ], [ 2.1752811, 41.350545 ], [ 2.1752915, 41.3505657 ], [ 2.175303, 41.3505859 ], [ 2.1753124, 41.3506032 ], [ 2.1753221, 41.3506204 ], [ 2.1753386, 41.3506372 ], [ 2.175357, 41.3506533 ], [ 2.1753666, 41.3506663 ], [ 2.1753735, 41.3506801 ], [ 2.175378, 41.3507001 ], [ 2.1753821, 41.3507201 ], [ 2.1753889, 41.3507385 ], [ 2.1753949, 41.350757 ], [ 2.1753952, 41.3507691 ], [ 2.175395, 41.3507812 ], [ 2.1753969, 41.3507954 ], [ 2.1753999, 41.3508096 ], [ 2.175411, 41.3508401 ], [ 2.1754273, 41.3508693 ], [ 2.1754489, 41.3508992 ], [ 2.175474, 41.3509272 ], [ 2.175494, 41.3509463 ], [ 2.1755139, 41.3509655 ], [ 2.175527, 41.3509788 ], [ 2.1755404, 41.350992 ], [ 2.175562, 41.3510098 ], [ 2.175584, 41.3510272 ], [ 2.1756077, 41.3510474 ], [ 2.1756313, 41.3510677 ], [ 2.1756441, 41.3510788 ], [ 2.1756565, 41.3510901 ], [ 2.1756707, 41.3511095 ], [ 2.1756846, 41.3511208 ], [ 2.1757014, 41.3511229 ], [ 2.1757184, 41.3511234 ], [ 2.1757352, 41.3511237 ], [ 2.1757488, 41.3511279 ], [ 2.1757605, 41.3511361 ], [ 2.175773, 41.3511556 ], [ 2.1757706, 41.3511691 ], [ 2.1757618, 41.3511786 ], [ 2.1757707, 41.3511947 ], [ 2.1757829, 41.351203 ], [ 2.1757944, 41.351211 ], [ 2.1758037, 41.3512318 ], [ 2.1758238, 41.3512473 ], [ 2.1758443, 41.3512625 ], [ 2.1758598, 41.3512725 ], [ 2.1758745, 41.3512837 ], [ 2.1758784, 41.3512987 ], [ 2.1758775, 41.3513148 ], [ 2.1758812, 41.3513289 ], [ 2.1758864, 41.3513428 ], [ 2.1759021, 41.3513576 ], [ 2.1759155, 41.3513728 ], [ 2.1759168, 41.3513907 ], [ 2.1759169, 41.3514116 ], [ 2.1759253, 41.3514365 ], [ 2.1759365, 41.3514608 ], [ 2.1759503, 41.3514909 ], [ 2.1759646, 41.3515209 ], [ 2.1759726, 41.3515352 ], [ 2.1759828, 41.3515487 ], [ 2.1759965, 41.3515535 ], [ 2.1760117, 41.3515573 ], [ 2.1760301, 41.3515714 ], [ 2.1760427, 41.3515883 ], [ 2.1760498, 41.3516101 ], [ 2.1760544, 41.3516321 ], [ 2.1760579, 41.3516521 ], [ 2.1760584, 41.3516719 ], [ 2.1760484, 41.3516914 ], [ 2.1760398, 41.3517014 ], [ 2.1760312, 41.3517112 ], [ 2.1760152, 41.3517331 ], [ 2.1760009, 41.351756 ], [ 2.1759952, 41.3517717 ], [ 2.175994, 41.3517876 ], [ 2.1760017, 41.3518071 ], [ 2.1760199, 41.3518212 ], [ 2.176032, 41.3518405 ], [ 2.1760364, 41.3518604 ], [ 2.1760376, 41.3518803 ], [ 2.1760364, 41.3518971 ], [ 2.1760351, 41.3519139 ], [ 2.1760351, 41.3519276 ], [ 2.176036, 41.3519412 ], [ 2.1760432, 41.3519552 ], [ 2.1760518, 41.3519689 ], [ 2.1760542, 41.351983 ], [ 2.176052, 41.3519972 ], [ 2.1760462, 41.3520077 ], [ 2.1760379, 41.3520174 ], [ 2.1760241, 41.3520263 ], [ 2.1760182, 41.3520414 ], [ 2.1760186, 41.3520568 ], [ 2.1760227, 41.3520744 ], [ 2.1760284, 41.3520918 ], [ 2.1760362, 41.3521048 ], [ 2.1760416, 41.352118 ], [ 2.1760419, 41.3521335 ], [ 2.1760421, 41.3521491 ], [ 2.1760421, 41.3521647 ], [ 2.1760423, 41.3521803 ], [ 2.176048, 41.3522073 ], [ 2.1760587, 41.3522339 ], [ 2.1760741, 41.3522707 ], [ 2.1760929, 41.3523065 ], [ 2.1761176, 41.3523433 ], [ 2.1761452, 41.3523785 ], [ 2.1761704, 41.3524079 ], [ 2.1761958, 41.3524372 ], [ 2.1762125, 41.3524573 ], [ 2.1762292, 41.3524773 ], [ 2.176245, 41.3524923 ], [ 2.1762615, 41.352507 ], [ 2.1762738, 41.3525209 ], [ 2.1762861, 41.3525348 ], [ 2.1763014, 41.3525503 ], [ 2.176318, 41.352565 ], [ 2.176343, 41.3525793 ], [ 2.1763689, 41.3525931 ], [ 2.17639, 41.3526102 ], [ 2.1764084, 41.3526294 ], [ 2.1764203, 41.3526455 ], [ 2.1764289, 41.3526626 ], [ 2.1764336, 41.3526871 ], [ 2.1764383, 41.3527115 ], [ 2.1764475, 41.352734 ], [ 2.1764596, 41.3527555 ], [ 2.1764749, 41.352777 ], [ 2.1764903, 41.3527985 ], [ 2.1765074, 41.3528223 ], [ 2.1765246, 41.3528461 ], [ 2.1765351, 41.3528646 ], [ 2.1765458, 41.3528829 ], [ 2.1765627, 41.352905 ], [ 2.1765799, 41.3529269 ], [ 2.1765969, 41.3529461 ], [ 2.1766085, 41.3529667 ], [ 2.1766109, 41.3529862 ], [ 2.1766124, 41.3530057 ], [ 2.176615, 41.3530323 ], [ 2.176618, 41.3530589 ], [ 2.1766302, 41.3530791 ], [ 2.1766521, 41.3530961 ], [ 2.1766665, 41.3531034 ], [ 2.1766807, 41.3531106 ], [ 2.1766966, 41.3531232 ], [ 2.1767084, 41.3531379 ], [ 2.1767137, 41.3531523 ], [ 2.1767162, 41.3531669 ], [ 2.1767167, 41.3531871 ], [ 2.1767179, 41.3532074 ], [ 2.1767238, 41.3532314 ], [ 2.1767322, 41.3532551 ], [ 2.1767406, 41.3532754 ], [ 2.1767528, 41.3532944 ], [ 2.1767712, 41.3533133 ], [ 2.1767897, 41.353332 ], [ 2.1768056, 41.3533488 ], [ 2.1768212, 41.3533658 ], [ 2.1768396, 41.3533886 ], [ 2.176856, 41.3534123 ], [ 2.1768689, 41.3534324 ], [ 2.1768817, 41.3534524 ], [ 2.1768932, 41.3534706 ], [ 2.1769045, 41.3534888 ], [ 2.1769166, 41.3535121 ], [ 2.1769287, 41.3535354 ], [ 2.176947, 41.3535638 ], [ 2.1769654, 41.3535921 ], [ 2.176989, 41.3536288 ], [ 2.1770129, 41.3536653 ], [ 2.1770431, 41.3537059 ], [ 2.1770748, 41.3537458 ], [ 2.1771057, 41.3537864 ], [ 2.1771364, 41.3538271 ], [ 2.1771586, 41.353859 ], [ 2.1771803, 41.3538911 ], [ 2.177198, 41.3539108 ], [ 2.1772158, 41.3539305 ], [ 2.1772279, 41.3539497 ], [ 2.1772373, 41.3539698 ], [ 2.1772429, 41.3539879 ], [ 2.1772484, 41.3540061 ], [ 2.177258, 41.3540314 ], [ 2.1772713, 41.3540558 ], [ 2.1772931, 41.3540841 ], [ 2.1773159, 41.3541119 ], [ 2.1773349, 41.3541338 ], [ 2.1773531, 41.354156 ], [ 2.177368, 41.3541796 ], [ 2.1773715, 41.3541863 ], [ 2.1773808, 41.3542038 ], [ 2.1773923, 41.3542277 ], [ 2.1774043, 41.3542514 ], [ 2.1774166, 41.3542701 ], [ 2.1774306, 41.3542881 ], [ 2.1774443, 41.3543034 ], [ 2.1774581, 41.3543187 ], [ 2.177473, 41.3543392 ], [ 2.1774835, 41.354361 ], [ 2.1774884, 41.3543776 ], [ 2.177493, 41.3543943 ], [ 2.1775004, 41.3544246 ], [ 2.1775085, 41.3544549 ], [ 2.1775171, 41.3544756 ], [ 2.1775277, 41.3544959 ], [ 2.1775399, 41.3545171 ], [ 2.1775513, 41.3545385 ], [ 2.177562, 41.3545624 ], [ 2.1775726, 41.3545862 ], [ 2.1775831, 41.3546098 ], [ 2.1775935, 41.3546333 ], [ 2.177607, 41.3546609 ], [ 2.1776218, 41.3546883 ], [ 2.1776346, 41.3547111 ], [ 2.1776499, 41.3547331 ], [ 2.1776685, 41.3547558 ], [ 2.1776872, 41.3547783 ], [ 2.1777058, 41.354801 ], [ 2.1777242, 41.3548237 ], [ 2.1777386, 41.3548445 ], [ 2.177751, 41.354866 ], [ 2.1777682, 41.3548981 ], [ 2.1777854, 41.3549302 ], [ 2.1778035, 41.3549602 ], [ 2.1778215, 41.3549903 ], [ 2.1778353, 41.3550165 ], [ 2.1778485, 41.3550429 ], [ 2.1778583, 41.3550675 ], [ 2.17787, 41.3550919 ], [ 2.1778833, 41.3551074 ], [ 2.1778988, 41.3551219 ], [ 2.1779169, 41.3551384 ], [ 2.1779346, 41.3551552 ], [ 2.1779495, 41.3551711 ], [ 2.1779641, 41.3551873 ], [ 2.1779839, 41.3552095 ], [ 2.1780031, 41.3552322 ], [ 2.1780109, 41.3552465 ], [ 2.178015, 41.3552617 ], [ 2.1780143, 41.3552824 ], [ 2.1780077, 41.3552931 ], [ 2.1780004, 41.3553034 ], [ 2.1779975, 41.3553142 ], [ 2.1780018, 41.3553243 ], [ 2.1780207, 41.3553336 ], [ 2.1780358, 41.3553381 ], [ 2.1780496, 41.3553441 ], [ 2.1780635, 41.3553582 ], [ 2.1780747, 41.3553736 ], [ 2.1780936, 41.3553994 ], [ 2.1781116, 41.3554255 ], [ 2.178127, 41.3554526 ], [ 2.1781421, 41.3554797 ], [ 2.1781618, 41.3555112 ], [ 2.1781845, 41.3555415 ], [ 2.178217, 41.3555698 ], [ 2.1782513, 41.355597 ], [ 2.1782706, 41.3556166 ], [ 2.1782875, 41.3556375 ], [ 2.1783005, 41.3556601 ], [ 2.1783136, 41.3556825 ], [ 2.1783325, 41.3557089 ], [ 2.1783514, 41.3557354 ], [ 2.1783648, 41.3557547 ], [ 2.1783779, 41.3557741 ], [ 2.1783871, 41.3557928 ], [ 2.1783931, 41.3558123 ], [ 2.1783968, 41.3558358 ], [ 2.1784009, 41.355859 ], [ 2.1784105, 41.3558841 ], [ 2.1784222, 41.3559086 ], [ 2.1784341, 41.3559316 ], [ 2.1784474, 41.3559541 ], [ 2.1784604, 41.355973 ], [ 2.1784737, 41.3559915 ], [ 2.1784919, 41.3560156 ], [ 2.17851, 41.3560397 ], [ 2.1785259, 41.3560629 ], [ 2.1785421, 41.356086 ], [ 2.1785645, 41.3561077 ], [ 2.1785904, 41.3561274 ], [ 2.1786106, 41.3561397 ], [ 2.1786298, 41.3561528 ], [ 2.1786444, 41.3561699 ], [ 2.1786559, 41.3561883 ], [ 2.1786671, 41.3562092 ], [ 2.1786788, 41.3562298 ], [ 2.17869, 41.3562473 ], [ 2.1787013, 41.3562649 ], [ 2.1787143, 41.3562848 ], [ 2.1787272, 41.3563047 ], [ 2.1787364, 41.3563228 ], [ 2.1787442, 41.3563413 ], [ 2.1787509, 41.3563579 ], [ 2.1787576, 41.3563745 ], [ 2.1787661, 41.3563883 ], [ 2.1787782, 41.3564003 ], [ 2.1787952, 41.3564126 ], [ 2.1788122, 41.3564247 ], [ 2.178833, 41.3564402 ], [ 2.1788411, 41.3564524 ], [ 2.1788426, 41.3564661 ], [ 2.1788403, 41.3564862 ], [ 2.1788371, 41.356503 ], [ 2.178838, 41.3565254 ], [ 2.1788447, 41.3565381 ], [ 2.1788561, 41.3565489 ], [ 2.1788709, 41.3565587 ], [ 2.1788861, 41.3565678 ], [ 2.1789024, 41.3565766 ], [ 2.1789184, 41.3565858 ], [ 2.1789313, 41.3565982 ], [ 2.1789405, 41.3566126 ], [ 2.1789502, 41.3566303 ], [ 2.1789579, 41.3566485 ], [ 2.178963, 41.3566681 ], [ 2.1789682, 41.3566875 ], [ 2.1789757, 41.3567064 ], [ 2.1789849, 41.356725 ], [ 2.1789972, 41.356745 ], [ 2.1790108, 41.3567646 ], [ 2.1790309, 41.3567884 ], [ 2.1790499, 41.3568125 ], [ 2.1790662, 41.3568389 ], [ 2.1790817, 41.3568654 ], [ 2.1790945, 41.3568888 ], [ 2.1791077, 41.3569121 ], [ 2.1791249, 41.3569372 ], [ 2.1791444, 41.3569614 ], [ 2.1791622, 41.3569817 ], [ 2.1791801, 41.357002 ], [ 2.179199, 41.3570237 ], [ 2.1792165, 41.3570461 ], [ 2.1792329, 41.3570714 ], [ 2.179249, 41.3570968 ], [ 2.1792685, 41.3571262 ], [ 2.1792881, 41.3571555 ], [ 2.1793023, 41.3571756 ], [ 2.1793167, 41.3571957 ], [ 2.1793368, 41.3572268 ], [ 2.1793542, 41.3572587 ], [ 2.1793683, 41.3572947 ], [ 2.179381, 41.3573312 ], [ 2.1793914, 41.3573547 ], [ 2.1794051, 41.3573773 ], [ 2.1794239, 41.3573919 ], [ 2.1794447, 41.3574054 ], [ 2.1794672, 41.3574269 ], [ 2.1794864, 41.3574505 ], [ 2.179495, 41.357467 ], [ 2.1795, 41.3574843 ], [ 2.1795024, 41.3575014 ], [ 2.179504, 41.3575185 ], [ 2.1795044, 41.3575339 ], [ 2.1795048, 41.3575492 ], [ 2.1795075, 41.3575607 ], [ 2.1795157, 41.3575708 ], [ 2.1795387, 41.3575825 ], [ 2.1795605, 41.3575954 ], [ 2.1795768, 41.357614 ], [ 2.1795847, 41.3576354 ], [ 2.1795864, 41.3576482 ], [ 2.1795878, 41.3576609 ], [ 2.1795907, 41.3576742 ], [ 2.1795958, 41.3576871 ], [ 2.179613, 41.3577087 ], [ 2.179631, 41.3577296 ], [ 2.1796449, 41.3577509 ], [ 2.1796576, 41.3577727 ], [ 2.1796663, 41.357794 ], [ 2.1796753, 41.3578151 ], [ 2.1796901, 41.3578353 ], [ 2.179705, 41.3578554 ], [ 2.179715, 41.3578761 ], [ 2.1797252, 41.3578969 ], [ 2.1797396, 41.3579218 ], [ 2.1797567, 41.3579456 ], [ 2.179773, 41.3579642 ], [ 2.1797894, 41.3579826 ], [ 2.1798098, 41.3580057 ], [ 2.1798304, 41.3580287 ], [ 2.1798568, 41.3580471 ], [ 2.1798847, 41.3580649 ], [ 2.1798983, 41.3580788 ], [ 2.1799101, 41.3580938 ], [ 2.1799218, 41.3581102 ], [ 2.1799303, 41.3581275 ], [ 2.179935, 41.3581496 ], [ 2.1799371, 41.3581719 ], [ 2.1799377, 41.3581922 ], [ 2.1799383, 41.3582127 ], [ 2.1799423, 41.3582342 ], [ 2.1799516, 41.3582551 ], [ 2.1799645, 41.3582713 ], [ 2.1799799, 41.3582859 ], [ 2.1799968, 41.3582985 ], [ 2.1800135, 41.3583113 ], [ 2.1800281, 41.3583276 ], [ 2.1800364, 41.3583458 ], [ 2.1800373, 41.3583614 ], [ 2.1800375, 41.358377 ], [ 2.1800383, 41.3583933 ], [ 2.1800434, 41.3584089 ], [ 2.1800554, 41.3584237 ], [ 2.1800678, 41.3584379 ], [ 2.1800797, 41.3584526 ], [ 2.1800917, 41.3584672 ], [ 2.1801084, 41.3584841 ], [ 2.1801253, 41.3585011 ], [ 2.1801385, 41.3585206 ], [ 2.1801478, 41.3585412 ], [ 2.1801542, 41.3585654 ], [ 2.1801606, 41.3585895 ], [ 2.1801689, 41.3586104 ], [ 2.1801796, 41.3586307 ], [ 2.1801948, 41.3586524 ], [ 2.1802125, 41.358673 ], [ 2.1802288, 41.3586898 ], [ 2.1802464, 41.3587056 ], [ 2.1802638, 41.358717 ], [ 2.1802815, 41.3587284 ], [ 2.1802959, 41.3587413 ], [ 2.1803077, 41.3587557 ], [ 2.1803214, 41.3587793 ], [ 2.1803315, 41.3588038 ], [ 2.1803394, 41.3588338 ], [ 2.1803479, 41.3588636 ], [ 2.1803631, 41.3588987 ], [ 2.1803782, 41.3589337 ], [ 2.1803862, 41.3589576 ], [ 2.1803943, 41.3589815 ], [ 2.1804038, 41.3590066 ], [ 2.1804165, 41.3590308 ], [ 2.1804346, 41.3590566 ], [ 2.1804527, 41.3590824 ], [ 2.1804673, 41.3591034 ], [ 2.1804817, 41.3591244 ], [ 2.180496, 41.359146 ], [ 2.180511, 41.3591672 ], [ 2.1805329, 41.3591913 ], [ 2.1805564, 41.3592145 ], [ 2.1805743, 41.359233 ], [ 2.1805923, 41.3592515 ], [ 2.1806088, 41.3592695 ], [ 2.1806243, 41.3592879 ], [ 2.1806426, 41.3593115 ], [ 2.1806597, 41.3593357 ], [ 2.1806788, 41.3593641 ], [ 2.1806957, 41.3593934 ], [ 2.1807074, 41.3594192 ], [ 2.1807179, 41.3594453 ], [ 2.1807273, 41.3594716 ], [ 2.1807369, 41.3594978 ], [ 2.1807478, 41.3595209 ], [ 2.1807603, 41.3595434 ], [ 2.1807729, 41.3595641 ], [ 2.1807874, 41.3595841 ], [ 2.1808033, 41.3596015 ], [ 2.1808192, 41.3596189 ], [ 2.1808356, 41.3596389 ], [ 2.1808514, 41.3596591 ], [ 2.1808738, 41.3596911 ], [ 2.1808962, 41.359723 ], [ 2.1809117, 41.3597435 ], [ 2.1809274, 41.359764 ], [ 2.1809424, 41.3597843 ], [ 2.1809566, 41.359805 ], [ 2.1809667, 41.3598242 ], [ 2.180975, 41.3598438 ], [ 2.1809795, 41.3598576 ], [ 2.1809855, 41.359871 ], [ 2.1809982, 41.3598874 ], [ 2.1810116, 41.3599034 ], [ 2.1810217, 41.359916 ], [ 2.1810325, 41.3599284 ], [ 2.1810465, 41.3599407 ], [ 2.1810616, 41.3599523 ], [ 2.1810869, 41.3599707 ], [ 2.1811066, 41.3599918 ], [ 2.1811136, 41.360014 ], [ 2.181118, 41.3600365 ], [ 2.181131, 41.3600703 ], [ 2.1811438, 41.3601041 ], [ 2.1811605, 41.3601403 ], [ 2.1811915, 41.3601928 ], [ 2.1812226, 41.3602454 ], [ 2.1813035, 41.3603968 ], [ 2.1813849, 41.3605482 ], [ 2.1814259, 41.360623 ], [ 2.1814671, 41.3606977 ], [ 2.1815577, 41.3608612 ], [ 2.1816504, 41.3610241 ], [ 2.1816976, 41.3610992 ], [ 2.1817741, 41.3612096 ], [ 2.1818495, 41.3613205 ], [ 2.1819072, 41.3614141 ], [ 2.1819653, 41.3615077 ], [ 2.1820329, 41.3616051 ], [ 2.1820997, 41.3617028 ], [ 2.1821837, 41.3618373 ], [ 2.1822671, 41.3619718 ], [ 2.1823238, 41.3620639 ], [ 2.1823806, 41.362156 ], [ 2.1824408, 41.3622413 ], [ 2.1825024, 41.3623259 ], [ 2.1825659, 41.3624287 ], [ 2.1826293, 41.3625315 ], [ 2.1827227, 41.3626609 ], [ 2.18277, 41.3627254 ], [ 2.1828138, 41.3627911 ], [ 2.1828812, 41.3629037 ], [ 2.1829481, 41.3630164 ], [ 2.1829919, 41.3630884 ], [ 2.1830363, 41.3631602 ], [ 2.1830571, 41.3631876 ], [ 2.1830845, 41.3632126 ], [ 2.1831121, 41.3632288 ], [ 2.1831438, 41.3632386 ], [ 2.1831802, 41.3632448 ], [ 2.1832168, 41.3632495 ], [ 2.183294, 41.3632561 ], [ 2.1833713, 41.3632628 ], [ 2.1834137, 41.3632707 ], [ 2.1834336, 41.3632785 ], [ 2.1834524, 41.3632906 ], [ 2.1834645, 41.3633023 ], [ 2.1834748, 41.3633204 ], [ 2.1834758, 41.3633395 ], [ 2.1834379, 41.3635078 ], [ 2.1834177, 41.3635922 ], [ 2.1834005, 41.3636767 ], [ 2.1833738, 41.3638347 ], [ 2.1833467, 41.3639926 ], [ 2.1833244, 41.3641227 ], [ 2.183296, 41.3642522 ], [ 2.1832631, 41.3643555 ], [ 2.1832258, 41.364458 ], [ 2.1831507, 41.3646648 ], [ 2.1830782, 41.3648641 ], [ 2.1832814, 41.3649086 ], [ 2.1830596, 41.365198 ], [ 2.1830103, 41.3652189 ], [ 2.1828899, 41.3651935 ], [ 2.1828586, 41.3651551 ], [ 2.1829009, 41.3648548 ], [ 2.1825283, 41.3647795 ], [ 2.1825248, 41.364774 ], [ 2.1824016, 41.3647492 ], [ 2.1823225, 41.3646316 ], [ 2.1821197, 41.3643139 ], [ 2.180898, 41.3624157 ], [ 2.1801659, 41.3612882 ], [ 2.1799446, 41.3609465 ], [ 2.179701, 41.3605647 ], [ 2.1790992, 41.3596395 ], [ 2.1780359, 41.3579813 ], [ 2.1777632, 41.3575655 ], [ 2.1770932, 41.3565181 ], [ 2.1767336, 41.3559679 ], [ 2.176271, 41.3552443 ], [ 2.1752664, 41.3536951 ], [ 2.1751568, 41.3535314 ], [ 2.1746204, 41.3526954 ], [ 2.1745106, 41.3525294 ], [ 2.1744607, 41.3524486 ], [ 2.173478, 41.3509269 ], [ 2.1725422, 41.3494775 ], [ 2.1724231, 41.349289 ], [ 2.1721025, 41.3494038 ], [ 2.1720266, 41.349288 ], [ 2.1719911, 41.3492307 ], [ 2.1719176, 41.3490644 ], [ 2.1719024, 41.3490088 ], [ 2.171869, 41.3488532 ], [ 2.1722196, 41.3488105 ], [ 2.1719316, 41.3474728 ], [ 2.1718145, 41.3469435 ], [ 2.1716774, 41.3463048 ], [ 2.1715506, 41.3457247 ], [ 2.1715428, 41.3456799 ], [ 2.1712907, 41.3445225 ], [ 2.171393, 41.3445099 ], [ 2.171454, 41.3444984 ], [ 2.1714699, 41.3444972 ], [ 2.1714858, 41.3445009 ], [ 2.171496, 41.3445071 ], [ 2.1715079, 41.3445213 ], [ 2.1715114, 41.3445356 ], [ 2.1715135, 41.3445641 ], [ 2.1715541, 41.3446851 ], [ 2.1715639, 41.3447018 ], [ 2.1715804, 41.3447158 ], [ 2.1715947, 41.344723 ], [ 2.1716084, 41.3447268 ], [ 2.1716225, 41.3447281 ], [ 2.1716711, 41.344726 ], [ 2.1716912, 41.3447233 ], [ 2.1717025, 41.3447181 ], [ 2.1718018, 41.3446465 ], [ 2.1722491, 41.3443137 ], [ 2.1723099, 41.3442589 ], [ 2.1723348, 41.3442143 ], [ 2.1723406, 41.3441928 ], [ 2.1723431, 41.344129 ], [ 2.1723433, 41.3440806 ], [ 2.1723399, 41.3440321 ], [ 2.1723006, 41.3438378 ], [ 2.172297, 41.3437372 ], [ 2.1722736, 41.3436224 ], [ 2.1722443, 41.3435082 ], [ 2.1721771, 41.3432955 ], [ 2.1721595, 41.343224 ], [ 2.1720709, 41.3427721 ], [ 2.1720122, 41.3425458 ], [ 2.1719833, 41.3423373 ], [ 2.1719501, 41.3421832 ], [ 2.1719274, 41.3420962 ], [ 2.1718964, 41.3418773 ], [ 2.1718893, 41.3418542 ], [ 2.1718713, 41.3418209 ], [ 2.1718563, 41.3417869 ], [ 2.1718438, 41.3417147 ], [ 2.1718244, 41.341654 ], [ 2.1718022, 41.3415502 ], [ 2.1717967, 41.3415079 ], [ 2.1717895, 41.3413413 ], [ 2.1717794, 41.341283 ], [ 2.1717617, 41.3412253 ], [ 2.1717367, 41.3411691 ], [ 2.1717237, 41.3411053 ], [ 2.1717214, 41.3410668 ], [ 2.1717162, 41.3410287 ], [ 2.1716651, 41.3408979 ], [ 2.1716633, 41.3408466 ], [ 2.1716344, 41.3407273 ], [ 2.1716075, 41.3406348 ], [ 2.1716046, 41.3406092 ], [ 2.1716064, 41.3405507 ], [ 2.1716023, 41.3405317 ], [ 2.1715434, 41.3403817 ], [ 2.1715306, 41.3403458 ], [ 2.1715227, 41.3403162 ], [ 2.1715252, 41.3403014 ], [ 2.171536, 41.3402874 ], [ 2.1715536, 41.340275 ], [ 2.1715862, 41.3402606 ], [ 2.1716118, 41.3402544 ], [ 2.1716515, 41.34025 ], [ 2.1718728, 41.3402417 ], [ 2.1720468, 41.3402374 ], [ 2.1720754, 41.3402345 ], [ 2.1720875, 41.3402317 ], [ 2.1721034, 41.3402237 ], [ 2.1721165, 41.3402115 ], [ 2.172124, 41.3402006 ], [ 2.1721296, 41.3401842 ], [ 2.172129, 41.3401676 ], [ 2.1720843, 41.3399853 ], [ 2.1720698, 41.3399055 ], [ 2.1720526, 41.3398258 ], [ 2.1720174, 41.3397148 ], [ 2.171932, 41.3394672 ], [ 2.1719184, 41.3394137 ], [ 2.171894, 41.3392506 ], [ 2.1718047, 41.3388187 ], [ 2.1717893, 41.3387092 ], [ 2.1717786, 41.3386632 ], [ 2.1717209, 41.3386693 ], [ 2.171717, 41.3386666 ], [ 2.1716623, 41.3386746 ], [ 2.1716641, 41.3386806 ], [ 2.1716091, 41.3386863 ], [ 2.1716075, 41.3386818 ], [ 2.1710055, 41.3387503 ], [ 2.1710065, 41.3387548 ], [ 2.1709936, 41.3387564 ], [ 2.1709506, 41.3385593 ], [ 2.1709712, 41.3385557 ], [ 2.1709927, 41.3385123 ], [ 2.1710106, 41.3384679 ], [ 2.1710292, 41.3384398 ], [ 2.1710506, 41.3384126 ], [ 2.1710711, 41.3383633 ], [ 2.1710973, 41.3383454 ], [ 2.1711066, 41.3383325 ], [ 2.1711102, 41.3383189 ], [ 2.1710917, 41.3381874 ], [ 2.1710057, 41.3378153 ], [ 2.1709748, 41.3377158 ], [ 2.1709539, 41.337632 ], [ 2.1709352, 41.3375124 ], [ 2.1709183, 41.3374493 ], [ 2.1709113, 41.3373455 ], [ 2.1709054, 41.33718 ], [ 2.1709006, 41.3371294 ], [ 2.1708924, 41.3370791 ], [ 2.1708738, 41.3369992 ], [ 2.1708239, 41.3367267 ], [ 2.1708017, 41.3366001 ], [ 2.1707742, 41.336471 ], [ 2.1707338, 41.336317 ], [ 2.170713, 41.3362618 ], [ 2.1706897, 41.336207 ], [ 2.1706783, 41.3361698 ], [ 2.1706328, 41.3359408 ], [ 2.1706135, 41.3358557 ], [ 2.1706046, 41.3358368 ], [ 2.1705922, 41.3358188 ], [ 2.1705777, 41.3358031 ], [ 2.1705656, 41.3357867 ], [ 2.1705545, 41.3357416 ], [ 2.1705462, 41.3356963 ], [ 2.1705369, 41.3356644 ], [ 2.1705469, 41.3356324 ], [ 2.1705513, 41.3356097 ], [ 2.1705534, 41.3355869 ], [ 2.1705459, 41.3355375 ], [ 2.1705478, 41.3355261 ], [ 2.1705609, 41.335512 ], [ 2.1706124, 41.3354792 ], [ 2.1706574, 41.3354449 ], [ 2.1706991, 41.3354073 ], [ 2.1707086, 41.3353941 ], [ 2.1707149, 41.33538 ], [ 2.1707404, 41.3352947 ], [ 2.1707504, 41.3352383 ], [ 2.1707481, 41.3352128 ], [ 2.1707411, 41.3351874 ], [ 2.1707214, 41.3351548 ], [ 2.1707242, 41.3351408 ], [ 2.1707358, 41.3351272 ], [ 2.1707473, 41.3351184 ], [ 2.1707657, 41.3351095 ], [ 2.1707842, 41.3351054 ], [ 2.1708883, 41.3351021 ], [ 2.1709758, 41.3350937 ], [ 2.1710394, 41.3350912 ], [ 2.1710606, 41.3350856 ], [ 2.1710674, 41.3350789 ], [ 2.1710666, 41.3350694 ], [ 2.1710594, 41.3350487 ], [ 2.1710535, 41.3349916 ], [ 2.1710242, 41.33486 ], [ 2.1710261, 41.3348298 ], [ 2.1710504, 41.3347982 ], [ 2.1709547, 41.3340994 ], [ 2.1701443, 41.3341924 ], [ 2.1701416, 41.3341964 ], [ 2.1702086, 41.3345113 ], [ 2.1702175, 41.3345212 ], [ 2.170264, 41.3345499 ], [ 2.1702716, 41.3345602 ], [ 2.1702714, 41.3345668 ], [ 2.1702625, 41.3345794 ], [ 2.1702498, 41.3345913 ], [ 2.1702359, 41.3346012 ], [ 2.1702077, 41.3346158 ], [ 2.1701757, 41.3346224 ], [ 2.1701444, 41.3346226 ], [ 2.1701039, 41.3346161 ], [ 2.1700828, 41.3346063 ], [ 2.1700604, 41.3345883 ], [ 2.1700477, 41.3345624 ], [ 2.1700362, 41.334519 ], [ 2.1700202, 41.3344392 ], [ 2.1699734, 41.3342358 ], [ 2.1699768, 41.3341998 ], [ 2.1699866, 41.3341581 ], [ 2.1699948, 41.3341347 ], [ 2.1700067, 41.3341173 ], [ 2.1700352, 41.3340961 ], [ 2.1700634, 41.3340818 ], [ 2.1701034, 41.3340642 ], [ 2.1701315, 41.3340571 ], [ 2.1702694, 41.3340412 ], [ 2.1706891, 41.3339852 ], [ 2.1711189, 41.333935 ], [ 2.1711403, 41.3339193 ], [ 2.17113, 41.3338829 ], [ 2.1711084, 41.3337835 ], [ 2.1711033, 41.3337599 ], [ 2.1710739, 41.333636 ], [ 2.1710558, 41.3335569 ], [ 2.1710397, 41.3334866 ], [ 2.1709999, 41.3333352 ], [ 2.1709952, 41.3333171 ], [ 2.1709841, 41.3332562 ], [ 2.170984, 41.3332556 ], [ 2.1709839, 41.3332554 ], [ 2.1709834, 41.3332528 ], [ 2.1709642, 41.333168 ], [ 2.1709511, 41.3331069 ], [ 2.1709384, 41.3330427 ], [ 2.1709348, 41.333026 ], [ 2.1709195, 41.3329549 ], [ 2.1709046, 41.3328843 ], [ 2.1708681, 41.3327374 ], [ 2.1708662, 41.332728 ], [ 2.1708431, 41.3326138 ], [ 2.1708333, 41.3325776 ], [ 2.1708148, 41.3325092 ], [ 2.1708116, 41.3324953 ], [ 2.1707813, 41.3323663 ], [ 2.1707491, 41.3322446 ], [ 2.1707384, 41.3322011 ], [ 2.170717, 41.3321144 ], [ 2.1706912, 41.3319889 ], [ 2.1706854, 41.331965 ], [ 2.1706666, 41.3318871 ], [ 2.170643, 41.3317812 ], [ 2.1706353, 41.3317518 ], [ 2.1706171, 41.3316733 ], [ 2.1706054, 41.3316232 ], [ 2.170598, 41.3315865 ], [ 2.1705885, 41.3315409 ], [ 2.1705794, 41.3315002 ], [ 2.1705622, 41.3314343 ], [ 2.1705581, 41.3314184 ], [ 2.1705411, 41.3313397 ], [ 2.1705328, 41.3313001 ], [ 2.1705247, 41.3312747 ], [ 2.1705133, 41.3312238 ], [ 2.1704942, 41.3311458 ], [ 2.1704926, 41.3311392 ], [ 2.1704709, 41.3310273 ], [ 2.1704611, 41.3309863 ], [ 2.1704522, 41.3309469 ], [ 2.1704437, 41.330903 ], [ 2.1704415, 41.3308918 ], [ 2.1704223, 41.33082 ], [ 2.1704054, 41.3307507 ], [ 2.1703879, 41.3306939 ], [ 2.1703803, 41.3306619 ], [ 2.1703745, 41.3306236 ], [ 2.1703733, 41.3306181 ], [ 2.1703702, 41.3306036 ], [ 2.1703683, 41.330595 ], [ 2.1703655, 41.3305819 ], [ 2.1703533, 41.3305425 ], [ 2.1703406, 41.3304959 ], [ 2.170334, 41.3304527 ], [ 2.1703282, 41.3304287 ], [ 2.1703171, 41.3303872 ], [ 2.1703145, 41.3303734 ], [ 2.170311, 41.3303541 ], [ 2.1703021, 41.3303186 ], [ 2.1702892, 41.3302781 ], [ 2.170283, 41.3302549 ], [ 2.1702742, 41.3302237 ], [ 2.1702671, 41.3301821 ], [ 2.1702547, 41.3301148 ], [ 2.1702488, 41.3300911 ], [ 2.1702416, 41.3300625 ], [ 2.1702325, 41.3300431 ], [ 2.1702291, 41.3300118 ], [ 2.1702213, 41.3299893 ], [ 2.1702129, 41.3299637 ], [ 2.1702088, 41.3299347 ], [ 2.1702069, 41.3299041 ], [ 2.1701962, 41.3298634 ], [ 2.1701929, 41.3298435 ], [ 2.1701917, 41.3298361 ], [ 2.1701841, 41.3298038 ], [ 2.1701763, 41.3297719 ], [ 2.1701687, 41.3297378 ], [ 2.1701585, 41.3296977 ], [ 2.1701455, 41.3296509 ], [ 2.1701356, 41.329593 ], [ 2.1701285, 41.3295642 ], [ 2.1701207, 41.3295324 ], [ 2.170107, 41.3294767 ], [ 2.1700917, 41.3294012 ], [ 2.1700688, 41.329313 ], [ 2.1700476, 41.3292315 ], [ 2.1700349, 41.3291685 ], [ 2.1700267, 41.3291277 ], [ 2.1700032, 41.329037 ], [ 2.1699981, 41.3290173 ], [ 2.1699493, 41.3288084 ], [ 2.169944, 41.3287825 ], [ 2.1699317, 41.3287224 ], [ 2.1698861, 41.32852 ], [ 2.169884, 41.3285089 ], [ 2.169866, 41.3284153 ], [ 2.1698429, 41.3283229 ], [ 2.1698264, 41.3282511 ], [ 2.1698179, 41.3282141 ], [ 2.1697921, 41.3280957 ], [ 2.1697738, 41.328027 ], [ 2.1697612, 41.3279814 ], [ 2.1697438, 41.3279185 ], [ 2.1697291, 41.3278605 ], [ 2.1697019, 41.3277682 ], [ 2.1696923, 41.3277219 ], [ 2.1696664, 41.3275969 ], [ 2.1696416, 41.3274909 ], [ 2.1696337, 41.3274545 ], [ 2.1696201, 41.3273919 ], [ 2.169598, 41.3273116 ], [ 2.1695689, 41.3271912 ], [ 2.1695689, 41.327191 ], [ 2.1695686, 41.3271898 ], [ 2.1695472, 41.3270975 ], [ 2.169525, 41.3270094 ], [ 2.1695056, 41.3269248 ], [ 2.1694813, 41.3268213 ], [ 2.169449, 41.326679 ], [ 2.1694445, 41.3266606 ], [ 2.169432, 41.3266095 ], [ 2.1694205, 41.3265626 ], [ 2.1694, 41.3264753 ], [ 2.16939, 41.3263993 ], [ 2.169389, 41.3263918 ], [ 2.1693553, 41.3263709 ], [ 2.1693727, 41.3263252 ], [ 2.1693802, 41.3262677 ], [ 2.1694106, 41.326223 ], [ 2.1694259, 41.3261622 ], [ 2.1694303, 41.3261464 ], [ 2.1694399, 41.3261124 ], [ 2.1694599, 41.3260613 ], [ 2.1694711, 41.326017 ], [ 2.1694852, 41.325982 ], [ 2.1694969, 41.3259427 ], [ 2.1695187, 41.3259141 ], [ 2.169523, 41.3258958 ], [ 2.1695308, 41.3258626 ], [ 2.1695465, 41.3258036 ], [ 2.1695644, 41.3257454 ], [ 2.1695729, 41.3256887 ], [ 2.1695828, 41.3256479 ], [ 2.1695959, 41.3256248 ], [ 2.1695973, 41.3256223 ], [ 2.1695998, 41.3255903 ], [ 2.1695995, 41.3255703 ], [ 2.169634, 41.3255347 ], [ 2.1696263, 41.3255203 ], [ 2.1696384, 41.3255031 ], [ 2.1696511, 41.3254755 ], [ 2.1696575, 41.3254385 ], [ 2.1696789, 41.3254268 ], [ 2.1696803, 41.3254013 ], [ 2.169684, 41.325389 ], [ 2.1696944, 41.3253539 ], [ 2.1697152, 41.3253019 ], [ 2.1697306, 41.3252574 ], [ 2.1697596, 41.3252074 ], [ 2.1697861, 41.3251361 ], [ 2.1697904, 41.3251209 ], [ 2.1698096, 41.3250534 ], [ 2.1698267, 41.3250302 ], [ 2.1698339, 41.3250018 ], [ 2.1698528, 41.3249278 ], [ 2.1698608, 41.3248729 ], [ 2.1698609, 41.3248727 ], [ 2.1698856, 41.3248234 ], [ 2.1698982, 41.324772 ], [ 2.1699189, 41.3247293 ], [ 2.1699282, 41.3246861 ], [ 2.1699393, 41.3246386 ], [ 2.169947, 41.3246012 ], [ 2.1699481, 41.324598 ], [ 2.1699697, 41.3245318 ], [ 2.1699925, 41.3244702 ], [ 2.1700116, 41.3244172 ], [ 2.1700359, 41.3243548 ], [ 2.1700461, 41.3243284 ], [ 2.1700656, 41.3242423 ], [ 2.1701124, 41.3241589 ], [ 2.1701327, 41.324095 ], [ 2.1701368, 41.3240797 ], [ 2.1701377, 41.3240764 ], [ 2.1701411, 41.3240637 ], [ 2.1701525, 41.324021 ], [ 2.1701586, 41.3239514 ], [ 2.1701703, 41.3239101 ], [ 2.1701938, 41.3238791 ], [ 2.1701985, 41.3238378 ], [ 2.1701989, 41.323834 ], [ 2.1702049, 41.3238162 ], [ 2.1702107, 41.3237962 ], [ 2.1702171, 41.3237762 ], [ 2.1702277, 41.3237532 ], [ 2.1702552, 41.3236598 ], [ 2.1702701, 41.3236541 ], [ 2.1702902, 41.3236269 ], [ 2.1702687, 41.3236105 ], [ 2.1702935, 41.3235806 ], [ 2.1702905, 41.3235767 ], [ 2.170277, 41.3235587 ], [ 2.1702965, 41.3235503 ], [ 2.170321, 41.3235099 ], [ 2.1703415, 41.3234897 ], [ 2.1703328, 41.3234653 ], [ 2.1703404, 41.3234363 ], [ 2.1703492, 41.3233898 ], [ 2.1703728, 41.3233579 ], [ 2.1703724, 41.3233303 ], [ 2.1703654, 41.323306 ], [ 2.1703831, 41.3232871 ], [ 2.1704001, 41.3232555 ], [ 2.1704177, 41.323233 ], [ 2.1704106, 41.3231985 ], [ 2.1704232, 41.323186 ], [ 2.170422, 41.3231701 ], [ 2.1704312, 41.3231436 ], [ 2.1704426, 41.3231339 ], [ 2.1704481, 41.323109 ], [ 2.1704588, 41.3230862 ], [ 2.1704592, 41.3230854 ], [ 2.1704762, 41.3230542 ], [ 2.1704867, 41.3230228 ], [ 2.1704965, 41.3230001 ], [ 2.1705035, 41.3229715 ], [ 2.1705128, 41.3229466 ], [ 2.1705178, 41.3229124 ], [ 2.1705235, 41.3228909 ], [ 2.1705373, 41.3228608 ], [ 2.1705427, 41.3228522 ], [ 2.1705532, 41.3228356 ], [ 2.1705643, 41.3227911 ], [ 2.1705963, 41.3227053 ], [ 2.1705958, 41.3226747 ], [ 2.1706054, 41.3226396 ], [ 2.1706203, 41.3225918 ], [ 2.1706493, 41.3225745 ], [ 2.1706502, 41.322574 ], [ 2.1706456, 41.3225412 ], [ 2.1706486, 41.3225202 ], [ 2.1706598, 41.3224827 ], [ 2.1706848, 41.3224556 ], [ 2.1706931, 41.3224186 ], [ 2.1706807, 41.3224105 ], [ 2.1707057, 41.3223613 ], [ 2.1707105, 41.3223513 ], [ 2.1707697, 41.3222282 ], [ 2.1707812, 41.3221739 ], [ 2.1707951, 41.3221634 ], [ 2.1707996, 41.322132 ], [ 2.1708135, 41.3220658 ], [ 2.1708146, 41.3220606 ], [ 2.1708333, 41.3220172 ], [ 2.1708365, 41.3220099 ], [ 2.1708536, 41.3220028 ], [ 2.1708506, 41.3219705 ], [ 2.1708689, 41.3219424 ], [ 2.1708834, 41.3218498 ], [ 2.1708906, 41.321847 ], [ 2.1708969, 41.3218446 ], [ 2.170914, 41.3218057 ], [ 2.1708963, 41.3217982 ], [ 2.1709146, 41.3217405 ], [ 2.1709325, 41.3216915 ], [ 2.1709486, 41.3216356 ], [ 2.1709622, 41.321606 ], [ 2.170975, 41.3215649 ], [ 2.1709756, 41.3215633 ], [ 2.1709802, 41.3215255 ], [ 2.171017, 41.321479 ], [ 2.1710206, 41.3214362 ], [ 2.1710302, 41.3214335 ], [ 2.1710397, 41.3214176 ], [ 2.1710341, 41.3214064 ], [ 2.1710526, 41.3213694 ], [ 2.1710612, 41.3213506 ], [ 2.1710825, 41.3213042 ], [ 2.1711003, 41.3212543 ], [ 2.1711139, 41.3212367 ], [ 2.1711064, 41.3212261 ], [ 2.1711201, 41.3211824 ], [ 2.1711495, 41.3211104 ], [ 2.1711478, 41.3210993 ], [ 2.1711564, 41.3210587 ], [ 2.1711598, 41.3210429 ], [ 2.1711913, 41.3210411 ], [ 2.1711998, 41.3210214 ], [ 2.1711795, 41.3209977 ], [ 2.1711865, 41.3209815 ], [ 2.1711725, 41.3209693 ], [ 2.1711917, 41.3209219 ], [ 2.1712073, 41.3209266 ], [ 2.1712166, 41.3209046 ], [ 2.1712262, 41.3208831 ], [ 2.1712457, 41.3208394 ], [ 2.1712466, 41.3208351 ], [ 2.1712547, 41.3207955 ], [ 2.1712975, 41.3206542 ], [ 2.1713079, 41.3206062 ], [ 2.1713177, 41.3205827 ], [ 2.171326, 41.3205626 ], [ 2.1713581, 41.3204801 ], [ 2.1713737, 41.320424 ], [ 2.1713871, 41.3203869 ], [ 2.1713999, 41.3203648 ], [ 2.1714085, 41.3203498 ], [ 2.1714132, 41.3203195 ], [ 2.171428, 41.3202848 ], [ 2.1715003, 41.3200627 ], [ 2.1715263, 41.3199829 ], [ 2.1715429, 41.3199507 ], [ 2.1715378, 41.3199178 ], [ 2.1715641, 41.3198627 ], [ 2.1715686, 41.3198478 ], [ 2.1715933, 41.3197655 ], [ 2.1716126, 41.3196873 ], [ 2.1716354, 41.319626 ], [ 2.1716601, 41.3195751 ], [ 2.1716752, 41.3195576 ], [ 2.171684, 41.3195471 ], [ 2.1716867, 41.3195439 ], [ 2.1716783, 41.3195386 ], [ 2.1716904, 41.3194792 ], [ 2.1717082, 41.3194161 ], [ 2.1717245, 41.3193923 ], [ 2.1717478, 41.319364 ], [ 2.1717411, 41.3193499 ], [ 2.1717404, 41.319341 ], [ 2.1717382, 41.3193112 ], [ 2.1717618, 41.3192687 ], [ 2.1718294, 41.3191085 ], [ 2.1718428, 41.3190811 ], [ 2.1718516, 41.3190376 ], [ 2.1718519, 41.3190366 ], [ 2.1719259, 41.3188264 ], [ 2.1719896, 41.3186456 ], [ 2.172028, 41.3185145 ], [ 2.1720385, 41.3184788 ], [ 2.1720439, 41.3184617 ], [ 2.1720669, 41.3183509 ], [ 2.1721086, 41.3183146 ], [ 2.1721133, 41.3183105 ], [ 2.1720972, 41.3182929 ], [ 2.172131, 41.3182332 ], [ 2.1721331, 41.3181778 ], [ 2.1721545, 41.3181334 ], [ 2.1721986, 41.318028 ], [ 2.1722048, 41.3180089 ], [ 2.1722701, 41.3178088 ], [ 2.1722722, 41.317804 ], [ 2.1723498, 41.3176244 ], [ 2.1723958, 41.31749 ], [ 2.1724098, 41.317449 ], [ 2.1723986, 41.317378 ], [ 2.1723737, 41.3173669 ], [ 2.1723405, 41.3173554 ], [ 2.1723222, 41.3173513 ], [ 2.1723037, 41.3173468 ], [ 2.1722922, 41.3173402 ], [ 2.1722872, 41.3173339 ], [ 2.1722855, 41.3173273 ], [ 2.1722862, 41.3173141 ], [ 2.1722882, 41.3172678 ], [ 2.1722954, 41.3172215 ], [ 2.1723052, 41.3171907 ], [ 2.1723226, 41.3171585 ], [ 2.1723476, 41.3171296 ], [ 2.1723687, 41.3171113 ], [ 2.1724102, 41.3170838 ], [ 2.1724555, 41.3170636 ], [ 2.1724889, 41.3170532 ], [ 2.1725494, 41.317042 ], [ 2.1726103, 41.3170385 ], [ 2.1726504, 41.3170399 ], [ 2.1726897, 41.317044 ], [ 2.1727284, 41.3170526 ], [ 2.1727537, 41.3170619 ], [ 2.1727833, 41.3170768 ], [ 2.1728087, 41.3170936 ], [ 2.1728536, 41.3171329 ], [ 2.1728855, 41.3171662 ], [ 2.1729123, 41.3172003 ], [ 2.1729266, 41.3172239 ], [ 2.1729401, 41.3172573 ], [ 2.1729457, 41.3172906 ], [ 2.1729433, 41.3173243 ], [ 2.1729372, 41.3173461 ], [ 2.1729142, 41.3174068 ], [ 2.1728912, 41.3174676 ], [ 2.1728363, 41.3176127 ], [ 2.1727816, 41.3177578 ], [ 2.1727244, 41.3179213 ], [ 2.1726728, 41.3180858 ], [ 2.1725705, 41.3184151 ], [ 2.1723649, 41.319022 ], [ 2.1721603, 41.3196291 ], [ 2.1720932, 41.3198425 ], [ 2.1720256, 41.3200557 ], [ 2.1719323, 41.320331 ], [ 2.1718376, 41.3206059 ], [ 2.1717034, 41.3209882 ], [ 2.1715701, 41.3213707 ], [ 2.1714473, 41.3217505 ], [ 2.1713257, 41.3221305 ], [ 2.1711945, 41.322521 ], [ 2.1710624, 41.3229113 ], [ 2.170942, 41.3232593 ], [ 2.170822, 41.3236074 ], [ 2.1707632, 41.3237915 ], [ 2.1707053, 41.3239757 ], [ 2.1706296, 41.324202 ], [ 2.1705517, 41.3244279 ], [ 2.1704562, 41.3246886 ], [ 2.1703619, 41.3249496 ], [ 2.1702821, 41.3251893 ], [ 2.1702044, 41.3254294 ], [ 2.170113, 41.3257182 ], [ 2.1700225, 41.3260072 ], [ 2.1699762, 41.3261304 ], [ 2.1699256, 41.3262528 ], [ 2.1698961, 41.3263354 ], [ 2.1698897, 41.3263651 ], [ 2.169888, 41.3263953 ], [ 2.1698932, 41.3264556 ], [ 2.1699044, 41.3265134 ], [ 2.1699209, 41.3265708 ], [ 2.1699587, 41.3266856 ], [ 2.1699787, 41.3267625 ], [ 2.1699854, 41.3268068 ], [ 2.169985, 41.3268592 ], [ 2.1699812, 41.3269118 ], [ 2.1699822, 41.3269468 ], [ 2.1699928, 41.3270379 ], [ 2.1700068, 41.3271289 ], [ 2.1700198, 41.327189 ], [ 2.1700439, 41.3272681 ], [ 2.1701155, 41.3274627 ], [ 2.1701916, 41.3276768 ], [ 2.1701996, 41.3277109 ], [ 2.1703221, 41.3282453 ], [ 2.1704456, 41.3287795 ], [ 2.1706086, 41.329474 ], [ 2.170771, 41.3301686 ], [ 2.1709341, 41.3308788 ], [ 2.1710947, 41.3315894 ], [ 2.1712413, 41.3322564 ], [ 2.1713893, 41.3329233 ], [ 2.1714875, 41.3333527 ], [ 2.1715135, 41.3334666 ], [ 2.1716377, 41.33401 ], [ 2.1716809, 41.3342225 ], [ 2.1717241, 41.334435 ], [ 2.1717514, 41.3345479 ], [ 2.171785, 41.3346598 ], [ 2.1718585, 41.3348829 ], [ 2.1718878, 41.3349684 ], [ 2.1719154, 41.3350542 ], [ 2.171929, 41.335103 ], [ 2.1719426, 41.3351516 ], [ 2.1719484, 41.3351719 ], [ 2.171945, 41.3351897 ], [ 2.171936, 41.3352075 ], [ 2.1719219, 41.3352261 ], [ 2.17191, 41.3352451 ], [ 2.1719063, 41.3352727 ], [ 2.1719079, 41.3353004 ], [ 2.1719104, 41.3353231 ], [ 2.1719152, 41.3353456 ], [ 2.1719265, 41.3353752 ], [ 2.1719381, 41.3354045 ], [ 2.1719477, 41.3354379 ], [ 2.1719553, 41.3354716 ], [ 2.171956, 41.3354985 ], [ 2.171958, 41.3355253 ], [ 2.1719655, 41.3355494 ], [ 2.171974, 41.3355733 ], [ 2.1719793, 41.335586 ], [ 2.1719837, 41.3355988 ], [ 2.1719841, 41.3356107 ], [ 2.1719836, 41.3356227 ], [ 2.1719827, 41.3356501 ], [ 2.1719858, 41.3356774 ], [ 2.171993, 41.3356951 ], [ 2.1720011, 41.3357123 ], [ 2.17201, 41.3357317 ], [ 2.1720188, 41.3357509 ], [ 2.1720342, 41.3357728 ], [ 2.172047, 41.3357953 ], [ 2.1720491, 41.3358112 ], [ 2.1720496, 41.3358271 ], [ 2.1720502, 41.335851 ], [ 2.1720507, 41.335875 ], [ 2.1720513, 41.3359019 ], [ 2.1720519, 41.3359289 ], [ 2.1720592, 41.335945 ], [ 2.1720685, 41.3359611 ], [ 2.1720697, 41.3359774 ], [ 2.1720671, 41.3359885 ], [ 2.1720646, 41.3359997 ], [ 2.172065, 41.336018 ], [ 2.1720671, 41.3360363 ], [ 2.1720704, 41.3360579 ], [ 2.1720788, 41.3360788 ], [ 2.1720888, 41.33609 ], [ 2.1720995, 41.3361006 ], [ 2.1721083, 41.3361104 ], [ 2.1721157, 41.336121 ], [ 2.172119, 41.3361321 ], [ 2.1721196, 41.3361435 ], [ 2.17212, 41.3361586 ], [ 2.1721203, 41.3361737 ], [ 2.1721201, 41.336195 ], [ 2.1721202, 41.3362162 ], [ 2.1721238, 41.3362322 ], [ 2.1721299, 41.3362478 ], [ 2.1721369, 41.3362616 ], [ 2.1721433, 41.3362752 ], [ 2.172139, 41.3362947 ], [ 2.1721263, 41.3363112 ], [ 2.1721195, 41.3363217 ], [ 2.1721142, 41.3363326 ], [ 2.1721127, 41.3363455 ], [ 2.1721154, 41.3363586 ], [ 2.1721237, 41.3363785 ], [ 2.1721308, 41.3363986 ], [ 2.1721342, 41.3364169 ], [ 2.1721375, 41.3364353 ], [ 2.1721414, 41.3364571 ], [ 2.1721453, 41.3364789 ], [ 2.1721461, 41.3364949 ], [ 2.1721458, 41.3365111 ], [ 2.1721462, 41.3365349 ], [ 2.1721525, 41.3365586 ], [ 2.1721625, 41.3365677 ], [ 2.1721757, 41.3365745 ], [ 2.1721906, 41.3365798 ], [ 2.1722031, 41.3365869 ], [ 2.1721994, 41.3366056 ], [ 2.1721927, 41.3366173 ], [ 2.1721875, 41.3366292 ], [ 2.1721948, 41.33665 ], [ 2.1722074, 41.3366646 ], [ 2.1722088, 41.3366859 ], [ 2.1722087, 41.3367001 ], [ 2.1722088, 41.3367142 ], [ 2.1722092, 41.3367409 ], [ 2.1722104, 41.3367675 ], [ 2.1722158, 41.3367921 ], [ 2.1722252, 41.3368162 ], [ 2.1722331, 41.3368329 ], [ 2.1722431, 41.3368489 ], [ 2.1722557, 41.3368587 ], [ 2.1722673, 41.3368689 ], [ 2.1722709, 41.3368805 ], [ 2.1722741, 41.3368921 ], [ 2.1722842, 41.3369147 ], [ 2.1722942, 41.3369374 ], [ 2.1722972, 41.3369505 ], [ 2.1722978, 41.3369636 ], [ 2.1722917, 41.3369772 ], [ 2.1722729, 41.3369841 ], [ 2.1722636, 41.3369945 ], [ 2.1722588, 41.3370054 ], [ 2.1722595, 41.3370175 ], [ 2.1722666, 41.3370294 ], [ 2.1722826, 41.3370394 ], [ 2.1722974, 41.3370427 ], [ 2.1723118, 41.3370469 ], [ 2.172325, 41.3370626 ], [ 2.1723298, 41.3370788 ], [ 2.1723291, 41.3370947 ], [ 2.1723243, 41.3371064 ], [ 2.172317, 41.3371177 ], [ 2.1723055, 41.3371263 ], [ 2.1722963, 41.3371353 ], [ 2.1722956, 41.3371483 ], [ 2.172297, 41.3371613 ], [ 2.1722987, 41.3371786 ], [ 2.1723033, 41.3371956 ], [ 2.1723119, 41.3372065 ], [ 2.1723233, 41.3372158 ], [ 2.1723361, 41.3372237 ], [ 2.1723488, 41.3372328 ], [ 2.1723547, 41.3372471 ], [ 2.1723458, 41.3372654 ], [ 2.1723449, 41.3372823 ], [ 2.1723437, 41.3372994 ], [ 2.1723393, 41.3373165 ], [ 2.1723348, 41.3373336 ], [ 2.1723331, 41.3373451 ], [ 2.1723367, 41.3373562 ], [ 2.1723506, 41.3373707 ], [ 2.1723653, 41.337384 ], [ 2.1723807, 41.3373983 ], [ 2.1723804, 41.3374143 ], [ 2.1723647, 41.3374298 ], [ 2.1723422, 41.3374426 ], [ 2.1723415, 41.3374638 ], [ 2.1723477, 41.3374767 ], [ 2.172353, 41.3374898 ], [ 2.1723554, 41.3375034 ], [ 2.1723578, 41.337517 ], [ 2.1723618, 41.3375322 ], [ 2.1723667, 41.3375472 ], [ 2.1723765, 41.3375708 ], [ 2.1723945, 41.3375925 ], [ 2.1724125, 41.3375993 ], [ 2.1724355, 41.337601 ], [ 2.1724459, 41.3376154 ], [ 2.1724519, 41.3376328 ], [ 2.1724522, 41.3376499 ], [ 2.1724451, 41.3376632 ], [ 2.1724372, 41.3376765 ], [ 2.1724326, 41.3376979 ], [ 2.1724388, 41.3377141 ], [ 2.1724491, 41.3377296 ], [ 2.1724651, 41.337747 ], [ 2.1724685, 41.3377612 ], [ 2.1724713, 41.3377756 ], [ 2.1724777, 41.3377974 ], [ 2.172486, 41.3378189 ], [ 2.1724985, 41.3378411 ], [ 2.1725134, 41.3378624 ], [ 2.1725281, 41.3378811 ], [ 2.1725429, 41.3378997 ], [ 2.1725523, 41.3379131 ], [ 2.1725599, 41.3379273 ], [ 2.1725643, 41.3379466 ], [ 2.1725629, 41.3379658 ], [ 2.1725568, 41.3379907 ], [ 2.1725483, 41.3380153 ], [ 2.1725348, 41.3380394 ], [ 2.1725231, 41.3380637 ], [ 2.1725209, 41.3380869 ], [ 2.1725222, 41.33811 ], [ 2.1725255, 41.3381433 ], [ 2.1725315, 41.3381765 ], [ 2.172538, 41.338193 ], [ 2.1725482, 41.3382087 ], [ 2.172562, 41.3382198 ], [ 2.1725762, 41.3382311 ], [ 2.172586, 41.3382512 ], [ 2.172583, 41.3382729 ], [ 2.1725778, 41.3382885 ], [ 2.1725739, 41.3383043 ], [ 2.1725729, 41.3383286 ], [ 2.1725728, 41.3383529 ], [ 2.1725729, 41.3383783 ], [ 2.1725737, 41.3384036 ], [ 2.1725764, 41.3384225 ], [ 2.1725837, 41.3384409 ], [ 2.1725997, 41.3384657 ], [ 2.1726173, 41.3384896 ], [ 2.1726348, 41.3385116 ], [ 2.1726524, 41.3385337 ], [ 2.1726615, 41.3385482 ], [ 2.1726673, 41.3385637 ], [ 2.1726687, 41.3385758 ], [ 2.1726685, 41.3385879 ], [ 2.1726671, 41.3386098 ], [ 2.1726643, 41.3386316 ], [ 2.1726568, 41.3386555 ], [ 2.1726487, 41.3386792 ], [ 2.1726466, 41.3386969 ], [ 2.1726471, 41.3387148 ], [ 2.1726494, 41.3387292 ], [ 2.1726574, 41.3387427 ], [ 2.172678, 41.3387562 ], [ 2.1726907, 41.3387659 ], [ 2.1727022, 41.3387767 ], [ 2.1727085, 41.3387909 ], [ 2.1727075, 41.3388054 ], [ 2.1726957, 41.3388237 ], [ 2.1726939, 41.3388389 ], [ 2.1726956, 41.338854 ], [ 2.1727016, 41.3388742 ], [ 2.1727078, 41.3388944 ], [ 2.1727195, 41.3389299 ], [ 2.1727304, 41.3389655 ], [ 2.1727374, 41.3389927 ], [ 2.1727442, 41.3390198 ], [ 2.1727484, 41.3390367 ], [ 2.1727526, 41.3390535 ], [ 2.1727486, 41.3390644 ], [ 2.1727411, 41.3390752 ], [ 2.1727363, 41.3390973 ], [ 2.1727407, 41.3391203 ], [ 2.1727456, 41.3391433 ], [ 2.1727455, 41.3391669 ], [ 2.1727467, 41.3391906 ], [ 2.1727531, 41.3392111 ], [ 2.1727599, 41.3392316 ], [ 2.1727656, 41.3392541 ], [ 2.1727702, 41.3392767 ], [ 2.1727721, 41.3393001 ], [ 2.1727735, 41.3393235 ], [ 2.1727812, 41.3393683 ], [ 2.1727913, 41.3394128 ], [ 2.1727965, 41.339429 ], [ 2.172804, 41.3394448 ], [ 2.1728185, 41.3394595 ], [ 2.1728381, 41.3394662 ], [ 2.1728504, 41.3394776 ], [ 2.1728591, 41.3394906 ], [ 2.1728651, 41.339505 ], [ 2.1728678, 41.3395195 ], [ 2.1728678, 41.3395331 ], [ 2.1728677, 41.3395467 ], [ 2.1728681, 41.3395635 ], [ 2.1728685, 41.3395803 ], [ 2.1728692, 41.3395994 ], [ 2.1728698, 41.3396186 ], [ 2.1728701, 41.3396372 ], [ 2.1728706, 41.3396559 ], [ 2.172871, 41.3396719 ], [ 2.1728715, 41.3396879 ], [ 2.1728718, 41.3397011 ], [ 2.1728722, 41.3397144 ], [ 2.1728728, 41.339728 ], [ 2.172876, 41.3397415 ], [ 2.172883, 41.3397563 ], [ 2.1728908, 41.3397709 ], [ 2.1728978, 41.3397837 ], [ 2.1729048, 41.3397965 ], [ 2.1729134, 41.3398071 ], [ 2.1729189, 41.3398181 ], [ 2.1729178, 41.3398354 ], [ 2.1729164, 41.3398574 ], [ 2.1729217, 41.3398686 ], [ 2.1729326, 41.3398786 ], [ 2.1729482, 41.3398898 ], [ 2.1729631, 41.3399015 ], [ 2.1729709, 41.339913 ], [ 2.1729756, 41.3399253 ], [ 2.1729792, 41.3399422 ], [ 2.1729796, 41.339959 ], [ 2.1729774, 41.3399725 ], [ 2.1729745, 41.339986 ], [ 2.172971, 41.339998 ], [ 2.1729676, 41.3400099 ], [ 2.1729705, 41.34003 ], [ 2.1729737, 41.34005 ], [ 2.1729665, 41.3400717 ], [ 2.1729582, 41.3400933 ], [ 2.1729563, 41.3401126 ], [ 2.1729642, 41.3401231 ], [ 2.1729766, 41.3401315 ], [ 2.1729947, 41.3401368 ], [ 2.1730126, 41.340142 ], [ 2.1730187, 41.3401513 ], [ 2.1730157, 41.3401605 ], [ 2.1729976, 41.3401687 ], [ 2.1729756, 41.340172 ], [ 2.1729681, 41.3401916 ], [ 2.1729668, 41.3402036 ], [ 2.1729704, 41.3402154 ], [ 2.1729804, 41.340225 ], [ 2.1729924, 41.3402329 ], [ 2.1730071, 41.3402393 ], [ 2.1730208, 41.3402474 ], [ 2.1730301, 41.3402646 ], [ 2.1730311, 41.3402823 ], [ 2.1730294, 41.3402964 ], [ 2.1730278, 41.3403105 ], [ 2.1730248, 41.3403378 ], [ 2.1730253, 41.340365 ], [ 2.1730356, 41.3403908 ], [ 2.1730482, 41.3404162 ], [ 2.173056, 41.3404378 ], [ 2.1730632, 41.3404595 ], [ 2.1730714, 41.3404875 ], [ 2.1730797, 41.3405157 ], [ 2.1730852, 41.3405346 ], [ 2.1730905, 41.3405534 ], [ 2.1730879, 41.3405649 ], [ 2.1730819, 41.3405762 ], [ 2.1730788, 41.3405873 ], [ 2.1730773, 41.3405985 ], [ 2.1730826, 41.3406109 ], [ 2.1730898, 41.3406232 ], [ 2.1730926, 41.3406351 ], [ 2.1730928, 41.340647 ], [ 2.1730821, 41.3406657 ], [ 2.1730784, 41.3406807 ], [ 2.1730815, 41.3406952 ], [ 2.1730948, 41.3407134 ], [ 2.1731084, 41.3407316 ], [ 2.1731247, 41.3407538 ], [ 2.1731409, 41.3407761 ], [ 2.1731536, 41.3408011 ], [ 2.1731611, 41.3408275 ], [ 2.173167, 41.3408666 ], [ 2.1731654, 41.3409055 ], [ 2.1731576, 41.3409291 ], [ 2.1731501, 41.3409527 ], [ 2.173148, 41.3409829 ], [ 2.1731475, 41.3410131 ], [ 2.1731481, 41.3410364 ], [ 2.1731512, 41.3410597 ], [ 2.1731618, 41.3410797 ], [ 2.1731735, 41.3410996 ], [ 2.1731824, 41.3411297 ], [ 2.173188, 41.3411602 ], [ 2.1731897, 41.3411868 ], [ 2.1731912, 41.3412134 ], [ 2.1731929, 41.3412392 ], [ 2.173198, 41.3412648 ], [ 2.1732071, 41.3412786 ], [ 2.173218, 41.3412917 ], [ 2.1732261, 41.3413047 ], [ 2.1732337, 41.341318 ], [ 2.1732462, 41.3413425 ], [ 2.1732558, 41.3413676 ], [ 2.1732622, 41.3413936 ], [ 2.1732671, 41.3414199 ], [ 2.1732713, 41.3414484 ], [ 2.1732759, 41.3414769 ], [ 2.1732818, 41.3414987 ], [ 2.1732891, 41.3415203 ], [ 2.1732987, 41.3415457 ], [ 2.1733094, 41.3415707 ], [ 2.1733196, 41.3415888 ], [ 2.17333, 41.3416069 ], [ 2.1733383, 41.3416252 ], [ 2.1733436, 41.3416441 ], [ 2.1733466, 41.3416631 ], [ 2.1733496, 41.3416821 ], [ 2.1733553, 41.3417133 ], [ 2.1733596, 41.3417446 ], [ 2.1733605, 41.3417688 ], [ 2.1733606, 41.3417931 ], [ 2.1733611, 41.3418149 ], [ 2.1733615, 41.3418366 ], [ 2.1733651, 41.3418657 ], [ 2.1733703, 41.3418947 ], [ 2.1733728, 41.3419179 ], [ 2.1733755, 41.341941 ], [ 2.1733823, 41.341966 ], [ 2.1733929, 41.3419904 ], [ 2.1734034, 41.3420103 ], [ 2.1734152, 41.3420298 ], [ 2.1734251, 41.3420423 ], [ 2.1734349, 41.342055 ], [ 2.1734439, 41.3420727 ], [ 2.1734489, 41.3420912 ], [ 2.1734537, 41.3421339 ], [ 2.1734571, 41.3421767 ], [ 2.1734581, 41.3422029 ], [ 2.1734596, 41.3422291 ], [ 2.1734665, 41.3422567 ], [ 2.1734747, 41.3422842 ], [ 2.173478, 41.3423045 ], [ 2.1734802, 41.3423248 ], [ 2.1734811, 41.3423496 ], [ 2.17348, 41.3423742 ], [ 2.1734774, 41.3423903 ], [ 2.1734745, 41.3424064 ], [ 2.1734736, 41.3424217 ], [ 2.1734743, 41.342437 ], [ 2.1734815, 41.3424586 ], [ 2.1734908, 41.3424696 ], [ 2.1735004, 41.3424804 ], [ 2.1735104, 41.3424943 ], [ 2.1735184, 41.3425091 ], [ 2.1735228, 41.3425231 ], [ 2.1735245, 41.3425372 ], [ 2.1735248, 41.3425508 ], [ 2.1735251, 41.3425644 ], [ 2.1735258, 41.3425815 ], [ 2.1735272, 41.3425985 ], [ 2.1735382, 41.3426168 ], [ 2.1735573, 41.3426326 ], [ 2.1735744, 41.3426422 ], [ 2.1735907, 41.3426523 ], [ 2.1735994, 41.3426632 ], [ 2.173605, 41.3426753 ], [ 2.1736091, 41.3426901 ], [ 2.1736105, 41.3427049 ], [ 2.1736097, 41.3427171 ], [ 2.1736085, 41.3427291 ], [ 2.1736066, 41.3427427 ], [ 2.1736046, 41.3427562 ], [ 2.1736034, 41.3427692 ], [ 2.1736031, 41.3427823 ], [ 2.1736062, 41.3427934 ], [ 2.1736144, 41.3428035 ], [ 2.1736327, 41.3428109 ], [ 2.1736421, 41.3428167 ], [ 2.1736445, 41.3428222 ], [ 2.1736211, 41.3428335 ], [ 2.1736036, 41.3428433 ], [ 2.1736114, 41.3428583 ], [ 2.1736097, 41.3428772 ], [ 2.1736045, 41.3428923 ], [ 2.1736014, 41.3429072 ], [ 2.1736113, 41.3429345 ], [ 2.1736234, 41.3429618 ], [ 2.173631, 41.3429926 ], [ 2.1736385, 41.3430235 ], [ 2.173642, 41.3430378 ], [ 2.1736456, 41.3430522 ], [ 2.1736625, 41.3430642 ], [ 2.1736808, 41.3430788 ], [ 2.1736845, 41.3430884 ], [ 2.1736815, 41.3430985 ], [ 2.173665, 41.3431146 ], [ 2.1736561, 41.3431371 ], [ 2.1736474, 41.3431596 ], [ 2.1736419, 41.3431746 ], [ 2.1736364, 41.3431896 ], [ 2.173636, 41.3432011 ], [ 2.1736414, 41.3432126 ], [ 2.1736688, 41.3432213 ], [ 2.173679, 41.3432423 ], [ 2.1736769, 41.3432642 ], [ 2.1736662, 41.3432794 ], [ 2.1736567, 41.3432949 ], [ 2.173655, 41.3433125 ], [ 2.1736557, 41.3433301 ], [ 2.1736563, 41.3433444 ], [ 2.1736613, 41.3433584 ], [ 2.1736718, 41.3433674 ], [ 2.1736846, 41.3433745 ], [ 2.1737059, 41.3433843 ], [ 2.17371, 41.3433927 ], [ 2.1737075, 41.3434016 ], [ 2.1736935, 41.3434159 ], [ 2.1736881, 41.3434284 ], [ 2.173685, 41.3434412 ], [ 2.1736846, 41.3434776 ], [ 2.17369, 41.3435141 ], [ 2.1736972, 41.3435362 ], [ 2.1737099, 41.343557 ], [ 2.1737248, 41.3435654 ], [ 2.1737402, 41.3435732 ], [ 2.1737502, 41.3435857 ], [ 2.1737576, 41.3435991 ], [ 2.1737627, 41.343612 ], [ 2.1737611, 41.3436244 ], [ 2.1737433, 41.3436396 ], [ 2.1737283, 41.3436486 ], [ 2.1737291, 41.3436577 ], [ 2.1737363, 41.3436673 ], [ 2.1737511, 41.3436833 ], [ 2.1737649, 41.3436901 ], [ 2.1737712, 41.3437013 ], [ 2.1737617, 41.3437172 ], [ 2.1737582, 41.3437357 ], [ 2.1737613, 41.3437541 ], [ 2.1737746, 41.3437728 ], [ 2.1737839, 41.3437898 ], [ 2.1737843, 41.3438036 ], [ 2.1737846, 41.3438175 ], [ 2.173785, 41.3438384 ], [ 2.1737855, 41.3438593 ], [ 2.173786, 41.3438822 ], [ 2.1737864, 41.3439053 ], [ 2.173786, 41.3439175 ], [ 2.1737855, 41.3439298 ], [ 2.1737863, 41.3439423 ], [ 2.1737901, 41.3439547 ], [ 2.1737995, 41.3439675 ], [ 2.1738128, 41.3439781 ], [ 2.1738305, 41.3439886 ], [ 2.1738482, 41.343999 ], [ 2.173859, 41.344007 ], [ 2.1738686, 41.3440161 ], [ 2.1738773, 41.3440307 ], [ 2.173878, 41.3440457 ], [ 2.1738667, 41.3440616 ], [ 2.1738442, 41.3440748 ], [ 2.1738353, 41.3440928 ], [ 2.1738401, 41.3441075 ], [ 2.1738466, 41.3441221 ], [ 2.1738552, 41.3441391 ], [ 2.173864, 41.3441559 ], [ 2.1738755, 41.3441728 ], [ 2.173885, 41.3441904 ], [ 2.1738861, 41.3442027 ], [ 2.1738857, 41.3442151 ], [ 2.1738865, 41.3442288 ], [ 2.1738886, 41.3442425 ], [ 2.1738946, 41.3442535 ], [ 2.1739023, 41.3442643 ], [ 2.1739144, 41.3442843 ], [ 2.1739197, 41.3443047 ], [ 2.173917, 41.3443159 ], [ 2.1739137, 41.344327 ], [ 2.1739108, 41.3443384 ], [ 2.1739084, 41.3443498 ], [ 2.1739202, 41.3443649 ], [ 2.1739403, 41.3443669 ], [ 2.1739602, 41.3443676 ], [ 2.1739738, 41.3443762 ], [ 2.1739844, 41.3443874 ], [ 2.1739896, 41.3443984 ], [ 2.173991, 41.3444094 ], [ 2.1739837, 41.3444286 ], [ 2.1739749, 41.3444477 ], [ 2.1739837, 41.3444678 ], [ 2.1739627, 41.3444781 ], [ 2.1739407, 41.344489 ], [ 2.173928, 41.3445092 ], [ 2.173929, 41.3445201 ], [ 2.1739375, 41.3445297 ], [ 2.1739516, 41.3445351 ], [ 2.1739656, 41.344539 ], [ 2.1739892, 41.3445475 ], [ 2.1739948, 41.3445659 ], [ 2.1739952, 41.344587 ], [ 2.1739956, 41.3446006 ], [ 2.1739957, 41.3446141 ], [ 2.1739797, 41.3446253 ], [ 2.1739591, 41.3446358 ], [ 2.1739558, 41.3446565 ], [ 2.1739537, 41.3446704 ], [ 2.1739568, 41.3446843 ], [ 2.1739774, 41.3446958 ], [ 2.174001, 41.344705 ], [ 2.1740075, 41.3447156 ], [ 2.1740076, 41.3447263 ], [ 2.1740047, 41.3447374 ], [ 2.1739992, 41.3447486 ], [ 2.1739812, 41.3447639 ], [ 2.1739811, 41.3447768 ], [ 2.1739813, 41.3447899 ], [ 2.1739817, 41.34481 ], [ 2.1739821, 41.3448301 ], [ 2.1739863, 41.3448558 ], [ 2.1739942, 41.3448811 ], [ 2.1740058, 41.3448998 ], [ 2.1740166, 41.3449184 ], [ 2.1740174, 41.3449351 ], [ 2.1740149, 41.344952 ], [ 2.1740076, 41.3449709 ], [ 2.1740252, 41.3449768 ], [ 2.1740459, 41.3449794 ], [ 2.1740608, 41.3449838 ], [ 2.174072, 41.3449914 ], [ 2.174072, 41.3450119 ], [ 2.1740693, 41.3450284 ], [ 2.1740676, 41.3450449 ], [ 2.1740681, 41.345066 ], [ 2.1740685, 41.345087 ], [ 2.174069, 41.3451071 ], [ 2.1740695, 41.3451272 ], [ 2.1740698, 41.3451443 ], [ 2.1740705, 41.3451613 ], [ 2.1740879, 41.3451795 ], [ 2.1741055, 41.3451863 ], [ 2.1741225, 41.3451936 ], [ 2.1741336, 41.3452055 ], [ 2.17414, 41.3452188 ], [ 2.1741439, 41.3452366 ], [ 2.1741459, 41.3452547 ], [ 2.1741459, 41.3452722 ], [ 2.1741467, 41.3452896 ], [ 2.1741495, 41.3453071 ], [ 2.1741523, 41.3453246 ], [ 2.1741545, 41.3453434 ], [ 2.1741566, 41.3453621 ], [ 2.1741584, 41.3453808 ], [ 2.1741602, 41.3453995 ], [ 2.1741706, 41.3454338 ], [ 2.1741815, 41.3454678 ], [ 2.1741822, 41.3454842 ], [ 2.1741797, 41.3455006 ], [ 2.1741747, 41.3455186 ], [ 2.1741697, 41.3455366 ], [ 2.1741661, 41.3455497 ], [ 2.1741627, 41.3455627 ], [ 2.1741757, 41.3455729 ], [ 2.1741981, 41.3455729 ], [ 2.1742089, 41.3455827 ], [ 2.174213, 41.3455927 ], [ 2.1742035, 41.3456059 ], [ 2.1742007, 41.3456207 ], [ 2.1742019, 41.3456358 ], [ 2.1742094, 41.3456466 ], [ 2.1742177, 41.3456572 ], [ 2.1742187, 41.3456697 ], [ 2.1742007, 41.345679 ], [ 2.1741922, 41.3456887 ], [ 2.174198, 41.3457038 ], [ 2.1742071, 41.3457168 ], [ 2.174202, 41.345728 ], [ 2.174182, 41.3457386 ], [ 2.174174, 41.3457493 ], [ 2.1741696, 41.3457606 ], [ 2.1741694, 41.3457753 ], [ 2.1741756, 41.3457897 ], [ 2.1741874, 41.3458001 ], [ 2.1741995, 41.3458101 ], [ 2.1742107, 41.345829 ], [ 2.1742116, 41.3458405 ], [ 2.1742094, 41.3458517 ], [ 2.1741977, 41.3458688 ], [ 2.1742046, 41.3458856 ], [ 2.1742285, 41.3458988 ], [ 2.1742439, 41.3459087 ], [ 2.1742483, 41.34592 ], [ 2.1742484, 41.3459317 ], [ 2.1742494, 41.3459571 ], [ 2.1742505, 41.3459824 ], [ 2.1742526, 41.3460161 ], [ 2.1742547, 41.3460498 ], [ 2.174255, 41.3460691 ], [ 2.1742555, 41.3460885 ], [ 2.1742621, 41.3461211 ], [ 2.1742743, 41.346153 ], [ 2.174285, 41.3461743 ], [ 2.1742959, 41.3461954 ], [ 2.1743027, 41.3462128 ], [ 2.1743075, 41.3462306 ], [ 2.1743085, 41.3462445 ], [ 2.1743074, 41.3462584 ], [ 2.1743027, 41.3462794 ], [ 2.1743019, 41.3462938 ], [ 2.1743041, 41.3463082 ], [ 2.1743134, 41.3463225 ], [ 2.1743237, 41.3463367 ], [ 2.1743288, 41.3463526 ], [ 2.1743308, 41.3463685 ], [ 2.1743253, 41.3463829 ], [ 2.1743356, 41.3463986 ], [ 2.1743502, 41.3464074 ], [ 2.1743624, 41.346417 ], [ 2.174366, 41.3464344 ], [ 2.1743661, 41.3464542 ], [ 2.1743664, 41.346466 ], [ 2.1743671, 41.3464778 ], [ 2.1743698, 41.3464911 ], [ 2.1743736, 41.3465043 ], [ 2.1743794, 41.3465215 ], [ 2.1743851, 41.3465386 ], [ 2.174387, 41.346551 ], [ 2.1743865, 41.3465633 ], [ 2.1743833, 41.3465746 ], [ 2.1743797, 41.3465858 ], [ 2.1743784, 41.346597 ], [ 2.1743798, 41.3466084 ], [ 2.174387, 41.3466219 ], [ 2.1743981, 41.3466343 ], [ 2.1744085, 41.3466432 ], [ 2.17442, 41.3466508 ], [ 2.1744428, 41.3466583 ], [ 2.1744506, 41.3466698 ], [ 2.1744432, 41.3466869 ], [ 2.1744441, 41.3467017 ], [ 2.174445, 41.3467166 ], [ 2.1744457, 41.3467318 ], [ 2.1744464, 41.3467471 ], [ 2.1744534, 41.3467613 ], [ 2.1744618, 41.3467755 ], [ 2.1744623, 41.3467946 ], [ 2.1744581, 41.3468056 ], [ 2.1744538, 41.3468167 ], [ 2.1744482, 41.3468372 ], [ 2.1744491, 41.3468465 ], [ 2.1744567, 41.3468551 ], [ 2.1744721, 41.3468611 ], [ 2.1744881, 41.3468631 ], [ 2.1745135, 41.3468622 ], [ 2.1745386, 41.3468665 ], [ 2.1745456, 41.346874 ], [ 2.174546, 41.3468818 ], [ 2.1745362, 41.3468951 ], [ 2.1745201, 41.3469067 ], [ 2.174519, 41.3469191 ], [ 2.1745196, 41.3469315 ], [ 2.1745165, 41.3469442 ], [ 2.174511, 41.3469565 ], [ 2.1744942, 41.3469677 ], [ 2.174487, 41.3469778 ], [ 2.1744859, 41.3469878 ], [ 2.1744982, 41.3470082 ], [ 2.1745057, 41.3470219 ], [ 2.1745117, 41.3470362 ], [ 2.1745128, 41.3470494 ], [ 2.1745124, 41.3470627 ], [ 2.1745137, 41.3470763 ], [ 2.1745179, 41.3470898 ], [ 2.1745381, 41.3471052 ], [ 2.1745519, 41.3471236 ], [ 2.1745529, 41.3471382 ], [ 2.1745713, 41.347147 ], [ 2.1745906, 41.3471542 ], [ 2.1746045, 41.3471617 ], [ 2.1746175, 41.3471705 ], [ 2.1746229, 41.3471804 ], [ 2.1746207, 41.3471908 ], [ 2.1746036, 41.3472056 ], [ 2.1745969, 41.3472191 ], [ 2.174592, 41.3472331 ], [ 2.1745888, 41.3472465 ], [ 2.1745861, 41.3472599 ], [ 2.1745845, 41.347276 ], [ 2.1745829, 41.347292 ], [ 2.1745784, 41.3473051 ], [ 2.174574, 41.3473182 ], [ 2.1745731, 41.3473358 ], [ 2.1745748, 41.3473534 ], [ 2.1745799, 41.347377 ], [ 2.1745851, 41.3474006 ], [ 2.1745869, 41.3474185 ], [ 2.1745888, 41.3474365 ], [ 2.1745969, 41.3474525 ], [ 2.1746108, 41.3474667 ], [ 2.1746304, 41.3474774 ], [ 2.1746502, 41.3474879 ], [ 2.1746644, 41.3475065 ], [ 2.1746679, 41.3475225 ], [ 2.1746666, 41.3475382 ], [ 2.1746612, 41.3475542 ], [ 2.1746558, 41.3475704 ], [ 2.1746525, 41.3475865 ], [ 2.1746505, 41.3476027 ], [ 2.1746508, 41.3476162 ], [ 2.1746556, 41.3476297 ], [ 2.174673, 41.347647 ], [ 2.1746957, 41.347661 ], [ 2.1747011, 41.3476723 ], [ 2.1747032, 41.3476842 ], [ 2.1747062, 41.347707 ], [ 2.1747042, 41.3477297 ], [ 2.1746931, 41.3477468 ], [ 2.1746807, 41.3477638 ], [ 2.174672, 41.3477863 ], [ 2.1746661, 41.3478089 ], [ 2.1746638, 41.347829 ], [ 2.1746713, 41.347849 ], [ 2.1746823, 41.3478575 ], [ 2.1746957, 41.3478633 ], [ 2.1747124, 41.3478665 ], [ 2.1747283, 41.3478717 ], [ 2.1747393, 41.3478913 ], [ 2.174739, 41.347907 ], [ 2.174745, 41.347928 ], [ 2.1747521, 41.3479539 ], [ 2.1747572, 41.3479801 ], [ 2.1747571, 41.3479985 ], [ 2.174756, 41.3480171 ], [ 2.1747565, 41.3480353 ], [ 2.1747567, 41.3480535 ], [ 2.1747505, 41.3480653 ], [ 2.1747424, 41.348077 ], [ 2.1747374, 41.3480957 ], [ 2.174735, 41.3481145 ], [ 2.1747359, 41.3481291 ], [ 2.1747418, 41.3481436 ], [ 2.1747589, 41.3481523 ], [ 2.1747762, 41.3481604 ], [ 2.1747912, 41.3481843 ], [ 2.1748047, 41.3482089 ], [ 2.174816, 41.3482273 ], [ 2.1748205, 41.3482453 ], [ 2.1748131, 41.3482557 ], [ 2.1748029, 41.3482658 ], [ 2.1747949, 41.3482763 ], [ 2.1747882, 41.3482869 ], [ 2.1747877, 41.3483055 ], [ 2.1747974, 41.3483239 ], [ 2.1748111, 41.3483411 ], [ 2.1748245, 41.3483582 ], [ 2.17484, 41.3483817 ], [ 2.1748556, 41.348405 ], [ 2.1748739, 41.3484276 ], [ 2.1748929, 41.3484503 ], [ 2.1749046, 41.3484684 ], [ 2.1749057, 41.3484864 ], [ 2.1748968, 41.3485004 ], [ 2.1748872, 41.3485144 ], [ 2.1748777, 41.3485288 ], [ 2.1748698, 41.3485439 ], [ 2.1748674, 41.3485737 ], [ 2.1748687, 41.3486037 ], [ 2.1748641, 41.3486466 ], [ 2.1748594, 41.3486895 ], [ 2.1748578, 41.3487392 ], [ 2.174861, 41.3487889 ], [ 2.1748676, 41.3488142 ], [ 2.1748832, 41.3488374 ], [ 2.1748973, 41.3488497 ], [ 2.1749118, 41.3488612 ], [ 2.174933, 41.3488779 ], [ 2.1749442, 41.3488941 ], [ 2.1749355, 41.3488976 ], [ 2.1749186, 41.3489011 ], [ 2.1749071, 41.3489152 ], [ 2.174901, 41.3489311 ], [ 2.1749006, 41.3489468 ], [ 2.1749078, 41.3489717 ], [ 2.1749159, 41.3489966 ], [ 2.1749253, 41.3490237 ], [ 2.1749348, 41.3490508 ], [ 2.174942, 41.3490769 ], [ 2.1749493, 41.349103 ], [ 2.1749614, 41.3491326 ], [ 2.1749758, 41.3491617 ], [ 2.1749906, 41.3491876 ], [ 2.1750057, 41.3492135 ], [ 2.1750148, 41.3492311 ], [ 2.1750209, 41.3492494 ], [ 2.1750215, 41.3492633 ], [ 2.1750203, 41.3492772 ], [ 2.1750172, 41.349299 ], [ 2.1750146, 41.3493209 ], [ 2.1750126, 41.3493485 ], [ 2.1750111, 41.3493763 ], [ 2.1750109, 41.3494006 ], [ 2.1750119, 41.349425 ], [ 2.1750152, 41.3494485 ], [ 2.175024, 41.3494717 ], [ 2.175036, 41.3494865 ], [ 2.1750517, 41.3494993 ], [ 2.1750666, 41.3495071 ], [ 2.1750816, 41.3495162 ], [ 2.1750923, 41.3495367 ], [ 2.175088, 41.3495494 ], [ 2.1750794, 41.3495621 ], [ 2.1750659, 41.3495738 ], [ 2.1750625, 41.3495891 ], [ 2.1750634, 41.3496046 ], [ 2.1750654, 41.3496169 ], [ 2.1750695, 41.3496291 ], [ 2.175086, 41.3496481 ], [ 2.1751017, 41.349667 ], [ 2.1751084, 41.3496848 ], [ 2.1751146, 41.3497029 ], [ 2.1751206, 41.349719 ], [ 2.1751243, 41.3497351 ], [ 2.1751215, 41.3497518 ], [ 2.1751166, 41.3497684 ], [ 2.1751144, 41.349781 ], [ 2.1751125, 41.3497936 ], [ 2.1751121, 41.3498084 ], [ 2.1751201, 41.349823 ], [ 2.1751306, 41.3498294 ], [ 2.1751425, 41.3498311 ], [ 2.1751719, 41.349829 ], [ 2.1752002, 41.3498255 ], [ 2.1752079, 41.3498309 ], [ 2.1752093, 41.3498386 ] ] ] ] } },
{ "type": "Feature", "properties": { "id": "13", "name": "la Marina de Port", "housing2025": 13395.0, "housing2026": 13392.0, "hutCount": 8, "hutPending": 0, "hutAllRecords": 8, "hutStrictGeometry": 8, "hutBeds": 48.0, "missingBeds": 0, "rent2019": 10.826746822359492, "rentMonth2019": 766.25270072992726, "contracts2019": 411.0, "rent2020": 11.149334735857613, "rentMonth2020": 787.09470031545743, "contracts2020": 317.0, "rent2021": 10.70903183505043, "rentMonth2021": 743.14760593220387, "contracts2021": 472.0, "rent2022": 10.601768770746981, "rentMonth2022": 723.77445977011564, "contracts2022": 435.0, "rent2023": 12.583829837422822, "rentMonth2023": 885.13811258278156, "contracts2023": 302.0, "rent2024": 12.019254747890509, "rentMonth2024": 843.33505300353374, "contracts2024": 283.0, "rent2025": 13.127050892418, "rentMonth2025": 885.10247011952197, "contracts2025": 251.0, "hutIntensity": 0.59737156511350065, "hutInclusiveIntensity": 0.59737156511350065, "hutStrictIntensity": 0.59737156511350065, "rentChange": 23.819441607129988, "contractIntensity": 18.738335199701382, "comparable": true, "validRent2025": true, "validRentChange": true, "validContractActivity": true, "qualityFlag": "comparable", "platform2025": 52, "platformEntire2025": 12, "platformIntensity2025": 0.89585666293393063, "overlapClass": "neither", "changeClass": "rent", "thresholdStable": true, "caseFlag": false }, "geometry": { "type": "Polygon", "coordinates": [ [ [ 2.1396208, 41.3659709 ], [ 2.1401135, 41.36727 ], [ 2.140575, 41.3683943 ], [ 2.1405249, 41.3685505 ], [ 2.1394269, 41.3677188 ], [ 2.1376597, 41.3663946 ], [ 2.1357218, 41.3649362 ], [ 2.1337973, 41.3635083 ], [ 2.1340932, 41.3632854 ], [ 2.1354301, 41.3622565 ], [ 2.1349922, 41.361514 ], [ 2.1348673, 41.3613433 ], [ 2.1347791, 41.3612427 ], [ 2.1346843, 41.3611489 ], [ 2.1345615, 41.3610421 ], [ 2.1344809, 41.360982 ], [ 2.1331594, 41.3599966 ], [ 2.1329666, 41.3598528 ], [ 2.1333098, 41.3593807 ], [ 2.1328524, 41.3591915 ], [ 2.1333651, 41.3584845 ], [ 2.133216, 41.3584266 ], [ 2.1332125, 41.358023 ], [ 2.1331936, 41.3574166 ], [ 2.1331033, 41.3568762 ], [ 2.1329701, 41.3564968 ], [ 2.1331879, 41.3561774 ], [ 2.1320696, 41.3557435 ], [ 2.1330536, 41.3543033 ], [ 2.1338998, 41.3530596 ], [ 2.1342069, 41.3532452 ], [ 2.1364886, 41.3541678 ], [ 2.1376341, 41.354625 ], [ 2.1401185, 41.355639 ], [ 2.1418154, 41.3563425 ], [ 2.1419539, 41.3561449 ], [ 2.1425641, 41.3552906 ], [ 2.142994, 41.3547009 ], [ 2.143359, 41.3542091 ], [ 2.1436457, 41.3543189 ], [ 2.1439395, 41.3544355 ], [ 2.1442059, 41.3545141 ], [ 2.1451602, 41.3547691 ], [ 2.1460546, 41.355186 ], [ 2.1462196, 41.3552754 ], [ 2.1463864, 41.3554049 ], [ 2.1462735, 41.3556111 ], [ 2.1461806, 41.3558396 ], [ 2.1461016, 41.3560778 ], [ 2.1460613, 41.3563029 ], [ 2.1458484, 41.3566531 ], [ 2.1457064, 41.3568012 ], [ 2.1453414, 41.3572295 ], [ 2.1451845, 41.3573714 ], [ 2.145019, 41.357559 ], [ 2.1448986, 41.3577708 ], [ 2.1448264, 41.3579984 ], [ 2.1448116, 41.3583335 ], [ 2.1448108, 41.3583519 ], [ 2.1448123, 41.3584023 ], [ 2.1448235, 41.3585584 ], [ 2.1448278, 41.3586724 ], [ 2.1448158, 41.3588041 ], [ 2.1447922, 41.3589164 ], [ 2.1447621, 41.3589926 ], [ 2.1447242, 41.3590814 ], [ 2.1447052, 41.3591256 ], [ 2.1450127, 41.359298 ], [ 2.1451885, 41.3593966 ], [ 2.1453413, 41.3594877 ], [ 2.1455462, 41.3596002 ], [ 2.1456872, 41.3596819 ], [ 2.1457192, 41.3597004 ], [ 2.1458334, 41.3597626 ], [ 2.1458574, 41.3597757 ], [ 2.1459286, 41.3598122 ], [ 2.1459926, 41.3598451 ], [ 2.1461218, 41.3598975 ], [ 2.1462561, 41.3599384 ], [ 2.146394, 41.3599741 ], [ 2.1465072, 41.3599967 ], [ 2.1466066, 41.3600117 ], [ 2.1467098, 41.3600209 ], [ 2.1468295, 41.3600251 ], [ 2.1469462, 41.3600245 ], [ 2.1470626, 41.3600175 ], [ 2.1471662, 41.3600077 ], [ 2.1472626, 41.3599947 ], [ 2.1473335, 41.3599819 ], [ 2.1474636, 41.3599516 ], [ 2.1477446, 41.3598832 ], [ 2.1479892, 41.3598257 ], [ 2.1482116, 41.3597806 ], [ 2.1484642, 41.3597331 ], [ 2.148627, 41.3597141 ], [ 2.1488147, 41.359705 ], [ 2.1489669, 41.3597137 ], [ 2.1490767, 41.3597321 ], [ 2.1491703, 41.3597563 ], [ 2.1492471, 41.3597851 ], [ 2.1492946, 41.359816 ], [ 2.1493251, 41.3598432 ], [ 2.1493577, 41.3598735 ], [ 2.1493882, 41.3599148 ], [ 2.1494102, 41.3599538 ], [ 2.1494204, 41.3599972 ], [ 2.149423, 41.3600419 ], [ 2.149419, 41.3600856 ], [ 2.149309, 41.3606234 ], [ 2.1492663, 41.3607357 ], [ 2.149209, 41.3608547 ], [ 2.1491446, 41.3609753 ], [ 2.1490874, 41.3610774 ], [ 2.1490161, 41.3611906 ], [ 2.1489429, 41.3612974 ], [ 2.1488544, 41.3614131 ], [ 2.1487665, 41.3615153 ], [ 2.1486571, 41.3616237 ], [ 2.1485594, 41.3617082 ], [ 2.148417, 41.3618235 ], [ 2.1482473, 41.3619571 ], [ 2.1480479, 41.3621181 ], [ 2.1479433, 41.3621999 ], [ 2.1478846, 41.3622457 ], [ 2.1477402, 41.3623559 ], [ 2.1475771, 41.3624721 ], [ 2.147529, 41.3625003 ], [ 2.1474976, 41.3625187 ], [ 2.1474342, 41.3625559 ], [ 2.1473164, 41.3626086 ], [ 2.1472428, 41.362645 ], [ 2.1471208, 41.3627022 ], [ 2.1469875, 41.3627562 ], [ 2.1468552, 41.3628068 ], [ 2.1467534, 41.3628448 ], [ 2.146618, 41.3628919 ], [ 2.1465047, 41.3629312 ], [ 2.1463795, 41.3629826 ], [ 2.1462777, 41.3630385 ], [ 2.1461995, 41.3631022 ], [ 2.1461358, 41.3631676 ], [ 2.146135, 41.3631679 ], [ 2.1460356, 41.3632077 ], [ 2.1459541, 41.3632295 ], [ 2.1459286, 41.3632347 ], [ 2.1459239, 41.3632357 ], [ 2.1458661, 41.3632476 ], [ 2.1458334, 41.3632501 ], [ 2.1457687, 41.3632549 ], [ 2.1456421, 41.363255 ], [ 2.1455745, 41.3632489 ], [ 2.1454564, 41.3632517 ], [ 2.1453478, 41.3632772 ], [ 2.145143, 41.3633561 ], [ 2.1449808, 41.3634206 ], [ 2.1448192, 41.3634893 ], [ 2.1446682, 41.3635522 ], [ 2.1444198, 41.3636519 ], [ 2.1442171, 41.3637466 ], [ 2.1440689, 41.3638268 ], [ 2.1439127, 41.3639513 ], [ 2.1437724, 41.3640755 ], [ 2.1435476, 41.3642579 ], [ 2.1434462, 41.3643463 ], [ 2.1433486, 41.3644204 ], [ 2.1432605, 41.3644847 ], [ 2.1431553, 41.3645436 ], [ 2.1429705, 41.3646324 ], [ 2.1428173, 41.3646987 ], [ 2.1429126, 41.3647185 ], [ 2.1429175, 41.364722 ], [ 2.1430476, 41.3648636 ], [ 2.1427701, 41.365005 ], [ 2.1427539, 41.3650133 ], [ 2.1424438, 41.3652075 ], [ 2.1424437, 41.3652076 ], [ 2.1424182, 41.3652235 ], [ 2.1424149, 41.3652256 ], [ 2.1423016, 41.3652975 ], [ 2.1421256, 41.3654078 ], [ 2.1420786, 41.3653692 ], [ 2.1420552, 41.3653501 ], [ 2.1420396, 41.365362 ], [ 2.1420147, 41.3653797 ], [ 2.1420099, 41.3653829 ], [ 2.1419918, 41.3653946 ], [ 2.1419727, 41.3654061 ], [ 2.1419621, 41.3654124 ], [ 2.1419472, 41.3654213 ], [ 2.1419463, 41.3654239 ], [ 2.1419408, 41.3654385 ], [ 2.1419409, 41.3654539 ], [ 2.1419494, 41.3654645 ], [ 2.1420184, 41.3655577 ], [ 2.1420595, 41.3656205 ], [ 2.1420673, 41.365635 ], [ 2.1421011, 41.3656981 ], [ 2.1421061, 41.3657408 ], [ 2.1421382, 41.3660509 ], [ 2.142057, 41.3660568 ], [ 2.1420368, 41.3660583 ], [ 2.142011, 41.3660938 ], [ 2.1420056, 41.3661125 ], [ 2.1420021, 41.3661249 ], [ 2.1419916, 41.3661702 ], [ 2.1419775, 41.3662237 ], [ 2.1419771, 41.3662264 ], [ 2.1419728, 41.3662544 ], [ 2.1419693, 41.3662995 ], [ 2.1419689, 41.3663263 ], [ 2.1419689, 41.3663263 ], [ 2.1419685, 41.3663532 ], [ 2.1419687, 41.3663914 ], [ 2.1419689, 41.3664296 ], [ 2.1419667, 41.366468 ], [ 2.1419646, 41.3665063 ], [ 2.1419635, 41.3665213 ], [ 2.1419593, 41.3665816 ], [ 2.1419529, 41.3666148 ], [ 2.1417872, 41.3666152 ], [ 2.1417864, 41.3666152 ], [ 2.1417715, 41.3665395 ], [ 2.1417602, 41.3664854 ], [ 2.1417321, 41.3663669 ], [ 2.1416807, 41.3662588 ], [ 2.1415788, 41.3661359 ], [ 2.1414842, 41.3660514 ], [ 2.1413797, 41.3659945 ], [ 2.1412624, 41.3659468 ], [ 2.1411266, 41.3659148 ], [ 2.141034, 41.3659101 ], [ 2.1409204, 41.3659038 ], [ 2.1397312, 41.3658641 ], [ 2.1396208, 41.3659709 ] ] ] } },
{ "type": "Feature", "properties": { "id": "14", "name": "la Font de la Guatlla", "housing2025": 5124.0, "housing2026": 5125.0, "hutCount": 139, "hutPending": 0, "hutAllRecords": 139, "hutStrictGeometry": 139, "hutBeds": 666.0, "missingBeds": 0, "rent2019": 12.840954082915902, "rentMonth2019": 865.921, "contracts2019": 320.0, "rent2020": 13.324871492147988, "rentMonth2020": 859.27970711297075, "contracts2020": 239.0, "rent2021": 12.750492051633993, "rentMonth2021": 826.70829652996827, "contracts2021": 317.0, "rent2022": 14.064691036445314, "rentMonth2022": 928.16305147058813, "contracts2022": 272.0, "rent2023": 15.815532593843484, "rentMonth2023": 1047.2004201680672, "contracts2023": 238.0, "rent2024": 15.637088657860764, "rentMonth2024": 1021.0121951219512, "contracts2024": 164.0, "rent2025": 15.938760966967701, "rentMonth2025": 1043.88477707006, "contracts2025": 157.0, "hutIntensity": 27.121951219512194, "hutInclusiveIntensity": 27.121951219512194, "hutStrictIntensity": 27.121951219512194, "rentChange": 13.324643432736472, "contractIntensity": 30.640124902419984, "comparable": true, "validRent2025": true, "validRentChange": true, "validContractActivity": true, "qualityFlag": "comparable", "platform2025": 98, "platformEntire2025": 46, "platformIntensity2025": 8.97736143637783, "overlapClass": "tourism", "changeClass": "tourism", "thresholdStable": true, "caseFlag": false }, "geometry": { "type": "Polygon", "coordinates": [ [ [ 2.148875, 41.3695649 ], [ 2.1489999, 41.3696396 ], [ 2.1491165, 41.3697313 ], [ 2.1492033, 41.3698252 ], [ 2.1492612, 41.3699079 ], [ 2.1493032, 41.3699853 ], [ 2.1493317, 41.3700553 ], [ 2.1493878, 41.3702915 ], [ 2.1494278, 41.3704788 ], [ 2.1494614, 41.3706349 ], [ 2.1494866, 41.370706 ], [ 2.1495108, 41.37076 ], [ 2.1495497, 41.3708363 ], [ 2.1495982, 41.370897 ], [ 2.1496701, 41.370957 ], [ 2.1498393, 41.3710443 ], [ 2.1503827, 41.3712551 ], [ 2.150382, 41.371256 ], [ 2.1502441, 41.3714237 ], [ 2.1500595, 41.3715643 ], [ 2.1498127, 41.3717497 ], [ 2.149329, 41.3721169 ], [ 2.1485066, 41.372737 ], [ 2.1481142, 41.3730345 ], [ 2.1473019, 41.3736546 ], [ 2.1461859, 41.3728077 ], [ 2.1447556, 41.3717302 ], [ 2.1438802, 41.3710714 ], [ 2.1423687, 41.3699359 ], [ 2.1420973, 41.3697329 ], [ 2.1409107, 41.3688426 ], [ 2.1405249, 41.3685505 ], [ 2.140575, 41.3683943 ], [ 2.1401135, 41.36727 ], [ 2.1396208, 41.3659709 ], [ 2.1397312, 41.3658641 ], [ 2.1409204, 41.3659038 ], [ 2.141034, 41.3659101 ], [ 2.1411266, 41.3659148 ], [ 2.1412624, 41.3659468 ], [ 2.1413797, 41.3659945 ], [ 2.1414842, 41.3660514 ], [ 2.1415788, 41.3661359 ], [ 2.1416807, 41.3662588 ], [ 2.1417321, 41.3663669 ], [ 2.1417602, 41.3664854 ], [ 2.1417715, 41.3665395 ], [ 2.1417864, 41.3666152 ], [ 2.1417872, 41.3666152 ], [ 2.1419529, 41.3666148 ], [ 2.1419593, 41.3665816 ], [ 2.1419635, 41.3665213 ], [ 2.1419646, 41.3665063 ], [ 2.1419667, 41.366468 ], [ 2.1419689, 41.3664296 ], [ 2.1419687, 41.3663914 ], [ 2.1419685, 41.3663532 ], [ 2.1419689, 41.3663263 ], [ 2.1419689, 41.3663263 ], [ 2.1419693, 41.3662995 ], [ 2.1419728, 41.3662544 ], [ 2.1419771, 41.3662264 ], [ 2.1419775, 41.3662237 ], [ 2.1419916, 41.3661702 ], [ 2.1420021, 41.3661249 ], [ 2.1420056, 41.3661125 ], [ 2.142011, 41.3660938 ], [ 2.1420368, 41.3660583 ], [ 2.142057, 41.3660568 ], [ 2.1421382, 41.3660509 ], [ 2.1423482, 41.3660354 ], [ 2.1423737, 41.366072 ], [ 2.1423818, 41.3660835 ], [ 2.142419, 41.3661314 ], [ 2.1424562, 41.3661793 ], [ 2.1425193, 41.3662649 ], [ 2.1425435, 41.3662974 ], [ 2.1425677, 41.36633 ], [ 2.1426328, 41.3664184 ], [ 2.1426978, 41.3665068 ], [ 2.1427701, 41.3666078 ], [ 2.1427909, 41.3666369 ], [ 2.1427958, 41.3666444 ], [ 2.1427958, 41.3666444 ], [ 2.1428108, 41.3666672 ], [ 2.1428168, 41.3666764 ], [ 2.1428228, 41.3666855 ], [ 2.1428263, 41.3666908 ], [ 2.1428319, 41.3666892 ], [ 2.1428319, 41.3666892 ], [ 2.1428447, 41.3666855 ], [ 2.1428893, 41.3666728 ], [ 2.1429089, 41.3666672 ], [ 2.1429149, 41.3666655 ], [ 2.1429155, 41.3666672 ], [ 2.1429227, 41.3666855 ], [ 2.1429594, 41.3667802 ], [ 2.1430234, 41.3669165 ], [ 2.1430935, 41.3670473 ], [ 2.1431208, 41.3670958 ], [ 2.1431208, 41.3670959 ], [ 2.1431316, 41.3671149 ], [ 2.1431346, 41.367118 ], [ 2.1431591, 41.3671421 ], [ 2.1431609, 41.3671428 ], [ 2.1431756, 41.3671488 ], [ 2.143309, 41.3671573 ], [ 2.1433078, 41.3671965 ], [ 2.1433158, 41.3672744 ], [ 2.143345, 41.3673578 ], [ 2.1434257, 41.3674911 ], [ 2.1434763, 41.3675402 ], [ 2.1435851, 41.3676352 ], [ 2.1437026, 41.3677103 ], [ 2.1438732, 41.3677919 ], [ 2.1441082, 41.3679048 ], [ 2.1443389, 41.3680159 ], [ 2.1445698, 41.3681241 ], [ 2.1447642, 41.3682144 ], [ 2.1453151, 41.3685317 ], [ 2.1453611, 41.3686418 ], [ 2.1454322, 41.368764 ], [ 2.1455055, 41.3688609 ], [ 2.1455926, 41.368955 ], [ 2.1456737, 41.3690253 ], [ 2.1458014, 41.3691191 ], [ 2.1458333, 41.3691376 ], [ 2.1458621, 41.3691542 ], [ 2.1459287, 41.3691926 ], [ 2.1459653, 41.3692138 ], [ 2.1461163, 41.3692813 ], [ 2.1462939, 41.369348 ], [ 2.1463201, 41.369356 ], [ 2.1464858, 41.3694064 ], [ 2.1466922, 41.3694563 ], [ 2.1467221, 41.3694635 ], [ 2.1468802, 41.369493 ], [ 2.1470226, 41.3695102 ], [ 2.1471763, 41.3695198 ], [ 2.1474005, 41.3695193 ], [ 2.1476379, 41.3695033 ], [ 2.1479213, 41.3694692 ], [ 2.1481932, 41.369444 ], [ 2.1484029, 41.3694427 ], [ 2.1485883, 41.3694675 ], [ 2.1487389, 41.3695067 ], [ 2.148875, 41.3695649 ] ] ] } },
{ "type": "Feature", "properties": { "id": "15", "name": "Hostafrancs", "housing2025": 8268.0, "housing2026": 8279.0, "hutCount": 176, "hutPending": 0, "hutAllRecords": 176, "hutStrictGeometry": 176, "hutBeds": 898.0, "missingBeds": 0, "rent2019": 13.832742542799204, "rentMonth2019": 830.55913793103446, "contracts2019": 522.0, "rent2020": 13.9583014743753, "rentMonth2020": 852.26708803611712, "contracts2020": 443.0, "rent2021": 13.137784196603681, "rentMonth2021": 789.78294952681404, "contracts2021": 634.0, "rent2022": 14.243633729291451, "rentMonth2022": 879.97788336933036, "contracts2022": 463.0, "rent2023": 15.808003304916664, "rentMonth2023": 967.86240786240785, "contracts2023": 407.0, "rent2024": 15.635372476360248, "rentMonth2024": 961.1583185840708, "contracts2024": 339.0, "rent2025": 16.460406128838699, "rentMonth2025": 959.62816216216208, "contracts2025": 370.0, "hutIntensity": 21.258606111849257, "hutInclusiveIntensity": 21.258606111849257, "hutStrictIntensity": 21.258606111849257, "rentChange": 15.563250513726313, "contractIntensity": 44.750846637639093, "comparable": true, "validRent2025": true, "validRentChange": true, "validContractActivity": true, "qualityFlag": "comparable", "platform2025": 192, "platformEntire2025": 132, "platformIntensity2025": 15.965166908563136, "overlapClass": "tourism", "changeClass": "tourism", "thresholdStable": true, "caseFlag": false }, "geometry": { "type": "Polygon", "coordinates": [ [ [ 2.1448373, 41.3788017 ], [ 2.1433335, 41.3799385 ], [ 2.1429032, 41.3802638 ], [ 2.1427902, 41.3801786 ], [ 2.1426486, 41.380072 ], [ 2.1425235, 41.3799792 ], [ 2.1422179, 41.3797443 ], [ 2.1422053, 41.3797349 ], [ 2.1421906, 41.3797252 ], [ 2.1421761, 41.3797153 ], [ 2.1421618, 41.3797053 ], [ 2.1421067, 41.3796384 ], [ 2.1421113, 41.3795034 ], [ 2.142085, 41.3793571 ], [ 2.1420451, 41.3792608 ], [ 2.1419882, 41.3791531 ], [ 2.1419798, 41.3791196 ], [ 2.1419905, 41.3790898 ], [ 2.1420841, 41.3790008 ], [ 2.1421804, 41.3789088 ], [ 2.1423243, 41.3787711 ], [ 2.1424069, 41.3786937 ], [ 2.1423497, 41.378661 ], [ 2.1422131, 41.3785854 ], [ 2.1421521, 41.378552 ], [ 2.1421472, 41.3785495 ], [ 2.1421423, 41.378547 ], [ 2.1421414, 41.3785465 ], [ 2.1421374, 41.3785444 ], [ 2.1421327, 41.3785417 ], [ 2.142128, 41.3785389 ], [ 2.1421233, 41.378536 ], [ 2.1421101, 41.3785274 ], [ 2.1420969, 41.3785187 ], [ 2.1420948, 41.3785171 ], [ 2.1420927, 41.3785155 ], [ 2.1420906, 41.3785139 ], [ 2.1420885, 41.3785123 ], [ 2.1420865, 41.3785107 ], [ 2.1420845, 41.378509 ], [ 2.1420826, 41.3785073 ], [ 2.1420806, 41.3785056 ], [ 2.1420799, 41.3785048 ], [ 2.1420788, 41.3785038 ], [ 2.1420769, 41.3785021 ], [ 2.1420716, 41.3784966 ], [ 2.1420666, 41.378491 ], [ 2.1420661, 41.3784905 ], [ 2.142063, 41.3784867 ], [ 2.14206, 41.3784828 ], [ 2.1420572, 41.3784788 ], [ 2.1420545, 41.3784748 ], [ 2.142052, 41.3784707 ], [ 2.1420516, 41.37847 ], [ 2.1420497, 41.3784666 ], [ 2.1420475, 41.3784624 ], [ 2.142046, 41.378459 ], [ 2.1420456, 41.3784581 ], [ 2.1420437, 41.3784538 ], [ 2.1420399, 41.3784416 ], [ 2.1420377, 41.3784325 ], [ 2.1420377, 41.3784306 ], [ 2.1420375, 41.378426 ], [ 2.142037, 41.3784152 ], [ 2.142034, 41.378415 ], [ 2.1419751, 41.3784159 ], [ 2.1419735, 41.3784159 ], [ 2.1419353, 41.3784167 ], [ 2.1418877, 41.3784166 ], [ 2.1418687, 41.378417 ], [ 2.1418497, 41.3784174 ], [ 2.1418456, 41.3784174 ], [ 2.14184, 41.3784173 ], [ 2.1418352, 41.3784173 ], [ 2.1418226, 41.3769529 ], [ 2.1418324, 41.3769529 ], [ 2.141876, 41.3769529 ], [ 2.1418763, 41.3769529 ], [ 2.1419073, 41.3769529 ], [ 2.1419196, 41.3769528 ], [ 2.1419351, 41.3769528 ], [ 2.1419585, 41.3769528 ], [ 2.1420937, 41.3768342 ], [ 2.142121, 41.3768103 ], [ 2.1421454, 41.3767864 ], [ 2.1421596, 41.3767726 ], [ 2.1422731, 41.3766619 ], [ 2.14228, 41.3766175 ], [ 2.1420636, 41.3766049 ], [ 2.1418231, 41.3765883 ], [ 2.1417582, 41.3765839 ], [ 2.1417419, 41.3765828 ], [ 2.1411552, 41.3765439 ], [ 2.1410159, 41.3765346 ], [ 2.1404881, 41.3764933 ], [ 2.1404912, 41.3764256 ], [ 2.1404727, 41.3759892 ], [ 2.1404577, 41.3754313 ], [ 2.1404542, 41.375308 ], [ 2.1404553, 41.375308 ], [ 2.1406352, 41.3753046 ], [ 2.140811, 41.375301 ], [ 2.1408203, 41.3752471 ], [ 2.1408422, 41.3751396 ], [ 2.1408633, 41.3750457 ], [ 2.1408874, 41.3750127 ], [ 2.1409599, 41.374947 ], [ 2.1409764, 41.3749319 ], [ 2.1410388, 41.3748709 ], [ 2.1410644, 41.3748268 ], [ 2.1410675, 41.3747825 ], [ 2.1410602, 41.3747248 ], [ 2.1410474, 41.374601 ], [ 2.1410258, 41.374516 ], [ 2.14102, 41.3744929 ], [ 2.1410005, 41.374359 ], [ 2.1409954, 41.3743368 ], [ 2.140993, 41.3743232 ], [ 2.1409911, 41.3743084 ], [ 2.1409902, 41.3742939 ], [ 2.1409898, 41.3742863 ], [ 2.1409897, 41.3742776 ], [ 2.1409899, 41.3742674 ], [ 2.1409906, 41.3742587 ], [ 2.140991, 41.3742491 ], [ 2.1409935, 41.3742292 ], [ 2.1409949, 41.3742204 ], [ 2.1409971, 41.374208 ], [ 2.140999, 41.3741977 ], [ 2.1410015, 41.3741855 ], [ 2.1410038, 41.3741743 ], [ 2.1410065, 41.3741619 ], [ 2.1410087, 41.3741529 ], [ 2.1410215, 41.3740987 ], [ 2.141039, 41.3740492 ], [ 2.141041, 41.3740433 ], [ 2.1410461, 41.3740283 ], [ 2.1410502, 41.3740163 ], [ 2.1410545, 41.3740039 ], [ 2.1410592, 41.3739907 ], [ 2.1410651, 41.3739754 ], [ 2.1410702, 41.3739606 ], [ 2.1410756, 41.3739463 ], [ 2.1410814, 41.3739314 ], [ 2.1411314, 41.3738064 ], [ 2.1412695, 41.3738032 ], [ 2.1414657, 41.3737986 ], [ 2.1414656, 41.3736949 ], [ 2.1414618, 41.3735242 ], [ 2.1414541, 41.3733081 ], [ 2.1414526, 41.3732633 ], [ 2.1414502, 41.3731109 ], [ 2.1414502, 41.3731099 ], [ 2.1414526, 41.3730327 ], [ 2.1414487, 41.3729199 ], [ 2.1414503, 41.3728863 ], [ 2.141459, 41.3728598 ], [ 2.1414697, 41.3728427 ], [ 2.1414969, 41.3728191 ], [ 2.1416196, 41.3727131 ], [ 2.1419461, 41.3724519 ], [ 2.1420226, 41.3724954 ], [ 2.1424706, 41.3727023 ], [ 2.1424472, 41.3721937 ], [ 2.1424358, 41.3719349 ], [ 2.1424304, 41.3718298 ], [ 2.1424208, 41.3716433 ], [ 2.1424104, 41.3714694 ], [ 2.1424102, 41.3714659 ], [ 2.1423996, 41.3711672 ], [ 2.142399, 41.3711589 ], [ 2.1423762, 41.3708523 ], [ 2.1423756, 41.3708339 ], [ 2.1423711, 41.3706991 ], [ 2.1423611, 41.3704573 ], [ 2.1423619, 41.3702622 ], [ 2.1423654, 41.3701002 ], [ 2.1423687, 41.3699359 ], [ 2.1438802, 41.3710714 ], [ 2.1447556, 41.3717302 ], [ 2.1461859, 41.3728077 ], [ 2.1473019, 41.3736546 ], [ 2.1479504, 41.3741446 ], [ 2.1483555, 41.3745148 ], [ 2.1486319, 41.3748081 ], [ 2.1485762, 41.3748951 ], [ 2.1485547, 41.374986 ], [ 2.148547, 41.3750625 ], [ 2.1485677, 41.3751515 ], [ 2.1485896, 41.3752187 ], [ 2.1486332, 41.3752921 ], [ 2.1487173, 41.3753578 ], [ 2.1488367, 41.375433 ], [ 2.1489469, 41.3754929 ], [ 2.1490589, 41.3755395 ], [ 2.1491299, 41.3755557 ], [ 2.1492269, 41.3755662 ], [ 2.1489579, 41.3757677 ], [ 2.1482362, 41.3762322 ], [ 2.1472522, 41.3769762 ], [ 2.1470547, 41.3771255 ], [ 2.1459318, 41.3779743 ], [ 2.1448373, 41.3788017 ] ] ] } },
{ "type": "Feature", "properties": { "id": "16", "name": "la Bordeta", "housing2025": 9586.0, "housing2026": 9660.0, "hutCount": 43, "hutPending": 0, "hutAllRecords": 43, "hutStrictGeometry": 43, "hutBeds": 226.0, "missingBeds": 0, "rent2019": 12.756845095570602, "rentMonth2019": 851.2205569620254, "contracts2019": 395.0, "rent2020": 12.980803680805824, "rentMonth2020": 861.79762345679012, "contracts2020": 324.0, "rent2021": 12.33656329574336, "rentMonth2021": 832.34931249999988, "contracts2021": 480.0, "rent2022": 13.415906950951401, "rentMonth2022": 1124.5175468975492, "contracts2022": 693.0, "rent2023": 21.060815474774422, "rentMonth2023": 1326.1809818181823, "contracts2023": 550.0, "rent2024": 18.717549873242493, "rentMonth2024": 1186.3885680751173, "contracts2024": 426.0, "rent2025": 18.227542075920901, "rentMonth2025": 1185.80528172043, "contracts2025": 465.0, "hutIntensity": 4.4513457556935814, "hutInclusiveIntensity": 4.4513457556935814, "hutStrictIntensity": 4.4513457556935814, "rentChange": 35.865149799867083, "contractIntensity": 48.50824118506155, "comparable": true, "validRent2025": true, "validRentChange": true, "validContractActivity": true, "qualityFlag": "comparable", "platform2025": 72, "platformEntire2025": 32, "platformIntensity2025": 3.3382015439182142, "overlapClass": "rent", "changeClass": "rent", "thresholdStable": true, "caseFlag": false }, "geometry": { "type": "Polygon", "coordinates": [ [ [ 2.1416196, 41.3727131 ], [ 2.1414969, 41.3728191 ], [ 2.1414697, 41.3728427 ], [ 2.141459, 41.3728598 ], [ 2.1414503, 41.3728863 ], [ 2.1414487, 41.3729199 ], [ 2.1414526, 41.3730327 ], [ 2.1414502, 41.3731099 ], [ 2.1414502, 41.3731109 ], [ 2.1414526, 41.3732633 ], [ 2.1414541, 41.3733081 ], [ 2.1414618, 41.3735242 ], [ 2.1414656, 41.3736949 ], [ 2.1414657, 41.3737986 ], [ 2.1412695, 41.3738032 ], [ 2.1411314, 41.3738064 ], [ 2.1411205, 41.3738066 ], [ 2.1409734, 41.3738104 ], [ 2.1408166, 41.3738126 ], [ 2.1406795, 41.3738154 ], [ 2.1406398, 41.3738163 ], [ 2.1404014, 41.3738202 ], [ 2.1403618, 41.373816 ], [ 2.1403163, 41.373806 ], [ 2.1402486, 41.3737809 ], [ 2.1403259, 41.3734915 ], [ 2.1403394, 41.3734412 ], [ 2.1403986, 41.3732267 ], [ 2.1404123, 41.3732041 ], [ 2.1400227, 41.3730713 ], [ 2.1398353, 41.3730073 ], [ 2.1398161, 41.3730007 ], [ 2.1396033, 41.3729274 ], [ 2.1394701, 41.3728831 ], [ 2.1394108, 41.3728634 ], [ 2.1392578, 41.3728124 ], [ 2.1391914, 41.3727902 ], [ 2.1390193, 41.3727331 ], [ 2.1388526, 41.3726768 ], [ 2.1386786, 41.3726211 ], [ 2.1384396, 41.3725382 ], [ 2.138274, 41.3724836 ], [ 2.1381542, 41.3724442 ], [ 2.137866, 41.372352 ], [ 2.1379594, 41.3721825 ], [ 2.1380664, 41.3719837 ], [ 2.1380613, 41.371982 ], [ 2.1380497, 41.3719785 ], [ 2.1380412, 41.3719759 ], [ 2.1379855, 41.3719588 ], [ 2.1379653, 41.3719526 ], [ 2.1378986, 41.3719311 ], [ 2.1377639, 41.3718875 ], [ 2.1375, 41.3717995 ], [ 2.1374496, 41.3717827 ], [ 2.137345, 41.3717486 ], [ 2.1372784, 41.3717269 ], [ 2.1371078, 41.3716696 ], [ 2.1368256, 41.3715798 ], [ 2.1367433, 41.3715529 ], [ 2.1365426, 41.3714871 ], [ 2.1362958, 41.3714068 ], [ 2.1361188, 41.3713493 ], [ 2.1356582, 41.371202 ], [ 2.1355212, 41.3711591 ], [ 2.1353223, 41.3710967 ], [ 2.1352376, 41.3710901 ], [ 2.1350773, 41.3710775 ], [ 2.1348914, 41.3710617 ], [ 2.1346495, 41.3710412 ], [ 2.1346274, 41.3710393 ], [ 2.1345875, 41.3710427 ], [ 2.1345596, 41.3710513 ], [ 2.134543, 41.3710787 ], [ 2.1345319, 41.3710969 ], [ 2.1345316, 41.3711115 ], [ 2.1343357, 41.3711295 ], [ 2.134032, 41.3711573 ], [ 2.1340269, 41.3711577 ], [ 2.1336911, 41.3711865 ], [ 2.1336869, 41.3711868 ], [ 2.133628, 41.371181 ], [ 2.1332897, 41.3711122 ], [ 2.1332896, 41.3711121 ], [ 2.1330628, 41.371066 ], [ 2.1329744, 41.371048 ], [ 2.132873, 41.3710261 ], [ 2.1328416, 41.3710193 ], [ 2.1324927, 41.3709439 ], [ 2.1322072, 41.3708806 ], [ 2.1318819, 41.3711881 ], [ 2.1318819, 41.3711881 ], [ 2.1318764, 41.3712049 ], [ 2.131837, 41.3712816 ], [ 2.131837, 41.3712816 ], [ 2.1318282, 41.371305 ], [ 2.1318202, 41.3713263 ], [ 2.1317898, 41.3714071 ], [ 2.131751, 41.3715101 ], [ 2.1317322, 41.3715601 ], [ 2.1317304, 41.3715648 ], [ 2.1317228, 41.3715851 ], [ 2.1316493, 41.3715082 ], [ 2.1316411, 41.3714995 ], [ 2.1316361, 41.3714942 ], [ 2.1316328, 41.3714907 ], [ 2.1315749, 41.3714291 ], [ 2.1315692, 41.371423 ], [ 2.1315684, 41.3714222 ], [ 2.1315682, 41.371422 ], [ 2.1315056, 41.3713553 ], [ 2.1314868, 41.3713353 ], [ 2.1314611, 41.371308 ], [ 2.1314493, 41.3712954 ], [ 2.1313847, 41.3712267 ], [ 2.1313551, 41.3711951 ], [ 2.1312899, 41.3711356 ], [ 2.1310316, 41.370926 ], [ 2.1309489, 41.3708911 ], [ 2.1305851, 41.370578 ], [ 2.1300535, 41.3701334 ], [ 2.1299962, 41.3700834 ], [ 2.1300887, 41.3700112 ], [ 2.1301664, 41.3699541 ], [ 2.1302413, 41.3698949 ], [ 2.1303175, 41.3698293 ], [ 2.1304152, 41.3697347 ], [ 2.1304682, 41.3696791 ], [ 2.1305152, 41.3696271 ], [ 2.1305812, 41.3695518 ], [ 2.1306464, 41.3694728 ], [ 2.1306952, 41.3694057 ], [ 2.1307487, 41.36933 ], [ 2.1308655, 41.3691742 ], [ 2.1310407, 41.3689265 ], [ 2.1311513, 41.3687611 ], [ 2.1312562, 41.3685957 ], [ 2.1314281, 41.3683154 ], [ 2.1314845, 41.3682199 ], [ 2.1314951, 41.368202 ], [ 2.1316308, 41.3679722 ], [ 2.1318949, 41.3672543 ], [ 2.1320305, 41.366778 ], [ 2.1323111, 41.3663711 ], [ 2.1328854, 41.3655384 ], [ 2.132868, 41.365361 ], [ 2.1328939, 41.3653077 ], [ 2.1335539, 41.3639474 ], [ 2.1336563, 41.3636146 ], [ 2.1337973, 41.3635083 ], [ 2.1357218, 41.3649362 ], [ 2.1376597, 41.3663946 ], [ 2.1394269, 41.3677188 ], [ 2.1405249, 41.3685505 ], [ 2.1409107, 41.3688426 ], [ 2.1420973, 41.3697329 ], [ 2.1423687, 41.3699359 ], [ 2.1423654, 41.3701002 ], [ 2.1423619, 41.3702622 ], [ 2.1423611, 41.3704573 ], [ 2.1423711, 41.3706991 ], [ 2.1423756, 41.3708339 ], [ 2.1423762, 41.3708523 ], [ 2.142399, 41.3711589 ], [ 2.1423996, 41.3711672 ], [ 2.1424102, 41.3714659 ], [ 2.1424104, 41.3714694 ], [ 2.1424208, 41.3716433 ], [ 2.1424304, 41.3718298 ], [ 2.1424358, 41.3719349 ], [ 2.1424472, 41.3721937 ], [ 2.1424706, 41.3727023 ], [ 2.1420226, 41.3724954 ], [ 2.1419461, 41.3724519 ], [ 2.1416196, 41.3727131 ] ] ] } },
{ "type": "Feature", "properties": { "id": "17", "name": "Sants-Badal", "housing2025": 12006.0, "housing2026": 12049.0, "hutCount": 111, "hutPending": 0, "hutAllRecords": 111, "hutStrictGeometry": 111, "hutBeds": 519.0, "missingBeds": 0, "rent2019": 13.818826364961099, "rentMonth2019": 851.58440476190469, "contracts2019": 756.0, "rent2020": 13.831488158233396, "rentMonth2020": 845.39403508771932, "contracts2020": 627.0, "rent2021": 13.166578088151732, "rentMonth2021": 793.28037372593474, "contracts2021": 883.0, "rent2022": 14.438381809901754, "rentMonth2022": 881.05875901875902, "contracts2022": 693.0, "rent2023": 15.67708538546071, "rentMonth2023": 981.50009940357836, "contracts2023": 503.0, "rent2024": 16.047267468467535, "rentMonth2024": 966.78066390041488, "contracts2024": 482.0, "rent2025": 15.933108496507799, "rentMonth2025": 942.87206611570286, "contracts2025": 484.0, "hutIntensity": 9.2123827703543864, "hutInclusiveIntensity": 9.2123827703543864, "hutStrictIntensity": 9.2123827703543864, "rentChange": 10.352452970740611, "contractIntensity": 40.313176744960856, "comparable": true, "validRent2025": true, "validRentChange": true, "validContractActivity": true, "qualityFlag": "comparable", "platform2025": 199, "platformEntire2025": 120, "platformIntensity2025": 9.9950024987506243, "overlapClass": "neither", "changeClass": "neither", "thresholdStable": true, "caseFlag": false }, "geometry": { "type": "Polygon", "coordinates": [ [ [ 2.1303064, 41.376033 ], [ 2.1301595, 41.3764332 ], [ 2.1301009, 41.3765929 ], [ 2.1299726, 41.3769421 ], [ 2.1299715, 41.3769452 ], [ 2.1298745, 41.3772094 ], [ 2.1296227, 41.3779097 ], [ 2.1296217, 41.3779124 ], [ 2.1294903, 41.3782778 ], [ 2.1294375, 41.3784329 ], [ 2.129437, 41.3784343 ], [ 2.1292967, 41.378846 ], [ 2.1291546, 41.3793858 ], [ 2.1291542, 41.379387 ], [ 2.1285358, 41.3790622 ], [ 2.1275822, 41.3785614 ], [ 2.1275109, 41.3785197 ], [ 2.1269892, 41.378214 ], [ 2.1257441, 41.3774845 ], [ 2.125285, 41.3772156 ], [ 2.125049, 41.3770773 ], [ 2.1244216, 41.3767019 ], [ 2.1237114, 41.376277 ], [ 2.1227032, 41.3756738 ], [ 2.1217869, 41.3756947 ], [ 2.1218406, 41.3755762 ], [ 2.1220814, 41.3754147 ], [ 2.1223477, 41.3752865 ], [ 2.1232408, 41.3748504 ], [ 2.1232752, 41.3748188 ], [ 2.123497, 41.3746108 ], [ 2.1236001, 41.3745135 ], [ 2.1236925, 41.3744206 ], [ 2.1237608, 41.3743413 ], [ 2.1238098, 41.374275 ], [ 2.1238241, 41.374254 ], [ 2.1239044, 41.3741126 ], [ 2.1241923, 41.3736344 ], [ 2.1242181, 41.3735921 ], [ 2.1242278, 41.373578 ], [ 2.1242343, 41.3735705 ], [ 2.1242437, 41.3735603 ], [ 2.1242548, 41.3735499 ], [ 2.124267, 41.3735404 ], [ 2.1242802, 41.3735316 ], [ 2.1242984, 41.373521 ], [ 2.1243925, 41.3734719 ], [ 2.1248684, 41.3732175 ], [ 2.1249349, 41.3731803 ], [ 2.1254542, 41.3728889 ], [ 2.1257003, 41.3727198 ], [ 2.1260078, 41.3725025 ], [ 2.1261325, 41.3724213 ], [ 2.1264487, 41.3722152 ], [ 2.1265696, 41.3721316 ], [ 2.1268515, 41.3719367 ], [ 2.1269895, 41.3718417 ], [ 2.1273006, 41.3716261 ], [ 2.1273478, 41.3716029 ], [ 2.127413, 41.3715709 ], [ 2.1279489, 41.3712759 ], [ 2.1281361, 41.371181 ], [ 2.128516, 41.3710463 ], [ 2.1288722, 41.3709178 ], [ 2.1292301, 41.3707261 ], [ 2.1293452, 41.3706283 ], [ 2.1294373, 41.3705492 ], [ 2.1299038, 41.3701556 ], [ 2.1299962, 41.3700834 ], [ 2.1300535, 41.3701334 ], [ 2.1305851, 41.370578 ], [ 2.1309489, 41.3708911 ], [ 2.1310316, 41.370926 ], [ 2.1312899, 41.3711356 ], [ 2.1313551, 41.3711951 ], [ 2.1313847, 41.3712267 ], [ 2.1314493, 41.3712954 ], [ 2.1314611, 41.371308 ], [ 2.1314868, 41.3713353 ], [ 2.1315056, 41.3713553 ], [ 2.1315682, 41.371422 ], [ 2.1315684, 41.3714222 ], [ 2.1315692, 41.371423 ], [ 2.1315749, 41.3714291 ], [ 2.1316328, 41.3714907 ], [ 2.1316361, 41.3714942 ], [ 2.1316411, 41.3714995 ], [ 2.1316493, 41.3715082 ], [ 2.1317228, 41.3715851 ], [ 2.1317803, 41.3716452 ], [ 2.1318306, 41.3716977 ], [ 2.1317772, 41.371834 ], [ 2.1317627, 41.3718712 ], [ 2.1316836, 41.3721094 ], [ 2.131472, 41.3727474 ], [ 2.1314707, 41.3727513 ], [ 2.1313896, 41.3729958 ], [ 2.1312645, 41.3733327 ], [ 2.1312638, 41.3733346 ], [ 2.1309691, 41.3741286 ], [ 2.1304408, 41.3755098 ], [ 2.130439, 41.3755144 ], [ 2.1303064, 41.376033 ] ] ] } },
{ "type": "Feature", "properties": { "id": "18", "name": "Sants", "housing2025": 21474.0, "housing2026": 21491.0, "hutCount": 250, "hutPending": 0, "hutAllRecords": 250, "hutStrictGeometry": 250, "hutBeds": 1276.0, "missingBeds": 0, "rent2019": 13.842839412213522, "rentMonth2019": 877.78851519337013, "contracts2019": 1448.0, "rent2020": 13.861959482516596, "rentMonth2020": 874.46716791979941, "contracts2020": 1197.0, "rent2021": 13.116008987680274, "rentMonth2021": 828.99289955780148, "contracts2021": 1583.0, "rent2022": 14.18232015034102, "rentMonth2022": 906.89228941684689, "contracts2022": 1389.0, "rent2023": 15.75531481870023, "rentMonth2023": 1006.7551700680274, "contracts2023": 1029.0, "rent2024": 15.960933903379535, "rentMonth2024": 1008.7953505933124, "contracts2024": 927.0, "rent2025": 16.434597686554401, "rentMonth2025": 994.85273326015283, "contracts2025": 911.0, "hutIntensity": 11.632776511097669, "hutInclusiveIntensity": 11.632776511097669, "hutStrictIntensity": 11.632776511097669, "rentChange": 15.880882058350831, "contractIntensity": 42.423395734376456, "comparable": true, "validRent2025": true, "validRentChange": true, "validContractActivity": true, "qualityFlag": "comparable", "platform2025": 321, "platformEntire2025": 211, "platformIntensity2025": 9.8258358945701776, "overlapClass": "neither", "changeClass": "neither", "thresholdStable": false, "caseFlag": false }, "geometry": { "type": "Polygon", "coordinates": [ [ [ 2.1420375, 41.378426 ], [ 2.1420377, 41.3784306 ], [ 2.1420377, 41.3784325 ], [ 2.1420399, 41.3784416 ], [ 2.1420437, 41.3784538 ], [ 2.1420456, 41.3784581 ], [ 2.142046, 41.378459 ], [ 2.1420475, 41.3784624 ], [ 2.1420497, 41.3784666 ], [ 2.1420516, 41.37847 ], [ 2.142052, 41.3784707 ], [ 2.1420545, 41.3784748 ], [ 2.1420572, 41.3784788 ], [ 2.14206, 41.3784828 ], [ 2.142063, 41.3784867 ], [ 2.1420661, 41.3784905 ], [ 2.1420666, 41.378491 ], [ 2.1420716, 41.3784966 ], [ 2.1420769, 41.3785021 ], [ 2.1420788, 41.3785038 ], [ 2.1420799, 41.3785048 ], [ 2.1420806, 41.3785056 ], [ 2.1420826, 41.3785073 ], [ 2.1420845, 41.378509 ], [ 2.1420865, 41.3785107 ], [ 2.1420885, 41.3785123 ], [ 2.1420906, 41.3785139 ], [ 2.1420927, 41.3785155 ], [ 2.1420948, 41.3785171 ], [ 2.1420969, 41.3785187 ], [ 2.1421101, 41.3785274 ], [ 2.1421233, 41.378536 ], [ 2.142128, 41.3785389 ], [ 2.1421327, 41.3785417 ], [ 2.1421374, 41.3785444 ], [ 2.1421414, 41.3785465 ], [ 2.1421423, 41.378547 ], [ 2.1421472, 41.3785495 ], [ 2.1421521, 41.378552 ], [ 2.1422131, 41.3785854 ], [ 2.1423497, 41.378661 ], [ 2.1424069, 41.3786937 ], [ 2.1423243, 41.3787711 ], [ 2.1421804, 41.3789088 ], [ 2.1420841, 41.3790008 ], [ 2.1419905, 41.3790898 ], [ 2.1419798, 41.3791196 ], [ 2.1419882, 41.3791531 ], [ 2.1420451, 41.3792608 ], [ 2.142085, 41.3793571 ], [ 2.1421113, 41.3795034 ], [ 2.1421067, 41.3796384 ], [ 2.1421618, 41.3797053 ], [ 2.1421761, 41.3797153 ], [ 2.1421906, 41.3797252 ], [ 2.1422053, 41.3797349 ], [ 2.1422179, 41.3797443 ], [ 2.1425235, 41.3799792 ], [ 2.1426486, 41.380072 ], [ 2.1427902, 41.3801786 ], [ 2.1429032, 41.3802638 ], [ 2.142889, 41.3802745 ], [ 2.1424208, 41.3806284 ], [ 2.1423158, 41.3807077 ], [ 2.1423028, 41.3807175 ], [ 2.1423113, 41.38084 ], [ 2.1424191, 41.3823977 ], [ 2.1425341, 41.3840592 ], [ 2.1425402, 41.3841476 ], [ 2.1425588, 41.3844162 ], [ 2.1426244, 41.3853635 ], [ 2.1426419, 41.3856171 ], [ 2.1423041, 41.3853647 ], [ 2.1407071, 41.3841714 ], [ 2.14034, 41.3839589 ], [ 2.1390572, 41.3832164 ], [ 2.1376129, 41.382571 ], [ 2.137586, 41.3825611 ], [ 2.1371918, 41.3824151 ], [ 2.1369474, 41.3823246 ], [ 2.1362659, 41.3820722 ], [ 2.1358742, 41.3819272 ], [ 2.1354969, 41.3817875 ], [ 2.1348077, 41.3815322 ], [ 2.1335493, 41.3811591 ], [ 2.1327703, 41.3809281 ], [ 2.132401, 41.3808186 ], [ 2.1317782, 41.3806339 ], [ 2.1316675, 41.3806011 ], [ 2.1308372, 41.3802708 ], [ 2.1307166, 41.3802074 ], [ 2.1299342, 41.3797966 ], [ 2.1292075, 41.379415 ], [ 2.1291542, 41.379387 ], [ 2.1291546, 41.3793858 ], [ 2.1292967, 41.378846 ], [ 2.129437, 41.3784343 ], [ 2.1294375, 41.3784329 ], [ 2.1294903, 41.3782778 ], [ 2.1296217, 41.3779124 ], [ 2.1296227, 41.3779097 ], [ 2.1298745, 41.3772094 ], [ 2.1299715, 41.3769452 ], [ 2.1299726, 41.3769421 ], [ 2.1301009, 41.3765929 ], [ 2.1301595, 41.3764332 ], [ 2.1303064, 41.376033 ], [ 2.130439, 41.3755144 ], [ 2.1304408, 41.3755098 ], [ 2.1309691, 41.3741286 ], [ 2.1312638, 41.3733346 ], [ 2.1312645, 41.3733327 ], [ 2.1313896, 41.3729958 ], [ 2.1314707, 41.3727513 ], [ 2.131472, 41.3727474 ], [ 2.1316836, 41.3721094 ], [ 2.1317627, 41.3718712 ], [ 2.1317772, 41.371834 ], [ 2.1318306, 41.3716977 ], [ 2.1317803, 41.3716452 ], [ 2.1317228, 41.3715851 ], [ 2.1317304, 41.3715648 ], [ 2.1317322, 41.3715601 ], [ 2.131751, 41.3715101 ], [ 2.1317898, 41.3714071 ], [ 2.1318202, 41.3713263 ], [ 2.1318282, 41.371305 ], [ 2.131837, 41.3712816 ], [ 2.131837, 41.3712816 ], [ 2.1318764, 41.3712049 ], [ 2.1318819, 41.3711881 ], [ 2.1318819, 41.3711881 ], [ 2.1322072, 41.3708806 ], [ 2.1324927, 41.3709439 ], [ 2.1328416, 41.3710193 ], [ 2.132873, 41.3710261 ], [ 2.1329744, 41.371048 ], [ 2.1330628, 41.371066 ], [ 2.1332896, 41.3711121 ], [ 2.1332897, 41.3711122 ], [ 2.133628, 41.371181 ], [ 2.1336869, 41.3711868 ], [ 2.1336911, 41.3711865 ], [ 2.1340269, 41.3711577 ], [ 2.134032, 41.3711573 ], [ 2.1343357, 41.3711295 ], [ 2.1345316, 41.3711115 ], [ 2.1345319, 41.3710969 ], [ 2.134543, 41.3710787 ], [ 2.1345596, 41.3710513 ], [ 2.1345875, 41.3710427 ], [ 2.1346274, 41.3710393 ], [ 2.1346495, 41.3710412 ], [ 2.1348914, 41.3710617 ], [ 2.1350773, 41.3710775 ], [ 2.1352376, 41.3710901 ], [ 2.1353223, 41.3710967 ], [ 2.1355212, 41.3711591 ], [ 2.1356582, 41.371202 ], [ 2.1361188, 41.3713493 ], [ 2.1362958, 41.3714068 ], [ 2.1365426, 41.3714871 ], [ 2.1367433, 41.3715529 ], [ 2.1368256, 41.3715798 ], [ 2.1371078, 41.3716696 ], [ 2.1372784, 41.3717269 ], [ 2.137345, 41.3717486 ], [ 2.1374496, 41.3717827 ], [ 2.1375, 41.3717995 ], [ 2.1377639, 41.3718875 ], [ 2.1378986, 41.3719311 ], [ 2.1379653, 41.3719526 ], [ 2.1379855, 41.3719588 ], [ 2.1380412, 41.3719759 ], [ 2.1380497, 41.3719785 ], [ 2.1380613, 41.371982 ], [ 2.1380664, 41.3719837 ], [ 2.1379594, 41.3721825 ], [ 2.137866, 41.372352 ], [ 2.1381542, 41.3724442 ], [ 2.138274, 41.3724836 ], [ 2.1384396, 41.3725382 ], [ 2.1386786, 41.3726211 ], [ 2.1388526, 41.3726768 ], [ 2.1390193, 41.3727331 ], [ 2.1391914, 41.3727902 ], [ 2.1392578, 41.3728124 ], [ 2.1394108, 41.3728634 ], [ 2.1394701, 41.3728831 ], [ 2.1396033, 41.3729274 ], [ 2.1398161, 41.3730007 ], [ 2.1398353, 41.3730073 ], [ 2.1400227, 41.3730713 ], [ 2.1404123, 41.3732041 ], [ 2.1403986, 41.3732267 ], [ 2.1403394, 41.3734412 ], [ 2.1403259, 41.3734915 ], [ 2.1402486, 41.3737809 ], [ 2.1403163, 41.373806 ], [ 2.1403618, 41.373816 ], [ 2.1404014, 41.3738202 ], [ 2.1406398, 41.3738163 ], [ 2.1406795, 41.3738154 ], [ 2.1408166, 41.3738126 ], [ 2.1409734, 41.3738104 ], [ 2.1411205, 41.3738066 ], [ 2.1411314, 41.3738064 ], [ 2.1410814, 41.3739314 ], [ 2.1410756, 41.3739463 ], [ 2.1410702, 41.3739606 ], [ 2.1410651, 41.3739754 ], [ 2.1410592, 41.3739907 ], [ 2.1410545, 41.3740039 ], [ 2.1410502, 41.3740163 ], [ 2.1410461, 41.3740283 ], [ 2.141041, 41.3740433 ], [ 2.141039, 41.3740492 ], [ 2.1410215, 41.3740987 ], [ 2.1410087, 41.3741529 ], [ 2.1410065, 41.3741619 ], [ 2.1410038, 41.3741743 ], [ 2.1410015, 41.3741855 ], [ 2.140999, 41.3741977 ], [ 2.1409971, 41.374208 ], [ 2.1409949, 41.3742204 ], [ 2.1409935, 41.3742292 ], [ 2.140991, 41.3742491 ], [ 2.1409906, 41.3742587 ], [ 2.1409899, 41.3742674 ], [ 2.1409897, 41.3742776 ], [ 2.1409898, 41.3742863 ], [ 2.1409902, 41.3742939 ], [ 2.1409911, 41.3743084 ], [ 2.140993, 41.3743232 ], [ 2.1409954, 41.3743368 ], [ 2.1410005, 41.374359 ], [ 2.14102, 41.3744929 ], [ 2.1410258, 41.374516 ], [ 2.1410474, 41.374601 ], [ 2.1410602, 41.3747248 ], [ 2.1410675, 41.3747825 ], [ 2.1410644, 41.3748268 ], [ 2.1410388, 41.3748709 ], [ 2.1409764, 41.3749319 ], [ 2.1409599, 41.374947 ], [ 2.1408874, 41.3750127 ], [ 2.1408633, 41.3750457 ], [ 2.1408422, 41.3751396 ], [ 2.1408203, 41.3752471 ], [ 2.140811, 41.375301 ], [ 2.1406352, 41.3753046 ], [ 2.1404553, 41.375308 ], [ 2.1404542, 41.375308 ], [ 2.1404577, 41.3754313 ], [ 2.1404727, 41.3759892 ], [ 2.1404912, 41.3764256 ], [ 2.1404881, 41.3764933 ], [ 2.1410159, 41.3765346 ], [ 2.1411552, 41.3765439 ], [ 2.1417419, 41.3765828 ], [ 2.1417582, 41.3765839 ], [ 2.1418231, 41.3765883 ], [ 2.1420636, 41.3766049 ], [ 2.14228, 41.3766175 ], [ 2.1422731, 41.3766619 ], [ 2.1421596, 41.3767726 ], [ 2.1421454, 41.3767864 ], [ 2.142121, 41.3768103 ], [ 2.1420937, 41.3768342 ], [ 2.1419585, 41.3769528 ], [ 2.1419351, 41.3769528 ], [ 2.1419196, 41.3769528 ], [ 2.1419073, 41.3769529 ], [ 2.1418763, 41.3769529 ], [ 2.141876, 41.3769529 ], [ 2.1418324, 41.3769529 ], [ 2.1418226, 41.3769529 ], [ 2.1418352, 41.3784173 ], [ 2.14184, 41.3784173 ], [ 2.1418456, 41.3784174 ], [ 2.1418497, 41.3784174 ], [ 2.1418687, 41.378417 ], [ 2.1418877, 41.3784166 ], [ 2.1419353, 41.3784167 ], [ 2.1419735, 41.3784159 ], [ 2.1419751, 41.3784159 ], [ 2.142034, 41.378415 ], [ 2.142037, 41.3784152 ], [ 2.1420375, 41.378426 ] ] ] } },
{ "type": "Feature", "properties": { "id": "19", "name": "les Corts", "housing2025": 23380.0, "housing2026": 23407.0, "hutCount": 206, "hutPending": 1, "hutAllRecords": 207, "hutStrictGeometry": 206, "hutBeds": 1113.0, "missingBeds": 0, "rent2019": 15.052336801010366, "rentMonth2019": 1097.2385437589671, "contracts2019": 1394.0, "rent2020": 14.858315440082452, "rentMonth2020": 1060.712106210621, "contracts2020": 1111.0, "rent2021": 14.061172301470746, "rentMonth2021": 1015.0029608938552, "contracts2021": 1611.0, "rent2022": 15.444083943668868, "rentMonth2022": 1129.450823710546, "contracts2022": 1299.0, "rent2023": 17.083926953240081, "rentMonth2023": 1215.7629371316309, "contracts2023": 1018.0, "rent2024": 17.434994490150956, "rentMonth2024": 1276.7721453287199, "contracts2024": 867.0, "rent2025": 17.973888538557699, "rentMonth2025": 1298.6382002129899, "contracts2025": 939.0, "hutIntensity": 8.8007860896313073, "hutInclusiveIntensity": 8.843508352202333, "hutStrictIntensity": 8.8007860896313073, "rentChange": 16.380412099002449, "contractIntensity": 40.162532078699741, "comparable": true, "validRent2025": true, "validRentChange": true, "validContractActivity": true, "qualityFlag": "pending_registry_records_retained_in_audit", "platform2025": 275, "platformEntire2025": 197, "platformIntensity2025": 8.4260051325919587, "overlapClass": "rent", "changeClass": "rent", "thresholdStable": false, "caseFlag": false }, "geometry": { "type": "Polygon", "coordinates": [ [ [ 2.1374681, 41.3914352 ], [ 2.1364236, 41.3915938 ], [ 2.1324801, 41.3921927 ], [ 2.1317847, 41.3922983 ], [ 2.1306689, 41.3924678 ], [ 2.1302281, 41.3926292 ], [ 2.1301688, 41.3926604 ], [ 2.1300838, 41.3926821 ], [ 2.1299777, 41.392684 ], [ 2.1298877, 41.392664 ], [ 2.1298172, 41.3926412 ], [ 2.1297525, 41.39262 ], [ 2.1296952, 41.3925936 ], [ 2.1296309, 41.3925562 ], [ 2.1295858, 41.3925209 ], [ 2.1295693, 41.3924299 ], [ 2.1295718, 41.3923986 ], [ 2.1295833, 41.3923619 ], [ 2.1295958, 41.3923386 ], [ 2.1294403, 41.3922321 ], [ 2.1293285, 41.392152 ], [ 2.1292094, 41.3920479 ], [ 2.1291111, 41.391945 ], [ 2.1289854, 41.3918018 ], [ 2.1286423, 41.3912462 ], [ 2.1282572, 41.3905955 ], [ 2.128025, 41.3901011 ], [ 2.1276783, 41.3891279 ], [ 2.1276069, 41.3888992 ], [ 2.1274758, 41.3888811 ], [ 2.1272829, 41.3888354 ], [ 2.1271644, 41.3888021 ], [ 2.1270648, 41.3887622 ], [ 2.1269755, 41.3887078 ], [ 2.1269008, 41.3886445 ], [ 2.1268801, 41.3885923 ], [ 2.1270384, 41.3882447 ], [ 2.1271226, 41.388053 ], [ 2.1271302, 41.3880375 ], [ 2.1271328, 41.3880322 ], [ 2.1271364, 41.3880279 ], [ 2.1271402, 41.3880238 ], [ 2.1271442, 41.3880198 ], [ 2.1271484, 41.3880159 ], [ 2.1271528, 41.3880122 ], [ 2.1271574, 41.3880085 ], [ 2.1271622, 41.388005 ], [ 2.1271672, 41.3880017 ], [ 2.1271724, 41.3879985 ], [ 2.1271777, 41.3879955 ], [ 2.1271832, 41.3879926 ], [ 2.1271888, 41.3879899 ], [ 2.1271945, 41.3879873 ], [ 2.1272004, 41.387985 ], [ 2.1272064, 41.3879827 ], [ 2.1272125, 41.3879807 ], [ 2.1272255, 41.3879776 ], [ 2.1272386, 41.3879748 ], [ 2.1272518, 41.387972 ], [ 2.127265, 41.3879695 ], [ 2.1272783, 41.3879671 ], [ 2.1272916, 41.3879649 ], [ 2.127305, 41.387963 ], [ 2.127321, 41.3879608 ], [ 2.1272016, 41.3873767 ], [ 2.1271915, 41.3873113 ], [ 2.127184, 41.3872194 ], [ 2.1271807, 41.3871847 ], [ 2.1271672, 41.38698 ], [ 2.127163, 41.3869136 ], [ 2.127158, 41.3867616 ], [ 2.1271564, 41.3867022 ], [ 2.1271513, 41.3864904 ], [ 2.1271518, 41.3864697 ], [ 2.127156, 41.3862814 ], [ 2.1271581, 41.3862474 ], [ 2.1271684, 41.3858929 ], [ 2.1272205, 41.3854284 ], [ 2.1272294, 41.3853939 ], [ 2.1272768, 41.3851135 ], [ 2.1272968, 41.3849938 ], [ 2.1273033, 41.3849603 ], [ 2.1273697, 41.3847319 ], [ 2.1273721, 41.3847243 ], [ 2.1276752, 41.3837694 ], [ 2.1280675, 41.3825325 ], [ 2.1281146, 41.3823839 ], [ 2.1281162, 41.382379 ], [ 2.1281871, 41.3821552 ], [ 2.1285582, 41.3811298 ], [ 2.1287875, 41.3804757 ], [ 2.1288182, 41.3803847 ], [ 2.1291393, 41.3794336 ], [ 2.1291542, 41.379387 ], [ 2.1292075, 41.379415 ], [ 2.1299342, 41.3797966 ], [ 2.1307166, 41.3802074 ], [ 2.1308372, 41.3802708 ], [ 2.1316675, 41.3806011 ], [ 2.1317782, 41.3806339 ], [ 2.132401, 41.3808186 ], [ 2.1327703, 41.3809281 ], [ 2.1335493, 41.3811591 ], [ 2.1348077, 41.3815322 ], [ 2.1354969, 41.3817875 ], [ 2.1358742, 41.3819272 ], [ 2.1362659, 41.3820722 ], [ 2.1369474, 41.3823246 ], [ 2.1371918, 41.3824151 ], [ 2.137586, 41.3825611 ], [ 2.1376129, 41.382571 ], [ 2.1390572, 41.3832164 ], [ 2.14034, 41.3839589 ], [ 2.1407071, 41.3841714 ], [ 2.1423041, 41.3853647 ], [ 2.1426419, 41.3856171 ], [ 2.1426419, 41.3856173 ], [ 2.142642, 41.3856175 ], [ 2.1426457, 41.3856511 ], [ 2.1427511, 41.3866035 ], [ 2.1429397, 41.3876775 ], [ 2.1431977, 41.3887185 ], [ 2.1435294, 41.3900434 ], [ 2.1436493, 41.3905006 ], [ 2.1438016, 41.3910271 ], [ 2.1439582, 41.3914715 ], [ 2.1443445, 41.392384 ], [ 2.1442578, 41.3924138 ], [ 2.1441841, 41.3924526 ], [ 2.1441464, 41.3924789 ], [ 2.1440969, 41.3925234 ], [ 2.1440663, 41.3925577 ], [ 2.1440544, 41.3925746 ], [ 2.1423159, 41.3921334 ], [ 2.1393657, 41.3913903 ], [ 2.1387675, 41.3912384 ], [ 2.1374681, 41.3914352 ] ] ] } },
{ "type": "Feature", "properties": { "id": "20", "name": "la Maternitat i Sant Ramon", "housing2025": 11841.0, "housing2026": 11842.0, "hutCount": 46, "hutPending": 0, "hutAllRecords": 46, "hutStrictGeometry": 46, "hutBeds": 311.0, "missingBeds": 0, "rent2019": 14.449559376751353, "rentMonth2019": 1009.2089093702002, "contracts2019": 651.0, "rent2020": 13.966182905817798, "rentMonth2020": 992.69126177024475, "contracts2020": 531.0, "rent2021": 12.981703044245688, "rentMonth2021": 935.92749656121021, "contracts2021": 727.0, "rent2022": 14.782832774062172, "rentMonth2022": 1068.7212727272729, "contracts2022": 605.0, "rent2023": 15.758341039360856, "rentMonth2023": 1190.1269090909093, "contracts2023": 440.0, "rent2024": 16.426051223639206, "rentMonth2024": 1166.5392447916663, "contracts2024": 384.0, "rent2025": 16.507675689032201, "rentMonth2025": 1160.32880407125, "contracts2025": 393.0, "hutIntensity": 3.884478973146428, "hutInclusiveIntensity": 3.884478973146428, "hutStrictIntensity": 3.884478973146428, "rentChange": 11.667878148472477, "contractIntensity": 33.189764378008611, "comparable": true, "validRent2025": true, "validRentChange": true, "validContractActivity": true, "qualityFlag": "comparable", "platform2025": 96, "platformEntire2025": 55, "platformIntensity2025": 4.6448779663879742, "overlapClass": "neither", "changeClass": "neither", "thresholdStable": true, "caseFlag": false }, "geometry": { "type": "Polygon", "coordinates": [ [ [ 2.1291393, 41.3794336 ], [ 2.1288182, 41.3803847 ], [ 2.1287875, 41.3804757 ], [ 2.1285582, 41.3811298 ], [ 2.1281871, 41.3821552 ], [ 2.1281162, 41.382379 ], [ 2.1281146, 41.3823839 ], [ 2.1280675, 41.3825325 ], [ 2.1276752, 41.3837694 ], [ 2.1273721, 41.3847243 ], [ 2.1273697, 41.3847319 ], [ 2.1273033, 41.3849603 ], [ 2.1272968, 41.3849938 ], [ 2.1272768, 41.3851135 ], [ 2.1272294, 41.3853939 ], [ 2.1272205, 41.3854284 ], [ 2.1271684, 41.3858929 ], [ 2.1271581, 41.3862474 ], [ 2.127156, 41.3862814 ], [ 2.1271518, 41.3864697 ], [ 2.1271513, 41.3864904 ], [ 2.1271564, 41.3867022 ], [ 2.127158, 41.3867616 ], [ 2.127163, 41.3869136 ], [ 2.1271672, 41.38698 ], [ 2.1271807, 41.3871847 ], [ 2.127184, 41.3872194 ], [ 2.1271915, 41.3873113 ], [ 2.1272016, 41.3873767 ], [ 2.127321, 41.3879608 ], [ 2.127305, 41.387963 ], [ 2.1272916, 41.3879649 ], [ 2.1272783, 41.3879671 ], [ 2.127265, 41.3879695 ], [ 2.1272518, 41.387972 ], [ 2.1272386, 41.3879748 ], [ 2.1272255, 41.3879776 ], [ 2.1272125, 41.3879807 ], [ 2.1272064, 41.3879827 ], [ 2.1272004, 41.387985 ], [ 2.1271945, 41.3879873 ], [ 2.1271888, 41.3879899 ], [ 2.1271832, 41.3879926 ], [ 2.1271777, 41.3879955 ], [ 2.1271724, 41.3879985 ], [ 2.1271672, 41.3880017 ], [ 2.1271622, 41.388005 ], [ 2.1271574, 41.3880085 ], [ 2.1271528, 41.3880122 ], [ 2.1271484, 41.3880159 ], [ 2.1271442, 41.3880198 ], [ 2.1271402, 41.3880238 ], [ 2.1271364, 41.3880279 ], [ 2.1271328, 41.3880322 ], [ 2.1271302, 41.3880375 ], [ 2.1271226, 41.388053 ], [ 2.1270384, 41.3882447 ], [ 2.1253536, 41.3878161 ], [ 2.1233452, 41.387315 ], [ 2.1220681, 41.3869963 ], [ 2.1120641, 41.3844517 ], [ 2.1109057, 41.3841542 ], [ 2.105727, 41.3828287 ], [ 2.1043978, 41.3825057 ], [ 2.1017079, 41.3818266 ], [ 2.1017289, 41.3817729 ], [ 2.1019317, 41.381343 ], [ 2.102541, 41.3806867 ], [ 2.1025929, 41.3806418 ], [ 2.1026558, 41.3805963 ], [ 2.1031791, 41.3802797 ], [ 2.1032572, 41.3802704 ], [ 2.103333, 41.3802576 ], [ 2.1033913, 41.3802458 ], [ 2.1034407, 41.380234 ], [ 2.1034854, 41.3802219 ], [ 2.1035414, 41.3802049 ], [ 2.1036003, 41.3801846 ], [ 2.1036514, 41.3801661 ], [ 2.1037201, 41.3801378 ], [ 2.1037743, 41.3801123 ], [ 2.1038212, 41.3800881 ], [ 2.1038616, 41.3800652 ], [ 2.1039013, 41.38004 ], [ 2.1039628, 41.3799995 ], [ 2.1040025, 41.379972 ], [ 2.1040446, 41.3799427 ], [ 2.105499, 41.3788768 ], [ 2.1059826, 41.3792338 ], [ 2.1060957, 41.3791762 ], [ 2.1074944, 41.3784646 ], [ 2.1081409, 41.3781356 ], [ 2.1081676, 41.3780941 ], [ 2.1082296, 41.3780066 ], [ 2.108312, 41.3779034 ], [ 2.1083892, 41.3778175 ], [ 2.1085028, 41.377705 ], [ 2.1086395, 41.3775814 ], [ 2.1087331, 41.377488 ], [ 2.1088196, 41.3773901 ], [ 2.1089219, 41.3772606 ], [ 2.1089856, 41.3771694 ], [ 2.109065, 41.3770379 ], [ 2.1091287, 41.3769154 ], [ 2.1091817, 41.3768 ], [ 2.1092274, 41.3766733 ], [ 2.1092535, 41.3765814 ], [ 2.1092892, 41.3764288 ], [ 2.1093038, 41.376328 ], [ 2.1093141, 41.3762391 ], [ 2.1093173, 41.3761946 ], [ 2.1093193, 41.376149 ], [ 2.1093064, 41.3759449 ], [ 2.1135711, 41.37586 ], [ 2.1173661, 41.3757843 ], [ 2.1178012, 41.3757757 ], [ 2.1196986, 41.3769012 ], [ 2.1197272, 41.3769182 ], [ 2.121058, 41.3777076 ], [ 2.1214412, 41.3779856 ], [ 2.1214883, 41.3778402 ], [ 2.1215318, 41.3776858 ], [ 2.1215816, 41.3775714 ], [ 2.1216454, 41.3773416 ], [ 2.1216534, 41.3772607 ], [ 2.1216287, 41.3764446 ], [ 2.1216186, 41.3761119 ], [ 2.1216619, 41.3759711 ], [ 2.1217026, 41.3758809 ], [ 2.1217869, 41.3756947 ], [ 2.1227032, 41.3756738 ], [ 2.1237114, 41.376277 ], [ 2.1244216, 41.3767019 ], [ 2.125049, 41.3770773 ], [ 2.125285, 41.3772156 ], [ 2.1257441, 41.3774845 ], [ 2.1269892, 41.378214 ], [ 2.1275109, 41.3785197 ], [ 2.1275822, 41.3785614 ], [ 2.1285358, 41.3790622 ], [ 2.1291542, 41.379387 ], [ 2.1291393, 41.3794336 ] ] ] } },
{ "type": "Feature", "properties": { "id": "21", "name": "Pedralbes", "housing2025": 6135.0, "housing2026": 6159.0, "hutCount": 11, "hutPending": 0, "hutAllRecords": 11, "hutStrictGeometry": 11, "hutBeds": 93.0, "missingBeds": 0, "rent2019": 15.686281801097593, "rentMonth2019": 1860.5589803921573, "contracts2019": 255.0, "rent2020": 15.466036033457891, "rentMonth2020": 1718.2406, "contracts2020": 200.0, "rent2021": 15.060165415490738, "rentMonth2021": 1699.0874891774886, "contracts2021": 231.0, "rent2022": 15.252065937434576, "rentMonth2022": 1813.8996943231441, "contracts2022": 229.0, "rent2023": 17.483309346429373, "rentMonth2023": 1952.0028272251304, "contracts2023": 191.0, "rent2024": 19.292450637151905, "rentMonth2024": 2088.1526315789474, "contracts2024": 171.0, "rent2025": 18.673718230220299, "rentMonth2025": 1947.7892814371301, "contracts2025": 167.0, "hutIntensity": 1.7860042214645235, "hutInclusiveIntensity": 1.7860042214645235, "hutStrictIntensity": 1.7860042214645235, "rentChange": 22.43402504828962, "contractIntensity": 27.220863895680523, "comparable": true, "validRent2025": true, "validRentChange": true, "validContractActivity": true, "qualityFlag": "comparable", "platform2025": 34, "platformEntire2025": 18, "platformIntensity2025": 2.9339853300733498, "overlapClass": "rent", "changeClass": "rent", "thresholdStable": true, "caseFlag": false }, "geometry": { "type": "Polygon", "coordinates": [ [ [ 2.1034181, 41.4011021 ], [ 2.1033288, 41.4011142 ], [ 2.1032729, 41.4011082 ], [ 2.1032193, 41.4011011 ], [ 2.1031797, 41.4010954 ], [ 2.1031487, 41.401089 ], [ 2.1031196, 41.4010879 ], [ 2.1030888, 41.4010901 ], [ 2.1030621, 41.4010935 ], [ 2.1030378, 41.4010977 ], [ 2.103009, 41.4011029 ], [ 2.1029953, 41.4011018 ], [ 2.1029258, 41.4010966 ], [ 2.1029094, 41.4010583 ], [ 2.1028931, 41.4009774 ], [ 2.1028974, 41.400878 ], [ 2.1029019, 41.40076 ], [ 2.1028945, 41.4006671 ], [ 2.1028693, 41.4006003 ], [ 2.1028327, 41.4005203 ], [ 2.1027762, 41.4004454 ], [ 2.1026744, 41.4003239 ], [ 2.102549, 41.4001938 ], [ 2.1024181, 41.4000511 ], [ 2.1023425, 41.3999546 ], [ 2.1022875, 41.3999003 ], [ 2.1022169, 41.3998258 ], [ 2.1021623, 41.3997465 ], [ 2.1021264, 41.3996573 ], [ 2.102089, 41.3995771 ], [ 2.1020357, 41.3995038 ], [ 2.1019715, 41.3994394 ], [ 2.1019192, 41.39939 ], [ 2.1018066, 41.3992803 ], [ 2.101736, 41.3992028 ], [ 2.101681, 41.3991505 ], [ 2.1015759, 41.3990787 ], [ 2.1014838, 41.3990251 ], [ 2.1013691, 41.3989702 ], [ 2.1012637, 41.3989205 ], [ 2.1011622, 41.3988727 ], [ 2.1010631, 41.3988329 ], [ 2.1009276, 41.3987755 ], [ 2.1008281, 41.398733 ], [ 2.1007094, 41.3986812 ], [ 2.1005765, 41.3986148 ], [ 2.1005299, 41.3985827 ], [ 2.1004956, 41.3985515 ], [ 2.1004627, 41.3985071 ], [ 2.1004594, 41.3983454 ], [ 2.1004772, 41.3982657 ], [ 2.1004631, 41.3980745 ], [ 2.1004446, 41.3980029 ], [ 2.1003838, 41.3979143 ], [ 2.1003683, 41.3978701 ], [ 2.1003193, 41.3977857 ], [ 2.1002709, 41.3977282 ], [ 2.1002144, 41.3976619 ], [ 2.100175, 41.3976155 ], [ 2.100147, 41.3975636 ], [ 2.1000924, 41.3973638 ], [ 2.1000676, 41.3972583 ], [ 2.1000398, 41.3970992 ], [ 2.1000103, 41.3969739 ], [ 2.0999678, 41.3968899 ], [ 2.0999251, 41.3968125 ], [ 2.0998417, 41.3967047 ], [ 2.0997551, 41.3966095 ], [ 2.0996275, 41.3964909 ], [ 2.0994986, 41.3963844 ], [ 2.0993871, 41.3962717 ], [ 2.0992649, 41.3960704 ], [ 2.0991717, 41.3958791 ], [ 2.0991194, 41.39577 ], [ 2.0990745, 41.3955839 ], [ 2.0990209, 41.3954124 ], [ 2.0989679, 41.3953495 ], [ 2.0988711, 41.3952644 ], [ 2.0987484, 41.3951783 ], [ 2.0986191, 41.3950759 ], [ 2.0985089, 41.3949827 ], [ 2.0984602, 41.3949085 ], [ 2.0984084, 41.3947887 ], [ 2.0983276, 41.3946098 ], [ 2.0982115, 41.3944402 ], [ 2.098087, 41.3942527 ], [ 2.0979223, 41.3940932 ], [ 2.0977918, 41.3939571 ], [ 2.0980166, 41.3936376 ], [ 2.0980384, 41.3936032 ], [ 2.0980513, 41.3934287 ], [ 2.0984794, 41.3931563 ], [ 2.0989048, 41.3929703 ], [ 2.0989899, 41.3929222 ], [ 2.0991277, 41.3928114 ], [ 2.0992272, 41.3927028 ], [ 2.0993758, 41.3924633 ], [ 2.0994787, 41.3923685 ], [ 2.0996446, 41.392192 ], [ 2.0997146, 41.3921133 ], [ 2.099796, 41.3920045 ], [ 2.0998021, 41.3918241 ], [ 2.0997755, 41.3916489 ], [ 2.0997751, 41.3914562 ], [ 2.0998241, 41.3909792 ], [ 2.0998558, 41.3907897 ], [ 2.099947, 41.3904204 ], [ 2.0999737, 41.3902671 ], [ 2.1000176, 41.3901404 ], [ 2.1001707, 41.3899047 ], [ 2.1002488, 41.3896868 ], [ 2.1002469, 41.3895884 ], [ 2.1001975, 41.3893788 ], [ 2.100206, 41.3892962 ], [ 2.1002569, 41.3890988 ], [ 2.1003079, 41.388954 ], [ 2.1004924, 41.388606 ], [ 2.1005899, 41.3884099 ], [ 2.1007048, 41.3882642 ], [ 2.1011673, 41.3880059 ], [ 2.1015918, 41.3877877 ], [ 2.1018812, 41.3876547 ], [ 2.1021076, 41.3875707 ], [ 2.1022908, 41.3875181 ], [ 2.1022547, 41.3874674 ], [ 2.1022347, 41.3874647 ], [ 2.1022152, 41.3874603 ], [ 2.1021964, 41.3874542 ], [ 2.1021672, 41.3874406 ], [ 2.1021271, 41.3874146 ], [ 2.1020697, 41.3873774 ], [ 2.1020323, 41.3873558 ], [ 2.1020125, 41.3873463 ], [ 2.1019682, 41.3873311 ], [ 2.1019268, 41.3873184 ], [ 2.1018318, 41.3872957 ], [ 2.1017504, 41.3872792 ], [ 2.1015983, 41.3872499 ], [ 2.1014959, 41.3872229 ], [ 2.1014478, 41.3872102 ], [ 2.1013872, 41.3871911 ], [ 2.1012874, 41.3871583 ], [ 2.1012496, 41.3871467 ], [ 2.1011853, 41.3871163 ], [ 2.1011144, 41.3870815 ], [ 2.1013499, 41.3868492 ], [ 2.1014438, 41.386796 ], [ 2.1015386, 41.386727 ], [ 2.1015805, 41.3866432 ], [ 2.1016785, 41.386579 ], [ 2.101807, 41.3864949 ], [ 2.101881, 41.3864121 ], [ 2.1019127, 41.3864014 ], [ 2.1019464, 41.3863388 ], [ 2.1020064, 41.3862853 ], [ 2.1020293, 41.3862459 ], [ 2.1022626, 41.3861179 ], [ 2.102292, 41.3860633 ], [ 2.1023519, 41.3859935 ], [ 2.1023898, 41.3859458 ], [ 2.1024911, 41.3858852 ], [ 2.1025107, 41.3858468 ], [ 2.1025245, 41.3858196 ], [ 2.1026099, 41.3857504 ], [ 2.1026801, 41.3855854 ], [ 2.1026859, 41.3855524 ], [ 2.1028932, 41.3854875 ], [ 2.1033814, 41.384579 ], [ 2.1033936, 41.3845533 ], [ 2.1033545, 41.3845167 ], [ 2.1033671, 41.3844933 ], [ 2.1034349, 41.3843675 ], [ 2.1033462, 41.3842586 ], [ 2.1032378, 41.3841236 ], [ 2.1031261, 41.383992 ], [ 2.1029315, 41.3837836 ], [ 2.1028946, 41.3837505 ], [ 2.1028562, 41.3837182 ], [ 2.1028164, 41.3836869 ], [ 2.1027753, 41.3836566 ], [ 2.1027329, 41.3836274 ], [ 2.102684, 41.3835981 ], [ 2.1026337, 41.3835703 ], [ 2.1025821, 41.3835438 ], [ 2.1025293, 41.3835188 ], [ 2.1024752, 41.3834953 ], [ 2.102254, 41.3834222 ], [ 2.102179, 41.3834058 ], [ 2.1020749, 41.3833846 ], [ 2.1019257, 41.3833527 ], [ 2.1016689, 41.3833014 ], [ 2.1015913, 41.3832856 ], [ 2.1015143, 41.3832683 ], [ 2.101438, 41.3832493 ], [ 2.1013623, 41.3832288 ], [ 2.1011815, 41.3831757 ], [ 2.1017077, 41.3818271 ], [ 2.1017079, 41.3818266 ], [ 2.1043978, 41.3825057 ], [ 2.105727, 41.3828287 ], [ 2.1109057, 41.3841542 ], [ 2.1120641, 41.3844517 ], [ 2.1220681, 41.3869963 ], [ 2.1233452, 41.387315 ], [ 2.1253536, 41.3878161 ], [ 2.1270384, 41.3882447 ], [ 2.1268801, 41.3885923 ], [ 2.1269008, 41.3886445 ], [ 2.1269755, 41.3887078 ], [ 2.1270648, 41.3887622 ], [ 2.1271644, 41.3888021 ], [ 2.1272829, 41.3888354 ], [ 2.1274758, 41.3888811 ], [ 2.1276069, 41.3888992 ], [ 2.1276783, 41.3891279 ], [ 2.128025, 41.3901011 ], [ 2.1282572, 41.3905955 ], [ 2.1286423, 41.3912462 ], [ 2.1289854, 41.3918018 ], [ 2.1291111, 41.391945 ], [ 2.1292094, 41.3920479 ], [ 2.1293285, 41.392152 ], [ 2.1294403, 41.3922321 ], [ 2.1295958, 41.3923386 ], [ 2.1295833, 41.3923619 ], [ 2.1295718, 41.3923986 ], [ 2.1295693, 41.3924299 ], [ 2.1295858, 41.3925209 ], [ 2.1293698, 41.3924027 ], [ 2.129333, 41.3923826 ], [ 2.1290476, 41.3923114 ], [ 2.1273519, 41.3918888 ], [ 2.1270658, 41.3918174 ], [ 2.1258498, 41.3915143 ], [ 2.1256512, 41.3914648 ], [ 2.125581, 41.3914473 ], [ 2.1238955, 41.3910271 ], [ 2.1234046, 41.3909047 ], [ 2.1228705, 41.3907716 ], [ 2.1222698, 41.3906218 ], [ 2.1217693, 41.390428 ], [ 2.1215143, 41.3903292 ], [ 2.1212611, 41.3902311 ], [ 2.1208987, 41.3900907 ], [ 2.1207306, 41.3905333 ], [ 2.1205518, 41.3908042 ], [ 2.1203993, 41.3909513 ], [ 2.1203368, 41.3910116 ], [ 2.1200131, 41.3912757 ], [ 2.1199196, 41.3913263 ], [ 2.1198386, 41.3913701 ], [ 2.1193696, 41.3915708 ], [ 2.1185654, 41.3917791 ], [ 2.1180065, 41.3919239 ], [ 2.1175691, 41.3922185 ], [ 2.1175606, 41.3922242 ], [ 2.1177647, 41.3923791 ], [ 2.117984, 41.392594 ], [ 2.118184, 41.3928772 ], [ 2.1183579, 41.3931973 ], [ 2.1184289, 41.3934597 ], [ 2.1184773, 41.3937604 ], [ 2.118445, 41.3940746 ], [ 2.1183734, 41.3944059 ], [ 2.1182942, 41.3945883 ], [ 2.1181644, 41.3947819 ], [ 2.1180115, 41.3949585 ], [ 2.1178035, 41.3951293 ], [ 2.11763, 41.3952413 ], [ 2.1173619, 41.3953642 ], [ 2.1168254, 41.3955019 ], [ 2.1159624, 41.3957235 ], [ 2.1158168, 41.3957862 ], [ 2.1156114, 41.3958747 ], [ 2.114852, 41.3962917 ], [ 2.113306, 41.3971578 ], [ 2.1131257, 41.3972588 ], [ 2.1126968, 41.3970116 ], [ 2.1126759, 41.3969996 ], [ 2.1121856, 41.3965479 ], [ 2.1119368, 41.396364 ], [ 2.111642, 41.3961867 ], [ 2.1110776, 41.3958929 ], [ 2.1109132, 41.3958285 ], [ 2.1099428, 41.3951745 ], [ 2.109779, 41.395329 ], [ 2.1096171, 41.3955065 ], [ 2.109578, 41.3955799 ], [ 2.1095422, 41.3956994 ], [ 2.1095357, 41.3957782 ], [ 2.1095377, 41.3958644 ], [ 2.1094981, 41.3959127 ], [ 2.1096557, 41.3961241 ], [ 2.1097325, 41.3962675 ], [ 2.1097461, 41.3963045 ], [ 2.1097361, 41.3963554 ], [ 2.1097198, 41.3964458 ], [ 2.1096977, 41.3965768 ], [ 2.1096648, 41.3966586 ], [ 2.1096427, 41.3967036 ], [ 2.1096287, 41.3967275 ], [ 2.1095944, 41.3967742 ], [ 2.1095085, 41.3968586 ], [ 2.1094295, 41.3969411 ], [ 2.109348, 41.397035 ], [ 2.1093365, 41.3971409 ], [ 2.1093216, 41.397188 ], [ 2.1093055, 41.3972241 ], [ 2.1092896, 41.3972445 ], [ 2.1092645, 41.397268 ], [ 2.1092431, 41.397284 ], [ 2.1091495, 41.3973426 ], [ 2.1090514, 41.3974174 ], [ 2.1090244, 41.3974426 ], [ 2.109003, 41.3974672 ], [ 2.1089528, 41.397554 ], [ 2.1089486, 41.3975661 ], [ 2.1089482, 41.3975761 ], [ 2.1089504, 41.3975868 ], [ 2.1089595, 41.397602 ], [ 2.1089723, 41.3976332 ], [ 2.1089714, 41.3976609 ], [ 2.1089573, 41.3976894 ], [ 2.1088956, 41.3977872 ], [ 2.1088781, 41.3978295 ], [ 2.108791, 41.3980094 ], [ 2.1087125, 41.3981955 ], [ 2.1087036, 41.3982492 ], [ 2.1087117, 41.3982791 ], [ 2.10875, 41.3983111 ], [ 2.1086512, 41.3984503 ], [ 2.1084272, 41.3985651 ], [ 2.1083498, 41.3986062 ], [ 2.1083343, 41.3986144 ], [ 2.1082873, 41.3986436 ], [ 2.1082727, 41.3986567 ], [ 2.108257, 41.3986764 ], [ 2.1082278, 41.3987417 ], [ 2.1081916, 41.3988224 ], [ 2.1081706, 41.3988427 ], [ 2.1081524, 41.3988593 ], [ 2.108138, 41.3988725 ], [ 2.1080961, 41.3989109 ], [ 2.1080643, 41.39894 ], [ 2.107993, 41.3990068 ], [ 2.1079532, 41.3990441 ], [ 2.1078475, 41.3991323 ], [ 2.1077758, 41.3992026 ], [ 2.1077657, 41.3992109 ], [ 2.1077382, 41.3992333 ], [ 2.107675, 41.3992503 ], [ 2.1076376, 41.3992604 ], [ 2.1074992, 41.3992986 ], [ 2.1074152, 41.3993343 ], [ 2.1073531, 41.3993682 ], [ 2.1073058, 41.3994112 ], [ 2.1072627, 41.3994637 ], [ 2.1071993, 41.3995818 ], [ 2.1071601, 41.3996707 ], [ 2.1071257, 41.3997368 ], [ 2.1071207, 41.3997428 ], [ 2.1070717, 41.3998012 ], [ 2.1069841, 41.3998484 ], [ 2.1069393, 41.3998709 ], [ 2.1068988, 41.3998912 ], [ 2.1068479, 41.3999178 ], [ 2.1068479, 41.3999178 ], [ 2.1067696, 41.3999864 ], [ 2.1067648, 41.3999891 ], [ 2.10676, 41.3999917 ], [ 2.1067551, 41.3999944 ], [ 2.1067503, 41.3999971 ], [ 2.1067455, 41.3999997 ], [ 2.1067407, 41.4000024 ], [ 2.1067358, 41.400005 ], [ 2.106731, 41.4000076 ], [ 2.1067261, 41.4000103 ], [ 2.1067212, 41.4000129 ], [ 2.1067164, 41.4000155 ], [ 2.1067115, 41.4000181 ], [ 2.1067066, 41.4000207 ], [ 2.1067017, 41.4000233 ], [ 2.1066969, 41.4000259 ], [ 2.106692, 41.4000285 ], [ 2.1066871, 41.4000311 ], [ 2.1066821, 41.4000337 ], [ 2.1066772, 41.4000362 ], [ 2.1066723, 41.4000388 ], [ 2.1066674, 41.4000414 ], [ 2.1066625, 41.4000439 ], [ 2.1066575, 41.4000465 ], [ 2.1066526, 41.400049 ], [ 2.1066477, 41.4000515 ], [ 2.1066427, 41.4000541 ], [ 2.1066377, 41.4000566 ], [ 2.1066328, 41.4000591 ], [ 2.1066278, 41.4000616 ], [ 2.1066228, 41.4000641 ], [ 2.1066179, 41.4000666 ], [ 2.1066129, 41.4000691 ], [ 2.1066079, 41.4000716 ], [ 2.1066029, 41.4000741 ], [ 2.1065979, 41.4000765 ], [ 2.1065929, 41.400079 ], [ 2.1065879, 41.4000815 ], [ 2.1065829, 41.4000839 ], [ 2.1065779, 41.4000864 ], [ 2.1065728, 41.4000888 ], [ 2.1065678, 41.4000912 ], [ 2.1065628, 41.4000937 ], [ 2.1065577, 41.4000961 ], [ 2.1065527, 41.4000985 ], [ 2.1065476, 41.4001009 ], [ 2.1065426, 41.4001033 ], [ 2.1065375, 41.4001057 ], [ 2.1065324, 41.4001081 ], [ 2.1065274, 41.4001105 ], [ 2.1065223, 41.4001129 ], [ 2.1065172, 41.4001152 ], [ 2.1065121, 41.4001176 ], [ 2.106507, 41.40012 ], [ 2.1065019, 41.4001223 ], [ 2.1064968, 41.4001247 ], [ 2.1064917, 41.400127 ], [ 2.1064866, 41.4001294 ], [ 2.1064815, 41.4001317 ], [ 2.1064764, 41.400134 ], [ 2.1064712, 41.4001363 ], [ 2.1064661, 41.4001386 ], [ 2.1064609, 41.4001409 ], [ 2.1064558, 41.4001432 ], [ 2.1064507, 41.4001455 ], [ 2.1064455, 41.4001478 ], [ 2.1064403, 41.4001501 ], [ 2.1064352, 41.4001524 ], [ 2.10643, 41.4001546 ], [ 2.1064248, 41.4001569 ], [ 2.1064197, 41.4001591 ], [ 2.1064145, 41.4001614 ], [ 2.1064093, 41.4001636 ], [ 2.1064041, 41.4001659 ], [ 2.1063989, 41.4001681 ], [ 2.1063937, 41.4001703 ], [ 2.1063885, 41.4001725 ], [ 2.1063833, 41.4001747 ], [ 2.1063781, 41.4001769 ], [ 2.1063728, 41.4001791 ], [ 2.1063676, 41.4001813 ], [ 2.1063624, 41.4001835 ], [ 2.1063571, 41.4001857 ], [ 2.1063519, 41.4001879 ], [ 2.1063467, 41.40019 ], [ 2.1063414, 41.4001922 ], [ 2.1063361, 41.4001943 ], [ 2.1063309, 41.4001965 ], [ 2.1063256, 41.4001986 ], [ 2.1063204, 41.4002007 ], [ 2.1063151, 41.4002029 ], [ 2.1063098, 41.400205 ], [ 2.1063045, 41.4002071 ], [ 2.1062992, 41.4002092 ], [ 2.1062939, 41.4002113 ], [ 2.1062886, 41.4002134 ], [ 2.1062833, 41.4002155 ], [ 2.106278, 41.4002176 ], [ 2.1062727, 41.4002196 ], [ 2.1062674, 41.4002217 ], [ 2.1062621, 41.4002238 ], [ 2.1062568, 41.4002258 ], [ 2.1062532, 41.4002272 ], [ 2.1055744, 41.4004878 ], [ 2.1055737, 41.400488 ], [ 2.1055684, 41.4004901 ], [ 2.1055632, 41.4004923 ], [ 2.105558, 41.4004945 ], [ 2.1055528, 41.4004968 ], [ 2.1055478, 41.4004992 ], [ 2.1055427, 41.4005016 ], [ 2.1055378, 41.4005041 ], [ 2.1055329, 41.4005067 ], [ 2.105528, 41.4005093 ], [ 2.1055232, 41.400512 ], [ 2.1055185, 41.4005148 ], [ 2.1055138, 41.4005176 ], [ 2.1055093, 41.4005205 ], [ 2.1055047, 41.4005235 ], [ 2.1055003, 41.4005265 ], [ 2.1054959, 41.4005296 ], [ 2.1054916, 41.4005327 ], [ 2.1054874, 41.4005359 ], [ 2.1054832, 41.4005391 ], [ 2.1054792, 41.4005424 ], [ 2.1054752, 41.4005458 ], [ 2.1054713, 41.4005492 ], [ 2.1054674, 41.4005526 ], [ 2.1054637, 41.4005561 ], [ 2.10546, 41.4005597 ], [ 2.1054563, 41.4005632 ], [ 2.1054525, 41.4005667 ], [ 2.1054485, 41.40057 ], [ 2.1054443, 41.4005733 ], [ 2.10544, 41.4005764 ], [ 2.1054356, 41.4005794 ], [ 2.105431, 41.4005823 ], [ 2.1054263, 41.4005851 ], [ 2.1054215, 41.4005878 ], [ 2.1054166, 41.4005904 ], [ 2.1054116, 41.4005928 ], [ 2.1054064, 41.4005951 ], [ 2.1054012, 41.4005973 ], [ 2.1053959, 41.4005993 ], [ 2.1053904, 41.4006012 ], [ 2.1053849, 41.400603 ], [ 2.1053794, 41.4006046 ], [ 2.1053737, 41.4006061 ], [ 2.105368, 41.4006075 ], [ 2.1053622, 41.4006087 ], [ 2.1053564, 41.4006097 ], [ 2.1053553, 41.4006099 ], [ 2.1049135, 41.4006821 ], [ 2.1045889, 41.4007689 ], [ 2.1044078, 41.4008263 ], [ 2.1039995, 41.4009559 ], [ 2.1039992, 41.400956 ], [ 2.1039992, 41.400956 ], [ 2.1039654, 41.4009664 ], [ 2.1039166, 41.4009815 ], [ 2.1038383, 41.4010052 ], [ 2.1037737, 41.4010231 ], [ 2.1036848, 41.4010461 ], [ 2.1036093, 41.4010652 ], [ 2.103516, 41.4010861 ], [ 2.1034181, 41.4011021 ] ] ] } },
{ "type": "Feature", "properties": { "id": "22", "name": "Vallvidrera, el Tibidabo i les Planes", "housing2025": 3082.0, "housing2026": 3092.0, "hutCount": 3, "hutPending": 0, "hutAllRecords": 3, "hutStrictGeometry": 3, "hutBeds": 22.0, "missingBeds": 0, "rent2019": 13.859396105896742, "rentMonth2019": 1205.654935064935, "contracts2019": 77.0, "rent2020": 12.47392625453489, "rentMonth2020": 1233.0746268656717, "contracts2020": 67.0, "rent2021": 15.331200321072728, "rentMonth2021": 1236.9584285714286, "contracts2021": 70.0, "rent2022": 13.558424957338238, "rentMonth2022": 1107.0198863636365, "contracts2022": 88.0, "rent2023": 14.11538001837255, "rentMonth2023": 1255.9354838709678, "contracts2023": 62.0, "rent2024": 16.282307792958331, "rentMonth2024": 1487.4262121212121, "contracts2024": 66.0, "rent2025": 14.526130874183201, "rentMonth2025": 1613.60531914894, "contracts2025": 47.0, "hutIntensity": 0.97024579560155244, "hutInclusiveIntensity": 0.97024579560155244, "hutStrictIntensity": 0.97024579560155244, "rentChange": 7.1373033364115823, "contractIntensity": 15.249837767683323, "comparable": true, "validRent2025": true, "validRentChange": true, "validContractActivity": true, "qualityFlag": "comparable", "platform2025": 26, "platformEntire2025": 16, "platformIntensity2025": 5.1914341336794285, "overlapClass": "neither", "changeClass": "neither", "thresholdStable": true, "caseFlag": false }, "geometry": { "type": "MultiPolygon", "coordinates": [ [ [ [ 2.072555, 41.4354689 ], [ 2.072519, 41.435488 ], [ 2.0725223, 41.4355045 ], [ 2.0727878, 41.4357523 ], [ 2.0729222, 41.4359907 ], [ 2.0730097, 41.4361009 ], [ 2.0731004, 41.4361592 ], [ 2.073286, 41.4363476 ], [ 2.0733402, 41.4364485 ], [ 2.0730279, 41.4366069 ], [ 2.0726129, 41.4365546 ], [ 2.0720998, 41.4364025 ], [ 2.071813, 41.4363252 ], [ 2.0717678, 41.4363024 ], [ 2.0716662, 41.4361737 ], [ 2.0711807, 41.4353009 ], [ 2.0710596, 41.435052 ], [ 2.0709822, 41.4347399 ], [ 2.0709378, 41.4343987 ], [ 2.0709979, 41.4341933 ], [ 2.0711841, 41.433872 ], [ 2.0713564, 41.4333532 ], [ 2.0714755, 41.433078 ], [ 2.0722373, 41.4320399 ], [ 2.0731218, 41.4306652 ], [ 2.0734458, 41.4305049 ], [ 2.0736016, 41.4304214 ], [ 2.0737195, 41.4303682 ], [ 2.0739081, 41.430303 ], [ 2.0741136, 41.4302075 ], [ 2.0743333, 41.4300703 ], [ 2.0744179, 41.4300055 ], [ 2.074461, 41.429944 ], [ 2.0744941, 41.4299164 ], [ 2.0745321, 41.4298945 ], [ 2.0746523, 41.4298454 ], [ 2.0748765, 41.4297611 ], [ 2.0749763, 41.4297104 ], [ 2.0750651, 41.4296744 ], [ 2.0752685, 41.429613 ], [ 2.0754182, 41.4295764 ], [ 2.0754779, 41.4295517 ], [ 2.0755424, 41.4295144 ], [ 2.0756348, 41.4294383 ], [ 2.0757275, 41.4293486 ], [ 2.0758049, 41.4292552 ], [ 2.0758311, 41.4292325 ], [ 2.0759202, 41.4291782 ], [ 2.0760963, 41.4291097 ], [ 2.0762156, 41.4290694 ], [ 2.0763046, 41.429022 ], [ 2.076475, 41.428903 ], [ 2.0766172, 41.4287092 ], [ 2.0754624, 41.4283592 ], [ 2.0745863, 41.4281079 ], [ 2.0739924, 41.4279829 ], [ 2.0738182, 41.4279319 ], [ 2.073526, 41.4277998 ], [ 2.073221, 41.427681 ], [ 2.073133, 41.4276269 ], [ 2.0729915, 41.4275233 ], [ 2.0732048, 41.4274604 ], [ 2.0732281, 41.4274156 ], [ 2.0732085, 41.4272943 ], [ 2.0731386, 41.4270819 ], [ 2.0731047, 41.4268924 ], [ 2.0730877, 41.4268485 ], [ 2.0730635, 41.4267494 ], [ 2.0730113, 41.4266717 ], [ 2.0729763, 41.4265914 ], [ 2.0729498, 41.4262891 ], [ 2.072915, 41.4262123 ], [ 2.0728168, 41.4261309 ], [ 2.0727172, 41.4260571 ], [ 2.0726399, 41.4259793 ], [ 2.0725733, 41.4258723 ], [ 2.0725437, 41.4257828 ], [ 2.0725446, 41.4257566 ], [ 2.0726183, 41.4256203 ], [ 2.0726561, 41.4255863 ], [ 2.0727258, 41.4255385 ], [ 2.0727741, 41.4254942 ], [ 2.0727876, 41.4254378 ], [ 2.0727829, 41.4253736 ], [ 2.0727625, 41.4253271 ], [ 2.072722, 41.4251858 ], [ 2.0727047, 41.4251528 ], [ 2.0730064, 41.4249894 ], [ 2.0730527, 41.4249747 ], [ 2.0731875, 41.4249442 ], [ 2.073424, 41.4249456 ], [ 2.0735381, 41.4249299 ], [ 2.0736392, 41.4249034 ], [ 2.0739399, 41.424859 ], [ 2.0740255, 41.4248425 ], [ 2.0740656, 41.424824 ], [ 2.0741484, 41.4248069 ], [ 2.0742655, 41.4248081 ], [ 2.0743965, 41.4247916 ], [ 2.0745404, 41.42478 ], [ 2.0746102, 41.4248096 ], [ 2.0746714, 41.4248293 ], [ 2.0747702, 41.4248482 ], [ 2.0748005, 41.4248673 ], [ 2.0749259, 41.4249087 ], [ 2.0751588, 41.4249959 ], [ 2.0753237, 41.4249942 ], [ 2.0754079, 41.4249793 ], [ 2.0754467, 41.4249622 ], [ 2.0755122, 41.4249439 ], [ 2.075612, 41.4249383 ], [ 2.075705, 41.4249252 ], [ 2.0759483, 41.4249662 ], [ 2.0760481, 41.4249776 ], [ 2.0760751, 41.4249859 ], [ 2.0761739, 41.4250029 ], [ 2.0763262, 41.4250091 ], [ 2.0763746, 41.4250258 ], [ 2.0764701, 41.4250422 ], [ 2.0765616, 41.4250432 ], [ 2.076628, 41.4250533 ], [ 2.076763, 41.4250435 ], [ 2.076781, 41.4250471 ], [ 2.0769009, 41.4250495 ], [ 2.0771385, 41.4250477 ], [ 2.0772225, 41.4250383 ], [ 2.0774094, 41.4250009 ], [ 2.0776049, 41.4249434 ], [ 2.0779815, 41.4249475 ], [ 2.0781182, 41.4249418 ], [ 2.0783115, 41.4248986 ], [ 2.0788438, 41.4246838 ], [ 2.079234, 41.424545 ], [ 2.0796793, 41.424469 ], [ 2.0798128, 41.4244787 ], [ 2.0799067, 41.4244657 ], [ 2.0800496, 41.424467 ], [ 2.0802306, 41.4244856 ], [ 2.0802781, 41.4245122 ], [ 2.0803629, 41.4245712 ], [ 2.0805435, 41.4245794 ], [ 2.0805879, 41.4244118 ], [ 2.0809616, 41.4240044 ], [ 2.0805892, 41.4240589 ], [ 2.0805519, 41.4240548 ], [ 2.0803608, 41.4239867 ], [ 2.0802455, 41.42383 ], [ 2.0802243, 41.4237278 ], [ 2.0802602, 41.4234663 ], [ 2.0802424, 41.4233624 ], [ 2.0801614, 41.4231845 ], [ 2.0800691, 41.4230649 ], [ 2.0790628, 41.4227479 ], [ 2.0787039, 41.4226609 ], [ 2.0780533, 41.4225257 ], [ 2.0779546, 41.422488 ], [ 2.0779081, 41.4224784 ], [ 2.0777033, 41.4224891 ], [ 2.0775984, 41.4224894 ], [ 2.0771957, 41.4224154 ], [ 2.0760608, 41.4223081 ], [ 2.0754393, 41.422068 ], [ 2.0753404, 41.4219773 ], [ 2.0753905, 41.4219069 ], [ 2.0754818, 41.4218438 ], [ 2.0756755, 41.4217553 ], [ 2.0758597, 41.4216506 ], [ 2.0760197, 41.4215391 ], [ 2.0761133, 41.42149 ], [ 2.0762848, 41.4213844 ], [ 2.0763667, 41.4213482 ], [ 2.0765193, 41.4212577 ], [ 2.0766485, 41.4212017 ], [ 2.0768177, 41.4211388 ], [ 2.076953, 41.4210231 ], [ 2.0770324, 41.4208057 ], [ 2.0769964, 41.4206962 ], [ 2.0769963, 41.4206222 ], [ 2.0770089, 41.4205798 ], [ 2.0769931, 41.4205176 ], [ 2.0769592, 41.4204319 ], [ 2.0769387, 41.4204121 ], [ 2.0769417, 41.4201496 ], [ 2.0769312, 41.4201032 ], [ 2.0769553, 41.4200379 ], [ 2.0769595, 41.4199598 ], [ 2.076939, 41.4199056 ], [ 2.0768511, 41.4197915 ], [ 2.0768305, 41.4196128 ], [ 2.0768312, 41.4195327 ], [ 2.076855, 41.419483 ], [ 2.0769029, 41.4194257 ], [ 2.0769538, 41.4193889 ], [ 2.077074, 41.4193501 ], [ 2.0771196, 41.4193187 ], [ 2.0771968, 41.4192445 ], [ 2.0772725, 41.4192263 ], [ 2.0773451, 41.4191905 ], [ 2.0774468, 41.4190797 ], [ 2.0775153, 41.4190262 ], [ 2.0775571, 41.4189317 ], [ 2.0775698, 41.418917 ], [ 2.0776077, 41.4188062 ], [ 2.0776562, 41.4186975 ], [ 2.0776499, 41.4185975 ], [ 2.0779925, 41.4186435 ], [ 2.0781826, 41.4187021 ], [ 2.0784742, 41.4188263 ], [ 2.0787577, 41.418864 ], [ 2.0786873, 41.4187816 ], [ 2.0786148, 41.4186386 ], [ 2.0786037, 41.4185733 ], [ 2.0786048, 41.4185291 ], [ 2.078641, 41.4184842 ], [ 2.0787372, 41.4184434 ], [ 2.078762, 41.4184219 ], [ 2.0787687, 41.4183957 ], [ 2.0787675, 41.4183691 ], [ 2.0787271, 41.4182951 ], [ 2.0786862, 41.4181842 ], [ 2.0786701, 41.4181598 ], [ 2.0786491, 41.4180523 ], [ 2.0786476, 41.418004 ], [ 2.0786721, 41.4179294 ], [ 2.0787466, 41.4179039 ], [ 2.0787924, 41.4178778 ], [ 2.0789156, 41.4177614 ], [ 2.079032, 41.4176012 ], [ 2.0790864, 41.417464 ], [ 2.0791962, 41.4171047 ], [ 2.0792392, 41.4170091 ], [ 2.0792609, 41.4169341 ], [ 2.079263, 41.4167833 ], [ 2.079283, 41.4167471 ], [ 2.0794761, 41.4165164 ], [ 2.0795527, 41.4164477 ], [ 2.0797406, 41.4163282 ], [ 2.0798093, 41.4162459 ], [ 2.0797444, 41.4156592 ], [ 2.0796342, 41.4156372 ], [ 2.0795046, 41.4155968 ], [ 2.0794575, 41.4155681 ], [ 2.079422, 41.4155194 ], [ 2.0793426, 41.4153896 ], [ 2.0792423, 41.4152814 ], [ 2.0790441, 41.415133 ], [ 2.0790245, 41.4151016 ], [ 2.0790201, 41.4150754 ], [ 2.079033, 41.4150436 ], [ 2.079123, 41.4149783 ], [ 2.079067, 41.4149355 ], [ 2.0785852, 41.4149788 ], [ 2.0773392, 41.4146278 ], [ 2.077325, 41.4145129 ], [ 2.0773073, 41.4144545 ], [ 2.0773104, 41.4144415 ], [ 2.0772655, 41.4144073 ], [ 2.0771741, 41.4143884 ], [ 2.077115, 41.41435 ], [ 2.0770772, 41.4143001 ], [ 2.077073, 41.4142826 ], [ 2.0770068, 41.4142438 ], [ 2.076892, 41.4141392 ], [ 2.076845, 41.4140695 ], [ 2.0768316, 41.4140281 ], [ 2.0767343, 41.4139605 ], [ 2.0767007, 41.4139302 ], [ 2.0766017, 41.4138753 ], [ 2.0765573, 41.4138729 ], [ 2.0765159, 41.413825 ], [ 2.0764947, 41.413777 ], [ 2.0763932, 41.4136477 ], [ 2.0763044, 41.4135504 ], [ 2.0762824, 41.4134398 ], [ 2.0762286, 41.4133489 ], [ 2.0761161, 41.4131403 ], [ 2.0760422, 41.4129304 ], [ 2.075992, 41.4128361 ], [ 2.0759817, 41.4127989 ], [ 2.0759743, 41.4127873 ], [ 2.0759917, 41.4127587 ], [ 2.0760361, 41.4127415 ], [ 2.0760474, 41.4127279 ], [ 2.0759527, 41.4126814 ], [ 2.0758134, 41.4125607 ], [ 2.0755453, 41.4123911 ], [ 2.0754329, 41.4123396 ], [ 2.0753152, 41.4123196 ], [ 2.0752632, 41.4123049 ], [ 2.0751109, 41.4122991 ], [ 2.0748833, 41.4122588 ], [ 2.0747322, 41.4122437 ], [ 2.074541, 41.4122015 ], [ 2.0744701, 41.4121653 ], [ 2.0743751, 41.4120463 ], [ 2.0742508, 41.4119303 ], [ 2.0741341, 41.4118848 ], [ 2.0739512, 41.4118704 ], [ 2.0735576, 41.4118781 ], [ 2.0734396, 41.4118608 ], [ 2.0733134, 41.4117835 ], [ 2.0732384, 41.4116883 ], [ 2.073061, 41.4114257 ], [ 2.0729441, 41.4113973 ], [ 2.0729138, 41.4113453 ], [ 2.0728376, 41.4113326 ], [ 2.0728097, 41.411306 ], [ 2.072635, 41.4112415 ], [ 2.0726099, 41.4112155 ], [ 2.0725986, 41.4111797 ], [ 2.0725089, 41.4111568 ], [ 2.0723892, 41.4111484 ], [ 2.0722802, 41.4111115 ], [ 2.0722231, 41.4110713 ], [ 2.0721777, 41.4109869 ], [ 2.072137, 41.4109545 ], [ 2.0721586, 41.4108287 ], [ 2.0721424, 41.4107356 ], [ 2.0721031, 41.4106249 ], [ 2.0720813, 41.4105869 ], [ 2.0719626, 41.41043 ], [ 2.071867, 41.4101702 ], [ 2.0716527, 41.4096812 ], [ 2.0716165, 41.409549 ], [ 2.0715753, 41.4094161 ], [ 2.0715116, 41.409289 ], [ 2.0714394, 41.4091871 ], [ 2.0713972, 41.4090464 ], [ 2.0713593, 41.4089172 ], [ 2.0713597, 41.4088267 ], [ 2.0713505, 41.4088067 ], [ 2.0713508, 41.4087642 ], [ 2.0713698, 41.4086944 ], [ 2.0714389, 41.4085804 ], [ 2.0715679, 41.4084441 ], [ 2.0716277, 41.4083562 ], [ 2.0716999, 41.4082714 ], [ 2.0717417, 41.4082267 ], [ 2.0718332, 41.408106 ], [ 2.0719619, 41.4078927 ], [ 2.072039, 41.4077259 ], [ 2.0720619, 41.4075446 ], [ 2.0719237, 41.4074014 ], [ 2.0715235, 41.4071865 ], [ 2.0709501, 41.4072091 ], [ 2.0703168, 41.40723 ], [ 2.0699996, 41.4070278 ], [ 2.0701855, 41.4066678 ], [ 2.0702724, 41.4064433 ], [ 2.0705022, 41.4060408 ], [ 2.0710549, 41.4052822 ], [ 2.0714658, 41.4047298 ], [ 2.0717496, 41.4043811 ], [ 2.0720583, 41.4040941 ], [ 2.0721923, 41.4034642 ], [ 2.0727925, 41.4031575 ], [ 2.0737516, 41.4032962 ], [ 2.0748936, 41.402909 ], [ 2.0750405, 41.4029909 ], [ 2.0753342, 41.4031041 ], [ 2.0756072, 41.4031779 ], [ 2.0758509, 41.4032069 ], [ 2.0764067, 41.4031933 ], [ 2.0769624, 41.4030914 ], [ 2.0773502, 41.403003 ], [ 2.0777748, 41.4028673 ], [ 2.0778726, 41.4028842 ], [ 2.07798, 41.4029135 ], [ 2.0780718, 41.4029459 ], [ 2.0782137, 41.403006 ], [ 2.078353, 41.4030471 ], [ 2.0784784, 41.4030829 ], [ 2.0785926, 41.4031207 ], [ 2.0786744, 41.4031719 ], [ 2.0787408, 41.4032209 ], [ 2.0787849, 41.4032697 ], [ 2.0789006, 41.403398 ], [ 2.0789539, 41.4034848 ], [ 2.0789892, 41.403562 ], [ 2.0790362, 41.4036259 ], [ 2.0791325, 41.4037358 ], [ 2.0791789, 41.4037731 ], [ 2.07923, 41.4038183 ], [ 2.0793081, 41.4038679 ], [ 2.0794065, 41.403934 ], [ 2.0795852, 41.4040566 ], [ 2.0797402, 41.4041736 ], [ 2.0799434, 41.404347 ], [ 2.0800635, 41.4044638 ], [ 2.0801197, 41.4045474 ], [ 2.0801618, 41.4046384 ], [ 2.0802036, 41.4047461 ], [ 2.0802368, 41.4048738 ], [ 2.0802586, 41.4049773 ], [ 2.0803132, 41.4051499 ], [ 2.0802828, 41.405389 ], [ 2.0802769, 41.4055406 ], [ 2.0802815, 41.4056621 ], [ 2.0803579, 41.4058714 ], [ 2.0804222, 41.4059635 ], [ 2.0805776, 41.4060038 ], [ 2.0806737, 41.4060553 ], [ 2.08076, 41.406134 ], [ 2.0808392, 41.406243 ], [ 2.0809106, 41.4063343 ], [ 2.0809753, 41.4063904 ], [ 2.0811447, 41.4064668 ], [ 2.0813074, 41.4065292 ], [ 2.0814518, 41.4065821 ], [ 2.0816211, 41.40664 ], [ 2.0817517, 41.406689 ], [ 2.0818329, 41.4067243 ], [ 2.0820238, 41.4068249 ], [ 2.0822012, 41.4069243 ], [ 2.0823315, 41.4070006 ], [ 2.0823947, 41.4070388 ], [ 2.0824517, 41.4070807 ], [ 2.0824972, 41.4071376 ], [ 2.0825614, 41.4072542 ], [ 2.0825958, 41.4073249 ], [ 2.0826404, 41.4074798 ], [ 2.0826964, 41.4075589 ], [ 2.0827915, 41.4077625 ], [ 2.0828633, 41.4078106 ], [ 2.0829355, 41.4078471 ], [ 2.0830491, 41.4079028 ], [ 2.0831808, 41.407993 ], [ 2.0832642, 41.4080648 ], [ 2.0834028, 41.4081685 ], [ 2.0835426, 41.4082791 ], [ 2.0835602, 41.4083559 ], [ 2.0836207, 41.4084894 ], [ 2.0836379, 41.4085426 ], [ 2.0837704, 41.4086314 ], [ 2.0838729, 41.4087245 ], [ 2.0839615, 41.4087842 ], [ 2.0840659, 41.4088629 ], [ 2.084098, 41.4088891 ], [ 2.0841353, 41.4089384 ], [ 2.0841615, 41.4089904 ], [ 2.0841769, 41.4090486 ], [ 2.0841864, 41.4090929 ], [ 2.0841758, 41.4091564 ], [ 2.0841543, 41.4092148 ], [ 2.0841278, 41.4092822 ], [ 2.084126, 41.40932 ], [ 2.0841334, 41.4093548 ], [ 2.0841858, 41.4093871 ], [ 2.0842652, 41.4094051 ], [ 2.0844369, 41.4094569 ], [ 2.0845682, 41.4094991 ], [ 2.0847238, 41.4095401 ], [ 2.0848896, 41.4095811 ], [ 2.0850333, 41.4096067 ], [ 2.0852072, 41.4096447 ], [ 2.0854557, 41.4097139 ], [ 2.0856948, 41.4097372 ], [ 2.0860015, 41.4097121 ], [ 2.0862507, 41.4096529 ], [ 2.0865389, 41.4095805 ], [ 2.0866957, 41.4095328 ], [ 2.0868241, 41.4094926 ], [ 2.0868935, 41.4094596 ], [ 2.086982, 41.4093702 ], [ 2.0870746, 41.4092747 ], [ 2.0871589, 41.4091959 ], [ 2.0872574, 41.4091173 ], [ 2.0873823, 41.4090373 ], [ 2.0874866, 41.4089755 ], [ 2.087592, 41.4089299 ], [ 2.0878667, 41.4088497 ], [ 2.0880598, 41.4087877 ], [ 2.0882388, 41.4087349 ], [ 2.0884461, 41.4086707 ], [ 2.0886695, 41.40861 ], [ 2.0888821, 41.4085717 ], [ 2.0892284, 41.4085109 ], [ 2.0895999, 41.4084397 ], [ 2.0900419, 41.408362 ], [ 2.0903239, 41.4083148 ], [ 2.090446, 41.4083075 ], [ 2.0906382, 41.4083114 ], [ 2.0907898, 41.4083149 ], [ 2.0908992, 41.4083169 ], [ 2.0910746, 41.4082983 ], [ 2.0913473, 41.4082363 ], [ 2.0915347, 41.4082071 ], [ 2.0917253, 41.4081932 ], [ 2.091878, 41.4082174 ], [ 2.0920544, 41.4082444 ], [ 2.0922221, 41.4082748 ], [ 2.092365, 41.4082825 ], [ 2.0925051, 41.4082847 ], [ 2.0926642, 41.4082696 ], [ 2.0927945, 41.4082467 ], [ 2.0931017, 41.4081763 ], [ 2.0933203, 41.408141 ], [ 2.0936287, 41.4080869 ], [ 2.0938242, 41.4080482 ], [ 2.0940083, 41.408004 ], [ 2.0941083, 41.4079754 ], [ 2.0942315, 41.407947 ], [ 2.0943598, 41.4079313 ], [ 2.0945611, 41.40793 ], [ 2.0947503, 41.4079315 ], [ 2.0950074, 41.4079313 ], [ 2.0951548, 41.4079238 ], [ 2.0952806, 41.4079128 ], [ 2.0954894, 41.4078858 ], [ 2.0956523, 41.4078499 ], [ 2.0956525, 41.4078498 ], [ 2.0958152, 41.40788 ], [ 2.0959533, 41.4079055 ], [ 2.0961289, 41.4079386 ], [ 2.09617, 41.4079462 ], [ 2.0961964, 41.4079562 ], [ 2.0962242, 41.4079667 ], [ 2.0963286, 41.4080355 ], [ 2.0964422, 41.4081096 ], [ 2.0965182, 41.4081564 ], [ 2.0966551, 41.4082406 ], [ 2.0966983, 41.4083574 ], [ 2.0967858, 41.4085724 ], [ 2.0968729, 41.4087018 ], [ 2.0969462, 41.4088047 ], [ 2.0970796, 41.4089313 ], [ 2.0972216, 41.4090503 ], [ 2.0972672, 41.4090831 ], [ 2.0973243, 41.4091074 ], [ 2.0974462, 41.4091235 ], [ 2.0976013, 41.4091301 ], [ 2.0978056, 41.4091165 ], [ 2.097961, 41.4090983 ], [ 2.0981583, 41.4090641 ], [ 2.0984077, 41.4090087 ], [ 2.0986571, 41.4089501 ], [ 2.0988302, 41.4089049 ], [ 2.0990034, 41.4088618 ], [ 2.0994421, 41.4087019 ], [ 2.0996858, 41.4086115 ], [ 2.1002768, 41.4084145 ], [ 2.100362, 41.4084048 ], [ 2.1004907, 41.4083876 ], [ 2.1006072, 41.4083682 ], [ 2.1006541, 41.4082612 ], [ 2.1007336, 41.4081171 ], [ 2.1009074, 41.4078377 ], [ 2.1009864, 41.4077128 ], [ 2.1010206, 41.4076563 ], [ 2.1010571, 41.4076148 ], [ 2.1011387, 41.4075267 ], [ 2.1012393, 41.4074041 ], [ 2.1013064, 41.4073163 ], [ 2.1014371, 41.4072245 ], [ 2.1014569, 41.4072027 ], [ 2.1015147, 41.407135 ], [ 2.1015593, 41.4070868 ], [ 2.1016019, 41.4069957 ], [ 2.1016101, 41.40691 ], [ 2.1016302, 41.4068131 ], [ 2.1016582, 41.4067167 ], [ 2.1016674, 41.4066099 ], [ 2.1017079, 41.4064513 ], [ 2.1017139, 41.4062925 ], [ 2.1017115, 41.4061884 ], [ 2.1017048, 41.4060805 ], [ 2.1017267, 41.4059951 ], [ 2.1017541, 41.4058826 ], [ 2.1017663, 41.4057573 ], [ 2.1017529, 41.4056019 ], [ 2.1017537, 41.4054423 ], [ 2.101772, 41.4052372 ], [ 2.1017873, 41.4051554 ], [ 2.1018118, 41.4051194 ], [ 2.1018532, 41.4050899 ], [ 2.1019071, 41.4050701 ], [ 2.1019767, 41.4050462 ], [ 2.1020575, 41.4050235 ], [ 2.1021398, 41.4050017 ], [ 2.1022433, 41.4049728 ], [ 2.1024304, 41.4049285 ], [ 2.1025566, 41.4048954 ], [ 2.1026877, 41.4048612 ], [ 2.102865, 41.4048161 ], [ 2.1030588, 41.4047144 ], [ 2.1032013, 41.4046417 ], [ 2.103412, 41.4045071 ], [ 2.1035904, 41.4044031 ], [ 2.1036534, 41.4043149 ], [ 2.1037076, 41.4042353 ], [ 2.1037537, 41.4041253 ], [ 2.1037867, 41.4040228 ], [ 2.1038022, 41.4039397 ], [ 2.1038166, 41.4038359 ], [ 2.1038298, 41.4037073 ], [ 2.1038382, 41.4036219 ], [ 2.1038436, 41.4035419 ], [ 2.1038432, 41.4034673 ], [ 2.1038428, 41.4033883 ], [ 2.1038255, 41.4032887 ], [ 2.1038034, 41.4032225 ], [ 2.103784, 41.4031716 ], [ 2.1037449, 41.4030934 ], [ 2.1037169, 41.403038 ], [ 2.1036848, 41.4029674 ], [ 2.1036477, 41.4028492 ], [ 2.1036257, 41.4027766 ], [ 2.1035868, 41.4026779 ], [ 2.1035462, 41.4026008 ], [ 2.1034872, 41.4025062 ], [ 2.1034081, 41.4024039 ], [ 2.1033148, 41.4022929 ], [ 2.1032202, 41.4021775 ], [ 2.1031794, 41.402109 ], [ 2.1031529, 41.4020504 ], [ 2.1031367, 41.401981 ], [ 2.1031306, 41.4018966 ], [ 2.1031419, 41.4018102 ], [ 2.1031641, 41.4017584 ], [ 2.1031777, 41.4017088 ], [ 2.1031757, 41.4016514 ], [ 2.1031465, 41.4015755 ], [ 2.1031186, 41.4015201 ], [ 2.1030983, 41.401464 ], [ 2.103089, 41.4014005 ], [ 2.1030653, 41.4013315 ], [ 2.1030156, 41.4012536 ], [ 2.1029572, 41.4011701 ], [ 2.1029258, 41.4010966 ], [ 2.1029953, 41.4011018 ], [ 2.103009, 41.4011029 ], [ 2.1030378, 41.4010977 ], [ 2.1030621, 41.4010935 ], [ 2.1030888, 41.4010901 ], [ 2.1031196, 41.4010879 ], [ 2.1031487, 41.401089 ], [ 2.1031797, 41.4010954 ], [ 2.1032193, 41.4011011 ], [ 2.1032729, 41.4011082 ], [ 2.1033288, 41.4011142 ], [ 2.1034181, 41.4011021 ], [ 2.103516, 41.4010861 ], [ 2.1036093, 41.4010652 ], [ 2.1036848, 41.4010461 ], [ 2.1037737, 41.4010231 ], [ 2.1038383, 41.4010052 ], [ 2.1039166, 41.4009815 ], [ 2.1039654, 41.4009664 ], [ 2.1039992, 41.400956 ], [ 2.1039992, 41.400956 ], [ 2.1039995, 41.4009559 ], [ 2.1044078, 41.4008263 ], [ 2.10444, 41.4008816 ], [ 2.1044887, 41.4009058 ], [ 2.1046418, 41.4009495 ], [ 2.1047009, 41.4009774 ], [ 2.1047551, 41.4010179 ], [ 2.1047944, 41.4010732 ], [ 2.1049294, 41.4012586 ], [ 2.1049964, 41.4013456 ], [ 2.1050705, 41.4014488 ], [ 2.1051688, 41.4016093 ], [ 2.1052474, 41.4017509 ], [ 2.1052715, 41.4018163 ], [ 2.1052772, 41.401875 ], [ 2.1052643, 41.4019116 ], [ 2.105239, 41.4019428 ], [ 2.1051448, 41.4020543 ], [ 2.1051247, 41.4021082 ], [ 2.1051318, 41.4021554 ], [ 2.1051662, 41.4021973 ], [ 2.1052138, 41.4022287 ], [ 2.1052863, 41.4022524 ], [ 2.105373, 41.4022801 ], [ 2.105457, 41.4023089 ], [ 2.1055302, 41.4023514 ], [ 2.1056054, 41.4024065 ], [ 2.1056583, 41.4024559 ], [ 2.1057009, 41.4024919 ], [ 2.1057521, 41.402552 ], [ 2.10579, 41.4026168 ], [ 2.1058203, 41.4026938 ], [ 2.1058539, 41.4028092 ], [ 2.1058776, 41.4029458 ], [ 2.1058832, 41.4030705 ], [ 2.1058764, 41.4031689 ], [ 2.1058986, 41.4032231 ], [ 2.105946, 41.4032604 ], [ 2.1059983, 41.403276 ], [ 2.1060715, 41.4032813 ], [ 2.1062339, 41.4032636 ], [ 2.1063598, 41.4032422 ], [ 2.1065634, 41.4032303 ], [ 2.1068129, 41.4032544 ], [ 2.1069632, 41.4032939 ], [ 2.1071135, 41.4033548 ], [ 2.1072329, 41.4034375 ], [ 2.1073082, 41.4035048 ], [ 2.1073784, 41.4036071 ], [ 2.1074189, 41.4037298 ], [ 2.1074338, 41.4038341 ], [ 2.1074456, 41.4040209 ], [ 2.1074335, 41.4041406 ], [ 2.1074282, 41.4041672 ], [ 2.107419, 41.4042135 ], [ 2.1073774, 41.4043001 ], [ 2.1072842, 41.4044734 ], [ 2.1072747, 41.4045337 ], [ 2.1073148, 41.4045933 ], [ 2.1073874, 41.4046421 ], [ 2.1074807, 41.4046923 ], [ 2.1075118, 41.4047088 ], [ 2.1075544, 41.4047314 ], [ 2.1076251, 41.4048063 ], [ 2.1076795, 41.4048962 ], [ 2.1077181, 41.4049831 ], [ 2.1078302, 41.4052446 ], [ 2.1078626, 41.4053036 ], [ 2.107927, 41.405372 ], [ 2.1080224, 41.4054444 ], [ 2.1082818, 41.4055901 ], [ 2.108619, 41.4057542 ], [ 2.1087638, 41.4058549 ], [ 2.1088418, 41.4059417 ], [ 2.10888, 41.4060147 ], [ 2.10891, 41.4061145 ], [ 2.1090475, 41.4065466 ], [ 2.1090748, 41.4066591 ], [ 2.1090757, 41.4067695 ], [ 2.1090589, 41.4068209 ], [ 2.1090293, 41.4068621 ], [ 2.1089786, 41.4069343 ], [ 2.1089027, 41.4069839 ], [ 2.1088153, 41.4070212 ], [ 2.1087097, 41.4070401 ], [ 2.1085766, 41.4070362 ], [ 2.1084446, 41.4069857 ], [ 2.1083532, 41.4069126 ], [ 2.1082594, 41.4068168 ], [ 2.1081441, 41.4067255 ], [ 2.108031, 41.4066662 ], [ 2.1078823, 41.4066042 ], [ 2.1077241, 41.4065466 ], [ 2.1076016, 41.406531 ], [ 2.1075008, 41.4065512 ], [ 2.1074045, 41.406605 ], [ 2.1070673, 41.4069005 ], [ 2.1069721, 41.4069484 ], [ 2.1068221, 41.4069601 ], [ 2.1067047, 41.4069204 ], [ 2.1066577, 41.4068867 ], [ 2.1065828, 41.4067881 ], [ 2.1065326, 41.4066962 ], [ 2.1064812, 41.4066254 ], [ 2.1064074, 41.4065697 ], [ 2.1063359, 41.4065292 ], [ 2.1062811, 41.4065081 ], [ 2.1062487, 41.4064752 ], [ 2.1061715, 41.4064339 ], [ 2.1060735, 41.4064139 ], [ 2.105966, 41.40643 ], [ 2.1058169, 41.4064713 ], [ 2.1057054, 41.4064804 ], [ 2.1055752, 41.4064711 ], [ 2.1054638, 41.4064357 ], [ 2.1053363, 41.4063618 ], [ 2.1051767, 41.4062231 ], [ 2.1050761, 41.4061412 ], [ 2.1049808, 41.4060673 ], [ 2.1048949, 41.4060288 ], [ 2.1047983, 41.4060044 ], [ 2.104711, 41.4060155 ], [ 2.1045837, 41.4060657 ], [ 2.1043885, 41.4061507 ], [ 2.1043098, 41.4062369 ], [ 2.1042789, 41.4063124 ], [ 2.1042733, 41.4063831 ], [ 2.1042955, 41.4065511 ], [ 2.1043591, 41.4068741 ], [ 2.1044012, 41.4070743 ], [ 2.1043906, 41.4071541 ], [ 2.1042371, 41.4072602 ], [ 2.1041666, 41.4072741 ], [ 2.1041017, 41.4072828 ], [ 2.1040167, 41.4072915 ], [ 2.1037314, 41.4073176 ], [ 2.1035866, 41.4073505 ], [ 2.103484, 41.4074005 ], [ 2.1033825, 41.4074699 ], [ 2.103318, 41.4075496 ], [ 2.1032679, 41.4076462 ], [ 2.1032306, 41.4077607 ], [ 2.103197, 41.4078777 ], [ 2.1031981, 41.4079981 ], [ 2.1032321, 41.4080793 ], [ 2.1033091, 41.4081708 ], [ 2.1034044, 41.4082604 ], [ 2.1034675, 41.4083335 ], [ 2.1034877, 41.4083576 ], [ 2.1035184, 41.408412 ], [ 2.1035312, 41.408465 ], [ 2.1035336, 41.4085133 ], [ 2.1035265, 41.4085708 ], [ 2.1034614, 41.4087979 ], [ 2.1034084, 41.4089675 ], [ 2.1034019, 41.4090685 ], [ 2.1034248, 41.4091405 ], [ 2.1034901, 41.4092046 ], [ 2.1036582, 41.409272 ], [ 2.1038287, 41.4093262 ], [ 2.103924, 41.4093898 ], [ 2.1039868, 41.409459 ], [ 2.1040263, 41.4095266 ], [ 2.104068, 41.4096251 ], [ 2.1041078, 41.4096977 ], [ 2.1041425, 41.4097382 ], [ 2.1041666, 41.4097581 ], [ 2.1042476, 41.4098005 ], [ 2.1044219, 41.4098097 ], [ 2.1046847, 41.4097567 ], [ 2.1049318, 41.4097015 ], [ 2.105293, 41.4096362 ], [ 2.1054268, 41.4096495 ], [ 2.1054849, 41.4096694 ], [ 2.1055152, 41.4096871 ], [ 2.1055526, 41.4097183 ], [ 2.1055745, 41.4097447 ], [ 2.1056414, 41.4098445 ], [ 2.1056836, 41.4098339 ], [ 2.1057041, 41.4098282 ], [ 2.1057627, 41.4098124 ], [ 2.10599, 41.409751 ], [ 2.1059958, 41.4097495 ], [ 2.1064849, 41.4096174 ], [ 2.1064965, 41.4096142 ], [ 2.1065063, 41.4096116 ], [ 2.1065104, 41.4096105 ], [ 2.1065604, 41.4095989 ], [ 2.1065657, 41.4096279 ], [ 2.1065687, 41.409642 ], [ 2.1065806, 41.4096722 ], [ 2.1066002, 41.4097026 ], [ 2.1066312, 41.4097333 ], [ 2.1066659, 41.4097604 ], [ 2.1067334, 41.4098081 ], [ 2.1067826, 41.4098391 ], [ 2.1068604, 41.4098844 ], [ 2.1069245, 41.4099245 ], [ 2.1069526, 41.409952 ], [ 2.1069702, 41.4099834 ], [ 2.1069799, 41.410009 ], [ 2.1069857, 41.4100363 ], [ 2.1069842, 41.4100738 ], [ 2.1069801, 41.4100936 ], [ 2.1069671, 41.4101217 ], [ 2.1069559, 41.4101426 ], [ 2.1069373, 41.4101722 ], [ 2.1069257, 41.4101912 ], [ 2.1067965, 41.4103432 ], [ 2.1067108, 41.4104219 ], [ 2.1065565, 41.4105162 ], [ 2.106407, 41.410613 ], [ 2.1062904, 41.4106967 ], [ 2.1060517, 41.4108517 ], [ 2.1058833, 41.4109926 ], [ 2.1057888, 41.4111278 ], [ 2.1057841, 41.4111772 ], [ 2.1058087, 41.4112325 ], [ 2.1058698, 41.4112908 ], [ 2.105954, 41.411329 ], [ 2.1061279, 41.4113774 ], [ 2.1061884, 41.4114178 ], [ 2.1062398, 41.4114817 ], [ 2.1062565, 41.4115542 ], [ 2.1062518, 41.4116161 ], [ 2.1062612, 41.4116719 ], [ 2.1063034, 41.4117293 ], [ 2.1063686, 41.4117702 ], [ 2.1063994, 41.4117966 ], [ 2.1064747, 41.4118135 ], [ 2.1067144, 41.4116841 ], [ 2.106921, 41.4115584 ], [ 2.1070579, 41.4114985 ], [ 2.1072427, 41.4114516 ], [ 2.1073772, 41.4114278 ], [ 2.1075427, 41.4114084 ], [ 2.1077467, 41.411409 ], [ 2.1080258, 41.4114164 ], [ 2.1080671, 41.4114227 ], [ 2.1081276, 41.411432 ], [ 2.1082167, 41.4114775 ], [ 2.1082529, 41.4115129 ], [ 2.1082564, 41.4115656 ], [ 2.1082465, 41.411636 ], [ 2.1081959, 41.4118448 ], [ 2.1081974, 41.4119215 ], [ 2.1082275, 41.4120669 ], [ 2.10825, 41.4122195 ], [ 2.1082078, 41.412374 ], [ 2.1082053, 41.4124572 ], [ 2.1082244, 41.4125006 ], [ 2.1082424, 41.412542 ], [ 2.1082867, 41.4125888 ], [ 2.1083168, 41.4126134 ], [ 2.1083527, 41.4126294 ], [ 2.1085881, 41.4127216 ], [ 2.1087254, 41.412777 ], [ 2.1088177, 41.4128263 ], [ 2.1089107, 41.4128558 ], [ 2.1089734, 41.4128591 ], [ 2.1090458, 41.412854 ], [ 2.1090867, 41.4128428 ], [ 2.1091876, 41.4127734 ], [ 2.1092436, 41.4127051 ], [ 2.1092786, 41.4126537 ], [ 2.1093073, 41.4125971 ], [ 2.1093731, 41.4125008 ], [ 2.1094227, 41.4124379 ], [ 2.1094976, 41.4123753 ], [ 2.1095793, 41.4123167 ], [ 2.1097029, 41.4122586 ], [ 2.109797, 41.4122302 ], [ 2.1099372, 41.4122118 ], [ 2.1100313, 41.41223 ], [ 2.1100841, 41.4122504 ], [ 2.1101793, 41.4123551 ], [ 2.1102, 41.4124865 ], [ 2.1102048, 41.4125009 ], [ 2.1102201, 41.4125727 ], [ 2.1102416, 41.4126812 ], [ 2.1102403, 41.4127442 ], [ 2.1103161, 41.4129695 ], [ 2.1103667, 41.4130722 ], [ 2.1104196, 41.4131451 ], [ 2.110578, 41.4133103 ], [ 2.1107474, 41.4134932 ], [ 2.1108359, 41.4135471 ], [ 2.1109371, 41.4135811 ], [ 2.1110002, 41.4135946 ], [ 2.1110469, 41.413599 ], [ 2.111069, 41.4135821 ], [ 2.1111241, 41.4135397 ], [ 2.111136, 41.41352 ], [ 2.1111549, 41.4134902 ], [ 2.1111764, 41.4134311 ], [ 2.1112196, 41.4132909 ], [ 2.1112876, 41.4130322 ], [ 2.1113444, 41.4129181 ], [ 2.1113923, 41.4128437 ], [ 2.111438, 41.4127881 ], [ 2.1115519, 41.412677 ], [ 2.1116677, 41.4125885 ], [ 2.1117811, 41.4125011 ], [ 2.1118897, 41.4124467 ], [ 2.1120893, 41.4123573 ], [ 2.1121924, 41.4123469 ], [ 2.1122788, 41.4123562 ], [ 2.1123326, 41.4123592 ], [ 2.1123646, 41.4123831 ], [ 2.1124135, 41.4124384 ], [ 2.1124744, 41.4125012 ], [ 2.1125, 41.4125246 ], [ 2.1126316, 41.4126474 ], [ 2.1127531, 41.4127301 ], [ 2.1128036, 41.4127488 ], [ 2.112852, 41.4127611 ], [ 2.1128942, 41.4127662 ], [ 2.112946, 41.4127674 ], [ 2.112998, 41.4127519 ], [ 2.1130683, 41.4127167 ], [ 2.1131216, 41.4126829 ], [ 2.1133138, 41.4125013 ], [ 2.113329, 41.412488 ], [ 2.1134752, 41.4123688 ], [ 2.1136076, 41.4122725 ], [ 2.1137051, 41.4122205 ], [ 2.1138384, 41.4121699 ], [ 2.1139605, 41.4121462 ], [ 2.1140744, 41.4121471 ], [ 2.1142174, 41.4121916 ], [ 2.1142924, 41.4122245 ], [ 2.1143192, 41.4122779 ], [ 2.1143491, 41.412379 ], [ 2.1143764, 41.4125014 ], [ 2.1144072, 41.4126208 ], [ 2.1144388, 41.4127561 ], [ 2.1144727, 41.4128757 ], [ 2.114489, 41.4129072 ], [ 2.1145342, 41.4129641 ], [ 2.1146023, 41.4130258 ], [ 2.1146998, 41.41308 ], [ 2.114756, 41.4130961 ], [ 2.1148186, 41.4131092 ], [ 2.1149063, 41.4131098 ], [ 2.1150024, 41.4131137 ], [ 2.1150734, 41.413119 ], [ 2.1151172, 41.4131287 ], [ 2.1151318, 41.4131304 ], [ 2.1151963, 41.4131466 ], [ 2.1152482, 41.4131753 ], [ 2.1152957, 41.413218 ], [ 2.1154529, 41.4134909 ], [ 2.1156603, 41.4137641 ], [ 2.1157979, 41.4139426 ], [ 2.1159048, 41.4140706 ], [ 2.1159606, 41.4141197 ], [ 2.1160376, 41.4141439 ], [ 2.1161107, 41.4141445 ], [ 2.1162198, 41.414117 ], [ 2.1162724, 41.4140845 ], [ 2.1163169, 41.4140424 ], [ 2.1165214, 41.413755 ], [ 2.1165851, 41.4136817 ], [ 2.1167076, 41.4135869 ], [ 2.1168485, 41.4135205 ], [ 2.1170562, 41.4134655 ], [ 2.117217, 41.413473 ], [ 2.1175176, 41.4135419 ], [ 2.1178962, 41.4136318 ], [ 2.1180749, 41.4136409 ], [ 2.1182964, 41.4136259 ], [ 2.1184724, 41.4135812 ], [ 2.1186812, 41.4135099 ], [ 2.1187463, 41.4134758 ], [ 2.1187916, 41.4134007 ], [ 2.1187762, 41.4131549 ], [ 2.1187724, 41.4129584 ], [ 2.1187917, 41.4128389 ], [ 2.1188196, 41.4127383 ], [ 2.1188679, 41.4126535 ], [ 2.1189411, 41.4125865 ], [ 2.1191185, 41.4125017 ], [ 2.1191874, 41.4124849 ], [ 2.1193011, 41.4124493 ], [ 2.1193944, 41.4124264 ], [ 2.1194561, 41.4124254 ], [ 2.119479, 41.4124328 ], [ 2.1195044, 41.4124409 ], [ 2.1195423, 41.4124769 ], [ 2.1195502, 41.4125018 ], [ 2.1195666, 41.4125458 ], [ 2.1195832, 41.4126246 ], [ 2.1196228, 41.4129671 ], [ 2.1196242, 41.413079 ], [ 2.1195996, 41.4131541 ], [ 2.1195395, 41.4132389 ], [ 2.1193804, 41.4134224 ], [ 2.1193059, 41.4135399 ], [ 2.1192373, 41.4137499 ], [ 2.1191492, 41.4140284 ], [ 2.119101, 41.4141075 ], [ 2.1189433, 41.4143501 ], [ 2.1188623, 41.414531 ], [ 2.1188257, 41.4146982 ], [ 2.1188294, 41.4147788 ], [ 2.1188432, 41.4148079 ], [ 2.1188823, 41.4148468 ], [ 2.1189818, 41.4148873 ], [ 2.1191587, 41.4149177 ], [ 2.1194154, 41.4149562 ], [ 2.119484, 41.4149599 ], [ 2.1196112, 41.4149566 ], [ 2.1198676, 41.414921 ], [ 2.1200337, 41.4148932 ], [ 2.1201081, 41.4148917 ], [ 2.1202049, 41.414916 ], [ 2.1202687, 41.4149552 ], [ 2.1202993, 41.4150177 ], [ 2.1203001, 41.4150692 ], [ 2.1202794, 41.4151228 ], [ 2.1201833, 41.415253 ], [ 2.1200839, 41.4154177 ], [ 2.120048, 41.4155312 ], [ 2.1200282, 41.4156256 ], [ 2.1200231, 41.4157888 ], [ 2.120017, 41.4159251 ], [ 2.1200414, 41.4160177 ], [ 2.1200708, 41.4160683 ], [ 2.1201131, 41.4161116 ], [ 2.12016, 41.4161292 ], [ 2.1201987, 41.4161252 ], [ 2.1202861, 41.4161022 ], [ 2.1205163, 41.4159934 ], [ 2.120683, 41.4159302 ], [ 2.1207302, 41.4159252 ], [ 2.1207774, 41.4159256 ], [ 2.1208333, 41.4159431 ], [ 2.1208704, 41.4159515 ], [ 2.1209195, 41.4159932 ], [ 2.1209842, 41.4160671 ], [ 2.1210561, 41.4162556 ], [ 2.1210815, 41.4163531 ], [ 2.1211056, 41.4164066 ], [ 2.1211629, 41.4164963 ], [ 2.1212857, 41.4166685 ], [ 2.121332, 41.4167262 ], [ 2.1214409, 41.4168493 ], [ 2.1214833, 41.416895 ], [ 2.1215208, 41.4169168 ], [ 2.1215637, 41.4169294 ], [ 2.1215964, 41.4169273 ], [ 2.1216458, 41.4169116 ], [ 2.1216852, 41.4168688 ], [ 2.1217238, 41.416813 ], [ 2.1217428, 41.4167762 ], [ 2.1217442, 41.4167424 ], [ 2.1217449, 41.4166917 ], [ 2.1217413, 41.4166685 ], [ 2.1217031, 41.4165778 ], [ 2.1216994, 41.4165049 ], [ 2.1217155, 41.4163919 ], [ 2.1217346, 41.4163434 ], [ 2.1217672, 41.4162943 ], [ 2.1218122, 41.4162493 ], [ 2.1218981, 41.4161932 ], [ 2.1219714, 41.4161559 ], [ 2.1220747, 41.4161274 ], [ 2.1221727, 41.4160961 ], [ 2.1222105, 41.4160578 ], [ 2.122215, 41.4159858 ], [ 2.1222101, 41.4159412 ], [ 2.1221957, 41.415839 ], [ 2.1222094, 41.4157418 ], [ 2.1222462, 41.4156494 ], [ 2.1223177, 41.4155849 ], [ 2.1223779, 41.4154891 ], [ 2.1223927, 41.4153066 ], [ 2.1224043, 41.4151846 ], [ 2.1224146, 41.4151295 ], [ 2.122433, 41.4150816 ], [ 2.1224689, 41.4150565 ], [ 2.1225277, 41.415033 ], [ 2.1226269, 41.4150484 ], [ 2.1227166, 41.4151078 ], [ 2.1228719, 41.4152288 ], [ 2.1230046, 41.4153313 ], [ 2.1230947, 41.4153639 ], [ 2.1231711, 41.4153565 ], [ 2.1232107, 41.415334 ], [ 2.1232696, 41.4151573 ], [ 2.123324, 41.4150697 ], [ 2.1233766, 41.4149862 ], [ 2.1234113, 41.4149091 ], [ 2.123408, 41.4148455 ], [ 2.1233151, 41.4145033 ], [ 2.1232145, 41.4141914 ], [ 2.1231968, 41.4141016 ], [ 2.1231996, 41.4140283 ], [ 2.1232236, 41.4139552 ], [ 2.1232562, 41.4139061 ], [ 2.1233091, 41.4138548 ], [ 2.1233945, 41.4137832 ], [ 2.1234822, 41.4137252 ], [ 2.1236924, 41.4136568 ], [ 2.1238775, 41.4136255 ], [ 2.1240712, 41.4136083 ], [ 2.1241823, 41.4136318 ], [ 2.1243056, 41.4136837 ], [ 2.1244537, 41.4137686 ], [ 2.1245437, 41.4138093 ], [ 2.1247722, 41.4138874 ], [ 2.124913, 41.4139227 ], [ 2.1252187, 41.4139577 ], [ 2.1255243, 41.4140065 ], [ 2.1255118, 41.4141358 ], [ 2.1253357, 41.4142912 ], [ 2.1252772, 41.414377 ], [ 2.1251485, 41.4147245 ], [ 2.1251109, 41.4148567 ], [ 2.1251274, 41.4149488 ], [ 2.1251866, 41.41505 ], [ 2.1253343, 41.4153201 ], [ 2.125415, 41.4154669 ], [ 2.1254959, 41.4155859 ], [ 2.1255757, 41.4156628 ], [ 2.1256497, 41.415702 ], [ 2.1258459, 41.4157687 ], [ 2.1260541, 41.4158424 ], [ 2.1261653, 41.4158886 ], [ 2.1262177, 41.4159259 ], [ 2.1262725, 41.4159694 ], [ 2.1263212, 41.4160417 ], [ 2.1263817, 41.416178 ], [ 2.1264709, 41.4163975 ], [ 2.1265652, 41.4166381 ], [ 2.126586, 41.4166683 ], [ 2.1266108, 41.416691 ], [ 2.1266401, 41.4167081 ], [ 2.1266766, 41.4167261 ], [ 2.1267397, 41.4167474 ], [ 2.1267916, 41.4167563 ], [ 2.1268887, 41.4167594 ], [ 2.1270087, 41.41675 ], [ 2.1271608, 41.4167192 ], [ 2.1273474, 41.4166685 ], [ 2.1276155, 41.4166188 ], [ 2.1278483, 41.4165979 ], [ 2.1280187, 41.4165912 ], [ 2.1281553, 41.4165949 ], [ 2.1282741, 41.4165998 ], [ 2.1283344, 41.4166083 ], [ 2.1284227, 41.4166409 ], [ 2.1284762, 41.4166685 ], [ 2.1285627, 41.4167442 ], [ 2.1286083, 41.4168188 ], [ 2.1286937, 41.41697 ], [ 2.128778, 41.4171096 ], [ 2.1288347, 41.4171949 ], [ 2.1289108, 41.4172975 ], [ 2.1289255, 41.4173166 ], [ 2.1289613, 41.4173016 ], [ 2.1289615, 41.4173015 ], [ 2.1291667, 41.4172152 ], [ 2.1291891, 41.4172058 ], [ 2.1292615, 41.4171748 ], [ 2.1294129, 41.4171104 ], [ 2.129428, 41.417104 ], [ 2.1294502, 41.4170946 ], [ 2.1296891, 41.4169939 ], [ 2.1297978, 41.4169473 ], [ 2.1298092, 41.4169424 ], [ 2.1298092, 41.4169424 ], [ 2.1298093, 41.4169424 ], [ 2.1298556, 41.4169225 ], [ 2.129902, 41.4169027 ], [ 2.1301497, 41.4167972 ], [ 2.1304089, 41.416687 ], [ 2.1304108, 41.4166861 ], [ 2.1304537, 41.4166684 ], [ 2.1306943, 41.4165694 ], [ 2.1308282, 41.4165113 ], [ 2.1308433, 41.4165048 ], [ 2.1308453, 41.4165039 ], [ 2.1308484, 41.4165026 ], [ 2.1308484, 41.4165026 ], [ 2.1309629, 41.4164529 ], [ 2.1312077, 41.4163468 ], [ 2.1312296, 41.4163377 ], [ 2.1312474, 41.4163303 ], [ 2.1312928, 41.4163951 ], [ 2.1313022, 41.4164085 ], [ 2.1313314, 41.4164495 ], [ 2.1313292, 41.4164504 ], [ 2.1312838, 41.4164701 ], [ 2.1312837, 41.41647 ], [ 2.1312836, 41.4164698 ], [ 2.131283, 41.4164692 ], [ 2.1312741, 41.4164574 ], [ 2.1312708, 41.4164587 ], [ 2.1311995, 41.4164868 ], [ 2.1311995, 41.4164869 ], [ 2.131189, 41.4164908 ], [ 2.1311891, 41.4164909 ], [ 2.1311892, 41.416491 ], [ 2.1311896, 41.4164916 ], [ 2.1311831, 41.4164944 ], [ 2.1311269, 41.4165189 ], [ 2.1311264, 41.4165183 ], [ 2.1310473, 41.4165517 ], [ 2.1310295, 41.4165307 ], [ 2.1309039, 41.416584 ], [ 2.1307162, 41.4166684 ], [ 2.1306552, 41.4166959 ], [ 2.1304393, 41.4167913 ], [ 2.1302029, 41.4168973 ], [ 2.1300276, 41.416975 ], [ 2.1299044, 41.4170296 ], [ 2.1298651, 41.4170471 ], [ 2.1297855, 41.4170789 ], [ 2.1296958, 41.4171151 ], [ 2.1296902, 41.4171173 ], [ 2.1296479, 41.4171179 ], [ 2.1295968, 41.417143 ], [ 2.1295371, 41.4171663 ], [ 2.1295333, 41.4171678 ], [ 2.1294457, 41.4172036 ], [ 2.12944, 41.4172057 ], [ 2.1291082, 41.4173458 ], [ 2.1289872, 41.4173969 ], [ 2.1289399, 41.4174168 ], [ 2.1289285, 41.4174217 ], [ 2.128899, 41.4174341 ], [ 2.128793, 41.4174789 ], [ 2.1287862, 41.4174691 ], [ 2.1287838, 41.4174658 ], [ 2.1286957, 41.417505 ], [ 2.1286682, 41.4175171 ], [ 2.1285578, 41.4175674 ], [ 2.1284073, 41.4176351 ], [ 2.1282794, 41.4176925 ], [ 2.1281669, 41.417743 ], [ 2.128045, 41.4177975 ], [ 2.1279203, 41.417853 ], [ 2.1277897, 41.4179109 ], [ 2.1276409, 41.4179775 ], [ 2.1274562, 41.4180599 ], [ 2.127301, 41.4181291 ], [ 2.1271695, 41.4181876 ], [ 2.1269386, 41.4182899 ], [ 2.1267918, 41.4183557 ], [ 2.1264441, 41.4185107 ], [ 2.1262571, 41.4185934 ], [ 2.12617, 41.4186318 ], [ 2.1258624, 41.4187678 ], [ 2.1256573, 41.418858 ], [ 2.1255994, 41.4188834 ], [ 2.1254256, 41.4189594 ], [ 2.1253855, 41.4189769 ], [ 2.1253747, 41.4189816 ], [ 2.1253162, 41.4190072 ], [ 2.1252422, 41.4190381 ], [ 2.1251905, 41.4190573 ], [ 2.1251523, 41.4190737 ], [ 2.1251213, 41.4190855 ], [ 2.1250891, 41.4190962 ], [ 2.1249281, 41.4191544 ], [ 2.1248425, 41.4191799 ], [ 2.1247557, 41.4192041 ], [ 2.1247289, 41.419211 ], [ 2.1247154, 41.4192166 ], [ 2.1245092, 41.4193034 ], [ 2.1244568, 41.4193254 ], [ 2.1243912, 41.4193529 ], [ 2.1242874, 41.4193965 ], [ 2.1240955, 41.4194786 ], [ 2.1240349, 41.4195042 ], [ 2.1238758, 41.4195714 ], [ 2.1236455, 41.4196696 ], [ 2.1233755, 41.4197855 ], [ 2.1233467, 41.4197978 ], [ 2.1233339, 41.4198033 ], [ 2.123029, 41.4199335 ], [ 2.1230071, 41.4199426 ], [ 2.1228735, 41.4199983 ], [ 2.1225302, 41.4201453 ], [ 2.1222663, 41.4202574 ], [ 2.1221765, 41.4202961 ], [ 2.1221457, 41.4203092 ], [ 2.1220566, 41.4203472 ], [ 2.1219522, 41.4203925 ], [ 2.1218224, 41.4204477 ], [ 2.1216988, 41.4205009 ], [ 2.1216081, 41.4205399 ], [ 2.1215584, 41.4205613 ], [ 2.1215579, 41.4205603 ], [ 2.1215517, 41.4205497 ], [ 2.1215476, 41.4205425 ], [ 2.1215303, 41.42055 ], [ 2.121523, 41.4205531 ], [ 2.1214453, 41.4205869 ], [ 2.1213574, 41.4206233 ], [ 2.1212871, 41.4206519 ], [ 2.1212901, 41.4206559 ], [ 2.1212649, 41.4206663 ], [ 2.1212215, 41.4206851 ], [ 2.1212157, 41.4206875 ], [ 2.1212074, 41.4206911 ], [ 2.1211722, 41.4207061 ], [ 2.1211629, 41.4207101 ], [ 2.1211629, 41.4207101 ], [ 2.1214717, 41.4208429 ], [ 2.1215054, 41.4208686 ], [ 2.1215333, 41.4209208 ], [ 2.1215374, 41.4209839 ], [ 2.1215121, 41.4211244 ], [ 2.1214701, 41.4212343 ], [ 2.1214015, 41.4213487 ], [ 2.1213076, 41.4214597 ], [ 2.1209824, 41.4217624 ], [ 2.120883, 41.4218771 ], [ 2.1207718, 41.4220525 ], [ 2.1204265, 41.4227219 ], [ 2.1204383, 41.4228023 ], [ 2.1205373, 41.4230582 ], [ 2.1205451, 41.4231138 ], [ 2.12045, 41.423747 ], [ 2.1204679, 41.42394 ], [ 2.1205153, 41.4241077 ], [ 2.1213112, 41.4253866 ], [ 2.1213439, 41.4254673 ], [ 2.1213589, 41.4255508 ], [ 2.1213472, 41.4256202 ], [ 2.1213217, 41.4256759 ], [ 2.1212539, 41.4257555 ], [ 2.121215, 41.4257826 ], [ 2.1212669, 41.4258318 ], [ 2.1212198, 41.425868 ], [ 2.1211835, 41.4258869 ], [ 2.1211159, 41.4259097 ], [ 2.1210277, 41.4259326 ], [ 2.1209597, 41.4259427 ], [ 2.1208881, 41.4259461 ], [ 2.1207529, 41.4259346 ], [ 2.1195593, 41.42574 ], [ 2.119282, 41.4258683 ], [ 2.1189349, 41.4258133 ], [ 2.1184787, 41.4259677 ], [ 2.1180615, 41.4261385 ], [ 2.1177458, 41.4262178 ], [ 2.1171054, 41.4262686 ], [ 2.1168086, 41.4264151 ], [ 2.1163223, 41.4266617 ], [ 2.1156613, 41.4267774 ], [ 2.115461, 41.4268767 ], [ 2.1154092, 41.4269489 ], [ 2.115406, 41.4271867 ], [ 2.1154325, 41.4273801 ], [ 2.1154166, 41.4274944 ], [ 2.1153638, 41.4275937 ], [ 2.1150831, 41.4278175 ], [ 2.1144792, 41.4280615 ], [ 2.1141832, 41.4281504 ], [ 2.1137538, 41.428326 ], [ 2.1135585, 41.4283986 ], [ 2.1133236, 41.4285036 ], [ 2.1130067, 41.4283695 ], [ 2.1129395, 41.4283602 ], [ 2.1128736, 41.428379 ], [ 2.112463, 41.4285908 ], [ 2.1123769, 41.4286114 ], [ 2.112337, 41.428613 ], [ 2.1122598, 41.4285971 ], [ 2.1121977, 41.4285748 ], [ 2.1121621, 41.4285552 ], [ 2.1120221, 41.4284248 ], [ 2.1119885, 41.4284024 ], [ 2.1119235, 41.428372 ], [ 2.1118642, 41.4283503 ], [ 2.1117406, 41.428334 ], [ 2.11141, 41.4283104 ], [ 2.1111636, 41.428287 ], [ 2.1110146, 41.4282838 ], [ 2.1109431, 41.4282908 ], [ 2.1101488, 41.428476 ], [ 2.1097127, 41.4284166 ], [ 2.1092008, 41.4287284 ], [ 2.1090057, 41.4287511 ], [ 2.1084032, 41.428722 ], [ 2.1077203, 41.4286355 ], [ 2.106679, 41.4286328 ], [ 2.106341, 41.4285033 ], [ 2.1058537, 41.4285639 ], [ 2.10581, 41.4286149 ], [ 2.1057488, 41.4287745 ], [ 2.1057453, 41.4287836 ], [ 2.105536, 41.4288051 ], [ 2.1053061, 41.4288395 ], [ 2.1043634, 41.4285293 ], [ 2.104043, 41.4283613 ], [ 2.1035948, 41.4281096 ], [ 2.1032204, 41.428074 ], [ 2.1029813, 41.4282621 ], [ 2.1027057, 41.4284324 ], [ 2.102607, 41.4284749 ], [ 2.1025205, 41.4285006 ], [ 2.1021315, 41.4286685 ], [ 2.1021104, 41.4286856 ], [ 2.1019377, 41.4289565 ], [ 2.1018421, 41.4290875 ], [ 2.101696, 41.4292201 ], [ 2.101384, 41.4295213 ], [ 2.1012953, 41.4296127 ], [ 2.1012736, 41.4296447 ], [ 2.1012607, 41.4296788 ], [ 2.1012609, 41.4297108 ], [ 2.1012668, 41.429716 ], [ 2.1012634, 41.4297248 ], [ 2.1011456, 41.4297879 ], [ 2.1009695, 41.4298377 ], [ 2.1006825, 41.4299051 ], [ 2.0998995, 41.4301108 ], [ 2.0995564, 41.4301377 ], [ 2.0991455, 41.4301221 ], [ 2.0987947, 41.4307544 ], [ 2.0987249, 41.4308896 ], [ 2.0988517, 41.4313103 ], [ 2.0989069, 41.4314684 ], [ 2.0989274, 41.4315743 ], [ 2.0989408, 41.4316987 ], [ 2.0988117, 41.4317486 ], [ 2.0985112, 41.4319278 ], [ 2.0976562, 41.4322219 ], [ 2.0972124, 41.4324475 ], [ 2.097085, 41.4325014 ], [ 2.0969941, 41.4326128 ], [ 2.0969639, 41.4326408 ], [ 2.0969086, 41.432673 ], [ 2.0968644, 41.4326926 ], [ 2.0967238, 41.4327371 ], [ 2.096316, 41.433104 ], [ 2.0962345, 41.4331712 ], [ 2.0960693, 41.4332724 ], [ 2.0957335, 41.4330909 ], [ 2.0955857, 41.4329259 ], [ 2.0954889, 41.4328538 ], [ 2.0953906, 41.4328445 ], [ 2.0948371, 41.4327564 ], [ 2.0947128, 41.4327589 ], [ 2.0945194, 41.4325558 ], [ 2.0943249, 41.4323954 ], [ 2.0941775, 41.4321861 ], [ 2.0941479, 41.4321585 ], [ 2.0940722, 41.4321099 ], [ 2.0940392, 41.432034 ], [ 2.0939292, 41.4317131 ], [ 2.0938367, 41.431649 ], [ 2.0937508, 41.4315369 ], [ 2.0936339, 41.4313129 ], [ 2.0936003, 41.4312686 ], [ 2.0935112, 41.4311809 ], [ 2.0933946, 41.4310406 ], [ 2.0933405, 41.4309834 ], [ 2.0930882, 41.4308328 ], [ 2.0930493, 41.4307932 ], [ 2.0929963, 41.4307542 ], [ 2.0929454, 41.4307288 ], [ 2.092905, 41.4306815 ], [ 2.0928503, 41.4305455 ], [ 2.0927966, 41.4304351 ], [ 2.0927669, 41.4303879 ], [ 2.0927084, 41.4303121 ], [ 2.0926239, 41.430243 ], [ 2.0925203, 41.4301867 ], [ 2.0924973, 41.430165 ], [ 2.0924478, 41.430057 ], [ 2.0924396, 41.4300235 ], [ 2.092443, 41.4299326 ], [ 2.0924285, 41.4298156 ], [ 2.092288, 41.4296126 ], [ 2.0921367, 41.4295469 ], [ 2.0920562, 41.4295296 ], [ 2.0919406, 41.429525 ], [ 2.0917518, 41.4294874 ], [ 2.0915904, 41.4293677 ], [ 2.0914976, 41.4292911 ], [ 2.0914283, 41.4292431 ], [ 2.0913301, 41.4292131 ], [ 2.0911368, 41.4291879 ], [ 2.0911169, 41.4291773 ], [ 2.0910334, 41.4290979 ], [ 2.0910075, 41.4290673 ], [ 2.0909932, 41.4289642 ], [ 2.0908346, 41.4288127 ], [ 2.090426, 41.4286438 ], [ 2.09016, 41.428871 ], [ 2.0900333, 41.4289392 ], [ 2.0892058, 41.4292138 ], [ 2.0891033, 41.4292155 ], [ 2.0890589, 41.4292045 ], [ 2.0890159, 41.4291829 ], [ 2.0889765, 41.4291444 ], [ 2.0889379, 41.4290727 ], [ 2.0889306, 41.4290047 ], [ 2.0889063, 41.4289084 ], [ 2.088852, 41.4288168 ], [ 2.0888223, 41.4287404 ], [ 2.0887899, 41.4286216 ], [ 2.0883278, 41.4286464 ], [ 2.0881088, 41.4286755 ], [ 2.0876753, 41.4287513 ], [ 2.0872598, 41.428784 ], [ 2.0869131, 41.4288357 ], [ 2.0864573, 41.4288803 ], [ 2.0861574, 41.4289149 ], [ 2.0860605, 41.4289393 ], [ 2.0859359, 41.4289837 ], [ 2.0858918, 41.4289929 ], [ 2.0857333, 41.4290018 ], [ 2.085576, 41.4290703 ], [ 2.0855511, 41.4291029 ], [ 2.0854303, 41.4292296 ], [ 2.0853903, 41.4292927 ], [ 2.0853689, 41.4293157 ], [ 2.0840901, 41.4298882 ], [ 2.0838905, 41.429973 ], [ 2.0838073, 41.4300343 ], [ 2.083743, 41.4300927 ], [ 2.0837042, 41.4301645 ], [ 2.0837059, 41.4302407 ], [ 2.0837281, 41.4302897 ], [ 2.0838533, 41.4304176 ], [ 2.0838016, 41.4304967 ], [ 2.0836688, 41.430647 ], [ 2.0834183, 41.4308528 ], [ 2.0833339, 41.4308231 ], [ 2.0832962, 41.4308143 ], [ 2.0830556, 41.4307995 ], [ 2.0829913, 41.430785 ], [ 2.0827578, 41.4307584 ], [ 2.082664, 41.430764 ], [ 2.0826316, 41.4307728 ], [ 2.0826106, 41.4307846 ], [ 2.0825956, 41.4308023 ], [ 2.0825643, 41.4308888 ], [ 2.08248, 41.4310373 ], [ 2.08246, 41.4310918 ], [ 2.0824511, 41.4311385 ], [ 2.0824511, 41.4311854 ], [ 2.0824596, 41.4312263 ], [ 2.0825157, 41.4313299 ], [ 2.0825825, 41.4314814 ], [ 2.0824963, 41.4315387 ], [ 2.0823176, 41.4316293 ], [ 2.0821946, 41.4316649 ], [ 2.0821033, 41.4316726 ], [ 2.0820369, 41.4316697 ], [ 2.0814371, 41.4315764 ], [ 2.0813884, 41.4315199 ], [ 2.0812246, 41.4313762 ], [ 2.0811728, 41.4313227 ], [ 2.081142, 41.4312819 ], [ 2.0811201, 41.4312408 ], [ 2.0811078, 41.4312013 ], [ 2.0811046, 41.4311661 ], [ 2.08111, 41.4311312 ], [ 2.0811228, 41.4311025 ], [ 2.0811946, 41.4310167 ], [ 2.0812091, 41.4309916 ], [ 2.0812163, 41.4309612 ], [ 2.0812178, 41.4308627 ], [ 2.0812257, 41.430829 ], [ 2.0812516, 41.4307675 ], [ 2.0812528, 41.4307463 ], [ 2.0812456, 41.430731 ], [ 2.0812261, 41.430714 ], [ 2.0811728, 41.4306836 ], [ 2.0811203, 41.4306627 ], [ 2.0810557, 41.4306455 ], [ 2.080982, 41.4306332 ], [ 2.0809101, 41.4306279 ], [ 2.0808439, 41.4306296 ], [ 2.0807696, 41.4306388 ], [ 2.0806872, 41.4306562 ], [ 2.0804284, 41.4307251 ], [ 2.0803535, 41.4307519 ], [ 2.0802839, 41.4307842 ], [ 2.0802168, 41.4308231 ], [ 2.0801764, 41.4308532 ], [ 2.0801518, 41.4308798 ], [ 2.0801382, 41.430905 ], [ 2.0801333, 41.4309309 ], [ 2.0801369, 41.4309539 ], [ 2.0801744, 41.4310147 ], [ 2.0801814, 41.4310401 ], [ 2.0801734, 41.4311359 ], [ 2.0801779, 41.4311605 ], [ 2.0802309, 41.4312459 ], [ 2.0802465, 41.4312838 ], [ 2.0802582, 41.4313365 ], [ 2.0802666, 41.4314229 ], [ 2.0802666, 41.4315045 ], [ 2.0802597, 41.4315595 ], [ 2.0802157, 41.4317072 ], [ 2.0801983, 41.4317396 ], [ 2.0801732, 41.4317681 ], [ 2.080133, 41.4318 ], [ 2.0799698, 41.4318904 ], [ 2.0799303, 41.431906 ], [ 2.0798856, 41.4319161 ], [ 2.0796351, 41.4319429 ], [ 2.079585, 41.4319434 ], [ 2.0794751, 41.431934 ], [ 2.0792058, 41.4319484 ], [ 2.079059, 41.4319841 ], [ 2.0790184, 41.4319888 ], [ 2.0788314, 41.4319691 ], [ 2.0786734, 41.4319578 ], [ 2.0785985, 41.4319577 ], [ 2.0781647, 41.4320349 ], [ 2.0780265, 41.4320709 ], [ 2.0779153, 41.4321062 ], [ 2.0778231, 41.4321418 ], [ 2.0777427, 41.4321803 ], [ 2.077544, 41.4323003 ], [ 2.0773605, 41.4323944 ], [ 2.0773134, 41.4324257 ], [ 2.0772166, 41.4325188 ], [ 2.0770821, 41.4326195 ], [ 2.0768936, 41.4327701 ], [ 2.0767142, 41.43285 ], [ 2.0761001, 41.4329138 ], [ 2.0755848, 41.4329367 ], [ 2.0754002, 41.4329364 ], [ 2.0753489, 41.4329523 ], [ 2.0752937, 41.4329624 ], [ 2.0751744, 41.4330396 ], [ 2.0750956, 41.4331951 ], [ 2.0749512, 41.4333016 ], [ 2.0749012, 41.4333481 ], [ 2.0748679, 41.4333883 ], [ 2.0748451, 41.4334441 ], [ 2.0748466, 41.4334775 ], [ 2.074872, 41.4335669 ], [ 2.0750577, 41.4338488 ], [ 2.075066, 41.4338706 ], [ 2.0750643, 41.4339337 ], [ 2.0750481, 41.434001 ], [ 2.0750451, 41.4340525 ], [ 2.0750799, 41.4341835 ], [ 2.0751282, 41.4344577 ], [ 2.0751313, 41.4345037 ], [ 2.0751237, 41.434565 ], [ 2.0749945, 41.434865 ], [ 2.0747723, 41.4353018 ], [ 2.0743263, 41.4353534 ], [ 2.0741921, 41.4353587 ], [ 2.0739489, 41.435348 ], [ 2.0738864, 41.4353305 ], [ 2.0738132, 41.4352946 ], [ 2.0737839, 41.4352889 ], [ 2.0736757, 41.4352821 ], [ 2.0734897, 41.4352544 ], [ 2.0733234, 41.4352442 ], [ 2.0731873, 41.4352116 ], [ 2.0731261, 41.435218 ], [ 2.0730925, 41.4352309 ], [ 2.0730205, 41.4352707 ], [ 2.0730002, 41.4352868 ], [ 2.0728628, 41.4354402 ], [ 2.0728321, 41.4354587 ], [ 2.0727541, 41.4354661 ], [ 2.0726066, 41.4354602 ], [ 2.072555, 41.4354689 ] ] ], [ [ [ 2.0589699, 41.4354198 ], [ 2.0588135, 41.4355572 ], [ 2.0583177, 41.4356594 ], [ 2.0581059, 41.4357388 ], [ 2.0576693, 41.4358064 ], [ 2.0576725, 41.4357487 ], [ 2.0577266, 41.4355663 ], [ 2.0577275, 41.4355042 ], [ 2.057667, 41.4353019 ], [ 2.0576515, 41.435128 ], [ 2.0574904, 41.4346826 ], [ 2.0574819, 41.4346077 ], [ 2.0575083, 41.4345206 ], [ 2.0575614, 41.4344057 ], [ 2.0578853, 41.4339445 ], [ 2.0579065, 41.433887 ], [ 2.0579048, 41.4338384 ], [ 2.0578908, 41.4338094 ], [ 2.0577834, 41.4337041 ], [ 2.0576769, 41.4336239 ], [ 2.0576391, 41.4335858 ], [ 2.0576029, 41.4335233 ], [ 2.0575969, 41.4334458 ], [ 2.0576262, 41.433401 ], [ 2.0577098, 41.4333342 ], [ 2.0577367, 41.4332929 ], [ 2.0577632, 41.4332013 ], [ 2.057789, 41.4329043 ], [ 2.0578525, 41.4326499 ], [ 2.0578544, 41.432603 ], [ 2.0584167, 41.4312953 ], [ 2.0584016, 41.4311798 ], [ 2.058438, 41.4308982 ], [ 2.0584424, 41.4304299 ], [ 2.0584123, 41.4299414 ], [ 2.0583933, 41.4297638 ], [ 2.0584485, 41.4295949 ], [ 2.0584472, 41.4291851 ], [ 2.0583302, 41.4290004 ], [ 2.058258, 41.4287746 ], [ 2.0579924, 41.4282716 ], [ 2.0576903, 41.4278989 ], [ 2.0575822, 41.4275116 ], [ 2.0575542, 41.4271259 ], [ 2.0576787, 41.4267963 ], [ 2.057665, 41.4264197 ], [ 2.0574729, 41.4262155 ], [ 2.0567905, 41.4258144 ], [ 2.0564284, 41.4256971 ], [ 2.0558678, 41.4254844 ], [ 2.0552991, 41.4254212 ], [ 2.0546633, 41.4252764 ], [ 2.0532575, 41.4250072 ], [ 2.0528856, 41.4248222 ], [ 2.0524293, 41.4244356 ], [ 2.0523556, 41.4242773 ], [ 2.0523329, 41.4242303 ], [ 2.0524074, 41.4242075 ], [ 2.0524617, 41.42418 ], [ 2.05248, 41.4241586 ], [ 2.0524802, 41.4240622 ], [ 2.0524331, 41.4239231 ], [ 2.0524383, 41.4238934 ], [ 2.0524737, 41.4238478 ], [ 2.052516, 41.4238166 ], [ 2.0525919, 41.4237875 ], [ 2.0530622, 41.4237004 ], [ 2.0531609, 41.4236643 ], [ 2.053719, 41.4231401 ], [ 2.0537592, 41.4230927 ], [ 2.0538035, 41.4230084 ], [ 2.0539204, 41.4228671 ], [ 2.0540009, 41.4228461 ], [ 2.0541605, 41.422733 ], [ 2.0542325, 41.4227183 ], [ 2.0544419, 41.4227236 ], [ 2.0544769, 41.4227023 ], [ 2.0545538, 41.4225147 ], [ 2.0546172, 41.4224296 ], [ 2.0546438, 41.4224145 ], [ 2.0549736, 41.4223677 ], [ 2.0551455, 41.4223151 ], [ 2.0555132, 41.4222902 ], [ 2.0555446, 41.4222724 ], [ 2.0555946, 41.4222071 ], [ 2.0557168, 41.4221153 ], [ 2.0557754, 41.422032 ], [ 2.0559411, 41.4219091 ], [ 2.056035, 41.4218765 ], [ 2.0560798, 41.4218345 ], [ 2.0561433, 41.4217486 ], [ 2.0561903, 41.4217292 ], [ 2.0562194, 41.4217033 ], [ 2.05638, 41.4214371 ], [ 2.0564031, 41.4214111 ], [ 2.0564441, 41.4213872 ], [ 2.0564649, 41.4213576 ], [ 2.0564852, 41.4212749 ], [ 2.0564863, 41.4212029 ], [ 2.0564413, 41.4210007 ], [ 2.0564396, 41.4209566 ], [ 2.0563775, 41.4207813 ], [ 2.0563771, 41.4204778 ], [ 2.0564004, 41.420441 ], [ 2.056523, 41.4203186 ], [ 2.0565707, 41.4202506 ], [ 2.0565846, 41.4201984 ], [ 2.0565713, 41.4201254 ], [ 2.0565807, 41.4200552 ], [ 2.0566182, 41.419942 ], [ 2.056633, 41.4197493 ], [ 2.0566812, 41.4196453 ], [ 2.0566887, 41.4195372 ], [ 2.0568409, 41.4192746 ], [ 2.0568563, 41.419199 ], [ 2.0568537, 41.4191342 ], [ 2.056865, 41.4190955 ], [ 2.0569403, 41.4190196 ], [ 2.0570212, 41.4189671 ], [ 2.0570819, 41.4189081 ], [ 2.0571077, 41.4188651 ], [ 2.0570452, 41.4188025 ], [ 2.0570711, 41.4187432 ], [ 2.0571213, 41.4186662 ], [ 2.0572502, 41.4185249 ], [ 2.0573009, 41.4184091 ], [ 2.0572811, 41.4182937 ], [ 2.0572598, 41.4182773 ], [ 2.0572238, 41.4181968 ], [ 2.0572302, 41.4181689 ], [ 2.0572212, 41.4181337 ], [ 2.0571751, 41.4180901 ], [ 2.0570879, 41.4178318 ], [ 2.0570681, 41.4177983 ], [ 2.0570581, 41.4176622 ], [ 2.0570328, 41.4175035 ], [ 2.0569729, 41.4172634 ], [ 2.0569778, 41.4171716 ], [ 2.0569464, 41.4169425 ], [ 2.0568975, 41.416852 ], [ 2.0569059, 41.4167629 ], [ 2.0568942, 41.416662 ], [ 2.0569018, 41.4166332 ], [ 2.0569455, 41.4165939 ], [ 2.0569628, 41.4165553 ], [ 2.056899, 41.415999 ], [ 2.0562259, 41.415635 ], [ 2.0560857, 41.415315 ], [ 2.0559444, 41.4151598 ], [ 2.0557167, 41.4150147 ], [ 2.0552317, 41.4144676 ], [ 2.0548174, 41.4141571 ], [ 2.0546409, 41.4139493 ], [ 2.0548454, 41.4134097 ], [ 2.0549424, 41.4129689 ], [ 2.0549891, 41.4121824 ], [ 2.056852, 41.4103299 ], [ 2.0574378, 41.4103345 ], [ 2.0587651, 41.4106465 ], [ 2.0589961, 41.4109854 ], [ 2.0589932, 41.4115355 ], [ 2.0590743, 41.4122587 ], [ 2.0588695, 41.412459 ], [ 2.0584727, 41.4126937 ], [ 2.0582913, 41.4128228 ], [ 2.0585176, 41.4127446 ], [ 2.0591989, 41.4127779 ], [ 2.0595799, 41.4127987 ], [ 2.060187, 41.4126834 ], [ 2.0607782, 41.4127269 ], [ 2.061476, 41.4129414 ], [ 2.0614927, 41.4129465 ], [ 2.0615222, 41.4130442 ], [ 2.0615647, 41.4131108 ], [ 2.0616399, 41.4131639 ], [ 2.0616761, 41.4131903 ], [ 2.0617309, 41.4132513 ], [ 2.0617649, 41.4132805 ], [ 2.0619092, 41.4133891 ], [ 2.0619505, 41.4134307 ], [ 2.0619635, 41.4134534 ], [ 2.0620003, 41.4135854 ], [ 2.0620484, 41.4136647 ], [ 2.0626266, 41.4136034 ], [ 2.0633817, 41.413572 ], [ 2.0634961, 41.4135502 ], [ 2.0639881, 41.4141603 ], [ 2.0641579, 41.4142867 ], [ 2.0642245, 41.4144597 ], [ 2.0642546, 41.4145211 ], [ 2.0643773, 41.4150294 ], [ 2.0647109, 41.4155926 ], [ 2.064903, 41.416093 ], [ 2.0649899, 41.4166322 ], [ 2.0647146, 41.4171365 ], [ 2.064409, 41.4176452 ], [ 2.0642875, 41.4178406 ], [ 2.0645805, 41.4180262 ], [ 2.0656656, 41.4181278 ], [ 2.0667836, 41.4180591 ], [ 2.0672419, 41.4180824 ], [ 2.0675725, 41.4182944 ], [ 2.0681148, 41.4184613 ], [ 2.0700329, 41.4186921 ], [ 2.070485, 41.4188121 ], [ 2.0702392, 41.4201552 ], [ 2.0701708, 41.4209774 ], [ 2.0699605, 41.4213431 ], [ 2.0697953, 41.4217661 ], [ 2.0698739, 41.422703 ], [ 2.0695434, 41.4230517 ], [ 2.0693976, 41.4233541 ], [ 2.0696741, 41.4251761 ], [ 2.0693364, 41.4252651 ], [ 2.0676556, 41.4259916 ], [ 2.0670446, 41.4262665 ], [ 2.0670155, 41.4263577 ], [ 2.0670054, 41.4264158 ], [ 2.0670147, 41.4264914 ], [ 2.0670489, 41.4265657 ], [ 2.0670839, 41.4266254 ], [ 2.0671201, 41.4267517 ], [ 2.0671159, 41.4268147 ], [ 2.0671041, 41.4268507 ], [ 2.0669729, 41.4269888 ], [ 2.0668627, 41.4272157 ], [ 2.0668138, 41.4272698 ], [ 2.0668038, 41.4273219 ], [ 2.0668185, 41.4273885 ], [ 2.0668568, 41.4274542 ], [ 2.0669275, 41.4275407 ], [ 2.0669567, 41.4276465 ], [ 2.0670014, 41.4277406 ], [ 2.0671115, 41.4278698 ], [ 2.0671632, 41.4279054 ], [ 2.0672923, 41.4280295 ], [ 2.0674445, 41.4281595 ], [ 2.0674664, 41.4282127 ], [ 2.0674593, 41.4282896 ], [ 2.0674399, 41.4283485 ], [ 2.0674416, 41.4284165 ], [ 2.0674632, 41.4285407 ], [ 2.0674954, 41.4286422 ], [ 2.0675725, 41.428703 ], [ 2.067719, 41.4287398 ], [ 2.0677681, 41.428747 ], [ 2.0678665, 41.4287969 ], [ 2.0678668, 41.4288495 ], [ 2.0678834, 41.4290075 ], [ 2.0678303, 41.4291309 ], [ 2.0677658, 41.4292158 ], [ 2.0677337, 41.4293765 ], [ 2.0678137, 41.4295448 ], [ 2.0673959, 41.4295353 ], [ 2.066653, 41.4297662 ], [ 2.0664125, 41.4298094 ], [ 2.0659688, 41.4300803 ], [ 2.0655366, 41.4299038 ], [ 2.0645819, 41.4299149 ], [ 2.0641096, 41.4304603 ], [ 2.0636622, 41.4311276 ], [ 2.0634635, 41.43207 ], [ 2.0633107, 41.432322 ], [ 2.0633062, 41.4326064 ], [ 2.0633169, 41.4329045 ], [ 2.063099, 41.4329483 ], [ 2.0629078, 41.4335832 ], [ 2.0621202, 41.4333584 ], [ 2.0609275, 41.4336771 ], [ 2.0600204, 41.4339552 ], [ 2.0598333, 41.4341157 ], [ 2.0594986, 41.4344784 ], [ 2.0593615, 41.4347864 ], [ 2.0593173, 41.4350664 ], [ 2.0593582, 41.4353878 ], [ 2.0591165, 41.4353813 ], [ 2.0589699, 41.4354198 ] ] ] ] } },
{ "type": "Feature", "properties": { "id": "23", "name": "Sarrià", "housing2025": 12915.0, "housing2026": 12950.0, "hutCount": 29, "hutPending": 4, "hutAllRecords": 33, "hutStrictGeometry": 29, "hutBeds": 176.0, "missingBeds": 0, "rent2019": 16.866645352136484, "rentMonth2019": 1375.1032360406089, "contracts2019": 788.0, "rent2020": 16.978896536050428, "rentMonth2020": 1366.2416553323028, "contracts2020": 647.0, "rent2021": 15.90375279016188, "rentMonth2021": 1303.063928980527, "contracts2021": 873.0, "rent2022": 18.194538918375425, "rentMonth2022": 1431.6931314623339, "contracts2022": 677.0, "rent2023": 19.517264715391487, "rentMonth2023": 1528.4547089041096, "contracts2023": 584.0, "rent2024": 19.264390858172135, "rentMonth2024": 1563.984824399261, "contracts2024": 541.0, "rent2025": 20.487242347086301, "rentMonth2025": 1666.9637115384601, "contracts2025": 520.0, "hutIntensity": 2.2393822393822393, "hutInclusiveIntensity": 2.5482625482625481, "hutStrictIntensity": 2.2393822393822393, "rentChange": 12.601052650998357, "contractIntensity": 40.263259775454898, "comparable": true, "validRent2025": true, "validRentChange": true, "validContractActivity": true, "qualityFlag": "pending_registry_records_retained_in_audit", "platform2025": 82, "platformEntire2025": 52, "platformIntensity2025": 4.0263259775454898, "overlapClass": "rent", "changeClass": "neither", "thresholdStable": true, "caseFlag": false }, "geometry": { "type": "Polygon", "coordinates": [ [ [ 2.1168485, 41.4135205 ], [ 2.1167076, 41.4135869 ], [ 2.1165851, 41.4136817 ], [ 2.1165214, 41.413755 ], [ 2.1163169, 41.4140424 ], [ 2.1162724, 41.4140845 ], [ 2.1162198, 41.414117 ], [ 2.1161107, 41.4141445 ], [ 2.1160376, 41.4141439 ], [ 2.1159606, 41.4141197 ], [ 2.1159048, 41.4140706 ], [ 2.1157979, 41.4139426 ], [ 2.1156603, 41.4137641 ], [ 2.1154529, 41.4134909 ], [ 2.1152957, 41.413218 ], [ 2.1152482, 41.4131753 ], [ 2.1151963, 41.4131466 ], [ 2.1151318, 41.4131304 ], [ 2.1151172, 41.4131287 ], [ 2.1150734, 41.413119 ], [ 2.1150024, 41.4131137 ], [ 2.1149063, 41.4131098 ], [ 2.1148186, 41.4131092 ], [ 2.114756, 41.4130961 ], [ 2.1146998, 41.41308 ], [ 2.1146023, 41.4130258 ], [ 2.1145342, 41.4129641 ], [ 2.114489, 41.4129072 ], [ 2.1144727, 41.4128757 ], [ 2.1144388, 41.4127561 ], [ 2.1144072, 41.4126208 ], [ 2.1143764, 41.4125014 ], [ 2.1143491, 41.412379 ], [ 2.1143192, 41.4122779 ], [ 2.1142924, 41.4122245 ], [ 2.1142174, 41.4121916 ], [ 2.1140744, 41.4121471 ], [ 2.1139605, 41.4121462 ], [ 2.1138384, 41.4121699 ], [ 2.1137051, 41.4122205 ], [ 2.1136076, 41.4122725 ], [ 2.1134752, 41.4123688 ], [ 2.113329, 41.412488 ], [ 2.1133138, 41.4125013 ], [ 2.1131216, 41.4126829 ], [ 2.1130683, 41.4127167 ], [ 2.112998, 41.4127519 ], [ 2.112946, 41.4127674 ], [ 2.1128942, 41.4127662 ], [ 2.112852, 41.4127611 ], [ 2.1128036, 41.4127488 ], [ 2.1127531, 41.4127301 ], [ 2.1126316, 41.4126474 ], [ 2.1125, 41.4125246 ], [ 2.1124744, 41.4125012 ], [ 2.1124135, 41.4124384 ], [ 2.1123646, 41.4123831 ], [ 2.1123326, 41.4123592 ], [ 2.1122788, 41.4123562 ], [ 2.1121924, 41.4123469 ], [ 2.1120893, 41.4123573 ], [ 2.1118897, 41.4124467 ], [ 2.1117811, 41.4125011 ], [ 2.1116677, 41.4125885 ], [ 2.1115519, 41.412677 ], [ 2.111438, 41.4127881 ], [ 2.1113923, 41.4128437 ], [ 2.1113444, 41.4129181 ], [ 2.1112876, 41.4130322 ], [ 2.1112196, 41.4132909 ], [ 2.1111764, 41.4134311 ], [ 2.1111549, 41.4134902 ], [ 2.111136, 41.41352 ], [ 2.1111241, 41.4135397 ], [ 2.111069, 41.4135821 ], [ 2.1110469, 41.413599 ], [ 2.1110002, 41.4135946 ], [ 2.1109371, 41.4135811 ], [ 2.1108359, 41.4135471 ], [ 2.1107474, 41.4134932 ], [ 2.110578, 41.4133103 ], [ 2.1104196, 41.4131451 ], [ 2.1103667, 41.4130722 ], [ 2.1103161, 41.4129695 ], [ 2.1102403, 41.4127442 ], [ 2.1102416, 41.4126812 ], [ 2.1102201, 41.4125727 ], [ 2.1102048, 41.4125009 ], [ 2.1102, 41.4124865 ], [ 2.1101793, 41.4123551 ], [ 2.1100841, 41.4122504 ], [ 2.1100313, 41.41223 ], [ 2.1099372, 41.4122118 ], [ 2.109797, 41.4122302 ], [ 2.1097029, 41.4122586 ], [ 2.1095793, 41.4123167 ], [ 2.1094976, 41.4123753 ], [ 2.1094227, 41.4124379 ], [ 2.1093731, 41.4125008 ], [ 2.1093073, 41.4125971 ], [ 2.1092786, 41.4126537 ], [ 2.1092436, 41.4127051 ], [ 2.1091876, 41.4127734 ], [ 2.1090867, 41.4128428 ], [ 2.1090458, 41.412854 ], [ 2.1089734, 41.4128591 ], [ 2.1089107, 41.4128558 ], [ 2.1088177, 41.4128263 ], [ 2.1087254, 41.412777 ], [ 2.1085881, 41.4127216 ], [ 2.1083527, 41.4126294 ], [ 2.1083168, 41.4126134 ], [ 2.1082867, 41.4125888 ], [ 2.1082424, 41.412542 ], [ 2.1082244, 41.4125006 ], [ 2.1082053, 41.4124572 ], [ 2.1082078, 41.412374 ], [ 2.10825, 41.4122195 ], [ 2.1082275, 41.4120669 ], [ 2.1081974, 41.4119215 ], [ 2.1081959, 41.4118448 ], [ 2.1082465, 41.411636 ], [ 2.1082564, 41.4115656 ], [ 2.1082529, 41.4115129 ], [ 2.1082167, 41.4114775 ], [ 2.1081276, 41.411432 ], [ 2.1080671, 41.4114227 ], [ 2.1080258, 41.4114164 ], [ 2.1077467, 41.411409 ], [ 2.1075427, 41.4114084 ], [ 2.1073772, 41.4114278 ], [ 2.1072427, 41.4114516 ], [ 2.1070579, 41.4114985 ], [ 2.106921, 41.4115584 ], [ 2.1067144, 41.4116841 ], [ 2.1064747, 41.4118135 ], [ 2.1063994, 41.4117966 ], [ 2.1063686, 41.4117702 ], [ 2.1063034, 41.4117293 ], [ 2.1062612, 41.4116719 ], [ 2.1062518, 41.4116161 ], [ 2.1062565, 41.4115542 ], [ 2.1062398, 41.4114817 ], [ 2.1061884, 41.4114178 ], [ 2.1061279, 41.4113774 ], [ 2.105954, 41.411329 ], [ 2.1058698, 41.4112908 ], [ 2.1058087, 41.4112325 ], [ 2.1057841, 41.4111772 ], [ 2.1057888, 41.4111278 ], [ 2.1058833, 41.4109926 ], [ 2.1060517, 41.4108517 ], [ 2.1062904, 41.4106967 ], [ 2.106407, 41.410613 ], [ 2.1065565, 41.4105162 ], [ 2.1067108, 41.4104219 ], [ 2.1067965, 41.4103432 ], [ 2.1069257, 41.4101912 ], [ 2.1069373, 41.4101722 ], [ 2.1069559, 41.4101426 ], [ 2.1069671, 41.4101217 ], [ 2.1069801, 41.4100936 ], [ 2.1069842, 41.4100738 ], [ 2.1069857, 41.4100363 ], [ 2.1069799, 41.410009 ], [ 2.1069702, 41.4099834 ], [ 2.1069526, 41.409952 ], [ 2.1069245, 41.4099245 ], [ 2.1068604, 41.4098844 ], [ 2.1067826, 41.4098391 ], [ 2.1067334, 41.4098081 ], [ 2.1066659, 41.4097604 ], [ 2.1066312, 41.4097333 ], [ 2.1066002, 41.4097026 ], [ 2.1065806, 41.4096722 ], [ 2.1065687, 41.409642 ], [ 2.1065657, 41.4096279 ], [ 2.1065604, 41.4095989 ], [ 2.1065104, 41.4096105 ], [ 2.1065063, 41.4096116 ], [ 2.1064965, 41.4096142 ], [ 2.1064849, 41.4096174 ], [ 2.1059958, 41.4097495 ], [ 2.10599, 41.409751 ], [ 2.1057627, 41.4098124 ], [ 2.1057041, 41.4098282 ], [ 2.1056836, 41.4098339 ], [ 2.1056414, 41.4098445 ], [ 2.1055745, 41.4097447 ], [ 2.1055526, 41.4097183 ], [ 2.1055152, 41.4096871 ], [ 2.1054849, 41.4096694 ], [ 2.1054268, 41.4096495 ], [ 2.105293, 41.4096362 ], [ 2.1049318, 41.4097015 ], [ 2.1046847, 41.4097567 ], [ 2.1044219, 41.4098097 ], [ 2.1042476, 41.4098005 ], [ 2.1041666, 41.4097581 ], [ 2.1041425, 41.4097382 ], [ 2.1041078, 41.4096977 ], [ 2.104068, 41.4096251 ], [ 2.1040263, 41.4095266 ], [ 2.1039868, 41.409459 ], [ 2.103924, 41.4093898 ], [ 2.1038287, 41.4093262 ], [ 2.1036582, 41.409272 ], [ 2.1034901, 41.4092046 ], [ 2.1034248, 41.4091405 ], [ 2.1034019, 41.4090685 ], [ 2.1034084, 41.4089675 ], [ 2.1034614, 41.4087979 ], [ 2.1035265, 41.4085708 ], [ 2.1035336, 41.4085133 ], [ 2.1035312, 41.408465 ], [ 2.1035184, 41.408412 ], [ 2.1034877, 41.4083576 ], [ 2.1034675, 41.4083335 ], [ 2.1034044, 41.4082604 ], [ 2.1033091, 41.4081708 ], [ 2.1032321, 41.4080793 ], [ 2.1031981, 41.4079981 ], [ 2.103197, 41.4078777 ], [ 2.1032306, 41.4077607 ], [ 2.1032679, 41.4076462 ], [ 2.103318, 41.4075496 ], [ 2.1033825, 41.4074699 ], [ 2.103484, 41.4074005 ], [ 2.1035866, 41.4073505 ], [ 2.1037314, 41.4073176 ], [ 2.1040167, 41.4072915 ], [ 2.1041017, 41.4072828 ], [ 2.1041666, 41.4072741 ], [ 2.1042371, 41.4072602 ], [ 2.1043906, 41.4071541 ], [ 2.1044012, 41.4070743 ], [ 2.1043591, 41.4068741 ], [ 2.1042955, 41.4065511 ], [ 2.1042733, 41.4063831 ], [ 2.1042789, 41.4063124 ], [ 2.1043098, 41.4062369 ], [ 2.1043885, 41.4061507 ], [ 2.1045837, 41.4060657 ], [ 2.104711, 41.4060155 ], [ 2.1047983, 41.4060044 ], [ 2.1048949, 41.4060288 ], [ 2.1049808, 41.4060673 ], [ 2.1050761, 41.4061412 ], [ 2.1051767, 41.4062231 ], [ 2.1053363, 41.4063618 ], [ 2.1054638, 41.4064357 ], [ 2.1055752, 41.4064711 ], [ 2.1057054, 41.4064804 ], [ 2.1058169, 41.4064713 ], [ 2.105966, 41.40643 ], [ 2.1060735, 41.4064139 ], [ 2.1061715, 41.4064339 ], [ 2.1062487, 41.4064752 ], [ 2.1062811, 41.4065081 ], [ 2.1063359, 41.4065292 ], [ 2.1064074, 41.4065697 ], [ 2.1064812, 41.4066254 ], [ 2.1065326, 41.4066962 ], [ 2.1065828, 41.4067881 ], [ 2.1066577, 41.4068867 ], [ 2.1067047, 41.4069204 ], [ 2.1068221, 41.4069601 ], [ 2.1069721, 41.4069484 ], [ 2.1070673, 41.4069005 ], [ 2.1074045, 41.406605 ], [ 2.1075008, 41.4065512 ], [ 2.1076016, 41.406531 ], [ 2.1077241, 41.4065466 ], [ 2.1078823, 41.4066042 ], [ 2.108031, 41.4066662 ], [ 2.1081441, 41.4067255 ], [ 2.1082594, 41.4068168 ], [ 2.1083532, 41.4069126 ], [ 2.1084446, 41.4069857 ], [ 2.1085766, 41.4070362 ], [ 2.1087097, 41.4070401 ], [ 2.1088153, 41.4070212 ], [ 2.1089027, 41.4069839 ], [ 2.1089786, 41.4069343 ], [ 2.1090293, 41.4068621 ], [ 2.1090589, 41.4068209 ], [ 2.1090757, 41.4067695 ], [ 2.1090748, 41.4066591 ], [ 2.1090475, 41.4065466 ], [ 2.10891, 41.4061145 ], [ 2.10888, 41.4060147 ], [ 2.1088418, 41.4059417 ], [ 2.1087638, 41.4058549 ], [ 2.108619, 41.4057542 ], [ 2.1082818, 41.4055901 ], [ 2.1080224, 41.4054444 ], [ 2.107927, 41.405372 ], [ 2.1078626, 41.4053036 ], [ 2.1078302, 41.4052446 ], [ 2.1077181, 41.4049831 ], [ 2.1076795, 41.4048962 ], [ 2.1076251, 41.4048063 ], [ 2.1075544, 41.4047314 ], [ 2.1075118, 41.4047088 ], [ 2.1074807, 41.4046923 ], [ 2.1073874, 41.4046421 ], [ 2.1073148, 41.4045933 ], [ 2.1072747, 41.4045337 ], [ 2.1072842, 41.4044734 ], [ 2.1073774, 41.4043001 ], [ 2.107419, 41.4042135 ], [ 2.1074282, 41.4041672 ], [ 2.1074335, 41.4041406 ], [ 2.1074456, 41.4040209 ], [ 2.1074338, 41.4038341 ], [ 2.1074189, 41.4037298 ], [ 2.1073784, 41.4036071 ], [ 2.1073082, 41.4035048 ], [ 2.1072329, 41.4034375 ], [ 2.1071135, 41.4033548 ], [ 2.1069632, 41.4032939 ], [ 2.1068129, 41.4032544 ], [ 2.1065634, 41.4032303 ], [ 2.1063598, 41.4032422 ], [ 2.1062339, 41.4032636 ], [ 2.1060715, 41.4032813 ], [ 2.1059983, 41.403276 ], [ 2.105946, 41.4032604 ], [ 2.1058986, 41.4032231 ], [ 2.1058764, 41.4031689 ], [ 2.1058832, 41.4030705 ], [ 2.1058776, 41.4029458 ], [ 2.1058539, 41.4028092 ], [ 2.1058203, 41.4026938 ], [ 2.10579, 41.4026168 ], [ 2.1057521, 41.402552 ], [ 2.1057009, 41.4024919 ], [ 2.1056583, 41.4024559 ], [ 2.1056054, 41.4024065 ], [ 2.1055302, 41.4023514 ], [ 2.105457, 41.4023089 ], [ 2.105373, 41.4022801 ], [ 2.1052863, 41.4022524 ], [ 2.1052138, 41.4022287 ], [ 2.1051662, 41.4021973 ], [ 2.1051318, 41.4021554 ], [ 2.1051247, 41.4021082 ], [ 2.1051448, 41.4020543 ], [ 2.105239, 41.4019428 ], [ 2.1052643, 41.4019116 ], [ 2.1052772, 41.401875 ], [ 2.1052715, 41.4018163 ], [ 2.1052474, 41.4017509 ], [ 2.1051688, 41.4016093 ], [ 2.1050705, 41.4014488 ], [ 2.1049964, 41.4013456 ], [ 2.1049294, 41.4012586 ], [ 2.1047944, 41.4010732 ], [ 2.1047551, 41.4010179 ], [ 2.1047009, 41.4009774 ], [ 2.1046418, 41.4009495 ], [ 2.1044887, 41.4009058 ], [ 2.10444, 41.4008816 ], [ 2.1044078, 41.4008263 ], [ 2.1045889, 41.4007689 ], [ 2.1049135, 41.4006821 ], [ 2.1053553, 41.4006099 ], [ 2.1053564, 41.4006097 ], [ 2.1053622, 41.4006087 ], [ 2.105368, 41.4006075 ], [ 2.1053737, 41.4006061 ], [ 2.1053794, 41.4006046 ], [ 2.1053849, 41.400603 ], [ 2.1053904, 41.4006012 ], [ 2.1053959, 41.4005993 ], [ 2.1054012, 41.4005973 ], [ 2.1054064, 41.4005951 ], [ 2.1054116, 41.4005928 ], [ 2.1054166, 41.4005904 ], [ 2.1054215, 41.4005878 ], [ 2.1054263, 41.4005851 ], [ 2.105431, 41.4005823 ], [ 2.1054356, 41.4005794 ], [ 2.10544, 41.4005764 ], [ 2.1054443, 41.4005733 ], [ 2.1054485, 41.40057 ], [ 2.1054525, 41.4005667 ], [ 2.1054563, 41.4005632 ], [ 2.10546, 41.4005597 ], [ 2.1054637, 41.4005561 ], [ 2.1054674, 41.4005526 ], [ 2.1054713, 41.4005492 ], [ 2.1054752, 41.4005458 ], [ 2.1054792, 41.4005424 ], [ 2.1054832, 41.4005391 ], [ 2.1054874, 41.4005359 ], [ 2.1054916, 41.4005327 ], [ 2.1054959, 41.4005296 ], [ 2.1055003, 41.4005265 ], [ 2.1055047, 41.4005235 ], [ 2.1055093, 41.4005205 ], [ 2.1055138, 41.4005176 ], [ 2.1055185, 41.4005148 ], [ 2.1055232, 41.400512 ], [ 2.105528, 41.4005093 ], [ 2.1055329, 41.4005067 ], [ 2.1055378, 41.4005041 ], [ 2.1055427, 41.4005016 ], [ 2.1055478, 41.4004992 ], [ 2.1055528, 41.4004968 ], [ 2.105558, 41.4004945 ], [ 2.1055632, 41.4004923 ], [ 2.1055684, 41.4004901 ], [ 2.1055737, 41.400488 ], [ 2.1055744, 41.4004878 ], [ 2.1062532, 41.4002272 ], [ 2.1062568, 41.4002258 ], [ 2.1062621, 41.4002238 ], [ 2.1062674, 41.4002217 ], [ 2.1062727, 41.4002196 ], [ 2.106278, 41.4002176 ], [ 2.1062833, 41.4002155 ], [ 2.1062886, 41.4002134 ], [ 2.1062939, 41.4002113 ], [ 2.1062992, 41.4002092 ], [ 2.1063045, 41.4002071 ], [ 2.1063098, 41.400205 ], [ 2.1063151, 41.4002029 ], [ 2.1063204, 41.4002007 ], [ 2.1063256, 41.4001986 ], [ 2.1063309, 41.4001965 ], [ 2.1063361, 41.4001943 ], [ 2.1063414, 41.4001922 ], [ 2.1063467, 41.40019 ], [ 2.1063519, 41.4001879 ], [ 2.1063571, 41.4001857 ], [ 2.1063624, 41.4001835 ], [ 2.1063676, 41.4001813 ], [ 2.1063728, 41.4001791 ], [ 2.1063781, 41.4001769 ], [ 2.1063833, 41.4001747 ], [ 2.1063885, 41.4001725 ], [ 2.1063937, 41.4001703 ], [ 2.1063989, 41.4001681 ], [ 2.1064041, 41.4001659 ], [ 2.1064093, 41.4001636 ], [ 2.1064145, 41.4001614 ], [ 2.1064197, 41.4001591 ], [ 2.1064248, 41.4001569 ], [ 2.10643, 41.4001546 ], [ 2.1064352, 41.4001524 ], [ 2.1064403, 41.4001501 ], [ 2.1064455, 41.4001478 ], [ 2.1064507, 41.4001455 ], [ 2.1064558, 41.4001432 ], [ 2.1064609, 41.4001409 ], [ 2.1064661, 41.4001386 ], [ 2.1064712, 41.4001363 ], [ 2.1064764, 41.400134 ], [ 2.1064815, 41.4001317 ], [ 2.1064866, 41.4001294 ], [ 2.1064917, 41.400127 ], [ 2.1064968, 41.4001247 ], [ 2.1065019, 41.4001223 ], [ 2.106507, 41.40012 ], [ 2.1065121, 41.4001176 ], [ 2.1065172, 41.4001152 ], [ 2.1065223, 41.4001129 ], [ 2.1065274, 41.4001105 ], [ 2.1065324, 41.4001081 ], [ 2.1065375, 41.4001057 ], [ 2.1065426, 41.4001033 ], [ 2.1065476, 41.4001009 ], [ 2.1065527, 41.4000985 ], [ 2.1065577, 41.4000961 ], [ 2.1065628, 41.4000937 ], [ 2.1065678, 41.4000912 ], [ 2.1065728, 41.4000888 ], [ 2.1065779, 41.4000864 ], [ 2.1065829, 41.4000839 ], [ 2.1065879, 41.4000815 ], [ 2.1065929, 41.400079 ], [ 2.1065979, 41.4000765 ], [ 2.1066029, 41.4000741 ], [ 2.1066079, 41.4000716 ], [ 2.1066129, 41.4000691 ], [ 2.1066179, 41.4000666 ], [ 2.1066228, 41.4000641 ], [ 2.1066278, 41.4000616 ], [ 2.1066328, 41.4000591 ], [ 2.1066377, 41.4000566 ], [ 2.1066427, 41.4000541 ], [ 2.1066477, 41.4000515 ], [ 2.1066526, 41.400049 ], [ 2.1066575, 41.4000465 ], [ 2.1066625, 41.4000439 ], [ 2.1066674, 41.4000414 ], [ 2.1066723, 41.4000388 ], [ 2.1066772, 41.4000362 ], [ 2.1066821, 41.4000337 ], [ 2.1066871, 41.4000311 ], [ 2.106692, 41.4000285 ], [ 2.1066969, 41.4000259 ], [ 2.1067017, 41.4000233 ], [ 2.1067066, 41.4000207 ], [ 2.1067115, 41.4000181 ], [ 2.1067164, 41.4000155 ], [ 2.1067212, 41.4000129 ], [ 2.1067261, 41.4000103 ], [ 2.106731, 41.4000076 ], [ 2.1067358, 41.400005 ], [ 2.1067407, 41.4000024 ], [ 2.1067455, 41.3999997 ], [ 2.1067503, 41.3999971 ], [ 2.1067551, 41.3999944 ], [ 2.10676, 41.3999917 ], [ 2.1067648, 41.3999891 ], [ 2.1067696, 41.3999864 ], [ 2.1068479, 41.3999178 ], [ 2.1068988, 41.3998912 ], [ 2.1069393, 41.3998709 ], [ 2.1069841, 41.3998484 ], [ 2.1070717, 41.3998012 ], [ 2.1071207, 41.3997428 ], [ 2.1071257, 41.3997368 ], [ 2.1071601, 41.3996707 ], [ 2.1071993, 41.3995818 ], [ 2.1072627, 41.3994637 ], [ 2.1073058, 41.3994112 ], [ 2.1073531, 41.3993682 ], [ 2.1074152, 41.3993343 ], [ 2.1074992, 41.3992986 ], [ 2.1076376, 41.3992604 ], [ 2.107675, 41.3992503 ], [ 2.1077382, 41.3992333 ], [ 2.1077657, 41.3992109 ], [ 2.1077758, 41.3992026 ], [ 2.1078475, 41.3991323 ], [ 2.1079532, 41.3990441 ], [ 2.107993, 41.3990068 ], [ 2.1080643, 41.39894 ], [ 2.1080961, 41.3989109 ], [ 2.108138, 41.3988725 ], [ 2.1081524, 41.3988593 ], [ 2.1081706, 41.3988427 ], [ 2.1081916, 41.3988224 ], [ 2.1082278, 41.3987417 ], [ 2.108257, 41.3986764 ], [ 2.1082727, 41.3986567 ], [ 2.1082873, 41.3986436 ], [ 2.1083343, 41.3986144 ], [ 2.1083498, 41.3986062 ], [ 2.1084272, 41.3985651 ], [ 2.1086512, 41.3984503 ], [ 2.10875, 41.3983111 ], [ 2.1087117, 41.3982791 ], [ 2.1087036, 41.3982492 ], [ 2.1087125, 41.3981955 ], [ 2.108791, 41.3980094 ], [ 2.1088781, 41.3978295 ], [ 2.1088956, 41.3977872 ], [ 2.1089573, 41.3976894 ], [ 2.1089714, 41.3976609 ], [ 2.1089723, 41.3976332 ], [ 2.1089595, 41.397602 ], [ 2.1089504, 41.3975868 ], [ 2.1089482, 41.3975761 ], [ 2.1089486, 41.3975661 ], [ 2.1089528, 41.397554 ], [ 2.109003, 41.3974672 ], [ 2.1090244, 41.3974426 ], [ 2.1090514, 41.3974174 ], [ 2.1091495, 41.3973426 ], [ 2.1092431, 41.397284 ], [ 2.1092645, 41.397268 ], [ 2.1092896, 41.3972445 ], [ 2.1093055, 41.3972241 ], [ 2.1093216, 41.397188 ], [ 2.1093365, 41.3971409 ], [ 2.109348, 41.397035 ], [ 2.1094295, 41.3969411 ], [ 2.1095085, 41.3968586 ], [ 2.1095944, 41.3967742 ], [ 2.1096287, 41.3967275 ], [ 2.1096427, 41.3967036 ], [ 2.1096648, 41.3966586 ], [ 2.1096977, 41.3965768 ], [ 2.1097198, 41.3964458 ], [ 2.1097361, 41.3963554 ], [ 2.1097461, 41.3963045 ], [ 2.1097325, 41.3962675 ], [ 2.1096557, 41.3961241 ], [ 2.1094981, 41.3959127 ], [ 2.1095377, 41.3958644 ], [ 2.1095357, 41.3957782 ], [ 2.1095422, 41.3956994 ], [ 2.109578, 41.3955799 ], [ 2.1096171, 41.3955065 ], [ 2.109779, 41.395329 ], [ 2.1099428, 41.3951745 ], [ 2.1109132, 41.3958285 ], [ 2.1110776, 41.3958929 ], [ 2.111642, 41.3961867 ], [ 2.1119368, 41.396364 ], [ 2.1121856, 41.3965479 ], [ 2.1126759, 41.3969996 ], [ 2.1126968, 41.3970116 ], [ 2.1131257, 41.3972588 ], [ 2.113306, 41.3971578 ], [ 2.114852, 41.3962917 ], [ 2.1156114, 41.3958747 ], [ 2.1158168, 41.3957862 ], [ 2.1159624, 41.3957235 ], [ 2.1168254, 41.3955019 ], [ 2.1173619, 41.3953642 ], [ 2.11763, 41.3952413 ], [ 2.1178035, 41.3951293 ], [ 2.1180115, 41.3949585 ], [ 2.1181644, 41.3947819 ], [ 2.1182942, 41.3945883 ], [ 2.1183734, 41.3944059 ], [ 2.118445, 41.3940746 ], [ 2.1184773, 41.3937604 ], [ 2.1184289, 41.3934597 ], [ 2.1183579, 41.3931973 ], [ 2.118184, 41.3928772 ], [ 2.117984, 41.392594 ], [ 2.1177647, 41.3923791 ], [ 2.1175606, 41.3922242 ], [ 2.1175691, 41.3922185 ], [ 2.1180065, 41.3919239 ], [ 2.1185654, 41.3917791 ], [ 2.1193696, 41.3915708 ], [ 2.1198386, 41.3913701 ], [ 2.1199196, 41.3913263 ], [ 2.1200131, 41.3912757 ], [ 2.1203368, 41.3910116 ], [ 2.1203993, 41.3909513 ], [ 2.1205518, 41.3908042 ], [ 2.1207306, 41.3905333 ], [ 2.1208987, 41.3900907 ], [ 2.1212611, 41.3902311 ], [ 2.1215143, 41.3903292 ], [ 2.1217693, 41.390428 ], [ 2.1222698, 41.3906218 ], [ 2.1228705, 41.3907716 ], [ 2.1234046, 41.3909047 ], [ 2.1238955, 41.3910271 ], [ 2.125581, 41.3914473 ], [ 2.1256512, 41.3914648 ], [ 2.1258498, 41.3915143 ], [ 2.1270658, 41.3918174 ], [ 2.1273519, 41.3918888 ], [ 2.1290476, 41.3923114 ], [ 2.129333, 41.3923826 ], [ 2.1293698, 41.3924027 ], [ 2.1295858, 41.3925209 ], [ 2.1296309, 41.3925562 ], [ 2.1296952, 41.3925936 ], [ 2.1297525, 41.39262 ], [ 2.1298172, 41.3926412 ], [ 2.1297915, 41.392662 ], [ 2.1296675, 41.3927622 ], [ 2.1294135, 41.3929768 ], [ 2.1291782, 41.3931588 ], [ 2.1291666, 41.3931677 ], [ 2.128991, 41.3933025 ], [ 2.128826, 41.3934297 ], [ 2.128629, 41.3935804 ], [ 2.1284426, 41.3937228 ], [ 2.1282644, 41.393859 ], [ 2.1281446, 41.3939514 ], [ 2.1280445, 41.3940277 ], [ 2.1279994, 41.3940628 ], [ 2.1279068, 41.3941347 ], [ 2.1278601, 41.3941696 ], [ 2.1275501, 41.3944045 ], [ 2.1272852, 41.3946076 ], [ 2.1271425, 41.3947193 ], [ 2.1270195, 41.3948154 ], [ 2.1262674, 41.3953987 ], [ 2.1262374, 41.3954213 ], [ 2.1262137, 41.3954396 ], [ 2.1259714, 41.3956232 ], [ 2.125601, 41.3957043 ], [ 2.1256232, 41.3957883 ], [ 2.1256871, 41.3959405 ], [ 2.1257388, 41.3960295 ], [ 2.1258034, 41.3961215 ], [ 2.1258956, 41.3962306 ], [ 2.1260207, 41.3963523 ], [ 2.1261695, 41.3964696 ], [ 2.1263572, 41.3965964 ], [ 2.1270935, 41.3970753 ], [ 2.1276167, 41.3974138 ], [ 2.1279556, 41.3976355 ], [ 2.1281416, 41.3977707 ], [ 2.1278663, 41.3977778 ], [ 2.1276268, 41.3977809 ], [ 2.1272069, 41.3977992 ], [ 2.1271752, 41.3978023 ], [ 2.1271539, 41.3978044 ], [ 2.1271332, 41.3978067 ], [ 2.1271124, 41.3978092 ], [ 2.1270918, 41.3978118 ], [ 2.1270711, 41.3978147 ], [ 2.1270505, 41.3978177 ], [ 2.12703, 41.3978209 ], [ 2.1270095, 41.3978243 ], [ 2.1269892, 41.3978278 ], [ 2.126965, 41.3978322 ], [ 2.1269408, 41.3978369 ], [ 2.1269167, 41.3978418 ], [ 2.1268926, 41.3978469 ], [ 2.1268686, 41.3978521 ], [ 2.1268447, 41.3978576 ], [ 2.1268218, 41.3978631 ], [ 2.1267905, 41.3978713 ], [ 2.126758, 41.3978799 ], [ 2.1267257, 41.3978888 ], [ 2.1266935, 41.3978978 ], [ 2.1266629, 41.3979066 ], [ 2.1265842, 41.3979315 ], [ 2.1265637, 41.3979384 ], [ 2.1265427, 41.3979456 ], [ 2.1265218, 41.3979531 ], [ 2.1265011, 41.3979607 ], [ 2.1264805, 41.3979685 ], [ 2.12646, 41.3979765 ], [ 2.1264396, 41.3979847 ], [ 2.1264193, 41.3979931 ], [ 2.126399, 41.3980017 ], [ 2.126375, 41.3980121 ], [ 2.1263513, 41.3980226 ], [ 2.1263277, 41.3980333 ], [ 2.1263042, 41.3980443 ], [ 2.1261119, 41.398146 ], [ 2.1259774, 41.3982363 ], [ 2.1254224, 41.3986369 ], [ 2.125208, 41.3987825 ], [ 2.1250605, 41.3988963 ], [ 2.1247877, 41.399095 ], [ 2.1247039, 41.3991573 ], [ 2.1245834, 41.3992459 ], [ 2.1244271, 41.3993617 ], [ 2.1242865, 41.3994686 ], [ 2.1241541, 41.3995739 ], [ 2.1241539, 41.3995741 ], [ 2.124126, 41.3995966 ], [ 2.1240646, 41.3996482 ], [ 2.1238989, 41.3997873 ], [ 2.1236589, 41.4000019 ], [ 2.1235598, 41.4000904 ], [ 2.123269, 41.4003559 ], [ 2.1230207, 41.4005832 ], [ 2.1228751, 41.4007166 ], [ 2.1231105, 41.4008594 ], [ 2.1231367, 41.4008753 ], [ 2.123163, 41.400891 ], [ 2.1231895, 41.4009066 ], [ 2.1232162, 41.4009221 ], [ 2.123243, 41.4009374 ], [ 2.12327, 41.4009525 ], [ 2.1232971, 41.4009675 ], [ 2.1233244, 41.4009824 ], [ 2.1233518, 41.400997 ], [ 2.1233794, 41.4010115 ], [ 2.1237991, 41.4012465 ], [ 2.1243673, 41.4015629 ], [ 2.1244765, 41.4016238 ], [ 2.1246453, 41.4017179 ], [ 2.1248389, 41.4018269 ], [ 2.1252094, 41.4020349 ], [ 2.1251416, 41.4021078 ], [ 2.1251396, 41.40211 ], [ 2.1251372, 41.402113 ], [ 2.1251351, 41.4021157 ], [ 2.125132, 41.4021194 ], [ 2.1251284, 41.4021237 ], [ 2.1251225, 41.4021305 ], [ 2.1251216, 41.4021316 ], [ 2.1251146, 41.4021395 ], [ 2.1251133, 41.4021408 ], [ 2.1251074, 41.4021472 ], [ 2.1251015, 41.4021534 ], [ 2.1251001, 41.4021549 ], [ 2.1250969, 41.4021581 ], [ 2.1250926, 41.4021625 ], [ 2.125085, 41.40217 ], [ 2.1250803, 41.4021743 ], [ 2.1250772, 41.4021773 ], [ 2.1250751, 41.4021792 ], [ 2.1250692, 41.4021846 ], [ 2.1250643, 41.402189 ], [ 2.1250611, 41.4021918 ], [ 2.1250529, 41.4021989 ], [ 2.1250497, 41.4022015 ], [ 2.1250445, 41.4022059 ], [ 2.1250401, 41.4022071 ], [ 2.1250358, 41.4022083 ], [ 2.1250314, 41.4022096 ], [ 2.1250276, 41.4022108 ], [ 2.1250237, 41.4022119 ], [ 2.1250233, 41.4022121 ], [ 2.1250229, 41.4022122 ], [ 2.1250157, 41.4022146 ], [ 2.1250153, 41.4022148 ], [ 2.1250074, 41.4022176 ], [ 2.1250034, 41.4022192 ], [ 2.1249996, 41.4022206 ], [ 2.1249919, 41.4022239 ], [ 2.1249844, 41.4022273 ], [ 2.124977, 41.4022308 ], [ 2.1249739, 41.4022324 ], [ 2.1249698, 41.4022346 ], [ 2.1249657, 41.4022368 ], [ 2.1249627, 41.4022384 ], [ 2.124961, 41.4022394 ], [ 2.1249558, 41.4022425 ], [ 2.1249509, 41.4022455 ], [ 2.124949, 41.4022467 ], [ 2.124942, 41.4022513 ], [ 2.124931, 41.4022566 ], [ 2.1249201, 41.4022616 ], [ 2.1249087, 41.4022664 ], [ 2.1249083, 41.4022665 ], [ 2.1249045, 41.4022677 ], [ 2.1249007, 41.4022689 ], [ 2.1248971, 41.4022702 ], [ 2.1248934, 41.4022715 ], [ 2.1248932, 41.4022715 ], [ 2.1248859, 41.4022743 ], [ 2.1248789, 41.4022771 ], [ 2.1248716, 41.402281 ], [ 2.1248699, 41.4022819 ], [ 2.1248642, 41.4022851 ], [ 2.124857, 41.4022894 ], [ 2.1248526, 41.4022921 ], [ 2.1248499, 41.4022938 ], [ 2.124843, 41.4022984 ], [ 2.1248362, 41.4023031 ], [ 2.1248296, 41.4023079 ], [ 2.1248274, 41.4023096 ], [ 2.1248232, 41.4023128 ], [ 2.1248193, 41.402316 ], [ 2.124817, 41.4023179 ], [ 2.1248109, 41.402323 ], [ 2.1248094, 41.4023244 ], [ 2.1248051, 41.4023283 ], [ 2.1248008, 41.4023324 ], [ 2.1247994, 41.4023337 ], [ 2.1247939, 41.4023392 ], [ 2.1247935, 41.4023397 ], [ 2.1247887, 41.4023447 ], [ 2.1247806, 41.4023541 ], [ 2.1247805, 41.4023578 ], [ 2.1247805, 41.4023616 ], [ 2.1247796, 41.4024074 ], [ 2.1247789, 41.4024536 ], [ 2.1247781, 41.4024994 ], [ 2.1247763, 41.4025297 ], [ 2.1247756, 41.4025376 ], [ 2.1247746, 41.4025472 ], [ 2.1247739, 41.402555 ], [ 2.1247697, 41.4025775 ], [ 2.1247654, 41.4026039 ], [ 2.1247572, 41.4026454 ], [ 2.1247561, 41.40265 ], [ 2.1247542, 41.4026581 ], [ 2.1247531, 41.4026627 ], [ 2.1247437, 41.4026985 ], [ 2.124728, 41.4027533 ], [ 2.1247178, 41.4027935 ], [ 2.1247151, 41.4028021 ], [ 2.1247123, 41.4028107 ], [ 2.1247111, 41.4028146 ], [ 2.12471, 41.4028177 ], [ 2.1247069, 41.4028262 ], [ 2.1247057, 41.4028293 ], [ 2.1247004, 41.4028406 ], [ 2.1246837, 41.4028755 ], [ 2.1246584, 41.4029268 ], [ 2.1246401, 41.4029567 ], [ 2.124633, 41.4029673 ], [ 2.1246189, 41.4029883 ], [ 2.1247301, 41.403042 ], [ 2.1247547, 41.4030539 ], [ 2.1247212, 41.4031435 ], [ 2.1246435, 41.4031926 ], [ 2.1245676, 41.4031821 ], [ 2.1245576, 41.4031916 ], [ 2.1245534, 41.4031955 ], [ 2.1245491, 41.4031994 ], [ 2.1245449, 41.4032033 ], [ 2.1245327, 41.4032133 ], [ 2.1245247, 41.4032208 ], [ 2.1245193, 41.4032259 ], [ 2.1245128, 41.4032308 ], [ 2.1244994, 41.4032409 ], [ 2.1244924, 41.4032466 ], [ 2.1244884, 41.4032499 ], [ 2.1244716, 41.4032628 ], [ 2.1244495, 41.40328 ], [ 2.1244019, 41.4033168 ], [ 2.1242988, 41.4033929 ], [ 2.1242904, 41.4034009 ], [ 2.1242227, 41.4034663 ], [ 2.1242024, 41.4034858 ], [ 2.124149, 41.4035418 ], [ 2.1241488, 41.4035421 ], [ 2.1241479, 41.4035429 ], [ 2.1240936, 41.403594 ], [ 2.1240392, 41.4036451 ], [ 2.1239917, 41.4036899 ], [ 2.1239856, 41.4036964 ], [ 2.1239584, 41.4037254 ], [ 2.1239593, 41.4037259 ], [ 2.1239689, 41.4037315 ], [ 2.1239246, 41.4037727 ], [ 2.1238912, 41.4038037 ], [ 2.12389, 41.4038048 ], [ 2.1238879, 41.4038068 ], [ 2.1238229, 41.4038671 ], [ 2.1237792, 41.4039077 ], [ 2.123775, 41.4039272 ], [ 2.1237603, 41.4039942 ], [ 2.1236411, 41.404056 ], [ 2.1236086, 41.4040938 ], [ 2.1235761, 41.4041316 ], [ 2.1235688, 41.4041401 ], [ 2.1235637, 41.4041467 ], [ 2.123547, 41.4041685 ], [ 2.1235303, 41.4041912 ], [ 2.123493, 41.4042417 ], [ 2.1234358, 41.4043178 ], [ 2.123461, 41.4043231 ], [ 2.1234686, 41.4043247 ], [ 2.1234517, 41.4043512 ], [ 2.1234268, 41.4043902 ], [ 2.123402, 41.404429 ], [ 2.1232692, 41.4046314 ], [ 2.1232171, 41.4047242 ], [ 2.1231651, 41.4048171 ], [ 2.1231585, 41.4048289 ], [ 2.123153, 41.4048401 ], [ 2.1231272, 41.4048928 ], [ 2.1231178, 41.4049241 ], [ 2.1231117, 41.4049442 ], [ 2.1229876, 41.4053998 ], [ 2.1229241, 41.4054845 ], [ 2.1229197, 41.4054978 ], [ 2.1229091, 41.4055297 ], [ 2.1228985, 41.4055616 ], [ 2.1228932, 41.4055739 ], [ 2.1228879, 41.4055862 ], [ 2.1228826, 41.4055986 ], [ 2.1228693, 41.4056203 ], [ 2.122856, 41.405642 ], [ 2.1228426, 41.4056637 ], [ 2.1227906, 41.405751 ], [ 2.1227888, 41.4057571 ], [ 2.1227823, 41.4057788 ], [ 2.1227789, 41.4057902 ], [ 2.1227788, 41.4057902 ], [ 2.1227559, 41.4058985 ], [ 2.1227319, 41.4059287 ], [ 2.1226614, 41.406019 ], [ 2.122584, 41.4061103 ], [ 2.122508, 41.4062039 ], [ 2.1224274, 41.4063014 ], [ 2.122336, 41.4064162 ], [ 2.1222498, 41.4065184 ], [ 2.1221863, 41.4065932 ], [ 2.1221644, 41.406619 ], [ 2.1220917, 41.4067087 ], [ 2.1220106, 41.4068022 ], [ 2.121967, 41.4068508 ], [ 2.1218014, 41.4070354 ], [ 2.1219465, 41.4071387 ], [ 2.1221629, 41.4073052 ], [ 2.122255, 41.4073804 ], [ 2.1223079, 41.4074257 ], [ 2.12241, 41.4075247 ], [ 2.1224982, 41.4076081 ], [ 2.1226163, 41.4077222 ], [ 2.1223892, 41.4078739 ], [ 2.1223196, 41.4079452 ], [ 2.1222904, 41.4079977 ], [ 2.1222611, 41.4080501 ], [ 2.1222573, 41.408057 ], [ 2.1222564, 41.4080586 ], [ 2.122247, 41.4080754 ], [ 2.1222165, 41.40813 ], [ 2.1221638, 41.4082246 ], [ 2.1221569, 41.4082369 ], [ 2.1221021, 41.4083352 ], [ 2.122092, 41.4083533 ], [ 2.1220852, 41.4083657 ], [ 2.1220277, 41.4085372 ], [ 2.1220221, 41.4085539 ], [ 2.1220183, 41.4085652 ], [ 2.1219791, 41.408682 ], [ 2.1219293, 41.4088141 ], [ 2.121915, 41.4088519 ], [ 2.121911, 41.4088625 ], [ 2.121883, 41.4089369 ], [ 2.1219037, 41.4089897 ], [ 2.1219489, 41.4093202 ], [ 2.1219567, 41.4093517 ], [ 2.1219692, 41.4094025 ], [ 2.1219762, 41.409431 ], [ 2.121969, 41.4094615 ], [ 2.1219662, 41.4094933 ], [ 2.1219586, 41.4095364 ], [ 2.1219554, 41.4095746 ], [ 2.1219644, 41.409598 ], [ 2.1219742, 41.4096208 ], [ 2.1219822, 41.4096377 ], [ 2.12198, 41.4096526 ], [ 2.1219794, 41.4096672 ], [ 2.1219747, 41.4097089 ], [ 2.121977, 41.4097373 ], [ 2.1219843, 41.409771 ], [ 2.1219887, 41.4098045 ], [ 2.121992, 41.4098369 ], [ 2.1219939, 41.4098687 ], [ 2.1219879, 41.4099063 ], [ 2.1219776, 41.4099289 ], [ 2.121964, 41.4099462 ], [ 2.1219502, 41.4099662 ], [ 2.1219133, 41.4099899 ], [ 2.1218978, 41.4099992 ], [ 2.1218794, 41.4100128 ], [ 2.1218639, 41.4100252 ], [ 2.1218496, 41.410038 ], [ 2.1218312, 41.410059 ], [ 2.1218105, 41.4100788 ], [ 2.121792, 41.4101005 ], [ 2.1217823, 41.4101071 ], [ 2.1217556, 41.4101252 ], [ 2.1217055, 41.4101646 ], [ 2.1216678, 41.4101884 ], [ 2.1216443, 41.4102026 ], [ 2.1216304, 41.4102102 ], [ 2.1215893, 41.4102358 ], [ 2.1215372, 41.4102666 ], [ 2.121483, 41.410304 ], [ 2.1214399, 41.4103363 ], [ 2.1214075, 41.4103615 ], [ 2.1213838, 41.4103769 ], [ 2.1213603, 41.4104014 ], [ 2.1213541, 41.410412 ], [ 2.1213385, 41.4104303 ], [ 2.1213226, 41.4104448 ], [ 2.1213047, 41.4104607 ], [ 2.1212908, 41.4104742 ], [ 2.1212774, 41.4104876 ], [ 2.1212578, 41.4105253 ], [ 2.1212422, 41.4105607 ], [ 2.1212333, 41.4105824 ], [ 2.1212177, 41.4106129 ], [ 2.121195, 41.4106358 ], [ 2.1211831, 41.4106437 ], [ 2.1211627, 41.4106622 ], [ 2.1211377, 41.4106847 ], [ 2.1211185, 41.410697 ], [ 2.1210987, 41.4107095 ], [ 2.1210901, 41.4107201 ], [ 2.1210803, 41.4107306 ], [ 2.121073, 41.4107705 ], [ 2.1210655, 41.4108072 ], [ 2.1210617, 41.4108281 ], [ 2.1210533, 41.4108574 ], [ 2.1210479, 41.4108763 ], [ 2.1210176, 41.4109045 ], [ 2.1209948, 41.4109496 ], [ 2.1209542, 41.4109912 ], [ 2.1209402, 41.4110028 ], [ 2.1209279, 41.4110108 ], [ 2.1208615, 41.4110536 ], [ 2.1207853, 41.4111029 ], [ 2.1207172, 41.4111496 ], [ 2.1206669, 41.411183 ], [ 2.1205773, 41.4112375 ], [ 2.120487, 41.4112959 ], [ 2.1204626, 41.4113202 ], [ 2.1204182, 41.4113399 ], [ 2.1203875, 41.4113638 ], [ 2.1203505, 41.4113982 ], [ 2.1203249, 41.4114197 ], [ 2.1202913, 41.411438 ], [ 2.1202671, 41.4114589 ], [ 2.119565, 41.4123225 ], [ 2.1195384, 41.4123565 ], [ 2.1194973, 41.4124092 ], [ 2.119479, 41.4124328 ], [ 2.1194561, 41.4124254 ], [ 2.1193944, 41.4124264 ], [ 2.1193011, 41.4124493 ], [ 2.1191874, 41.4124849 ], [ 2.1191185, 41.4125017 ], [ 2.1189411, 41.4125865 ], [ 2.1188679, 41.4126535 ], [ 2.1188196, 41.4127383 ], [ 2.1187917, 41.4128389 ], [ 2.1187724, 41.4129584 ], [ 2.1187762, 41.4131549 ], [ 2.1187916, 41.4134007 ], [ 2.1187463, 41.4134758 ], [ 2.1186812, 41.4135099 ], [ 2.1184724, 41.4135812 ], [ 2.1182964, 41.4136259 ], [ 2.1180749, 41.4136409 ], [ 2.1178962, 41.4136318 ], [ 2.1175176, 41.4135419 ], [ 2.117217, 41.413473 ], [ 2.1170562, 41.4134655 ], [ 2.1168485, 41.4135205 ] ] ] } },
{ "type": "Feature", "properties": { "id": "24", "name": "les Tres Torres", "housing2025": 7084.0, "housing2026": 7091.0, "hutCount": 36, "hutPending": 0, "hutAllRecords": 36, "hutStrictGeometry": 36, "hutBeds": 196.0, "missingBeds": 0, "rent2019": 17.04511496568929, "rentMonth2019": 1657.0264460784313, "contracts2019": 408.0, "rent2020": 16.515717617484832, "rentMonth2020": 1696.1170224719106, "contracts2020": 356.0, "rent2021": 15.735479969511935, "rentMonth2021": 1544.1744110275688, "contracts2021": 399.0, "rent2022": 17.901516562914193, "rentMonth2022": 1807.0193157894739, "contracts2022": 380.0, "rent2023": 19.42401343560558, "rentMonth2023": 1955.5270220588241, "contracts2023": 272.0, "rent2024": 19.737576185662448, "rentMonth2024": 2067.17075, "contracts2024": 268.0, "rent2025": 19.7355128629825, "rentMonth2025": 2013.9849224806201, "contracts2025": 258.0, "hutIntensity": 5.0768579890001408, "hutInclusiveIntensity": 5.0768579890001408, "hutStrictIntensity": 5.0768579890001408, "rentChange": 10.244921393239492, "contractIntensity": 36.420101637492941, "comparable": true, "validRent2025": true, "validRentChange": true, "validContractActivity": true, "qualityFlag": "comparable", "platform2025": 54, "platformEntire2025": 34, "platformIntensity2025": 4.7995482778091469, "overlapClass": "rent", "changeClass": "neither", "thresholdStable": true, "caseFlag": false }, "geometry": { "type": "Polygon", "coordinates": [ [ [ 2.1353913, 41.3931799 ], [ 2.1351254, 41.3938163 ], [ 2.1350334, 41.3940366 ], [ 2.1347649, 41.3946761 ], [ 2.1347552, 41.3946975 ], [ 2.1346651, 41.3948966 ], [ 2.1346192, 41.394988 ], [ 2.1345661, 41.3951068 ], [ 2.1344437, 41.3953395 ], [ 2.1343541, 41.3954864 ], [ 2.1342358, 41.3955753 ], [ 2.1341096, 41.3955827 ], [ 2.1340291, 41.3957193 ], [ 2.1339541, 41.3958514 ], [ 2.133905, 41.3959252 ], [ 2.1338726, 41.3959666 ], [ 2.1337817, 41.396065 ], [ 2.1337563, 41.3960914 ], [ 2.1334319, 41.3964234 ], [ 2.133088, 41.3967754 ], [ 2.1330814, 41.3967823 ], [ 2.1330148, 41.3968517 ], [ 2.1329733, 41.3969014 ], [ 2.1329358, 41.3969528 ], [ 2.1329023, 41.3970058 ], [ 2.1328731, 41.3970602 ], [ 2.1328481, 41.3971158 ], [ 2.1328275, 41.3971724 ], [ 2.1328115, 41.3972296 ], [ 2.132799, 41.3973105 ], [ 2.1327919, 41.3973918 ], [ 2.1327902, 41.3974732 ], [ 2.132794, 41.3975546 ], [ 2.1328031, 41.3976359 ], [ 2.1328126, 41.3976935 ], [ 2.1328366, 41.3977464 ], [ 2.1328493, 41.3977733 ], [ 2.1328605, 41.3977968 ], [ 2.1328917, 41.3978602 ], [ 2.1329133, 41.3978973 ], [ 2.1329879, 41.3980019 ], [ 2.1332548, 41.3983332 ], [ 2.1333672, 41.3984703 ], [ 2.1337982, 41.3989597 ], [ 2.1339974, 41.3991771 ], [ 2.1341562, 41.3993412 ], [ 2.1341262, 41.3993765 ], [ 2.1341261, 41.3993765 ], [ 2.1340614, 41.3994558 ], [ 2.1339897, 41.3995485 ], [ 2.1338324, 41.3997514 ], [ 2.1337144, 41.3999055 ], [ 2.1336917, 41.3999342 ], [ 2.1336386, 41.4000016 ], [ 2.1335713, 41.4000868 ], [ 2.1334629, 41.4002294 ], [ 2.1333301, 41.4004039 ], [ 2.1333226, 41.4004134 ], [ 2.1332002, 41.4005699 ], [ 2.1330208, 41.4008038 ], [ 2.132943, 41.4009036 ], [ 2.1329136, 41.4009414 ], [ 2.1328865, 41.4009763 ], [ 2.1327333, 41.4011739 ], [ 2.1325109, 41.4014609 ], [ 2.1324297, 41.4015656 ], [ 2.1323723, 41.4016395 ], [ 2.1322008, 41.4018616 ], [ 2.1321718, 41.4018992 ], [ 2.1319836, 41.4021427 ], [ 2.131964, 41.402168 ], [ 2.1318214, 41.4023514 ], [ 2.1317723, 41.4024146 ], [ 2.1315982, 41.4026398 ], [ 2.131446, 41.402836 ], [ 2.1314399, 41.4028438 ], [ 2.1312883, 41.4030397 ], [ 2.1311306, 41.4032431 ], [ 2.1310636, 41.4033297 ], [ 2.1309737, 41.4034459 ], [ 2.1308282, 41.4036354 ], [ 2.1306778, 41.4038273 ], [ 2.1306192, 41.4039049 ], [ 2.1305941, 41.4039388 ], [ 2.1305936, 41.4039395 ], [ 2.130523, 41.4040328 ], [ 2.1304779, 41.4040916 ], [ 2.1304186, 41.4041684 ], [ 2.1302863, 41.4043398 ], [ 2.1301049, 41.4045753 ], [ 2.130003, 41.4047092 ], [ 2.1298752, 41.4046377 ], [ 2.1295189, 41.4044399 ], [ 2.1294164, 41.4043829 ], [ 2.1291666, 41.4042441 ], [ 2.1290309, 41.4041685 ], [ 2.128715, 41.4039907 ], [ 2.1284596, 41.4038482 ], [ 2.1279329, 41.4035451 ], [ 2.1275125, 41.4033183 ], [ 2.1274786, 41.4032995 ], [ 2.1270779, 41.4030785 ], [ 2.1268647, 41.4029603 ], [ 2.1268614, 41.4029584 ], [ 2.126475, 41.4027408 ], [ 2.1263632, 41.4026784 ], [ 2.12572, 41.4023214 ], [ 2.1252094, 41.4020349 ], [ 2.1248389, 41.4018269 ], [ 2.1246453, 41.4017179 ], [ 2.1244765, 41.4016238 ], [ 2.1243673, 41.4015629 ], [ 2.1237991, 41.4012465 ], [ 2.1233794, 41.4010115 ], [ 2.1233518, 41.400997 ], [ 2.1233244, 41.4009824 ], [ 2.1232971, 41.4009675 ], [ 2.12327, 41.4009525 ], [ 2.123243, 41.4009374 ], [ 2.1232162, 41.4009221 ], [ 2.1231895, 41.4009066 ], [ 2.123163, 41.400891 ], [ 2.1231367, 41.4008753 ], [ 2.1231105, 41.4008594 ], [ 2.1228751, 41.4007166 ], [ 2.1230207, 41.4005832 ], [ 2.123269, 41.4003559 ], [ 2.1235598, 41.4000904 ], [ 2.1236589, 41.4000019 ], [ 2.1238989, 41.3997873 ], [ 2.1240646, 41.3996482 ], [ 2.124126, 41.3995966 ], [ 2.1241539, 41.3995741 ], [ 2.1241541, 41.3995739 ], [ 2.1242865, 41.3994686 ], [ 2.1244271, 41.3993617 ], [ 2.1245834, 41.3992459 ], [ 2.1247039, 41.3991573 ], [ 2.1247877, 41.399095 ], [ 2.1250605, 41.3988963 ], [ 2.125208, 41.3987825 ], [ 2.1254224, 41.3986369 ], [ 2.1259774, 41.3982363 ], [ 2.1261119, 41.398146 ], [ 2.1263042, 41.3980443 ], [ 2.1263277, 41.3980333 ], [ 2.1263513, 41.3980226 ], [ 2.126375, 41.3980121 ], [ 2.126399, 41.3980017 ], [ 2.1264193, 41.3979931 ], [ 2.1264396, 41.3979847 ], [ 2.12646, 41.3979765 ], [ 2.1264805, 41.3979685 ], [ 2.1265011, 41.3979607 ], [ 2.1265218, 41.3979531 ], [ 2.1265427, 41.3979456 ], [ 2.1265637, 41.3979384 ], [ 2.1265842, 41.3979315 ], [ 2.1266629, 41.3979066 ], [ 2.1266935, 41.3978978 ], [ 2.1267257, 41.3978888 ], [ 2.126758, 41.3978799 ], [ 2.1267905, 41.3978713 ], [ 2.1268218, 41.3978631 ], [ 2.1268447, 41.3978576 ], [ 2.1268686, 41.3978521 ], [ 2.1268926, 41.3978469 ], [ 2.1269167, 41.3978418 ], [ 2.1269408, 41.3978369 ], [ 2.126965, 41.3978322 ], [ 2.1269892, 41.3978278 ], [ 2.1270095, 41.3978243 ], [ 2.12703, 41.3978209 ], [ 2.1270505, 41.3978177 ], [ 2.1270711, 41.3978147 ], [ 2.1270918, 41.3978118 ], [ 2.1271124, 41.3978092 ], [ 2.1271332, 41.3978067 ], [ 2.1271539, 41.3978044 ], [ 2.1271752, 41.3978023 ], [ 2.1272069, 41.3977992 ], [ 2.1276268, 41.3977809 ], [ 2.1278663, 41.3977778 ], [ 2.1281416, 41.3977707 ], [ 2.1279556, 41.3976355 ], [ 2.1276167, 41.3974138 ], [ 2.1270935, 41.3970753 ], [ 2.1263572, 41.3965964 ], [ 2.1261695, 41.3964696 ], [ 2.1260207, 41.3963523 ], [ 2.1258956, 41.3962306 ], [ 2.1258034, 41.3961215 ], [ 2.1257388, 41.3960295 ], [ 2.1256871, 41.3959405 ], [ 2.1256232, 41.3957883 ], [ 2.125601, 41.3957043 ], [ 2.1259714, 41.3956232 ], [ 2.1262137, 41.3954396 ], [ 2.1262374, 41.3954213 ], [ 2.1262674, 41.3953987 ], [ 2.1270195, 41.3948154 ], [ 2.1271425, 41.3947193 ], [ 2.1272852, 41.3946076 ], [ 2.1275501, 41.3944045 ], [ 2.1278601, 41.3941696 ], [ 2.1279068, 41.3941347 ], [ 2.1279994, 41.3940628 ], [ 2.1280445, 41.3940277 ], [ 2.1281446, 41.3939514 ], [ 2.1282644, 41.393859 ], [ 2.1284426, 41.3937228 ], [ 2.128629, 41.3935804 ], [ 2.128826, 41.3934297 ], [ 2.128991, 41.3933025 ], [ 2.1291666, 41.3931677 ], [ 2.1291782, 41.3931588 ], [ 2.1294135, 41.3929768 ], [ 2.1296675, 41.3927622 ], [ 2.1297915, 41.392662 ], [ 2.1298172, 41.3926412 ], [ 2.1298877, 41.392664 ], [ 2.1299777, 41.392684 ], [ 2.1300838, 41.3926821 ], [ 2.1301688, 41.3926604 ], [ 2.1302281, 41.3926292 ], [ 2.1306689, 41.3924678 ], [ 2.1317847, 41.3922983 ], [ 2.1324801, 41.3921927 ], [ 2.1364236, 41.3915938 ], [ 2.1364098, 41.391607 ], [ 2.1363459, 41.391668 ], [ 2.1360789, 41.3919229 ], [ 2.1357967, 41.3922262 ], [ 2.1357674, 41.3922914 ], [ 2.1357248, 41.3923897 ], [ 2.1356186, 41.3926396 ], [ 2.1353913, 41.3931799 ] ] ] } },
{ "type": "Feature", "properties": { "id": "25", "name": "Sant Gervasi- la Bonanova", "housing2025": 12946.0, "housing2026": 12952.0, "hutCount": 75, "hutPending": 0, "hutAllRecords": 75, "hutStrictGeometry": 75, "hutBeds": 552.0, "missingBeds": 0, "rent2019": 16.038572036859406, "rentMonth2019": 1304.3418229166668, "contracts2019": 960.0, "rent2020": 15.313461685960396, "rentMonth2020": 1301.1297671033478, "contracts2020": 687.0, "rent2021": 15.129906111319563, "rentMonth2021": 1216.9085770363104, "contracts2021": 1019.0, "rent2022": 15.828859088918902, "rentMonth2022": 1360.1421892816425, "contracts2022": 877.0, "rent2023": 17.818062111560952, "rentMonth2023": 1507.6664433811802, "contracts2023": 627.0, "rent2024": 18.079007017120375, "rentMonth2024": 1667.2821724137943, "contracts2024": 580.0, "rent2025": 19.239247437586599, "rentMonth2025": 1658.7938330494001, "contracts2025": 587.0, "hutIntensity": 5.7906114885731936, "hutInclusiveIntensity": 5.7906114885731936, "hutStrictIntensity": 5.7906114885731936, "rentChange": 21.545383211195322, "contractIntensity": 45.342190638034914, "comparable": true, "validRent2025": true, "validRentChange": true, "validContractActivity": true, "qualityFlag": "comparable", "platform2025": 88, "platformEntire2025": 51, "platformIntensity2025": 3.9394407539008189, "overlapClass": "rent", "changeClass": "rent", "thresholdStable": true, "caseFlag": false }, "geometry": { "type": "Polygon", "coordinates": [ [ [ 2.1289516, 41.4197844 ], [ 2.1289139, 41.4198667 ], [ 2.1288818, 41.4198989 ], [ 2.1288549, 41.4199187 ], [ 2.1288232, 41.419931 ], [ 2.1287898, 41.4199332 ], [ 2.1287582, 41.4199317 ], [ 2.1287234, 41.4199277 ], [ 2.1286886, 41.4199125 ], [ 2.1286409, 41.4198696 ], [ 2.1284795, 41.4197446 ], [ 2.1284051, 41.4197065 ], [ 2.1283453, 41.4196986 ], [ 2.1282251, 41.4197289 ], [ 2.1281334, 41.4197432 ], [ 2.128062, 41.4197277 ], [ 2.1278871, 41.4196176 ], [ 2.1278509, 41.4195971 ], [ 2.1275817, 41.4194974 ], [ 2.1274527, 41.4193755 ], [ 2.1274622, 41.4192498 ], [ 2.127566, 41.4191941 ], [ 2.1277235, 41.4191135 ], [ 2.1279205, 41.4190098 ], [ 2.1280243, 41.418948 ], [ 2.1281331, 41.4188173 ], [ 2.1281668, 41.4187634 ], [ 2.1281799, 41.4187048 ], [ 2.1281682, 41.4186598 ], [ 2.128089, 41.4185757 ], [ 2.1279606, 41.4184757 ], [ 2.1279079, 41.4184166 ], [ 2.1279006, 41.4183453 ], [ 2.1279096, 41.4182882 ], [ 2.1279431, 41.4182451 ], [ 2.128016, 41.4181853 ], [ 2.1281445, 41.418119 ], [ 2.1283728, 41.4179877 ], [ 2.128616, 41.4178102 ], [ 2.1288592, 41.4175622 ], [ 2.1289241, 41.4174861 ], [ 2.1289361, 41.4174359 ], [ 2.1289285, 41.4174217 ], [ 2.1289399, 41.4174168 ], [ 2.1289872, 41.4173969 ], [ 2.1291082, 41.4173458 ], [ 2.12944, 41.4172057 ], [ 2.1294457, 41.4172036 ], [ 2.1295333, 41.4171678 ], [ 2.1295371, 41.4171663 ], [ 2.1295968, 41.417143 ], [ 2.1296479, 41.4171179 ], [ 2.1296902, 41.4171173 ], [ 2.1296958, 41.4171151 ], [ 2.1297855, 41.4170789 ], [ 2.1298651, 41.4170471 ], [ 2.1299044, 41.4170296 ], [ 2.1300276, 41.416975 ], [ 2.1302029, 41.4168973 ], [ 2.1304393, 41.4167913 ], [ 2.1306552, 41.4166959 ], [ 2.1307162, 41.4166684 ], [ 2.1309039, 41.416584 ], [ 2.1310295, 41.4165307 ], [ 2.1310473, 41.4165517 ], [ 2.1311264, 41.4165183 ], [ 2.1311269, 41.4165189 ], [ 2.1311831, 41.4164944 ], [ 2.1311896, 41.4164916 ], [ 2.1311892, 41.416491 ], [ 2.1311891, 41.4164909 ], [ 2.131189, 41.4164908 ], [ 2.1311995, 41.4164869 ], [ 2.1311995, 41.4164868 ], [ 2.1312708, 41.4164587 ], [ 2.1312741, 41.4164574 ], [ 2.131283, 41.4164692 ], [ 2.1312836, 41.4164698 ], [ 2.1312837, 41.41647 ], [ 2.1312838, 41.4164701 ], [ 2.1313292, 41.4164504 ], [ 2.1313314, 41.4164495 ], [ 2.1313022, 41.4164085 ], [ 2.1312928, 41.4163951 ], [ 2.1312474, 41.4163303 ], [ 2.1312296, 41.4163377 ], [ 2.1312077, 41.4163468 ], [ 2.1309629, 41.4164529 ], [ 2.1308484, 41.4165026 ], [ 2.1308484, 41.4165026 ], [ 2.1308453, 41.4165039 ], [ 2.1308433, 41.4165048 ], [ 2.1308282, 41.4165113 ], [ 2.1306943, 41.4165694 ], [ 2.1304537, 41.4166684 ], [ 2.1304108, 41.4166861 ], [ 2.1304089, 41.416687 ], [ 2.1301497, 41.4167972 ], [ 2.129902, 41.4169027 ], [ 2.1298556, 41.4169225 ], [ 2.1298093, 41.4169424 ], [ 2.1298092, 41.4169424 ], [ 2.1298092, 41.4169424 ], [ 2.1297978, 41.4169473 ], [ 2.1296891, 41.4169939 ], [ 2.1294502, 41.4170946 ], [ 2.129428, 41.417104 ], [ 2.1294129, 41.4171104 ], [ 2.1292615, 41.4171748 ], [ 2.1291891, 41.4172058 ], [ 2.1291667, 41.4172152 ], [ 2.1289615, 41.4173015 ], [ 2.1289613, 41.4173016 ], [ 2.1289255, 41.4173166 ], [ 2.1289108, 41.4172975 ], [ 2.1288347, 41.4171949 ], [ 2.128778, 41.4171096 ], [ 2.1286937, 41.41697 ], [ 2.1286083, 41.4168188 ], [ 2.1285627, 41.4167442 ], [ 2.1284762, 41.4166685 ], [ 2.1284227, 41.4166409 ], [ 2.1283344, 41.4166083 ], [ 2.1282741, 41.4165998 ], [ 2.1281553, 41.4165949 ], [ 2.1280187, 41.4165912 ], [ 2.1278483, 41.4165979 ], [ 2.1276155, 41.4166188 ], [ 2.1273474, 41.4166685 ], [ 2.1271608, 41.4167192 ], [ 2.1270087, 41.41675 ], [ 2.1268887, 41.4167594 ], [ 2.1267916, 41.4167563 ], [ 2.1267397, 41.4167474 ], [ 2.1266766, 41.4167261 ], [ 2.1266401, 41.4167081 ], [ 2.1266108, 41.416691 ], [ 2.126586, 41.4166683 ], [ 2.1265652, 41.4166381 ], [ 2.1264709, 41.4163975 ], [ 2.1263817, 41.416178 ], [ 2.1263212, 41.4160417 ], [ 2.1262725, 41.4159694 ], [ 2.1262177, 41.4159259 ], [ 2.1261653, 41.4158886 ], [ 2.1260541, 41.4158424 ], [ 2.1258459, 41.4157687 ], [ 2.1256497, 41.415702 ], [ 2.1255757, 41.4156628 ], [ 2.1254959, 41.4155859 ], [ 2.125415, 41.4154669 ], [ 2.1253343, 41.4153201 ], [ 2.1251866, 41.41505 ], [ 2.1251274, 41.4149488 ], [ 2.1251109, 41.4148567 ], [ 2.1251485, 41.4147245 ], [ 2.1252772, 41.414377 ], [ 2.1253357, 41.4142912 ], [ 2.1255118, 41.4141358 ], [ 2.1255243, 41.4140065 ], [ 2.1252187, 41.4139577 ], [ 2.124913, 41.4139227 ], [ 2.1247722, 41.4138874 ], [ 2.1245437, 41.4138093 ], [ 2.1244537, 41.4137686 ], [ 2.1243056, 41.4136837 ], [ 2.1241823, 41.4136318 ], [ 2.1240712, 41.4136083 ], [ 2.1238775, 41.4136255 ], [ 2.1236924, 41.4136568 ], [ 2.1234822, 41.4137252 ], [ 2.1233945, 41.4137832 ], [ 2.1233091, 41.4138548 ], [ 2.1232562, 41.4139061 ], [ 2.1232236, 41.4139552 ], [ 2.1231996, 41.4140283 ], [ 2.1231968, 41.4141016 ], [ 2.1232145, 41.4141914 ], [ 2.1233151, 41.4145033 ], [ 2.123408, 41.4148455 ], [ 2.1234113, 41.4149091 ], [ 2.1233766, 41.4149862 ], [ 2.123324, 41.4150697 ], [ 2.1232696, 41.4151573 ], [ 2.1232107, 41.415334 ], [ 2.1231711, 41.4153565 ], [ 2.1230947, 41.4153639 ], [ 2.1230046, 41.4153313 ], [ 2.1228719, 41.4152288 ], [ 2.1227166, 41.4151078 ], [ 2.1226269, 41.4150484 ], [ 2.1225277, 41.415033 ], [ 2.1224689, 41.4150565 ], [ 2.122433, 41.4150816 ], [ 2.1224146, 41.4151295 ], [ 2.1224043, 41.4151846 ], [ 2.1223927, 41.4153066 ], [ 2.1223779, 41.4154891 ], [ 2.1223177, 41.4155849 ], [ 2.1222462, 41.4156494 ], [ 2.1222094, 41.4157418 ], [ 2.1221957, 41.415839 ], [ 2.1222101, 41.4159412 ], [ 2.122215, 41.4159858 ], [ 2.1222105, 41.4160578 ], [ 2.1221727, 41.4160961 ], [ 2.1220747, 41.4161274 ], [ 2.1219714, 41.4161559 ], [ 2.1218981, 41.4161932 ], [ 2.1218122, 41.4162493 ], [ 2.1217672, 41.4162943 ], [ 2.1217346, 41.4163434 ], [ 2.1217155, 41.4163919 ], [ 2.1216994, 41.4165049 ], [ 2.1217031, 41.4165778 ], [ 2.1217413, 41.4166685 ], [ 2.1217449, 41.4166917 ], [ 2.1217442, 41.4167424 ], [ 2.1217428, 41.4167762 ], [ 2.1217238, 41.416813 ], [ 2.1216852, 41.4168688 ], [ 2.1216458, 41.4169116 ], [ 2.1215964, 41.4169273 ], [ 2.1215637, 41.4169294 ], [ 2.1215208, 41.4169168 ], [ 2.1214833, 41.416895 ], [ 2.1214409, 41.4168493 ], [ 2.121332, 41.4167262 ], [ 2.1212857, 41.4166685 ], [ 2.1211629, 41.4164963 ], [ 2.1211056, 41.4164066 ], [ 2.1210815, 41.4163531 ], [ 2.1210561, 41.4162556 ], [ 2.1209842, 41.4160671 ], [ 2.1209195, 41.4159932 ], [ 2.1208704, 41.4159515 ], [ 2.1208333, 41.4159431 ], [ 2.1207774, 41.4159256 ], [ 2.1207302, 41.4159252 ], [ 2.120683, 41.4159302 ], [ 2.1205163, 41.4159934 ], [ 2.1202861, 41.4161022 ], [ 2.1201987, 41.4161252 ], [ 2.12016, 41.4161292 ], [ 2.1201131, 41.4161116 ], [ 2.1200708, 41.4160683 ], [ 2.1200414, 41.4160177 ], [ 2.120017, 41.4159251 ], [ 2.1200231, 41.4157888 ], [ 2.1200282, 41.4156256 ], [ 2.120048, 41.4155312 ], [ 2.1200839, 41.4154177 ], [ 2.1201833, 41.415253 ], [ 2.1202794, 41.4151228 ], [ 2.1203001, 41.4150692 ], [ 2.1202993, 41.4150177 ], [ 2.1202687, 41.4149552 ], [ 2.1202049, 41.414916 ], [ 2.1201081, 41.4148917 ], [ 2.1200337, 41.4148932 ], [ 2.1198676, 41.414921 ], [ 2.1196112, 41.4149566 ], [ 2.119484, 41.4149599 ], [ 2.1194154, 41.4149562 ], [ 2.1191587, 41.4149177 ], [ 2.1189818, 41.4148873 ], [ 2.1188823, 41.4148468 ], [ 2.1188432, 41.4148079 ], [ 2.1188294, 41.4147788 ], [ 2.1188257, 41.4146982 ], [ 2.1188623, 41.414531 ], [ 2.1189433, 41.4143501 ], [ 2.119101, 41.4141075 ], [ 2.1191492, 41.4140284 ], [ 2.1192373, 41.4137499 ], [ 2.1193059, 41.4135399 ], [ 2.1193804, 41.4134224 ], [ 2.1195395, 41.4132389 ], [ 2.1195996, 41.4131541 ], [ 2.1196242, 41.413079 ], [ 2.1196228, 41.4129671 ], [ 2.1195832, 41.4126246 ], [ 2.1195666, 41.4125458 ], [ 2.1195502, 41.4125018 ], [ 2.1195423, 41.4124769 ], [ 2.1195044, 41.4124409 ], [ 2.119479, 41.4124328 ], [ 2.1194973, 41.4124092 ], [ 2.1195384, 41.4123565 ], [ 2.119565, 41.4123225 ], [ 2.1202671, 41.4114589 ], [ 2.1202913, 41.411438 ], [ 2.1203249, 41.4114197 ], [ 2.1203505, 41.4113982 ], [ 2.1203875, 41.4113638 ], [ 2.1204182, 41.4113399 ], [ 2.1204626, 41.4113202 ], [ 2.120487, 41.4112959 ], [ 2.1205773, 41.4112375 ], [ 2.1206669, 41.411183 ], [ 2.1207172, 41.4111496 ], [ 2.1207853, 41.4111029 ], [ 2.1208615, 41.4110536 ], [ 2.1209279, 41.4110108 ], [ 2.1209402, 41.4110028 ], [ 2.1209542, 41.4109912 ], [ 2.1209948, 41.4109496 ], [ 2.1210176, 41.4109045 ], [ 2.1210479, 41.4108763 ], [ 2.1210533, 41.4108574 ], [ 2.1210617, 41.4108281 ], [ 2.1210655, 41.4108072 ], [ 2.121073, 41.4107705 ], [ 2.1210803, 41.4107306 ], [ 2.1210901, 41.4107201 ], [ 2.1210987, 41.4107095 ], [ 2.1211185, 41.410697 ], [ 2.1211377, 41.4106847 ], [ 2.1211627, 41.4106622 ], [ 2.1211831, 41.4106437 ], [ 2.121195, 41.4106358 ], [ 2.1212177, 41.4106129 ], [ 2.1212333, 41.4105824 ], [ 2.1212422, 41.4105607 ], [ 2.1212578, 41.4105253 ], [ 2.1212774, 41.4104876 ], [ 2.1212908, 41.4104742 ], [ 2.1213047, 41.4104607 ], [ 2.1213226, 41.4104448 ], [ 2.1213385, 41.4104303 ], [ 2.1213541, 41.410412 ], [ 2.1213603, 41.4104014 ], [ 2.1213838, 41.4103769 ], [ 2.1214075, 41.4103615 ], [ 2.1214399, 41.4103363 ], [ 2.121483, 41.410304 ], [ 2.1215372, 41.4102666 ], [ 2.1215893, 41.4102358 ], [ 2.1216304, 41.4102102 ], [ 2.1216443, 41.4102026 ], [ 2.1216678, 41.4101884 ], [ 2.1217055, 41.4101646 ], [ 2.1217556, 41.4101252 ], [ 2.1217823, 41.4101071 ], [ 2.121792, 41.4101005 ], [ 2.1218105, 41.4100788 ], [ 2.1218312, 41.410059 ], [ 2.1218496, 41.410038 ], [ 2.1218639, 41.4100252 ], [ 2.1218794, 41.4100128 ], [ 2.1218978, 41.4099992 ], [ 2.1219133, 41.4099899 ], [ 2.1219502, 41.4099662 ], [ 2.121964, 41.4099462 ], [ 2.1219776, 41.4099289 ], [ 2.1219879, 41.4099063 ], [ 2.1219939, 41.4098687 ], [ 2.121992, 41.4098369 ], [ 2.1219887, 41.4098045 ], [ 2.1219843, 41.409771 ], [ 2.121977, 41.4097373 ], [ 2.1219747, 41.4097089 ], [ 2.1219794, 41.4096672 ], [ 2.12198, 41.4096526 ], [ 2.1219822, 41.4096377 ], [ 2.1219742, 41.4096208 ], [ 2.1219644, 41.409598 ], [ 2.1219554, 41.4095746 ], [ 2.1219586, 41.4095364 ], [ 2.1219662, 41.4094933 ], [ 2.121969, 41.4094615 ], [ 2.1219762, 41.409431 ], [ 2.1219692, 41.4094025 ], [ 2.1219567, 41.4093517 ], [ 2.1219489, 41.4093202 ], [ 2.1219037, 41.4089897 ], [ 2.121883, 41.4089369 ], [ 2.121911, 41.4088625 ], [ 2.121915, 41.4088519 ], [ 2.1219293, 41.4088141 ], [ 2.1219791, 41.408682 ], [ 2.1220183, 41.4085652 ], [ 2.1220221, 41.4085539 ], [ 2.1220277, 41.4085372 ], [ 2.1220852, 41.4083657 ], [ 2.122092, 41.4083533 ], [ 2.1221021, 41.4083352 ], [ 2.1221569, 41.4082369 ], [ 2.1221638, 41.4082246 ], [ 2.1222165, 41.40813 ], [ 2.1222165, 41.40813 ], [ 2.122247, 41.4080754 ], [ 2.1222564, 41.4080586 ], [ 2.1222573, 41.408057 ], [ 2.1222611, 41.4080501 ], [ 2.1222904, 41.4079977 ], [ 2.1223196, 41.4079452 ], [ 2.1223892, 41.4078739 ], [ 2.1226163, 41.4077222 ], [ 2.1224982, 41.4076081 ], [ 2.12241, 41.4075247 ], [ 2.1223079, 41.4074257 ], [ 2.122255, 41.4073804 ], [ 2.1221629, 41.4073052 ], [ 2.1219465, 41.4071387 ], [ 2.1218014, 41.4070354 ], [ 2.121967, 41.4068508 ], [ 2.1220106, 41.4068022 ], [ 2.1220917, 41.4067087 ], [ 2.1221644, 41.406619 ], [ 2.1221863, 41.4065932 ], [ 2.1222498, 41.4065184 ], [ 2.122336, 41.4064162 ], [ 2.1224274, 41.4063014 ], [ 2.122508, 41.4062039 ], [ 2.122584, 41.4061103 ], [ 2.1226614, 41.406019 ], [ 2.1227319, 41.4059287 ], [ 2.1227559, 41.4058985 ], [ 2.1227788, 41.4057902 ], [ 2.1227789, 41.4057902 ], [ 2.1227823, 41.4057788 ], [ 2.1227888, 41.4057571 ], [ 2.1227906, 41.405751 ], [ 2.1228426, 41.4056637 ], [ 2.122856, 41.405642 ], [ 2.1228693, 41.4056203 ], [ 2.1228826, 41.4055986 ], [ 2.1228879, 41.4055862 ], [ 2.1228932, 41.4055739 ], [ 2.1228985, 41.4055616 ], [ 2.1229091, 41.4055297 ], [ 2.1229197, 41.4054978 ], [ 2.1229241, 41.4054845 ], [ 2.1229876, 41.4053998 ], [ 2.1231117, 41.4049442 ], [ 2.1231178, 41.4049241 ], [ 2.1231272, 41.4048928 ], [ 2.123153, 41.4048401 ], [ 2.1231585, 41.4048289 ], [ 2.1231651, 41.4048171 ], [ 2.1232171, 41.4047242 ], [ 2.1232692, 41.4046314 ], [ 2.123402, 41.404429 ], [ 2.1234268, 41.4043902 ], [ 2.1234517, 41.4043512 ], [ 2.1234686, 41.4043247 ], [ 2.123461, 41.4043231 ], [ 2.1234358, 41.4043178 ], [ 2.123493, 41.4042417 ], [ 2.1235303, 41.4041912 ], [ 2.123547, 41.4041685 ], [ 2.1235637, 41.4041467 ], [ 2.1235688, 41.4041401 ], [ 2.1235761, 41.4041316 ], [ 2.1236086, 41.4040938 ], [ 2.1236411, 41.404056 ], [ 2.1237603, 41.4039942 ], [ 2.123775, 41.4039272 ], [ 2.1237792, 41.4039077 ], [ 2.1238229, 41.4038671 ], [ 2.1238879, 41.4038068 ], [ 2.12389, 41.4038048 ], [ 2.1238912, 41.4038037 ], [ 2.1239246, 41.4037727 ], [ 2.1239689, 41.4037315 ], [ 2.1239593, 41.4037259 ], [ 2.1239584, 41.4037254 ], [ 2.1239856, 41.4036964 ], [ 2.1239917, 41.4036899 ], [ 2.1240392, 41.4036451 ], [ 2.1240936, 41.403594 ], [ 2.1241479, 41.4035429 ], [ 2.1241488, 41.4035421 ], [ 2.124149, 41.4035418 ], [ 2.1242024, 41.4034858 ], [ 2.1242227, 41.4034663 ], [ 2.1242904, 41.4034009 ], [ 2.1242988, 41.4033929 ], [ 2.1244019, 41.4033168 ], [ 2.1244495, 41.40328 ], [ 2.1244716, 41.4032628 ], [ 2.1244884, 41.4032499 ], [ 2.1244924, 41.4032466 ], [ 2.1244994, 41.4032409 ], [ 2.1245128, 41.4032308 ], [ 2.1245193, 41.4032259 ], [ 2.1245247, 41.4032208 ], [ 2.1245327, 41.4032133 ], [ 2.1245449, 41.4032033 ], [ 2.1245491, 41.4031994 ], [ 2.1245534, 41.4031955 ], [ 2.1245576, 41.4031916 ], [ 2.1245676, 41.4031821 ], [ 2.1246435, 41.4031926 ], [ 2.1247212, 41.4031435 ], [ 2.1247547, 41.4030539 ], [ 2.1247301, 41.403042 ], [ 2.1246189, 41.4029884 ], [ 2.124633, 41.4029673 ], [ 2.1246401, 41.4029567 ], [ 2.1246584, 41.4029268 ], [ 2.1246837, 41.4028755 ], [ 2.1247004, 41.4028406 ], [ 2.1247057, 41.4028293 ], [ 2.1247069, 41.4028262 ], [ 2.12471, 41.4028177 ], [ 2.1247111, 41.4028146 ], [ 2.1247123, 41.4028107 ], [ 2.1247151, 41.4028021 ], [ 2.1247178, 41.4027935 ], [ 2.124728, 41.4027533 ], [ 2.1247437, 41.4026985 ], [ 2.1247531, 41.4026627 ], [ 2.1247542, 41.4026581 ], [ 2.1247561, 41.40265 ], [ 2.1247572, 41.4026454 ], [ 2.1247654, 41.4026039 ], [ 2.1247697, 41.4025775 ], [ 2.1247739, 41.402555 ], [ 2.1247746, 41.4025472 ], [ 2.1247756, 41.4025376 ], [ 2.1247763, 41.4025297 ], [ 2.1247781, 41.4024994 ], [ 2.1247789, 41.4024536 ], [ 2.1247796, 41.4024074 ], [ 2.1247805, 41.4023616 ], [ 2.1247805, 41.4023578 ], [ 2.1247806, 41.4023541 ], [ 2.1247887, 41.4023447 ], [ 2.1247935, 41.4023397 ], [ 2.1247939, 41.4023392 ], [ 2.1247994, 41.4023337 ], [ 2.1248008, 41.4023324 ], [ 2.1248051, 41.4023283 ], [ 2.1248094, 41.4023244 ], [ 2.1248109, 41.402323 ], [ 2.124817, 41.4023179 ], [ 2.1248193, 41.402316 ], [ 2.1248232, 41.4023128 ], [ 2.1248274, 41.4023096 ], [ 2.1248296, 41.4023079 ], [ 2.1248362, 41.4023031 ], [ 2.124843, 41.4022984 ], [ 2.1248499, 41.4022938 ], [ 2.1248526, 41.4022921 ], [ 2.124857, 41.4022894 ], [ 2.1248642, 41.4022851 ], [ 2.1248699, 41.4022819 ], [ 2.1248716, 41.402281 ], [ 2.1248789, 41.4022771 ], [ 2.1248859, 41.4022743 ], [ 2.1248932, 41.4022715 ], [ 2.1248934, 41.4022715 ], [ 2.1248971, 41.4022702 ], [ 2.1249007, 41.4022689 ], [ 2.1249045, 41.4022677 ], [ 2.1249083, 41.4022665 ], [ 2.1249087, 41.4022664 ], [ 2.1249201, 41.4022616 ], [ 2.124931, 41.4022566 ], [ 2.124942, 41.4022513 ], [ 2.124949, 41.4022467 ], [ 2.1249509, 41.4022455 ], [ 2.1249558, 41.4022425 ], [ 2.124961, 41.4022394 ], [ 2.1249627, 41.4022384 ], [ 2.1249657, 41.4022368 ], [ 2.1249698, 41.4022346 ], [ 2.1249739, 41.4022324 ], [ 2.124977, 41.4022308 ], [ 2.1249844, 41.4022273 ], [ 2.1249919, 41.4022239 ], [ 2.1249996, 41.4022206 ], [ 2.1250034, 41.4022192 ], [ 2.1250074, 41.4022176 ], [ 2.1250153, 41.4022148 ], [ 2.1250157, 41.4022146 ], [ 2.1250229, 41.4022122 ], [ 2.1250233, 41.4022121 ], [ 2.1250237, 41.4022119 ], [ 2.1250276, 41.4022108 ], [ 2.1250314, 41.4022096 ], [ 2.1250358, 41.4022083 ], [ 2.1250401, 41.4022071 ], [ 2.1250445, 41.4022059 ], [ 2.1250497, 41.4022015 ], [ 2.1250529, 41.4021989 ], [ 2.1250611, 41.4021918 ], [ 2.1250643, 41.402189 ], [ 2.1250692, 41.4021846 ], [ 2.1250751, 41.4021792 ], [ 2.1250772, 41.4021773 ], [ 2.1250803, 41.4021743 ], [ 2.125085, 41.40217 ], [ 2.1250926, 41.4021625 ], [ 2.1250969, 41.4021581 ], [ 2.1251001, 41.4021549 ], [ 2.1251015, 41.4021534 ], [ 2.1251074, 41.4021472 ], [ 2.1251133, 41.4021408 ], [ 2.1251146, 41.4021395 ], [ 2.1251216, 41.4021316 ], [ 2.1251225, 41.4021305 ], [ 2.1251284, 41.4021237 ], [ 2.125132, 41.4021194 ], [ 2.1251351, 41.4021157 ], [ 2.1251372, 41.402113 ], [ 2.1251396, 41.40211 ], [ 2.1251416, 41.4021078 ], [ 2.1252094, 41.4020349 ], [ 2.12572, 41.4023214 ], [ 2.1263632, 41.4026784 ], [ 2.126475, 41.4027408 ], [ 2.1268614, 41.4029584 ], [ 2.1268647, 41.4029603 ], [ 2.1270779, 41.4030785 ], [ 2.1274786, 41.4032995 ], [ 2.1275125, 41.4033183 ], [ 2.1279329, 41.4035451 ], [ 2.1284596, 41.4038482 ], [ 2.128715, 41.4039907 ], [ 2.1290309, 41.4041685 ], [ 2.1291666, 41.4042441 ], [ 2.1294164, 41.4043829 ], [ 2.1295189, 41.4044399 ], [ 2.1298752, 41.4046377 ], [ 2.130003, 41.4047092 ], [ 2.1301049, 41.4045753 ], [ 2.1302863, 41.4043398 ], [ 2.1304186, 41.4041684 ], [ 2.1304779, 41.4040916 ], [ 2.130523, 41.4040328 ], [ 2.1305936, 41.4039395 ], [ 2.1305941, 41.4039388 ], [ 2.1306192, 41.4039049 ], [ 2.1306778, 41.4038273 ], [ 2.1308282, 41.4036354 ], [ 2.1309737, 41.4034459 ], [ 2.1310636, 41.4033297 ], [ 2.1311306, 41.4032431 ], [ 2.1312883, 41.4030397 ], [ 2.1314399, 41.4028438 ], [ 2.131446, 41.402836 ], [ 2.1315982, 41.4026398 ], [ 2.1317723, 41.4024146 ], [ 2.1318214, 41.4023514 ], [ 2.131964, 41.402168 ], [ 2.1319836, 41.4021427 ], [ 2.1321718, 41.4018992 ], [ 2.1322008, 41.4018616 ], [ 2.1323723, 41.4016395 ], [ 2.1324297, 41.4015656 ], [ 2.1325109, 41.4014609 ], [ 2.1327333, 41.4011739 ], [ 2.1328865, 41.4009763 ], [ 2.1329136, 41.4009414 ], [ 2.132943, 41.4009036 ], [ 2.1330208, 41.4008038 ], [ 2.1332002, 41.4005699 ], [ 2.1333226, 41.4004134 ], [ 2.1333301, 41.4004039 ], [ 2.1334629, 41.4002294 ], [ 2.1335713, 41.4000868 ], [ 2.1336386, 41.4000016 ], [ 2.1336917, 41.3999342 ], [ 2.1337144, 41.3999055 ], [ 2.1338324, 41.3997514 ], [ 2.1339897, 41.3995485 ], [ 2.1340614, 41.3994558 ], [ 2.1341261, 41.3993765 ], [ 2.1341262, 41.3993765 ], [ 2.1341562, 41.3993412 ], [ 2.1343385, 41.3995253 ], [ 2.1346399, 41.3998289 ], [ 2.1348156, 41.3999981 ], [ 2.1349989, 41.4001681 ], [ 2.1352363, 41.4003812 ], [ 2.135763, 41.400832 ], [ 2.1358042, 41.4008672 ], [ 2.1363724, 41.4013433 ], [ 2.1365811, 41.4015413 ], [ 2.136966, 41.4019065 ], [ 2.1375, 41.4024131 ], [ 2.1375469, 41.4024581 ], [ 2.1377791, 41.4026894 ], [ 2.1379247, 41.4028108 ], [ 2.1380329, 41.4029009 ], [ 2.1381085, 41.4029578 ], [ 2.1383901, 41.40317 ], [ 2.1387338, 41.4033938 ], [ 2.1390954, 41.4036244 ], [ 2.1393863, 41.4038036 ], [ 2.1395202, 41.4038861 ], [ 2.1398386, 41.4040456 ], [ 2.1399359, 41.4040896 ], [ 2.1399762, 41.4041078 ], [ 2.1405811, 41.4043626 ], [ 2.14064, 41.4043837 ], [ 2.1407349, 41.4044183 ], [ 2.1404803, 41.4045686 ], [ 2.1404696, 41.4045748 ], [ 2.1403984, 41.4046168 ], [ 2.140327, 41.4046587 ], [ 2.1402554, 41.4047004 ], [ 2.1401837, 41.4047419 ], [ 2.1401118, 41.4047833 ], [ 2.1400692, 41.4048078 ], [ 2.1399013, 41.4049159 ], [ 2.1398619, 41.40494 ], [ 2.1398022, 41.4049767 ], [ 2.1397888, 41.4049857 ], [ 2.1397757, 41.4049948 ], [ 2.1397627, 41.4050041 ], [ 2.1397499, 41.4050135 ], [ 2.1397373, 41.405023 ], [ 2.1397249, 41.4050327 ], [ 2.1397127, 41.4050425 ], [ 2.1397054, 41.4050485 ], [ 2.1397006, 41.4050525 ], [ 2.1396888, 41.4050626 ], [ 2.1396771, 41.4050728 ], [ 2.1396657, 41.4050831 ], [ 2.1396544, 41.4050936 ], [ 2.1396433, 41.4051042 ], [ 2.1396325, 41.4051149 ], [ 2.1396219, 41.4051258 ], [ 2.1396114, 41.4051367 ], [ 2.1396012, 41.4051478 ], [ 2.1395912, 41.405159 ], [ 2.1395815, 41.4051702 ], [ 2.139495, 41.4052775 ], [ 2.1394808, 41.4052947 ], [ 2.139467, 41.4053119 ], [ 2.1394533, 41.4053293 ], [ 2.1394398, 41.4053468 ], [ 2.1394266, 41.4053643 ], [ 2.1394136, 41.405382 ], [ 2.1394008, 41.4053997 ], [ 2.1393883, 41.4054176 ], [ 2.1393763, 41.4054351 ], [ 2.1393647, 41.4054513 ], [ 2.1393531, 41.4054681 ], [ 2.1393416, 41.405485 ], [ 2.1393304, 41.4055019 ], [ 2.1393195, 41.405519 ], [ 2.1393088, 41.4055361 ], [ 2.1392978, 41.405554 ], [ 2.1392395, 41.4056632 ], [ 2.1391553, 41.4058288 ], [ 2.1391454, 41.4058484 ], [ 2.139141, 41.4058568 ], [ 2.1391012, 41.4059303 ], [ 2.1390271, 41.4060248 ], [ 2.138951, 41.4061611 ], [ 2.1388255, 41.4063996 ], [ 2.138714, 41.4066208 ], [ 2.1386633, 41.4067163 ], [ 2.1385846, 41.4068707 ], [ 2.1385063, 41.4070259 ], [ 2.1384476, 41.4071409 ], [ 2.1384013, 41.4072309 ], [ 2.1383723, 41.4072878 ], [ 2.1382962, 41.4074373 ], [ 2.13825, 41.4075286 ], [ 2.1381798, 41.4076641 ], [ 2.1381027, 41.4078183 ], [ 2.1380287, 41.4079602 ], [ 2.1379539, 41.4081003 ], [ 2.1378915, 41.4082241 ], [ 2.1378381, 41.4083345 ], [ 2.1378071, 41.4083937 ], [ 2.1377111, 41.4085774 ], [ 2.1375, 41.4089865 ], [ 2.1374655, 41.4090503 ], [ 2.1373534, 41.4092668 ], [ 2.1372376, 41.4095089 ], [ 2.137194, 41.4096066 ], [ 2.1372007, 41.4096089 ], [ 2.1372072, 41.4096115 ], [ 2.1372137, 41.4096142 ], [ 2.13722, 41.409617 ], [ 2.1372262, 41.40962 ], [ 2.1372322, 41.4096232 ], [ 2.1372382, 41.4096265 ], [ 2.1372439, 41.40963 ], [ 2.1372495, 41.4096336 ], [ 2.1372549, 41.4096374 ], [ 2.1372602, 41.4096413 ], [ 2.1372652, 41.4096453 ], [ 2.1372701, 41.4096495 ], [ 2.1372748, 41.4096537 ], [ 2.1372793, 41.4096581 ], [ 2.1372836, 41.4096626 ], [ 2.1372877, 41.4096672 ], [ 2.1372916, 41.409672 ], [ 2.1372953, 41.4096768 ], [ 2.1372987, 41.4096817 ], [ 2.137302, 41.4096867 ], [ 2.137305, 41.4096917 ], [ 2.1373077, 41.4096969 ], [ 2.1373103, 41.4097021 ], [ 2.1373126, 41.4097074 ], [ 2.1373146, 41.4097127 ], [ 2.1373166, 41.4097183 ], [ 2.1373195, 41.4097269 ], [ 2.1373221, 41.4097355 ], [ 2.1373245, 41.4097442 ], [ 2.1373267, 41.409753 ], [ 2.1373286, 41.4097617 ], [ 2.1373303, 41.4097705 ], [ 2.1373317, 41.4097793 ], [ 2.1373325, 41.4097895 ], [ 2.137333, 41.4097999 ], [ 2.1373329, 41.4098025 ], [ 2.1373325, 41.4098072 ], [ 2.1373318, 41.4098119 ], [ 2.1373311, 41.4098165 ], [ 2.13733, 41.4098222 ], [ 2.137329, 41.4098267 ], [ 2.1373276, 41.4098322 ], [ 2.1373262, 41.4098369 ], [ 2.1373247, 41.4098413 ], [ 2.1373223, 41.4098495 ], [ 2.1373197, 41.4098576 ], [ 2.1373168, 41.4098657 ], [ 2.1373136, 41.4098738 ], [ 2.1373107, 41.4098803 ], [ 2.1373063, 41.4098894 ], [ 2.1373017, 41.4098984 ], [ 2.1372971, 41.4099074 ], [ 2.1372923, 41.4099164 ], [ 2.1372839, 41.4099317 ], [ 2.1372757, 41.409947 ], [ 2.1372677, 41.4099621 ], [ 2.1372596, 41.4099775 ], [ 2.1372515, 41.4099929 ], [ 2.1372437, 41.4100084 ], [ 2.1372359, 41.4100239 ], [ 2.1372282, 41.4100394 ], [ 2.13721, 41.4100755 ], [ 2.1372081, 41.4100797 ], [ 2.1372063, 41.4100839 ], [ 2.1371267, 41.4102477 ], [ 2.1372729, 41.4102973 ], [ 2.1374436, 41.4103644 ], [ 2.1375, 41.4103867 ], [ 2.1376905, 41.4104642 ], [ 2.1377077, 41.4104729 ], [ 2.1377244, 41.4104822 ], [ 2.1377405, 41.410492 ], [ 2.1377561, 41.4105022 ], [ 2.1377944, 41.4105295 ], [ 2.1378319, 41.4105574 ], [ 2.1378686, 41.4105859 ], [ 2.1379045, 41.4106149 ], [ 2.1379504, 41.4106549 ], [ 2.137994, 41.4106963 ], [ 2.1380351, 41.410739 ], [ 2.1380738, 41.4107831 ], [ 2.1381079, 41.4108344 ], [ 2.1381408, 41.4108862 ], [ 2.1381724, 41.4109384 ], [ 2.1382028, 41.410991 ], [ 2.1382246, 41.411044 ], [ 2.1382444, 41.4110975 ], [ 2.1382619, 41.4111515 ], [ 2.1382773, 41.4112058 ], [ 2.1382817, 41.4112269 ], [ 2.1382824, 41.4112314 ], [ 2.1382851, 41.4112481 ], [ 2.1382876, 41.4112694 ], [ 2.1382891, 41.4112908 ], [ 2.1382897, 41.4113122 ], [ 2.1382887, 41.4113424 ], [ 2.1382701, 41.4115463 ], [ 2.1382453, 41.4116598 ], [ 2.1381668, 41.4119417 ], [ 2.1380334, 41.4125012 ], [ 2.138002, 41.4126265 ], [ 2.1379377, 41.4128833 ], [ 2.1379369, 41.4128866 ], [ 2.1378958, 41.4130457 ], [ 2.1378622, 41.4131809 ], [ 2.137831, 41.4133119 ], [ 2.1377762, 41.4135115 ], [ 2.1377256, 41.413669 ], [ 2.1376833, 41.4138286 ], [ 2.1376708, 41.4138846 ], [ 2.1376993, 41.4140607 ], [ 2.137723, 41.4141099 ], [ 2.1374636, 41.4142239 ], [ 2.1374379, 41.4142352 ], [ 2.1373088, 41.414292 ], [ 2.1372204, 41.4143308 ], [ 2.1370849, 41.4144195 ], [ 2.1370711, 41.4144285 ], [ 2.137025, 41.4144587 ], [ 2.1362107, 41.4151717 ], [ 2.1361517, 41.4152233 ], [ 2.1361246, 41.4152794 ], [ 2.1360902, 41.4153505 ], [ 2.1360775, 41.415426 ], [ 2.1360626, 41.4155888 ], [ 2.1361089, 41.4157113 ], [ 2.1361989, 41.4158736 ], [ 2.1363148, 41.4159879 ], [ 2.1361538, 41.4161319 ], [ 2.1359849, 41.416283 ], [ 2.1359646, 41.4163011 ], [ 2.1357836, 41.4164631 ], [ 2.1357132, 41.416526 ], [ 2.1355733, 41.4166512 ], [ 2.1352599, 41.4169315 ], [ 2.1349184, 41.4172139 ], [ 2.1346768, 41.4174137 ], [ 2.1346465, 41.4174388 ], [ 2.1345583, 41.4175117 ], [ 2.1343215, 41.4177076 ], [ 2.1341791, 41.4177971 ], [ 2.1339566, 41.4179005 ], [ 2.1336753, 41.4180105 ], [ 2.133496, 41.4180689 ], [ 2.1327854, 41.4183003 ], [ 2.1325816, 41.4184019 ], [ 2.1324158, 41.4185101 ], [ 2.132353, 41.4185511 ], [ 2.1322779, 41.4185781 ], [ 2.1321798, 41.418583 ], [ 2.1320773, 41.4185568 ], [ 2.1320454, 41.4185394 ], [ 2.1318267, 41.4184197 ], [ 2.1316036, 41.4183239 ], [ 2.1314762, 41.4182851 ], [ 2.131358, 41.4182571 ], [ 2.1313425, 41.4182535 ], [ 2.1312447, 41.4182353 ], [ 2.1311447, 41.418226 ], [ 2.13107, 41.4182272 ], [ 2.130991, 41.4182382 ], [ 2.1306695, 41.4183117 ], [ 2.1306126, 41.4183125 ], [ 2.1305454, 41.4182848 ], [ 2.1305123, 41.4183236 ], [ 2.1302205, 41.4186648 ], [ 2.1300591, 41.4191118 ], [ 2.1300812, 41.419246 ], [ 2.1300914, 41.4192989 ], [ 2.1301033, 41.4193712 ], [ 2.1301171, 41.4194427 ], [ 2.1301298, 41.4195081 ], [ 2.1301351, 41.4195671 ], [ 2.1301288, 41.4196052 ], [ 2.1300865, 41.4196473 ], [ 2.1300425, 41.4196608 ], [ 2.1299954, 41.4196568 ], [ 2.1299492, 41.4196349 ], [ 2.1299088, 41.4196074 ], [ 2.1298674, 41.4195725 ], [ 2.1298376, 41.4195447 ], [ 2.129795, 41.4195159 ], [ 2.1297536, 41.4194862 ], [ 2.1297, 41.4194609 ], [ 2.1296468, 41.4194449 ], [ 2.1295962, 41.4194344 ], [ 2.1295467, 41.4194317 ], [ 2.1295027, 41.4194369 ], [ 2.129463, 41.4194467 ], [ 2.1293994, 41.419474 ], [ 2.1293859, 41.4194816 ], [ 2.1293172, 41.4195204 ], [ 2.1292523, 41.4195332 ], [ 2.1292067, 41.4195446 ], [ 2.1291543, 41.4195622 ], [ 2.1290706, 41.4195965 ], [ 2.1290251, 41.4196375 ], [ 2.1289516, 41.4197844 ] ] ] } },
{ "type": "Feature", "properties": { "id": "26", "name": "Sant Gervasi- Galvany", "housing2025": 25805.0, "housing2026": 25896.0, "hutCount": 311, "hutPending": 2, "hutAllRecords": 313, "hutStrictGeometry": 311, "hutBeds": 2336.0, "missingBeds": 0, "rent2019": 15.275452400051838, "rentMonth2019": 1397.2730045095827, "contracts2019": 1774.0, "rent2020": 15.323225256133169, "rentMonth2020": 1362.2751452870302, "contracts2020": 1411.0, "rent2021": 14.52886385373683, "rentMonth2021": 1355.477941912869, "contracts2021": 1997.0, "rent2022": 15.727261658303499, "rentMonth2022": 1487.7349507658644, "contracts2022": 1828.0, "rent2023": 18.424004555209144, "rentMonth2023": 1696.011168741356, "contracts2023": 1446.0, "rent2024": 18.752671973132443, "rentMonth2024": 1739.5141285140553, "contracts2024": 1245.0, "rent2025": 18.841333587293001, "rentMonth2025": 1731.7320714866, "contracts2025": 1231.0, "hutIntensity": 12.009576768612913, "hutInclusiveIntensity": 12.086808773555761, "hutStrictIntensity": 12.009576768612913, "rentChange": 19.800471287672437, "contractIntensity": 47.703933346250729, "comparable": true, "validRent2025": true, "validRentChange": true, "validContractActivity": true, "qualityFlag": "pending_registry_records_retained_in_audit", "platform2025": 589, "platformEntire2025": 358, "platformIntensity2025": 13.873280372020925, "overlapClass": "rent", "changeClass": "rent", "thresholdStable": false, "caseFlag": false }, "geometry": { "type": "Polygon", "coordinates": [ [ [ 2.147217, 41.4014118 ], [ 2.1471523, 41.4014555 ], [ 2.1468329, 41.4016267 ], [ 2.1464332, 41.4018431 ], [ 2.1461955, 41.4019738 ], [ 2.1461921, 41.4019757 ], [ 2.1459765, 41.4020986 ], [ 2.1458334, 41.4021739 ], [ 2.1457471, 41.4022222 ], [ 2.1455645, 41.4023235 ], [ 2.1454874, 41.4023675 ], [ 2.1453396, 41.4024492 ], [ 2.1451368, 41.4025629 ], [ 2.1450667, 41.4026015 ], [ 2.1450516, 41.4026098 ], [ 2.1450363, 41.402618 ], [ 2.1450209, 41.4026261 ], [ 2.1450054, 41.402634 ], [ 2.1449897, 41.4026418 ], [ 2.1449738, 41.4026494 ], [ 2.1449579, 41.4026569 ], [ 2.1449419, 41.4026642 ], [ 2.1449257, 41.4026714 ], [ 2.1449094, 41.4026784 ], [ 2.1448929, 41.4026852 ], [ 2.1448764, 41.4026919 ], [ 2.1448575, 41.4026993 ], [ 2.1448529, 41.4027011 ], [ 2.1448292, 41.4027101 ], [ 2.1448054, 41.402719 ], [ 2.1447816, 41.4027277 ], [ 2.1447576, 41.4027361 ], [ 2.1447335, 41.4027445 ], [ 2.1447092, 41.4027526 ], [ 2.1446849, 41.4027605 ], [ 2.1446542, 41.4027707 ], [ 2.1446235, 41.4027807 ], [ 2.1445928, 41.4027908 ], [ 2.1445621, 41.4028008 ], [ 2.1445313, 41.4028107 ], [ 2.1445005, 41.4028207 ], [ 2.144476, 41.4028281 ], [ 2.1444514, 41.4028356 ], [ 2.1444268, 41.402843 ], [ 2.1444124, 41.4028474 ], [ 2.1444022, 41.4028505 ], [ 2.1443775, 41.4028579 ], [ 2.1443529, 41.4028653 ], [ 2.1443282, 41.4028727 ], [ 2.1443035, 41.4028801 ], [ 2.1442238, 41.4029033 ], [ 2.1438987, 41.4029951 ], [ 2.1435821, 41.4030845 ], [ 2.1433435, 41.4031629 ], [ 2.143282, 41.4031861 ], [ 2.143222, 41.4032114 ], [ 2.1431636, 41.4032388 ], [ 2.143107, 41.4032683 ], [ 2.1430315, 41.4033103 ], [ 2.1429579, 41.4033542 ], [ 2.1429196, 41.4033788 ], [ 2.1428864, 41.4034001 ], [ 2.1427344, 41.4035045 ], [ 2.1425733, 41.4036189 ], [ 2.1424553, 41.4037007 ], [ 2.1423896, 41.403744 ], [ 2.142323, 41.4037851 ], [ 2.1421571, 41.4038756 ], [ 2.1420775, 41.4039136 ], [ 2.1419961, 41.4039493 ], [ 2.141913, 41.4039828 ], [ 2.1417006, 41.4040631 ], [ 2.1414205, 41.4041674 ], [ 2.1414058, 41.4041728 ], [ 2.1412959, 41.4042143 ], [ 2.1409422, 41.4043455 ], [ 2.1407349, 41.4044183 ], [ 2.14064, 41.4043837 ], [ 2.1405811, 41.4043626 ], [ 2.1399762, 41.4041078 ], [ 2.1399359, 41.4040896 ], [ 2.1398386, 41.4040456 ], [ 2.1395202, 41.4038861 ], [ 2.1393863, 41.4038036 ], [ 2.1390954, 41.4036244 ], [ 2.1387338, 41.4033938 ], [ 2.1383901, 41.40317 ], [ 2.1381085, 41.4029578 ], [ 2.1380329, 41.4029009 ], [ 2.1379247, 41.4028108 ], [ 2.1377791, 41.4026894 ], [ 2.1375469, 41.4024581 ], [ 2.1375, 41.4024131 ], [ 2.136966, 41.4019065 ], [ 2.1365811, 41.4015413 ], [ 2.1363724, 41.4013433 ], [ 2.1358042, 41.4008672 ], [ 2.135763, 41.400832 ], [ 2.1352363, 41.4003812 ], [ 2.1349989, 41.4001681 ], [ 2.1348156, 41.3999981 ], [ 2.1346399, 41.3998289 ], [ 2.1343385, 41.3995253 ], [ 2.1341562, 41.3993412 ], [ 2.1339974, 41.3991771 ], [ 2.1337982, 41.3989597 ], [ 2.1333672, 41.3984703 ], [ 2.1332548, 41.3983332 ], [ 2.1329879, 41.3980019 ], [ 2.1329133, 41.3978973 ], [ 2.1328917, 41.3978602 ], [ 2.1328605, 41.3977968 ], [ 2.1328493, 41.3977733 ], [ 2.1328366, 41.3977464 ], [ 2.1328126, 41.3976935 ], [ 2.1328031, 41.3976359 ], [ 2.132794, 41.3975546 ], [ 2.1327902, 41.3974732 ], [ 2.1327919, 41.3973918 ], [ 2.132799, 41.3973105 ], [ 2.1328115, 41.3972296 ], [ 2.1328275, 41.3971724 ], [ 2.1328481, 41.3971158 ], [ 2.1328731, 41.3970602 ], [ 2.1329023, 41.3970058 ], [ 2.1329358, 41.3969528 ], [ 2.1329733, 41.3969014 ], [ 2.1330148, 41.3968517 ], [ 2.1330814, 41.3967823 ], [ 2.133088, 41.3967754 ], [ 2.1334319, 41.3964234 ], [ 2.1337563, 41.3960914 ], [ 2.1337817, 41.396065 ], [ 2.1338726, 41.3959666 ], [ 2.133905, 41.3959252 ], [ 2.1339541, 41.3958514 ], [ 2.1340291, 41.3957193 ], [ 2.1341096, 41.3955827 ], [ 2.1342358, 41.3955753 ], [ 2.1343541, 41.3954864 ], [ 2.1344437, 41.3953395 ], [ 2.1345661, 41.3951068 ], [ 2.1346192, 41.394988 ], [ 2.1346651, 41.3948966 ], [ 2.1347552, 41.3946975 ], [ 2.1347649, 41.3946761 ], [ 2.1350334, 41.3940366 ], [ 2.1351254, 41.3938163 ], [ 2.1353913, 41.3931799 ], [ 2.1356186, 41.3926396 ], [ 2.1357248, 41.3923897 ], [ 2.1357674, 41.3922914 ], [ 2.1357967, 41.3922262 ], [ 2.1360789, 41.3919229 ], [ 2.1363459, 41.391668 ], [ 2.1364098, 41.391607 ], [ 2.1364236, 41.3915938 ], [ 2.1374681, 41.3914352 ], [ 2.1387675, 41.3912384 ], [ 2.1393657, 41.3913903 ], [ 2.1423159, 41.3921334 ], [ 2.1440544, 41.3925746 ], [ 2.1440663, 41.3925577 ], [ 2.1440969, 41.3925234 ], [ 2.1441464, 41.3924789 ], [ 2.1441841, 41.3924526 ], [ 2.1442578, 41.3924138 ], [ 2.1443445, 41.392384 ], [ 2.1444011, 41.3923719 ], [ 2.1444518, 41.3923653 ], [ 2.1445193, 41.3923635 ], [ 2.1445826, 41.3923682 ], [ 2.144657, 41.3923815 ], [ 2.1447278, 41.392403 ], [ 2.1447893, 41.3924308 ], [ 2.1448352, 41.3924582 ], [ 2.1448583, 41.3924762 ], [ 2.1448903, 41.3925011 ], [ 2.1449395, 41.3925537 ], [ 2.1449677, 41.392597 ], [ 2.1449905, 41.3926506 ], [ 2.1450019, 41.3927063 ], [ 2.1450023, 41.3927546 ], [ 2.144995, 41.392803 ], [ 2.1449784, 41.392855 ], [ 2.1455648, 41.3930034 ], [ 2.1461609, 41.3931543 ], [ 2.1462166, 41.3931684 ], [ 2.1466853, 41.3932871 ], [ 2.1479221, 41.3936001 ], [ 2.1496174, 41.3940291 ], [ 2.151308, 41.3944569 ], [ 2.1547107, 41.3953179 ], [ 2.1557107, 41.3955709 ], [ 2.1557094, 41.3955733 ], [ 2.1552589, 41.3963531 ], [ 2.1549312, 41.3967772 ], [ 2.1540383, 41.3976724 ], [ 2.1532395, 41.3984732 ], [ 2.1520387, 41.3996771 ], [ 2.1516588, 41.400058 ], [ 2.1512258, 41.400492 ], [ 2.1507793, 41.4007042 ], [ 2.1504449, 41.4008403 ], [ 2.1502585, 41.4009038 ], [ 2.1500504, 41.4009689 ], [ 2.1496089, 41.4010853 ], [ 2.1492586, 41.4011464 ], [ 2.1490529, 41.4011728 ], [ 2.1488624, 41.4011905 ], [ 2.1485539, 41.4012135 ], [ 2.1484118, 41.4012184 ], [ 2.148269, 41.40122 ], [ 2.1481416, 41.4012142 ], [ 2.1478662, 41.4011949 ], [ 2.1475827, 41.4011639 ], [ 2.147217, 41.4014118 ] ] ] } },
{ "type": "Feature", "properties": { "id": "27", "name": "el Putxet i el Farró", "housing2025": 16619.0, "housing2026": 16631.0, "hutCount": 199, "hutPending": 3, "hutAllRecords": 202, "hutStrictGeometry": 199, "hutBeds": 1195.0, "missingBeds": 0, "rent2019": 15.027643645449707, "rentMonth2019": 1086.4194394618837, "contracts2019": 1338.0, "rent2020": 15.08840764858391, "rentMonth2020": 1056.0809990009991, "contracts2020": 1001.0, "rent2021": 14.269989612958556, "rentMonth2021": 1003.6275068306016, "contracts2021": 1464.0, "rent2022": 15.818496613557317, "rentMonth2022": 1115.855, "contracts2022": 1257.0, "rent2023": 17.293027048411396, "rentMonth2023": 1255.3925507900678, "contracts2023": 886.0, "rent2024": 17.053357640379087, "rentMonth2024": 1279.4742302878601, "contracts2024": 799.0, "rent2025": 18.342960128898198, "rentMonth2025": 1201.9748717948701, "contracts2025": 819.0, "hutIntensity": 11.965606397691058, "hutInclusiveIntensity": 12.145992423786904, "hutStrictIntensity": 11.965606397691058, "rentChange": 15.958934512002099, "contractIntensity": 49.280943498405442, "comparable": true, "validRent2025": true, "validRentChange": true, "validContractActivity": true, "qualityFlag": "pending_registry_records_retained_in_audit", "platform2025": 278, "platformEntire2025": 169, "platformIntensity2025": 10.169083579036043, "overlapClass": "rent", "changeClass": "neither", "thresholdStable": false, "caseFlag": false }, "geometry": { "type": "Polygon", "coordinates": [ [ [ 2.1483765, 41.406989 ], [ 2.1484041, 41.4070085 ], [ 2.1485912, 41.4071395 ], [ 2.148659, 41.4071883 ], [ 2.1486497, 41.407196 ], [ 2.1486399, 41.407204 ], [ 2.1476679, 41.4080015 ], [ 2.147193, 41.4085876 ], [ 2.1464486, 41.4095064 ], [ 2.1463002, 41.4096896 ], [ 2.1462796, 41.4097149 ], [ 2.1460754, 41.409967 ], [ 2.1459648, 41.4101345 ], [ 2.1458828, 41.4102902 ], [ 2.1456012, 41.4108254 ], [ 2.1454649, 41.4109573 ], [ 2.1453613, 41.4110525 ], [ 2.1452632, 41.4111323 ], [ 2.1451625, 41.4111928 ], [ 2.1450039, 41.4112696 ], [ 2.144775, 41.4113412 ], [ 2.1444694, 41.4113829 ], [ 2.1431505, 41.4114857 ], [ 2.1431003, 41.4114912 ], [ 2.140956, 41.4117267 ], [ 2.1409549, 41.4117271 ], [ 2.1409263, 41.4117363 ], [ 2.1408183, 41.4117709 ], [ 2.1406977, 41.4118385 ], [ 2.1403159, 41.4121361 ], [ 2.1399431, 41.4124267 ], [ 2.1382704, 41.4137304 ], [ 2.1379574, 41.4139743 ], [ 2.1378373, 41.4140438 ], [ 2.137723, 41.4141099 ], [ 2.1376993, 41.4140607 ], [ 2.1376708, 41.4138846 ], [ 2.1376833, 41.4138286 ], [ 2.1377256, 41.413669 ], [ 2.1377762, 41.4135115 ], [ 2.137831, 41.4133119 ], [ 2.1378622, 41.4131809 ], [ 2.1378958, 41.4130457 ], [ 2.1379369, 41.4128866 ], [ 2.1379377, 41.4128833 ], [ 2.138002, 41.4126265 ], [ 2.1380334, 41.4125012 ], [ 2.1381668, 41.4119417 ], [ 2.1382453, 41.4116598 ], [ 2.1382701, 41.4115463 ], [ 2.1382887, 41.4113424 ], [ 2.1382897, 41.4113122 ], [ 2.1382891, 41.4112908 ], [ 2.1382876, 41.4112694 ], [ 2.1382851, 41.4112481 ], [ 2.1382824, 41.4112314 ], [ 2.1382817, 41.4112269 ], [ 2.1382773, 41.4112058 ], [ 2.1382619, 41.4111515 ], [ 2.1382444, 41.4110975 ], [ 2.1382246, 41.411044 ], [ 2.1382028, 41.410991 ], [ 2.1381724, 41.4109384 ], [ 2.1381408, 41.4108862 ], [ 2.1381079, 41.4108344 ], [ 2.1380738, 41.4107831 ], [ 2.1380351, 41.410739 ], [ 2.137994, 41.4106963 ], [ 2.1379504, 41.4106549 ], [ 2.1379045, 41.4106149 ], [ 2.1378686, 41.4105859 ], [ 2.1378319, 41.4105574 ], [ 2.1377944, 41.4105295 ], [ 2.1377561, 41.4105022 ], [ 2.1377405, 41.410492 ], [ 2.1377244, 41.4104822 ], [ 2.1377077, 41.4104729 ], [ 2.1376905, 41.4104642 ], [ 2.1375, 41.4103867 ], [ 2.1374436, 41.4103644 ], [ 2.1372729, 41.4102973 ], [ 2.1371267, 41.4102477 ], [ 2.1372063, 41.4100839 ], [ 2.1372081, 41.4100797 ], [ 2.13721, 41.4100755 ], [ 2.1372282, 41.4100394 ], [ 2.1372359, 41.4100239 ], [ 2.1372437, 41.4100084 ], [ 2.1372515, 41.4099929 ], [ 2.1372596, 41.4099775 ], [ 2.1372677, 41.4099621 ], [ 2.1372757, 41.409947 ], [ 2.1372839, 41.4099317 ], [ 2.1372923, 41.4099164 ], [ 2.1372971, 41.4099074 ], [ 2.1373017, 41.4098984 ], [ 2.1373063, 41.4098894 ], [ 2.1373107, 41.4098803 ], [ 2.1373136, 41.4098738 ], [ 2.1373168, 41.4098657 ], [ 2.1373197, 41.4098576 ], [ 2.1373223, 41.4098495 ], [ 2.1373247, 41.4098413 ], [ 2.1373262, 41.4098369 ], [ 2.1373276, 41.4098322 ], [ 2.137329, 41.4098267 ], [ 2.13733, 41.4098222 ], [ 2.1373311, 41.4098165 ], [ 2.1373318, 41.4098119 ], [ 2.1373325, 41.4098072 ], [ 2.1373329, 41.4098025 ], [ 2.137333, 41.4097999 ], [ 2.1373325, 41.4097895 ], [ 2.1373317, 41.4097793 ], [ 2.1373303, 41.4097705 ], [ 2.1373286, 41.4097617 ], [ 2.1373267, 41.409753 ], [ 2.1373245, 41.4097442 ], [ 2.1373221, 41.4097355 ], [ 2.1373195, 41.4097269 ], [ 2.1373166, 41.4097183 ], [ 2.1373146, 41.4097127 ], [ 2.1373126, 41.4097074 ], [ 2.1373103, 41.4097021 ], [ 2.1373077, 41.4096969 ], [ 2.137305, 41.4096917 ], [ 2.137302, 41.4096867 ], [ 2.1372987, 41.4096817 ], [ 2.1372953, 41.4096768 ], [ 2.1372916, 41.409672 ], [ 2.1372877, 41.4096672 ], [ 2.1372836, 41.4096626 ], [ 2.1372793, 41.4096581 ], [ 2.1372748, 41.4096537 ], [ 2.1372701, 41.4096495 ], [ 2.1372652, 41.4096453 ], [ 2.1372602, 41.4096413 ], [ 2.1372549, 41.4096374 ], [ 2.1372495, 41.4096336 ], [ 2.1372439, 41.40963 ], [ 2.1372382, 41.4096265 ], [ 2.1372322, 41.4096232 ], [ 2.1372262, 41.40962 ], [ 2.13722, 41.409617 ], [ 2.1372137, 41.4096142 ], [ 2.1372072, 41.4096115 ], [ 2.1372007, 41.4096089 ], [ 2.137194, 41.4096066 ], [ 2.1372376, 41.4095089 ], [ 2.1373534, 41.4092668 ], [ 2.1374655, 41.4090503 ], [ 2.1375, 41.4089865 ], [ 2.1377111, 41.4085774 ], [ 2.1378071, 41.4083937 ], [ 2.1378381, 41.4083345 ], [ 2.1378915, 41.4082241 ], [ 2.1379539, 41.4081003 ], [ 2.1380287, 41.4079602 ], [ 2.1381027, 41.4078183 ], [ 2.1381798, 41.4076641 ], [ 2.13825, 41.4075286 ], [ 2.1382962, 41.4074373 ], [ 2.1383723, 41.4072878 ], [ 2.1384013, 41.4072309 ], [ 2.1384476, 41.4071409 ], [ 2.1385063, 41.4070259 ], [ 2.1385846, 41.4068707 ], [ 2.1386633, 41.4067163 ], [ 2.138714, 41.4066208 ], [ 2.1388255, 41.4063996 ], [ 2.138951, 41.4061611 ], [ 2.1390271, 41.4060248 ], [ 2.1391012, 41.4059303 ], [ 2.139141, 41.4058568 ], [ 2.1391454, 41.4058484 ], [ 2.1391553, 41.4058288 ], [ 2.1392395, 41.4056632 ], [ 2.1392978, 41.405554 ], [ 2.1393088, 41.4055361 ], [ 2.1393195, 41.405519 ], [ 2.1393304, 41.4055019 ], [ 2.1393416, 41.405485 ], [ 2.1393531, 41.4054681 ], [ 2.1393647, 41.4054513 ], [ 2.1393763, 41.4054351 ], [ 2.1393883, 41.4054176 ], [ 2.1394008, 41.4053997 ], [ 2.1394136, 41.405382 ], [ 2.1394266, 41.4053643 ], [ 2.1394398, 41.4053468 ], [ 2.1394533, 41.4053293 ], [ 2.139467, 41.4053119 ], [ 2.1394808, 41.4052947 ], [ 2.139495, 41.4052775 ], [ 2.1395815, 41.4051702 ], [ 2.1395912, 41.405159 ], [ 2.1396012, 41.4051478 ], [ 2.1396114, 41.4051367 ], [ 2.1396219, 41.4051258 ], [ 2.1396325, 41.4051149 ], [ 2.1396433, 41.4051042 ], [ 2.1396544, 41.4050936 ], [ 2.1396657, 41.4050831 ], [ 2.1396771, 41.4050728 ], [ 2.1396888, 41.4050626 ], [ 2.1397006, 41.4050525 ], [ 2.1397054, 41.4050485 ], [ 2.1397127, 41.4050425 ], [ 2.1397249, 41.4050327 ], [ 2.1397373, 41.405023 ], [ 2.1397499, 41.4050135 ], [ 2.1397627, 41.4050041 ], [ 2.1397757, 41.4049948 ], [ 2.1397888, 41.4049857 ], [ 2.1398022, 41.4049767 ], [ 2.1398619, 41.40494 ], [ 2.1399013, 41.4049159 ], [ 2.1400692, 41.4048078 ], [ 2.1401118, 41.4047833 ], [ 2.1401837, 41.4047419 ], [ 2.1402554, 41.4047004 ], [ 2.140327, 41.4046587 ], [ 2.1403984, 41.4046168 ], [ 2.1404696, 41.4045748 ], [ 2.1404803, 41.4045686 ], [ 2.1407349, 41.4044183 ], [ 2.1409422, 41.4043455 ], [ 2.1412959, 41.4042143 ], [ 2.1414058, 41.4041728 ], [ 2.1414205, 41.4041674 ], [ 2.1417006, 41.4040631 ], [ 2.141913, 41.4039828 ], [ 2.1419961, 41.4039493 ], [ 2.1420775, 41.4039136 ], [ 2.1421571, 41.4038756 ], [ 2.142323, 41.4037851 ], [ 2.1423896, 41.403744 ], [ 2.1424553, 41.4037007 ], [ 2.1425733, 41.4036189 ], [ 2.1427344, 41.4035045 ], [ 2.1428864, 41.4034001 ], [ 2.1429196, 41.4033788 ], [ 2.1429579, 41.4033542 ], [ 2.1430315, 41.4033103 ], [ 2.143107, 41.4032683 ], [ 2.1431636, 41.4032388 ], [ 2.143222, 41.4032114 ], [ 2.143282, 41.4031861 ], [ 2.1433435, 41.4031629 ], [ 2.1435821, 41.4030845 ], [ 2.1438987, 41.4029951 ], [ 2.1442238, 41.4029033 ], [ 2.1443035, 41.4028801 ], [ 2.1443282, 41.4028727 ], [ 2.1443529, 41.4028653 ], [ 2.1443775, 41.4028579 ], [ 2.1444022, 41.4028505 ], [ 2.1444124, 41.4028474 ], [ 2.1444268, 41.402843 ], [ 2.1444514, 41.4028356 ], [ 2.144476, 41.4028281 ], [ 2.1445005, 41.4028207 ], [ 2.1445313, 41.4028107 ], [ 2.1445621, 41.4028008 ], [ 2.1445928, 41.4027908 ], [ 2.1446235, 41.4027807 ], [ 2.1446542, 41.4027707 ], [ 2.1446849, 41.4027605 ], [ 2.1447092, 41.4027526 ], [ 2.1447335, 41.4027445 ], [ 2.1447576, 41.4027361 ], [ 2.1447816, 41.4027277 ], [ 2.1448054, 41.402719 ], [ 2.1448292, 41.4027101 ], [ 2.1448529, 41.4027011 ], [ 2.1448575, 41.4026993 ], [ 2.1448764, 41.4026919 ], [ 2.1448929, 41.4026852 ], [ 2.1449094, 41.4026784 ], [ 2.1449257, 41.4026714 ], [ 2.1449419, 41.4026642 ], [ 2.1449579, 41.4026569 ], [ 2.1449738, 41.4026494 ], [ 2.1449897, 41.4026418 ], [ 2.1450054, 41.402634 ], [ 2.1450209, 41.4026261 ], [ 2.1450363, 41.402618 ], [ 2.1450516, 41.4026098 ], [ 2.1450667, 41.4026015 ], [ 2.1451368, 41.4025629 ], [ 2.1453396, 41.4024492 ], [ 2.1454874, 41.4023675 ], [ 2.1455645, 41.4023235 ], [ 2.1457471, 41.4022222 ], [ 2.1458334, 41.4021739 ], [ 2.1459765, 41.4020986 ], [ 2.1461921, 41.4019757 ], [ 2.1461955, 41.4019738 ], [ 2.1464332, 41.4018431 ], [ 2.1468329, 41.4016267 ], [ 2.1471523, 41.4014555 ], [ 2.147217, 41.4014118 ], [ 2.1475827, 41.4011639 ], [ 2.1478662, 41.4011949 ], [ 2.1481416, 41.4012142 ], [ 2.148269, 41.40122 ], [ 2.1484118, 41.4012184 ], [ 2.1485539, 41.4012135 ], [ 2.1488624, 41.4011905 ], [ 2.1490529, 41.4011728 ], [ 2.1492586, 41.4011464 ], [ 2.1496089, 41.4010853 ], [ 2.1500504, 41.4009689 ], [ 2.1502585, 41.4009038 ], [ 2.1504449, 41.4008403 ], [ 2.1507793, 41.4007042 ], [ 2.1512258, 41.400492 ], [ 2.1511595, 41.4007259 ], [ 2.1511702, 41.4009038 ], [ 2.1512247, 41.4010528 ], [ 2.1512295, 41.4011515 ], [ 2.1512134, 41.4013232 ], [ 2.1511553, 41.4014922 ], [ 2.1510711, 41.4016299 ], [ 2.1508729, 41.4018859 ], [ 2.1508391, 41.4019295 ], [ 2.1505748, 41.4022709 ], [ 2.1501008, 41.4028832 ], [ 2.1500138, 41.4030147 ], [ 2.1499915, 41.4030621 ], [ 2.1499232, 41.4032076 ], [ 2.1499194, 41.4032677 ], [ 2.1500282, 41.4037805 ], [ 2.1500876, 41.4038758 ], [ 2.15024, 41.4040179 ], [ 2.1502514, 41.4040286 ], [ 2.1502574, 41.4040376 ], [ 2.1503261, 41.4041402 ], [ 2.1503676, 41.4042534 ], [ 2.1503736, 41.4043673 ], [ 2.1503553, 41.4044512 ], [ 2.1500215, 41.4053054 ], [ 2.1499711, 41.4055094 ], [ 2.1499773, 41.4055985 ], [ 2.1499945, 41.405647 ], [ 2.1500417, 41.4057798 ], [ 2.1500674, 41.4059949 ], [ 2.1499446, 41.406115 ], [ 2.1497477, 41.4063074 ], [ 2.1495712, 41.4064799 ], [ 2.1495312, 41.4065041 ], [ 2.1494501, 41.4065533 ], [ 2.1493411, 41.4066194 ], [ 2.1493356, 41.4066228 ], [ 2.1490597, 41.4068619 ], [ 2.1490269, 41.4068903 ], [ 2.1490242, 41.4068884 ], [ 2.1489792, 41.4068571 ], [ 2.1489357, 41.4068268 ], [ 2.1489414, 41.4068222 ], [ 2.1488399, 41.4067515 ], [ 2.1488354, 41.4067554 ], [ 2.1487914, 41.4067261 ], [ 2.1488275, 41.4066954 ], [ 2.1488298, 41.4066969 ], [ 2.1489655, 41.4065843 ], [ 2.1489136, 41.4065489 ], [ 2.1487963, 41.4066502 ], [ 2.1487717, 41.4066341 ], [ 2.1487457, 41.4066164 ], [ 2.1487226, 41.4066021 ], [ 2.1486974, 41.4066234 ], [ 2.1487031, 41.4066269 ], [ 2.1486546, 41.4066671 ], [ 2.1485349, 41.4067678 ], [ 2.1485239, 41.406777 ], [ 2.1485112, 41.4067685 ], [ 2.1484859, 41.4067723 ], [ 2.1484724, 41.4067823 ], [ 2.1484473, 41.4067642 ], [ 2.1484184, 41.4067855 ], [ 2.1483848, 41.406812 ], [ 2.1484972, 41.4068917 ], [ 2.1484817, 41.4069046 ], [ 2.14848, 41.4069034 ], [ 2.1483765, 41.406989 ] ] ] } },
{ "type": "Feature", "properties": { "id": "28", "name": "Vallcarca i els Penitents", "housing2025": 9187.0, "housing2026": 9197.0, "hutCount": 39, "hutPending": 0, "hutAllRecords": 39, "hutStrictGeometry": 39, "hutBeds": 252.0, "missingBeds": 0, "rent2019": 14.03828875752721, "rentMonth2019": 972.2207885304656, "contracts2019": 558.0, "rent2020": 14.367477774784508, "rentMonth2020": 982.49024774774773, "contracts2020": 444.0, "rent2021": 13.726958979428565, "rentMonth2021": 941.49074313408721, "contracts2021": 619.0, "rent2022": 14.729010174581624, "rentMonth2022": 1006.7594434137292, "contracts2022": 539.0, "rent2023": 16.776072776142097, "rentMonth2023": 1137.6737530266346, "contracts2023": 413.0, "rent2024": 17.757284520261535, "rentMonth2024": 1181.0883333333331, "contracts2024": 342.0, "rent2025": 17.393745383708801, "rentMonth2025": 1088.84488304094, "contracts2025": 342.0, "hutIntensity": 4.2405132108296186, "hutInclusiveIntensity": 4.2405132108296186, "hutStrictIntensity": 4.2405132108296186, "rentChange": 18.091746679120391, "contractIntensity": 37.226515728747145, "comparable": true, "validRent2025": true, "validRentChange": true, "validContractActivity": true, "qualityFlag": "comparable", "platform2025": 82, "platformEntire2025": 46, "platformIntensity2025": 5.0070752149776858, "overlapClass": "rent", "changeClass": "rent", "thresholdStable": false, "caseFlag": false }, "geometry": { "type": "Polygon", "coordinates": [ [ [ 2.1362851, 41.4236271 ], [ 2.1362091, 41.4236837 ], [ 2.1361572, 41.4237699 ], [ 2.1361392, 41.4238556 ], [ 2.1361453, 41.4241386 ], [ 2.1361478, 41.4242562 ], [ 2.136127, 41.4243405 ], [ 2.1360708, 41.4244458 ], [ 2.1359797, 41.4245449 ], [ 2.1359035, 41.4245988 ], [ 2.1358052, 41.4246475 ], [ 2.1351058, 41.4248797 ], [ 2.13508, 41.4248372 ], [ 2.1350598, 41.4248041 ], [ 2.135058, 41.4248015 ], [ 2.1350579, 41.4248013 ], [ 2.1350474, 41.4247865 ], [ 2.1350391, 41.4247626 ], [ 2.1350384, 41.4247369 ], [ 2.1350476, 41.4247036 ], [ 2.1350643, 41.4246718 ], [ 2.135078, 41.4246503 ], [ 2.1351032, 41.424621 ], [ 2.1351886, 41.4245409 ], [ 2.1352961, 41.4244509 ], [ 2.1353318, 41.4244173 ], [ 2.1353441, 41.4244025 ], [ 2.1353609, 41.4243768 ], [ 2.1353671, 41.4243614 ], [ 2.1353702, 41.4243369 ], [ 2.1353688, 41.4243241 ], [ 2.1353674, 41.4243113 ], [ 2.1353614, 41.4242955 ], [ 2.1353548, 41.4242784 ], [ 2.1353547, 41.4242781 ], [ 2.1353429, 41.4242474 ], [ 2.1353231, 41.4242081 ], [ 2.1353097, 41.4241815 ], [ 2.1352906, 41.4241488 ], [ 2.135285, 41.4241393 ], [ 2.135278, 41.4241272 ], [ 2.1352538, 41.4240856 ], [ 2.1352123, 41.4240297 ], [ 2.1351602, 41.4239729 ], [ 2.1351462, 41.4239601 ], [ 2.1351157, 41.4239324 ], [ 2.1350859, 41.4239053 ], [ 2.1350721, 41.4238928 ], [ 2.1349991, 41.4238321 ], [ 2.134963, 41.4238053 ], [ 2.1349104, 41.4237755 ], [ 2.134881, 41.4237566 ], [ 2.1348595, 41.4237375 ], [ 2.1348461, 41.4237228 ], [ 2.1348329, 41.423684 ], [ 2.1348047, 41.4236225 ], [ 2.1348046, 41.4236223 ], [ 2.1347835, 41.4235763 ], [ 2.1347586, 41.4235835 ], [ 2.1347539, 41.4235846 ], [ 2.1346668, 41.4236051 ], [ 2.1346659, 41.4236053 ], [ 2.1346475, 41.4236096 ], [ 2.1346337, 41.4235881 ], [ 2.1346284, 41.4235823 ], [ 2.1346153, 41.4235681 ], [ 2.1345969, 41.4235482 ], [ 2.1345902, 41.4235399 ], [ 2.1345872, 41.4235362 ], [ 2.1345857, 41.4235344 ], [ 2.1345671, 41.4235114 ], [ 2.1345239, 41.4234493 ], [ 2.1344807, 41.4233871 ], [ 2.1344607, 41.4233553 ], [ 2.1344407, 41.4233234 ], [ 2.1344018, 41.423255 ], [ 2.1343738, 41.4231999 ], [ 2.1343601, 41.4231689 ], [ 2.1343461, 41.4231373 ], [ 2.1343448, 41.4231344 ], [ 2.1343439, 41.4231322 ], [ 2.134333, 41.4231077 ], [ 2.134314, 41.4230732 ], [ 2.1342928, 41.42304 ], [ 2.1342844, 41.4230171 ], [ 2.1342731, 41.4229512 ], [ 2.1342627, 41.4229241 ], [ 2.1342521, 41.4228962 ], [ 2.1342521, 41.4228961 ], [ 2.1342451, 41.422878 ], [ 2.1342376, 41.4228582 ], [ 2.1342196, 41.4228033 ], [ 2.1342137, 41.4227802 ], [ 2.1342116, 41.422758 ], [ 2.1342133, 41.422744 ], [ 2.1342126, 41.4227234 ], [ 2.134214, 41.4226957 ], [ 2.1342201, 41.4226691 ], [ 2.1342368, 41.4226367 ], [ 2.1342443, 41.4226221 ], [ 2.1342483, 41.4226165 ], [ 2.1342613, 41.4225984 ], [ 2.1342774, 41.4225803 ], [ 2.1342807, 41.4225766 ], [ 2.1343028, 41.4225553 ], [ 2.1343047, 41.4225537 ], [ 2.134331, 41.4225312 ], [ 2.1343752, 41.4224968 ], [ 2.1343836, 41.4224903 ], [ 2.1343837, 41.4224903 ], [ 2.1344316, 41.422453 ], [ 2.1344377, 41.4224482 ], [ 2.1344928, 41.4224156 ], [ 2.1344998, 41.4224115 ], [ 2.1345456, 41.4223844 ], [ 2.1345598, 41.422376 ], [ 2.1345988, 41.4223529 ], [ 2.1346254, 41.4223371 ], [ 2.1346343, 41.4223319 ], [ 2.1346482, 41.4223236 ], [ 2.1346954, 41.422257 ], [ 2.1347774, 41.4221636 ], [ 2.1347063, 41.4221303 ], [ 2.1347059, 41.4221305 ], [ 2.1346873, 41.4221389 ], [ 2.1346818, 41.4221418 ], [ 2.1346505, 41.4221504 ], [ 2.1345263, 41.4221846 ], [ 2.1344395, 41.4222079 ], [ 2.1343583, 41.4222244 ], [ 2.1342732, 41.4222377 ], [ 2.1341574, 41.4222492 ], [ 2.1340788, 41.422256 ], [ 2.1339756, 41.4222707 ], [ 2.1339348, 41.4222758 ], [ 2.1338429, 41.4222878 ], [ 2.1336963, 41.4223124 ], [ 2.1336223, 41.4223232 ], [ 2.1335537, 41.4223354 ], [ 2.1335055, 41.4223529 ], [ 2.1334843, 41.4223608 ], [ 2.133443, 41.422379 ], [ 2.1334205, 41.4223881 ], [ 2.1334036, 41.422395 ], [ 2.1333811, 41.4224059 ], [ 2.1333615, 41.4224161 ], [ 2.1333384, 41.4224267 ], [ 2.1333082, 41.4224398 ], [ 2.1332763, 41.4224538 ], [ 2.1332438, 41.4224666 ], [ 2.1332115, 41.4224814 ], [ 2.133171, 41.4224948 ], [ 2.1331384, 41.4225041 ], [ 2.1331071, 41.4225169 ], [ 2.1330719, 41.4225304 ], [ 2.1330346, 41.4225446 ], [ 2.133009, 41.4225518 ], [ 2.1329996, 41.4225537 ], [ 2.1329636, 41.4225607 ], [ 2.1329105, 41.4225705 ], [ 2.1328506, 41.4225834 ], [ 2.1328142, 41.4225872 ], [ 2.1328127, 41.4225871 ], [ 2.1327773, 41.4225859 ], [ 2.132773, 41.4225856 ], [ 2.1327426, 41.4225838 ], [ 2.1327, 41.4225809 ], [ 2.1326831, 41.4225795 ], [ 2.1326651, 41.4225779 ], [ 2.1326327, 41.4225761 ], [ 2.1326017, 41.422575 ], [ 2.1325859, 41.4225733 ], [ 2.1325632, 41.422571 ], [ 2.1325326, 41.4225701 ], [ 2.1325278, 41.4225697 ], [ 2.1325184, 41.4225689 ], [ 2.1324854, 41.4225668 ], [ 2.1324463, 41.422564 ], [ 2.132412, 41.4225625 ], [ 2.1323871, 41.422561 ], [ 2.1323616, 41.4225583 ], [ 2.1323491, 41.4225571 ], [ 2.132316, 41.4225542 ], [ 2.1322854, 41.4225523 ], [ 2.13225, 41.4225505 ], [ 2.1322183, 41.4225484 ], [ 2.1321938, 41.4225471 ], [ 2.1321846, 41.4225467 ], [ 2.1321591, 41.422544 ], [ 2.1321332, 41.4225422 ], [ 2.1321255, 41.4225417 ], [ 2.1320941, 41.4225394 ], [ 2.1320765, 41.4225376 ], [ 2.1320473, 41.4225353 ], [ 2.1320233, 41.4225344 ], [ 2.1319704, 41.4225313 ], [ 2.1319031, 41.4225273 ], [ 2.1319023, 41.4225329 ], [ 2.1318844, 41.4225341 ], [ 2.1318294, 41.4225381 ], [ 2.1317987, 41.4225403 ], [ 2.1317439, 41.4225438 ], [ 2.1316977, 41.4225458 ], [ 2.1316942, 41.422546 ], [ 2.1316267, 41.4225511 ], [ 2.1314931, 41.4225806 ], [ 2.1314178, 41.4225965 ], [ 2.1313649, 41.4226076 ], [ 2.1312433, 41.4226334 ], [ 2.1311131, 41.4226613 ], [ 2.1310643, 41.4226718 ], [ 2.1310005, 41.4226755 ], [ 2.1309978, 41.4226767 ], [ 2.1309887, 41.4226778 ], [ 2.1309215, 41.4226858 ], [ 2.1308369, 41.4226962 ], [ 2.1308115, 41.4226992 ], [ 2.1308084, 41.4226997 ], [ 2.1308021, 41.4227008 ], [ 2.1307505, 41.4227093 ], [ 2.1307223, 41.4227193 ], [ 2.1306113, 41.4227433 ], [ 2.1305836, 41.4227492 ], [ 2.1305803, 41.4227499 ], [ 2.1305778, 41.422748 ], [ 2.1305593, 41.4227333 ], [ 2.1304846, 41.4227269 ], [ 2.1304202, 41.4227229 ], [ 2.1304095, 41.4227217 ], [ 2.1303989, 41.4227204 ], [ 2.1303882, 41.4227189 ], [ 2.1303776, 41.4227172 ], [ 2.1303671, 41.4227153 ], [ 2.1303566, 41.4227133 ], [ 2.1303486, 41.4227117 ], [ 2.1300957, 41.4226274 ], [ 2.130088, 41.4226256 ], [ 2.1300803, 41.4226237 ], [ 2.1300727, 41.4226216 ], [ 2.1300652, 41.4226194 ], [ 2.1300578, 41.4226169 ], [ 2.1300504, 41.4226144 ], [ 2.1300431, 41.4226116 ], [ 2.1300305, 41.422605 ], [ 2.1300178, 41.4225986 ], [ 2.130005, 41.4225922 ], [ 2.1299922, 41.4225859 ], [ 2.1299793, 41.4225798 ], [ 2.1299663, 41.4225737 ], [ 2.1299533, 41.4225678 ], [ 2.1299502, 41.4225664 ], [ 2.1300435, 41.4224524 ], [ 2.1300444, 41.4224513 ], [ 2.1300663, 41.4224294 ], [ 2.1300865, 41.4224093 ], [ 2.130199, 41.4222801 ], [ 2.1302382, 41.4222352 ], [ 2.130407, 41.422041 ], [ 2.1304767, 41.4219606 ], [ 2.1306785, 41.421809 ], [ 2.1306851, 41.421804 ], [ 2.1307306, 41.4217541 ], [ 2.1309109, 41.4215555 ], [ 2.1312398, 41.421354 ], [ 2.131252, 41.4213465 ], [ 2.1312647, 41.4213324 ], [ 2.1312521, 41.4213172 ], [ 2.1312381, 41.4212923 ], [ 2.1312323, 41.4212749 ], [ 2.1312298, 41.4212618 ], [ 2.1312357, 41.4212222 ], [ 2.1312463, 41.4211771 ], [ 2.1312518, 41.4211588 ], [ 2.1312535, 41.4211532 ], [ 2.1312603, 41.4211303 ], [ 2.1312818, 41.421083 ], [ 2.1313009, 41.4210529 ], [ 2.1313207, 41.421028 ], [ 2.1313426, 41.421004 ], [ 2.1314308, 41.420923 ], [ 2.1314848, 41.420871 ], [ 2.1315718, 41.4207814 ], [ 2.1316215, 41.4207253 ], [ 2.1316653, 41.4206724 ], [ 2.1317475, 41.4205638 ], [ 2.1318442, 41.4204304 ], [ 2.1318983, 41.4203613 ], [ 2.1320057, 41.4202348 ], [ 2.1320731, 41.4201605 ], [ 2.1321503, 41.4200822 ], [ 2.1321715, 41.4200535 ], [ 2.132182, 41.420035 ], [ 2.1321913, 41.4200185 ], [ 2.1322033, 41.4199895 ], [ 2.1322083, 41.4199683 ], [ 2.1322029, 41.4199343 ], [ 2.1321891, 41.4199022 ], [ 2.1321669, 41.4198726 ], [ 2.1321388, 41.419845 ], [ 2.132105, 41.4198194 ], [ 2.1320682, 41.4198006 ], [ 2.1320024, 41.4197739 ], [ 2.1319414, 41.4197519 ], [ 2.1319242, 41.4197457 ], [ 2.1318796, 41.4197323 ], [ 2.1317314, 41.4196839 ], [ 2.1316565, 41.4196595 ], [ 2.1316083, 41.419642 ], [ 2.1315458, 41.4196162 ], [ 2.1315003, 41.419595 ], [ 2.1314351, 41.4195587 ], [ 2.1312765, 41.4194662 ], [ 2.1312446, 41.4194476 ], [ 2.1312022, 41.4194262 ], [ 2.1311665, 41.4194107 ], [ 2.1311302, 41.4193992 ], [ 2.1310918, 41.4193922 ], [ 2.1310525, 41.41939 ], [ 2.131006, 41.4193931 ], [ 2.130976, 41.4193988 ], [ 2.1309472, 41.4194074 ], [ 2.1309268, 41.4194157 ], [ 2.1309015, 41.4194291 ], [ 2.1308787, 41.4194448 ], [ 2.1308632, 41.4194592 ], [ 2.1308216, 41.4195049 ], [ 2.1307982, 41.4195374 ], [ 2.13078, 41.4195708 ], [ 2.130751, 41.4196378 ], [ 2.1307299, 41.4196954 ], [ 2.1307171, 41.4197305 ], [ 2.1306876, 41.4197915 ], [ 2.1306699, 41.419821 ], [ 2.1306488, 41.4198524 ], [ 2.1306139, 41.4198916 ], [ 2.1305833, 41.4199163 ], [ 2.1305559, 41.4199336 ], [ 2.1305144, 41.4199544 ], [ 2.1305036, 41.4199592 ], [ 2.1304706, 41.4199724 ], [ 2.1304257, 41.4199872 ], [ 2.1304167, 41.41999 ], [ 2.1303598, 41.4200075 ], [ 2.1302953, 41.4200293 ], [ 2.1302462, 41.4200459 ], [ 2.1301888, 41.4200625 ], [ 2.1301383, 41.4200747 ], [ 2.1301044, 41.4200778 ], [ 2.1300704, 41.420076 ], [ 2.1300503, 41.4200726 ], [ 2.1300192, 41.4200642 ], [ 2.1299969, 41.420056 ], [ 2.1299758, 41.4200462 ], [ 2.129956, 41.4200349 ], [ 2.1299321, 41.4200178 ], [ 2.1299084, 41.4199919 ], [ 2.1298836, 41.4199573 ], [ 2.1298643, 41.4199208 ], [ 2.1298532, 41.4198905 ], [ 2.1298471, 41.4198648 ], [ 2.1298405, 41.4198367 ], [ 2.1298279, 41.4197989 ], [ 2.1298159, 41.419771 ], [ 2.1298081, 41.4197556 ], [ 2.1297992, 41.4197379 ], [ 2.1297832, 41.4197063 ], [ 2.1297643, 41.4196776 ], [ 2.1297357, 41.4196439 ], [ 2.129707, 41.4196169 ], [ 2.1296685, 41.4195863 ], [ 2.129627, 41.4195581 ], [ 2.1295886, 41.4195355 ], [ 2.1295575, 41.4195223 ], [ 2.1295239, 41.4195132 ], [ 2.1294887, 41.4195084 ], [ 2.1294362, 41.4195081 ], [ 2.1293726, 41.4195125 ], [ 2.1293172, 41.4195204 ], [ 2.1293859, 41.4194816 ], [ 2.1293994, 41.419474 ], [ 2.129463, 41.4194467 ], [ 2.1295027, 41.4194369 ], [ 2.1295467, 41.4194317 ], [ 2.1295962, 41.4194344 ], [ 2.1296468, 41.4194449 ], [ 2.1297, 41.4194609 ], [ 2.1297536, 41.4194862 ], [ 2.129795, 41.4195159 ], [ 2.1298376, 41.4195447 ], [ 2.1298674, 41.4195725 ], [ 2.1299088, 41.4196074 ], [ 2.1299492, 41.4196349 ], [ 2.1299954, 41.4196568 ], [ 2.1300425, 41.4196608 ], [ 2.1300865, 41.4196473 ], [ 2.1301288, 41.4196052 ], [ 2.1301351, 41.4195671 ], [ 2.1301298, 41.4195081 ], [ 2.1301171, 41.4194427 ], [ 2.1301033, 41.4193712 ], [ 2.1300914, 41.4192989 ], [ 2.1300812, 41.419246 ], [ 2.1300591, 41.4191118 ], [ 2.1302205, 41.4186648 ], [ 2.1305123, 41.4183236 ], [ 2.1305454, 41.4182848 ], [ 2.1306126, 41.4183125 ], [ 2.1306695, 41.4183117 ], [ 2.130991, 41.4182382 ], [ 2.13107, 41.4182272 ], [ 2.1311447, 41.418226 ], [ 2.1312447, 41.4182353 ], [ 2.1313425, 41.4182535 ], [ 2.131358, 41.4182571 ], [ 2.1314762, 41.4182851 ], [ 2.1316036, 41.4183239 ], [ 2.1318267, 41.4184197 ], [ 2.1320454, 41.4185394 ], [ 2.1320773, 41.4185568 ], [ 2.1321798, 41.418583 ], [ 2.1322779, 41.4185781 ], [ 2.132353, 41.4185511 ], [ 2.1324158, 41.4185101 ], [ 2.1325816, 41.4184019 ], [ 2.1327854, 41.4183003 ], [ 2.133496, 41.4180689 ], [ 2.1336753, 41.4180105 ], [ 2.1339566, 41.4179005 ], [ 2.1341791, 41.4177971 ], [ 2.1343215, 41.4177076 ], [ 2.1345583, 41.4175117 ], [ 2.1346465, 41.4174388 ], [ 2.1346768, 41.4174137 ], [ 2.1349184, 41.4172139 ], [ 2.1352599, 41.4169315 ], [ 2.1355733, 41.4166512 ], [ 2.1357132, 41.416526 ], [ 2.1357836, 41.4164631 ], [ 2.1359646, 41.4163011 ], [ 2.1359849, 41.416283 ], [ 2.1361538, 41.4161319 ], [ 2.1363148, 41.4159879 ], [ 2.1361989, 41.4158736 ], [ 2.1361089, 41.4157113 ], [ 2.1360626, 41.4155888 ], [ 2.1360775, 41.415426 ], [ 2.1360902, 41.4153505 ], [ 2.1361246, 41.4152794 ], [ 2.1361517, 41.4152233 ], [ 2.1362107, 41.4151717 ], [ 2.137025, 41.4144587 ], [ 2.1370711, 41.4144285 ], [ 2.1370849, 41.4144195 ], [ 2.1372204, 41.4143308 ], [ 2.1373088, 41.414292 ], [ 2.1374379, 41.4142352 ], [ 2.1374636, 41.4142239 ], [ 2.137723, 41.4141099 ], [ 2.1378373, 41.4140438 ], [ 2.1379574, 41.4139743 ], [ 2.1382704, 41.4137304 ], [ 2.1399431, 41.4124267 ], [ 2.1403159, 41.4121361 ], [ 2.1406977, 41.4118385 ], [ 2.1408183, 41.4117709 ], [ 2.1409263, 41.4117363 ], [ 2.1409549, 41.4117271 ], [ 2.140956, 41.4117267 ], [ 2.1431003, 41.4114912 ], [ 2.1431505, 41.4114857 ], [ 2.1444694, 41.4113829 ], [ 2.144775, 41.4113412 ], [ 2.1450039, 41.4112696 ], [ 2.1451625, 41.4111928 ], [ 2.1452632, 41.4111323 ], [ 2.1453613, 41.4110525 ], [ 2.1454649, 41.4109573 ], [ 2.1456012, 41.4108254 ], [ 2.1458828, 41.4102902 ], [ 2.1459648, 41.4101345 ], [ 2.1460754, 41.409967 ], [ 2.1462796, 41.4097149 ], [ 2.1463002, 41.4096896 ], [ 2.1464486, 41.4095064 ], [ 2.147193, 41.4085876 ], [ 2.1476679, 41.4080015 ], [ 2.1486399, 41.407204 ], [ 2.1486497, 41.407196 ], [ 2.148659, 41.4071883 ], [ 2.1485912, 41.4071395 ], [ 2.1484041, 41.4070085 ], [ 2.1483765, 41.406989 ], [ 2.14848, 41.4069034 ], [ 2.1484817, 41.4069046 ], [ 2.1484972, 41.4068917 ], [ 2.1483848, 41.406812 ], [ 2.1484184, 41.4067855 ], [ 2.1484473, 41.4067642 ], [ 2.1484724, 41.4067823 ], [ 2.1484859, 41.4067723 ], [ 2.1485112, 41.4067685 ], [ 2.1485239, 41.406777 ], [ 2.1485349, 41.4067678 ], [ 2.1486546, 41.4066671 ], [ 2.1487031, 41.4066269 ], [ 2.1486974, 41.4066234 ], [ 2.1487226, 41.4066021 ], [ 2.1487457, 41.4066164 ], [ 2.1487717, 41.4066341 ], [ 2.1487963, 41.4066502 ], [ 2.1489136, 41.4065489 ], [ 2.1489655, 41.4065843 ], [ 2.1488298, 41.4066969 ], [ 2.1488275, 41.4066954 ], [ 2.1487914, 41.4067261 ], [ 2.1488354, 41.4067554 ], [ 2.1488399, 41.4067515 ], [ 2.1489414, 41.4068222 ], [ 2.1489357, 41.4068268 ], [ 2.1489792, 41.4068571 ], [ 2.1490242, 41.4068884 ], [ 2.1490269, 41.4068903 ], [ 2.1490597, 41.4068619 ], [ 2.1493356, 41.4066228 ], [ 2.1493411, 41.4066194 ], [ 2.1494501, 41.4065533 ], [ 2.1495382, 41.4066444 ], [ 2.149659, 41.4067557 ], [ 2.1499117, 41.40699 ], [ 2.1499536, 41.407059 ], [ 2.149976, 41.4071297 ], [ 2.1499832, 41.4072024 ], [ 2.1499675, 41.4073119 ], [ 2.1499498, 41.4073552 ], [ 2.1502055, 41.4075611 ], [ 2.1504156, 41.4077416 ], [ 2.1506025, 41.4078902 ], [ 2.1506814, 41.4079505 ], [ 2.1502555, 41.4083341 ], [ 2.1501918, 41.4083925 ], [ 2.1501151, 41.4084581 ], [ 2.1499667, 41.4086123 ], [ 2.1495724, 41.4090062 ], [ 2.1492041, 41.409373 ], [ 2.1488551, 41.4097228 ], [ 2.1482866, 41.4102935 ], [ 2.1482652, 41.4103153 ], [ 2.148013, 41.4105713 ], [ 2.1481097, 41.4106244 ], [ 2.1484671, 41.4108047 ], [ 2.1490181, 41.4110872 ], [ 2.1496445, 41.4114142 ], [ 2.1496795, 41.4114325 ], [ 2.1501453, 41.4116745 ], [ 2.1501961, 41.4117003 ], [ 2.1495934, 41.4123491 ], [ 2.1492648, 41.4127038 ], [ 2.149125, 41.4128537 ], [ 2.1490885, 41.4128929 ], [ 2.1491892, 41.4129408 ], [ 2.1493615, 41.4129851 ], [ 2.1494695, 41.4130005 ], [ 2.1495654, 41.4130079 ], [ 2.1496355, 41.4130133 ], [ 2.1496395, 41.4130272 ], [ 2.1496793, 41.4131635 ], [ 2.1497339, 41.4133229 ], [ 2.1498173, 41.4135904 ], [ 2.1498603, 41.4137517 ], [ 2.1498659, 41.4138066 ], [ 2.1498696, 41.4138619 ], [ 2.1498714, 41.4139173 ], [ 2.1498714, 41.4139249 ], [ 2.1498713, 41.4139728 ], [ 2.149866, 41.4140324 ], [ 2.1498594, 41.414092 ], [ 2.1498515, 41.4141515 ], [ 2.1498424, 41.4142109 ], [ 2.1498195, 41.4143848 ], [ 2.149812, 41.4144124 ], [ 2.1498046, 41.4144317 ], [ 2.1497968, 41.4144478 ], [ 2.1497863, 41.4144689 ], [ 2.1497222, 41.414572 ], [ 2.1496011, 41.414782 ], [ 2.1495975, 41.4148098 ], [ 2.1495932, 41.4148419 ], [ 2.1495939, 41.414864 ], [ 2.149613, 41.4148989 ], [ 2.1496741, 41.4149574 ], [ 2.1497141, 41.4149961 ], [ 2.1497725, 41.4150437 ], [ 2.1499118, 41.4151282 ], [ 2.1499877, 41.4151585 ], [ 2.1502056, 41.4152365 ], [ 2.1502402, 41.4152471 ], [ 2.1502786, 41.4152583 ], [ 2.1503383, 41.4152755 ], [ 2.1503868, 41.4152883 ], [ 2.1505006, 41.4153155 ], [ 2.1505435, 41.4153253 ], [ 2.1505863, 41.4153335 ], [ 2.150627, 41.4153409 ], [ 2.1506624, 41.4153452 ], [ 2.1506995, 41.4153483 ], [ 2.1507398, 41.4153521 ], [ 2.150813, 41.4153594 ], [ 2.150891, 41.4153714 ], [ 2.150994, 41.4153865 ], [ 2.1510948, 41.4154036 ], [ 2.1510851, 41.4154552 ], [ 2.1510809, 41.4155457 ], [ 2.1510888, 41.4155584 ], [ 2.1511081, 41.4155739 ], [ 2.1511446, 41.4156283 ], [ 2.1511537, 41.41564 ], [ 2.1511588, 41.4156547 ], [ 2.1511653, 41.4156733 ], [ 2.1511863, 41.4157629 ], [ 2.1511878, 41.4157835 ], [ 2.1511886, 41.4157944 ], [ 2.1511876, 41.4158075 ], [ 2.1511799, 41.4158402 ], [ 2.1511687, 41.4158692 ], [ 2.1511584, 41.4158903 ], [ 2.151149, 41.4159059 ], [ 2.1511415, 41.4159164 ], [ 2.1511211, 41.4159331 ], [ 2.1510993, 41.4159506 ], [ 2.1510344, 41.415991 ], [ 2.1509845, 41.4160152 ], [ 2.1509248, 41.4160386 ], [ 2.150864, 41.4160569 ], [ 2.1507481, 41.4160846 ], [ 2.1506133, 41.4161221 ], [ 2.1505568, 41.4161436 ], [ 2.1505434, 41.4161507 ], [ 2.150528, 41.4161627 ], [ 2.1504868, 41.4161929 ], [ 2.1504436, 41.4162169 ], [ 2.150415, 41.4162205 ], [ 2.1503755, 41.4162298 ], [ 2.1503773, 41.4161848 ], [ 2.1503846, 41.4161649 ], [ 2.1503959, 41.4161471 ], [ 2.1504219, 41.4161328 ], [ 2.1504844, 41.4161034 ], [ 2.1505224, 41.4160869 ], [ 2.1506446, 41.416051 ], [ 2.1507397, 41.4160178 ], [ 2.1508638, 41.4159648 ], [ 2.1509396, 41.4159239 ], [ 2.1509891, 41.4158912 ], [ 2.1510028, 41.4158775 ], [ 2.1510148, 41.4158612 ], [ 2.1510273, 41.4158344 ], [ 2.1510309, 41.4158072 ], [ 2.1510249, 41.415784 ], [ 2.1510141, 41.41577 ], [ 2.1509945, 41.4157469 ], [ 2.1509405, 41.4156829 ], [ 2.1509316, 41.4156743 ], [ 2.1500401, 41.4158102 ], [ 2.1499085, 41.4158155 ], [ 2.1497684, 41.415806 ], [ 2.1496855, 41.4157991 ], [ 2.1495172, 41.4158021 ], [ 2.1493999, 41.4157978 ], [ 2.1492838, 41.4157644 ], [ 2.1490892, 41.4157175 ], [ 2.1489034, 41.4156873 ], [ 2.1488339, 41.4156763 ], [ 2.1487519, 41.4157227 ], [ 2.1486093, 41.4158154 ], [ 2.1485102, 41.4158867 ], [ 2.1484844, 41.4159099 ], [ 2.1484445, 41.4159562 ], [ 2.1484191, 41.4159876 ], [ 2.1484088, 41.4160003 ], [ 2.1483938, 41.4160212 ], [ 2.1483273, 41.4160396 ], [ 2.1482227, 41.4157991 ], [ 2.1480669, 41.4154671 ], [ 2.1480262, 41.4154502 ], [ 2.1479095, 41.41536 ], [ 2.1476881, 41.4151854 ], [ 2.1476016, 41.4151144 ], [ 2.1475167, 41.4150447 ], [ 2.1471249, 41.4147321 ], [ 2.1467146, 41.4144867 ], [ 2.1449798, 41.4134576 ], [ 2.1448446, 41.4134084 ], [ 2.1447891, 41.4134335 ], [ 2.1448044, 41.4135925 ], [ 2.1447341, 41.4139656 ], [ 2.144717, 41.4140684 ], [ 2.1447047, 41.4142156 ], [ 2.144743, 41.4144496 ], [ 2.144826, 41.4146083 ], [ 2.1449691, 41.4147488 ], [ 2.1451432, 41.4148728 ], [ 2.1453245, 41.4149751 ], [ 2.1456087, 41.4151124 ], [ 2.1461192, 41.4153571 ], [ 2.1464715, 41.4155273 ], [ 2.1465761, 41.4155793 ], [ 2.146645, 41.4156211 ], [ 2.1467038, 41.4156645 ], [ 2.1467639, 41.4157149 ], [ 2.1467991, 41.4157551 ], [ 2.146814, 41.4157766 ], [ 2.1468279, 41.4157985 ], [ 2.1468409, 41.4158208 ], [ 2.1468529, 41.4158434 ], [ 2.1468638, 41.4158662 ], [ 2.1468737, 41.4158894 ], [ 2.1468824, 41.4159127 ], [ 2.1468901, 41.4159361 ], [ 2.146916, 41.4160381 ], [ 2.1469406, 41.4161403 ], [ 2.1469638, 41.4162427 ], [ 2.1469871, 41.4163516 ], [ 2.1469273, 41.4163834 ], [ 2.1466822, 41.4165138 ], [ 2.1466336, 41.4165401 ], [ 2.146585, 41.4165664 ], [ 2.1465606, 41.4165797 ], [ 2.1465605, 41.4165797 ], [ 2.1463999, 41.4166668 ], [ 2.1463749, 41.4166803 ], [ 2.1463178, 41.4167113 ], [ 2.1460487, 41.4168572 ], [ 2.1459977, 41.4168901 ], [ 2.1456815, 41.4167347 ], [ 2.1454318, 41.4166284 ], [ 2.1453213, 41.4165994 ], [ 2.1451699, 41.4165955 ], [ 2.1450897, 41.4166159 ], [ 2.1449788, 41.4166672 ], [ 2.1448004, 41.4167931 ], [ 2.1444058, 41.4171096 ], [ 2.144216, 41.4173219 ], [ 2.1440424, 41.4175108 ], [ 2.143995, 41.4179264 ], [ 2.1440684, 41.4185564 ], [ 2.1441663, 41.4189806 ], [ 2.1441956, 41.419078 ], [ 2.1442186, 41.4191254 ], [ 2.1442705, 41.419206 ], [ 2.1443085, 41.4192651 ], [ 2.144346, 41.4193241 ], [ 2.1444576, 41.4195005 ], [ 2.1444986, 41.4196008 ], [ 2.1445052, 41.4196635 ], [ 2.1444996, 41.419728 ], [ 2.1444739, 41.4198084 ], [ 2.1444446, 41.4198646 ], [ 2.1443963, 41.4199278 ], [ 2.1443434, 41.4199835 ], [ 2.1442954, 41.4200179 ], [ 2.1442321, 41.4200516 ], [ 2.1441542, 41.4200832 ], [ 2.1440713, 41.4201063 ], [ 2.1438975, 41.4201402 ], [ 2.1436666, 41.4203195 ], [ 2.1436062, 41.4203665 ], [ 2.1434451, 41.4204915 ], [ 2.1430852, 41.4207709 ], [ 2.1422186, 41.4214437 ], [ 2.142206, 41.4214535 ], [ 2.1421078, 41.4215108 ], [ 2.141995, 41.4215478 ], [ 2.1418371, 41.4215566 ], [ 2.1417173, 41.4215325 ], [ 2.1408128, 41.4212557 ], [ 2.1404555, 41.4210981 ], [ 2.1400401, 41.4202324 ], [ 2.1398653, 41.4202831 ], [ 2.1391968, 41.4204656 ], [ 2.1388726, 41.4205734 ], [ 2.1378806, 41.4208905 ], [ 2.1377931, 41.4209326 ], [ 2.1377218, 41.4209942 ], [ 2.1376769, 41.4210717 ], [ 2.1376705, 41.4211529 ], [ 2.1376972, 41.4212336 ], [ 2.1377392, 41.4212875 ], [ 2.1378031, 41.4213357 ], [ 2.1381153, 41.4214582 ], [ 2.1381506, 41.421472 ], [ 2.1382682, 41.4215329 ], [ 2.1383533, 41.4216035 ], [ 2.1384067, 41.4216801 ], [ 2.1384399, 41.4217675 ], [ 2.138443, 41.4218717 ], [ 2.1384095, 41.4219958 ], [ 2.1383842, 41.4220594 ], [ 2.1380799, 41.4228246 ], [ 2.1379033, 41.4230676 ], [ 2.1377643, 41.423197 ], [ 2.1375898, 41.4233206 ], [ 2.1372606, 41.423461 ], [ 2.1369947, 41.4235149 ], [ 2.1365381, 41.4235531 ], [ 2.1364, 41.4235813 ], [ 2.1362851, 41.4236271 ] ] ] } },
{ "type": "Feature", "properties": { "id": "29", "name": "el Coll", "housing2025": 4025.0, "housing2026": 4035.0, "hutCount": 20, "hutPending": 0, "hutAllRecords": 20, "hutStrictGeometry": 20, "hutBeds": 109.0, "missingBeds": 0, "rent2019": 12.715733915523172, "rentMonth2019": 801.9835046728972, "contracts2019": 214.0, "rent2020": 12.232760379657146, "rentMonth2020": 809.26734567901235, "contracts2020": 162.0, "rent2021": 12.71271074027103, "rentMonth2021": 762.60337662337645, "contracts2021": 231.0, "rent2022": 12.945743476450296, "rentMonth2022": 808.04241025641045, "contracts2022": 195.0, "rent2023": 14.424809384916667, "rentMonth2023": 922.22710691823886, "contracts2023": 159.0, "rent2024": 14.664232463992306, "rentMonth2024": 903.91071428571445, "contracts2024": 154.0, "rent2025": 15.2380735753592, "rentMonth2025": 905.56585526315803, "contracts2025": 152.0, "hutIntensity": 4.9566294919454768, "hutInclusiveIntensity": 4.9566294919454768, "hutStrictIntensity": 4.9566294919454768, "rentChange": 17.707210891973091, "contractIntensity": 37.763975155279503, "comparable": true, "validRent2025": true, "validRentChange": true, "validContractActivity": true, "qualityFlag": "comparable", "platform2025": 32, "platformEntire2025": 23, "platformIntensity2025": 5.7142857142857144, "overlapClass": "neither", "changeClass": "rent", "thresholdStable": true, "caseFlag": false }, "geometry": { "type": "Polygon", "coordinates": [ [ [ 2.1518836, 41.4170031 ], [ 2.1518383, 41.4170708 ], [ 2.1517708, 41.4171345 ], [ 2.1516766, 41.4172061 ], [ 2.1515903, 41.417242 ], [ 2.1514799, 41.4172624 ], [ 2.1514226, 41.4172884 ], [ 2.1514168, 41.4173765 ], [ 2.1513301, 41.4174261 ], [ 2.1510377, 41.4175602 ], [ 2.1509897, 41.4175883 ], [ 2.1509517, 41.4176181 ], [ 2.1509227, 41.4176491 ], [ 2.1509007, 41.4176832 ], [ 2.1508868, 41.4177191 ], [ 2.1508813, 41.4177553 ], [ 2.1508819, 41.4177798 ], [ 2.1508973, 41.4179601 ], [ 2.1509086, 41.417999 ], [ 2.1509374, 41.4180755 ], [ 2.1509871, 41.4182036 ], [ 2.1510193, 41.4182681 ], [ 2.1510544, 41.4183301 ], [ 2.1511501, 41.4184976 ], [ 2.1512554, 41.4185757 ], [ 2.1513396, 41.4186899 ], [ 2.1515166, 41.4189354 ], [ 2.1515674, 41.419073 ], [ 2.1516499, 41.4193375 ], [ 2.1516696, 41.419511 ], [ 2.1516812, 41.4198162 ], [ 2.1517739, 41.4201428 ], [ 2.1517402, 41.4201723 ], [ 2.1514796, 41.4201744 ], [ 2.1513306, 41.420178 ], [ 2.1511203, 41.4201921 ], [ 2.1509556, 41.4202061 ], [ 2.1506901, 41.4202409 ], [ 2.1504321, 41.4202719 ], [ 2.1502161, 41.4202949 ], [ 2.1501482, 41.4203021 ], [ 2.149899, 41.4203312 ], [ 2.1496409, 41.4203522 ], [ 2.1494111, 41.4203652 ], [ 2.1492717, 41.4203712 ], [ 2.1494884, 41.4206058 ], [ 2.1494884, 41.4206059 ], [ 2.1494886, 41.4206338 ], [ 2.1494887, 41.4206618 ], [ 2.1494899, 41.4209334 ], [ 2.1494919, 41.4213763 ], [ 2.1494919, 41.4213764 ], [ 2.1494748, 41.421641 ], [ 2.1493293, 41.4216368 ], [ 2.147802, 41.4215923 ], [ 2.1469764, 41.4212645 ], [ 2.1451432, 41.420893 ], [ 2.1448195, 41.4207906 ], [ 2.1447151, 41.4207329 ], [ 2.1445279, 41.4205302 ], [ 2.1443158, 41.4203897 ], [ 2.1440204, 41.4201941 ], [ 2.1438975, 41.4201402 ], [ 2.1440713, 41.4201063 ], [ 2.1441542, 41.4200832 ], [ 2.1442321, 41.4200516 ], [ 2.1442954, 41.4200179 ], [ 2.1443434, 41.4199835 ], [ 2.1443963, 41.4199278 ], [ 2.1444446, 41.4198646 ], [ 2.1444739, 41.4198084 ], [ 2.1444996, 41.419728 ], [ 2.1445052, 41.4196635 ], [ 2.1444986, 41.4196008 ], [ 2.1444576, 41.4195005 ], [ 2.144346, 41.4193241 ], [ 2.1443085, 41.4192651 ], [ 2.1442705, 41.419206 ], [ 2.1442186, 41.4191254 ], [ 2.1441956, 41.419078 ], [ 2.1441663, 41.4189806 ], [ 2.1440684, 41.4185564 ], [ 2.143995, 41.4179264 ], [ 2.1440424, 41.4175108 ], [ 2.144216, 41.4173219 ], [ 2.1444058, 41.4171096 ], [ 2.1448004, 41.4167931 ], [ 2.1449788, 41.4166672 ], [ 2.1450897, 41.4166159 ], [ 2.1451699, 41.4165955 ], [ 2.1453213, 41.4165994 ], [ 2.1454318, 41.4166284 ], [ 2.1456815, 41.4167347 ], [ 2.1459977, 41.4168901 ], [ 2.1460487, 41.4168572 ], [ 2.1463178, 41.4167113 ], [ 2.1463749, 41.4166803 ], [ 2.1463999, 41.4166668 ], [ 2.1465605, 41.4165797 ], [ 2.1465606, 41.4165797 ], [ 2.146585, 41.4165664 ], [ 2.1466336, 41.4165401 ], [ 2.1466822, 41.4165138 ], [ 2.1469273, 41.4163834 ], [ 2.1469871, 41.4163516 ], [ 2.1469638, 41.4162427 ], [ 2.1469406, 41.4161403 ], [ 2.146916, 41.4160381 ], [ 2.1468901, 41.4159361 ], [ 2.1468824, 41.4159127 ], [ 2.1468737, 41.4158894 ], [ 2.1468638, 41.4158662 ], [ 2.1468529, 41.4158434 ], [ 2.1468409, 41.4158208 ], [ 2.1468279, 41.4157985 ], [ 2.146814, 41.4157766 ], [ 2.1467991, 41.4157551 ], [ 2.1467639, 41.4157149 ], [ 2.1467038, 41.4156645 ], [ 2.146645, 41.4156211 ], [ 2.1465761, 41.4155793 ], [ 2.1464715, 41.4155273 ], [ 2.1461192, 41.4153571 ], [ 2.1456087, 41.4151124 ], [ 2.1453245, 41.4149751 ], [ 2.1451432, 41.4148728 ], [ 2.1449691, 41.4147488 ], [ 2.144826, 41.4146083 ], [ 2.144743, 41.4144496 ], [ 2.1447047, 41.4142156 ], [ 2.144717, 41.4140684 ], [ 2.1447341, 41.4139656 ], [ 2.1448044, 41.4135925 ], [ 2.1447891, 41.4134335 ], [ 2.1448446, 41.4134084 ], [ 2.1449798, 41.4134576 ], [ 2.1467146, 41.4144867 ], [ 2.1471249, 41.4147321 ], [ 2.1475167, 41.4150447 ], [ 2.1476016, 41.4151144 ], [ 2.1476881, 41.4151854 ], [ 2.1479095, 41.41536 ], [ 2.1480262, 41.4154502 ], [ 2.1480669, 41.4154671 ], [ 2.1482227, 41.4157991 ], [ 2.1483273, 41.4160396 ], [ 2.1483938, 41.4160212 ], [ 2.1484088, 41.4160003 ], [ 2.1484191, 41.4159876 ], [ 2.1484445, 41.4159562 ], [ 2.1484844, 41.4159099 ], [ 2.1485102, 41.4158867 ], [ 2.1486093, 41.4158154 ], [ 2.1487519, 41.4157227 ], [ 2.1488339, 41.4156763 ], [ 2.1489034, 41.4156873 ], [ 2.1490892, 41.4157175 ], [ 2.1492838, 41.4157644 ], [ 2.1493999, 41.4157978 ], [ 2.1495172, 41.4158021 ], [ 2.1496855, 41.4157991 ], [ 2.1497684, 41.415806 ], [ 2.1499085, 41.4158155 ], [ 2.1500401, 41.4158102 ], [ 2.1509316, 41.4156743 ], [ 2.1509405, 41.4156829 ], [ 2.1509945, 41.4157469 ], [ 2.1510141, 41.41577 ], [ 2.1510249, 41.415784 ], [ 2.1510309, 41.4158072 ], [ 2.1510273, 41.4158344 ], [ 2.1510148, 41.4158612 ], [ 2.1510028, 41.4158775 ], [ 2.1509891, 41.4158912 ], [ 2.1509396, 41.4159239 ], [ 2.1508638, 41.4159648 ], [ 2.1507397, 41.4160178 ], [ 2.1506446, 41.416051 ], [ 2.1505224, 41.4160869 ], [ 2.1504844, 41.4161034 ], [ 2.1504219, 41.4161328 ], [ 2.1503959, 41.4161471 ], [ 2.1503846, 41.4161649 ], [ 2.1503773, 41.4161848 ], [ 2.1503755, 41.4162298 ], [ 2.1503101, 41.4162451 ], [ 2.1502895, 41.4162459 ], [ 2.1503221, 41.4162805 ], [ 2.1503741, 41.4163309 ], [ 2.1503877, 41.4163418 ], [ 2.1504047, 41.4163503 ], [ 2.1504221, 41.4163577 ], [ 2.150442, 41.4163648 ], [ 2.1504623, 41.4163713 ], [ 2.1505242, 41.4163874 ], [ 2.1506952, 41.4164219 ], [ 2.1508856, 41.416459 ], [ 2.1510576, 41.4164888 ], [ 2.1511259, 41.4164996 ], [ 2.151207, 41.416512 ], [ 2.1513005, 41.4165254 ], [ 2.1513297, 41.4165268 ], [ 2.1514342, 41.4165313 ], [ 2.1516086, 41.4165418 ], [ 2.151772, 41.4165558 ], [ 2.1518078, 41.4165607 ], [ 2.1519115, 41.4165756 ], [ 2.151956, 41.4165837 ], [ 2.1519768, 41.4165888 ], [ 2.1520062, 41.4166006 ], [ 2.1520407, 41.4166204 ], [ 2.1520508, 41.4166388 ], [ 2.1520642, 41.4166633 ], [ 2.1520677, 41.4166885 ], [ 2.1520713, 41.4167146 ], [ 2.1520695, 41.4167599 ], [ 2.1520656, 41.41678 ], [ 2.1520621, 41.4167973 ], [ 2.152049, 41.4168218 ], [ 2.1520367, 41.4168322 ], [ 2.1520272, 41.4168402 ], [ 2.1520166, 41.4168474 ], [ 2.1519939, 41.4168627 ], [ 2.1519748, 41.4168736 ], [ 2.1519634, 41.4168776 ], [ 2.1519406, 41.4168872 ], [ 2.1519284, 41.4168964 ], [ 2.1519243, 41.4169049 ], [ 2.1518836, 41.4170031 ] ] ] } },
{ "type": "Feature", "properties": { "id": "30", "name": "la Salut", "housing2025": 7050.0, "housing2026": 7051.0, "hutCount": 37, "hutPending": 0, "hutAllRecords": 37, "hutStrictGeometry": 37, "hutBeds": 144.0, "missingBeds": 0, "rent2019": 13.14764745120012, "rentMonth2019": 918.3093556701034, "contracts2019": 388.0, "rent2020": 13.63891362609796, "rentMonth2020": 967.25870848708485, "contracts2020": 271.0, "rent2021": 12.575219813195378, "rentMonth2021": 888.46104265402812, "contracts2021": 422.0, "rent2022": 13.509355581138651, "rentMonth2022": 955.49079207920784, "contracts2022": 404.0, "rent2023": 15.337154651781136, "rentMonth2023": 1090.3646197183095, "contracts2023": 284.0, "rent2024": 16.422293391150866, "rentMonth2024": 1151.3822857142857, "contracts2024": 245.0, "rent2025": 16.481157060562001, "rentMonth2025": 1068.6558158995799, "contracts2025": 239.0, "hutIntensity": 5.2474826265777903, "hutInclusiveIntensity": 5.2474826265777903, "hutStrictIntensity": 5.2474826265777903, "rentChange": 21.998099476872813, "contractIntensity": 33.900709219858157, "comparable": true, "validRent2025": true, "validRentChange": true, "validContractActivity": true, "qualityFlag": "comparable", "platform2025": 82, "platformEntire2025": 55, "platformIntensity2025": 7.8014184397163122, "overlapClass": "neither", "changeClass": "rent", "thresholdStable": true, "caseFlag": false }, "geometry": { "type": "Polygon", "coordinates": [ [ [ 2.1551064, 41.4149442 ], [ 2.1550281, 41.4149812 ], [ 2.1548558, 41.4151238 ], [ 2.154829, 41.4151372 ], [ 2.154656, 41.415224 ], [ 2.1545171, 41.4153497 ], [ 2.154164, 41.4156026 ], [ 2.1541616, 41.4156044 ], [ 2.1538764, 41.4158482 ], [ 2.1536192, 41.4160706 ], [ 2.1536087, 41.4160803 ], [ 2.1536003, 41.4160988 ], [ 2.1534205, 41.4162539 ], [ 2.1532291, 41.416419 ], [ 2.1531805, 41.4164651 ], [ 2.152938, 41.4166221 ], [ 2.1529334, 41.4166252 ], [ 2.1528293, 41.4167 ], [ 2.15272, 41.4168092 ], [ 2.1526948, 41.4168123 ], [ 2.152665, 41.4168159 ], [ 2.1519243, 41.4169049 ], [ 2.1519284, 41.4168964 ], [ 2.1519406, 41.4168872 ], [ 2.1519634, 41.4168776 ], [ 2.1519748, 41.4168736 ], [ 2.1519939, 41.4168627 ], [ 2.1520166, 41.4168474 ], [ 2.1520272, 41.4168402 ], [ 2.1520367, 41.4168322 ], [ 2.152049, 41.4168218 ], [ 2.1520621, 41.4167973 ], [ 2.1520656, 41.41678 ], [ 2.1520695, 41.4167599 ], [ 2.1520713, 41.4167146 ], [ 2.1520677, 41.4166885 ], [ 2.1520642, 41.4166633 ], [ 2.1520508, 41.4166388 ], [ 2.1520407, 41.4166205 ], [ 2.1520062, 41.4166006 ], [ 2.1519768, 41.4165888 ], [ 2.151956, 41.4165837 ], [ 2.1519115, 41.4165756 ], [ 2.1518078, 41.4165607 ], [ 2.151772, 41.4165558 ], [ 2.1516086, 41.4165418 ], [ 2.1514342, 41.4165313 ], [ 2.1513297, 41.4165268 ], [ 2.1513005, 41.4165254 ], [ 2.151207, 41.416512 ], [ 2.1511259, 41.4164996 ], [ 2.1510576, 41.4164888 ], [ 2.1508856, 41.416459 ], [ 2.1506952, 41.4164219 ], [ 2.1505242, 41.4163874 ], [ 2.1504623, 41.4163713 ], [ 2.150442, 41.4163648 ], [ 2.1504221, 41.4163577 ], [ 2.1504047, 41.4163503 ], [ 2.1503877, 41.4163418 ], [ 2.1503741, 41.4163309 ], [ 2.1503221, 41.4162805 ], [ 2.1502895, 41.4162459 ], [ 2.1503101, 41.4162451 ], [ 2.1503755, 41.4162298 ], [ 2.150415, 41.4162205 ], [ 2.1504436, 41.4162169 ], [ 2.1504868, 41.4161929 ], [ 2.150528, 41.4161627 ], [ 2.1505434, 41.4161507 ], [ 2.1505568, 41.4161436 ], [ 2.1506133, 41.4161221 ], [ 2.1507481, 41.4160846 ], [ 2.150864, 41.4160569 ], [ 2.1509248, 41.4160386 ], [ 2.1509845, 41.4160152 ], [ 2.1510344, 41.415991 ], [ 2.1510993, 41.4159506 ], [ 2.1511211, 41.4159331 ], [ 2.1511415, 41.4159164 ], [ 2.151149, 41.4159059 ], [ 2.1511584, 41.4158903 ], [ 2.1511687, 41.4158692 ], [ 2.1511799, 41.4158402 ], [ 2.1511876, 41.4158075 ], [ 2.1511886, 41.4157944 ], [ 2.1511878, 41.4157835 ], [ 2.1511863, 41.4157629 ], [ 2.1511653, 41.4156733 ], [ 2.1511588, 41.4156547 ], [ 2.1511537, 41.41564 ], [ 2.1511446, 41.4156283 ], [ 2.1511081, 41.4155739 ], [ 2.1510888, 41.4155584 ], [ 2.1510809, 41.4155457 ], [ 2.1510851, 41.4154552 ], [ 2.1510948, 41.4154036 ], [ 2.150994, 41.4153865 ], [ 2.150891, 41.4153714 ], [ 2.150813, 41.4153594 ], [ 2.1507398, 41.4153521 ], [ 2.1506995, 41.4153483 ], [ 2.1506624, 41.4153452 ], [ 2.150627, 41.4153409 ], [ 2.1505863, 41.4153335 ], [ 2.1505435, 41.4153253 ], [ 2.1505006, 41.4153155 ], [ 2.1503868, 41.4152883 ], [ 2.1503383, 41.4152755 ], [ 2.1502786, 41.4152583 ], [ 2.1502402, 41.4152471 ], [ 2.1502056, 41.4152365 ], [ 2.1499877, 41.4151585 ], [ 2.1499118, 41.4151282 ], [ 2.1497725, 41.4150437 ], [ 2.1497141, 41.4149961 ], [ 2.1496741, 41.4149574 ], [ 2.149613, 41.4148989 ], [ 2.1495939, 41.414864 ], [ 2.1495932, 41.4148419 ], [ 2.1495975, 41.4148098 ], [ 2.1496011, 41.414782 ], [ 2.1497222, 41.414572 ], [ 2.1497863, 41.4144689 ], [ 2.1497968, 41.4144478 ], [ 2.1498046, 41.4144317 ], [ 2.149812, 41.4144124 ], [ 2.1498195, 41.4143848 ], [ 2.1498424, 41.4142109 ], [ 2.1498515, 41.4141515 ], [ 2.1498594, 41.414092 ], [ 2.149866, 41.4140324 ], [ 2.1498713, 41.4139728 ], [ 2.1498714, 41.4139249 ], [ 2.1498714, 41.4139173 ], [ 2.1498696, 41.4138619 ], [ 2.1498659, 41.4138066 ], [ 2.1498603, 41.4137517 ], [ 2.1498173, 41.4135904 ], [ 2.1497339, 41.4133229 ], [ 2.1496793, 41.4131635 ], [ 2.1496395, 41.4130272 ], [ 2.1496355, 41.4130133 ], [ 2.1495654, 41.4130079 ], [ 2.1494695, 41.4130005 ], [ 2.1493615, 41.4129851 ], [ 2.1491892, 41.4129408 ], [ 2.1490885, 41.4128929 ], [ 2.149125, 41.4128537 ], [ 2.1492648, 41.4127038 ], [ 2.1495934, 41.4123491 ], [ 2.1501961, 41.4117003 ], [ 2.1501453, 41.4116745 ], [ 2.1496795, 41.4114325 ], [ 2.1496445, 41.4114142 ], [ 2.1490181, 41.4110872 ], [ 2.1484671, 41.4108047 ], [ 2.1481097, 41.4106244 ], [ 2.148013, 41.4105713 ], [ 2.1482652, 41.4103153 ], [ 2.1482866, 41.4102935 ], [ 2.1488551, 41.4097228 ], [ 2.1492041, 41.409373 ], [ 2.1495724, 41.4090062 ], [ 2.1499667, 41.4086123 ], [ 2.1501151, 41.4084581 ], [ 2.1501918, 41.4083925 ], [ 2.1502555, 41.4083341 ], [ 2.1506814, 41.4079505 ], [ 2.1507687, 41.4078714 ], [ 2.15083, 41.4079146 ], [ 2.1509483, 41.4079865 ], [ 2.1510348, 41.4080346 ], [ 2.1511442, 41.4080904 ], [ 2.151217, 41.4081225 ], [ 2.1514863, 41.4082375 ], [ 2.1518047, 41.4083618 ], [ 2.152283, 41.4085295 ], [ 2.1532654, 41.4088754 ], [ 2.1537473, 41.4090469 ], [ 2.1538478, 41.4089429 ], [ 2.1541666, 41.408613 ], [ 2.1542161, 41.408561 ], [ 2.1542206, 41.4085634 ], [ 2.1548512, 41.4089031 ], [ 2.1556064, 41.4092956 ], [ 2.156103, 41.4095561 ], [ 2.1562424, 41.4096293 ], [ 2.1566088, 41.4098248 ], [ 2.1570319, 41.4100498 ], [ 2.1574999, 41.4102931 ], [ 2.1576055, 41.4103434 ], [ 2.1581084, 41.410583 ], [ 2.1581992, 41.4105945 ], [ 2.1592633, 41.4111545 ], [ 2.1596851, 41.4113764 ], [ 2.1605005, 41.411797 ], [ 2.1615137, 41.4123699 ], [ 2.1620207, 41.4126717 ], [ 2.1615923, 41.4131611 ], [ 2.1613817, 41.4134016 ], [ 2.1612358, 41.4135682 ], [ 2.1613047, 41.4136027 ], [ 2.1613871, 41.4136757 ], [ 2.1614001, 41.4137061 ], [ 2.1614222, 41.4137575 ], [ 2.161422, 41.4138511 ], [ 2.1613816, 41.4139361 ], [ 2.1611657, 41.4140952 ], [ 2.1610564, 41.4141757 ], [ 2.1610554, 41.4141753 ], [ 2.160716, 41.4140226 ], [ 2.1604976, 41.4139243 ], [ 2.1603999, 41.4139144 ], [ 2.1602772, 41.4139271 ], [ 2.1602417, 41.4139359 ], [ 2.1601326, 41.4139629 ], [ 2.1600794, 41.4139827 ], [ 2.1600441, 41.4139958 ], [ 2.15978, 41.4141063 ], [ 2.1594677, 41.4142713 ], [ 2.1591932, 41.4144474 ], [ 2.1589478, 41.4146351 ], [ 2.1586046, 41.4149469 ], [ 2.1585875, 41.4149624 ], [ 2.158349, 41.4152286 ], [ 2.1580865, 41.4155775 ], [ 2.1579975, 41.4157166 ], [ 2.1578818, 41.4158973 ], [ 2.1578577, 41.4159505 ], [ 2.1576241, 41.416465 ], [ 2.1575722, 41.4165178 ], [ 2.1574928, 41.4165534 ], [ 2.1574238, 41.4165701 ], [ 2.157356, 41.416566 ], [ 2.1572752, 41.4165458 ], [ 2.1572119, 41.4165126 ], [ 2.1571371, 41.4164167 ], [ 2.1571368, 41.4164163 ], [ 2.1566282, 41.4156159 ], [ 2.156521, 41.4155437 ], [ 2.1559947, 41.4151893 ], [ 2.1558689, 41.415135 ], [ 2.1557608, 41.4151073 ], [ 2.155647, 41.4150988 ], [ 2.1556467, 41.4150988 ], [ 2.1555598, 41.4151038 ], [ 2.1555398, 41.4151072 ], [ 2.1554648, 41.4151199 ], [ 2.1554303, 41.4150639 ], [ 2.1554251, 41.4150555 ], [ 2.1554194, 41.4150462 ], [ 2.1553721, 41.4149695 ], [ 2.1553341, 41.41495 ], [ 2.1552233, 41.4149241 ], [ 2.1551064, 41.4149442 ] ] ] } },
{ "type": "Feature", "properties": { "id": "31", "name": "la Vila de Gràcia", "housing2025": 31832.0, "housing2026": 31863.0, "hutCount": 799, "hutPending": 6, "hutAllRecords": 805, "hutStrictGeometry": 799, "hutBeds": 4160.0, "missingBeds": 1, "rent2019": 15.096760594938893, "rentMonth2019": 962.95418717375139, "contracts2019": 2682.0, "rent2020": 14.912970005469951, "rentMonth2020": 953.37856316297029, "contracts2020": 2074.0, "rent2021": 14.125647541263426, "rentMonth2021": 900.77343519140322, "contracts2021": 2978.0, "rent2022": 15.958939554337244, "rentMonth2022": 1017.1074526748972, "contracts2022": 2430.0, "rent2023": 17.481129552324607, "rentMonth2023": 1125.7668725435158, "contracts2023": 1781.0, "rent2024": 17.885784457148763, "rentMonth2024": 1155.6876504481438, "contracts2024": 1562.0, "rent2025": 18.499416595060001, "rentMonth2025": 1089.9304119850201, "contracts2025": 1602.0, "hutIntensity": 25.076107083451024, "hutInclusiveIntensity": 25.26441326930923, "hutStrictIntensity": 25.076107083451024, "rentChange": 15.918833654785791, "contractIntensity": 50.326715255089219, "comparable": true, "validRent2025": true, "validRentChange": true, "validContractActivity": true, "qualityFlag": "pending_registry_records_retained_in_audit", "platform2025": 1056, "platformEntire2025": 741, "platformIntensity2025": 23.278461925106811, "overlapClass": "both", "changeClass": "tourism", "thresholdStable": true, "caseFlag": false }, "geometry": { "type": "Polygon", "coordinates": [ [ [ 2.1599739, 41.4087334 ], [ 2.1597903, 41.4089253 ], [ 2.1595891, 41.4091355 ], [ 2.1595358, 41.4091913 ], [ 2.1591154, 41.4096378 ], [ 2.1590814, 41.4096739 ], [ 2.1588651, 41.4099023 ], [ 2.158849, 41.4099192 ], [ 2.1585873, 41.4101926 ], [ 2.1583604, 41.4104322 ], [ 2.1581992, 41.4105945 ], [ 2.1581084, 41.410583 ], [ 2.1576055, 41.4103434 ], [ 2.1574999, 41.4102931 ], [ 2.1570319, 41.4100498 ], [ 2.1566088, 41.4098248 ], [ 2.1562424, 41.4096293 ], [ 2.156103, 41.4095561 ], [ 2.1556064, 41.4092956 ], [ 2.1548512, 41.4089031 ], [ 2.1542206, 41.4085634 ], [ 2.1542161, 41.408561 ], [ 2.1541666, 41.408613 ], [ 2.1538478, 41.4089429 ], [ 2.1537473, 41.4090469 ], [ 2.1532654, 41.4088754 ], [ 2.152283, 41.4085295 ], [ 2.1518047, 41.4083618 ], [ 2.1514863, 41.4082375 ], [ 2.151217, 41.4081225 ], [ 2.1511442, 41.4080904 ], [ 2.1510348, 41.4080346 ], [ 2.1509483, 41.4079865 ], [ 2.15083, 41.4079146 ], [ 2.1507687, 41.4078714 ], [ 2.1506814, 41.4079505 ], [ 2.1506025, 41.4078902 ], [ 2.1504156, 41.4077416 ], [ 2.1502055, 41.4075611 ], [ 2.1499498, 41.4073552 ], [ 2.1499675, 41.4073119 ], [ 2.1499832, 41.4072024 ], [ 2.149976, 41.4071297 ], [ 2.1499536, 41.407059 ], [ 2.1499117, 41.40699 ], [ 2.149659, 41.4067557 ], [ 2.1495382, 41.4066444 ], [ 2.1494501, 41.4065533 ], [ 2.1495312, 41.4065041 ], [ 2.1495712, 41.4064799 ], [ 2.1497477, 41.4063074 ], [ 2.1499446, 41.406115 ], [ 2.1500674, 41.4059949 ], [ 2.1500417, 41.4057798 ], [ 2.1499945, 41.405647 ], [ 2.1499773, 41.4055985 ], [ 2.1499711, 41.4055094 ], [ 2.1500215, 41.4053054 ], [ 2.1503553, 41.4044512 ], [ 2.1503736, 41.4043673 ], [ 2.1503676, 41.4042534 ], [ 2.1503261, 41.4041402 ], [ 2.1502574, 41.4040376 ], [ 2.1502514, 41.4040286 ], [ 2.15024, 41.4040179 ], [ 2.1500876, 41.4038758 ], [ 2.1500282, 41.4037805 ], [ 2.1499194, 41.4032677 ], [ 2.1499232, 41.4032076 ], [ 2.1499915, 41.4030621 ], [ 2.1500138, 41.4030147 ], [ 2.1501008, 41.4028832 ], [ 2.1505748, 41.4022709 ], [ 2.1508391, 41.4019295 ], [ 2.1508729, 41.4018859 ], [ 2.1510711, 41.4016299 ], [ 2.1511553, 41.4014922 ], [ 2.1512134, 41.4013232 ], [ 2.1512295, 41.4011515 ], [ 2.1512247, 41.4010528 ], [ 2.1511702, 41.4009038 ], [ 2.1511595, 41.4007259 ], [ 2.1512258, 41.400492 ], [ 2.1516588, 41.400058 ], [ 2.1520387, 41.3996771 ], [ 2.1532395, 41.3984732 ], [ 2.1540383, 41.3976724 ], [ 2.1549312, 41.3967772 ], [ 2.1552589, 41.3963531 ], [ 2.1557094, 41.3955733 ], [ 2.1557107, 41.3955709 ], [ 2.1559044, 41.3956199 ], [ 2.1586513, 41.396315 ], [ 2.1592265, 41.3964606 ], [ 2.1595455, 41.3967001 ], [ 2.161573, 41.3982224 ], [ 2.161597, 41.3982404 ], [ 2.1618413, 41.3984239 ], [ 2.1629082, 41.3992248 ], [ 2.1641084, 41.4001259 ], [ 2.1652482, 41.4009816 ], [ 2.1650034, 41.4011661 ], [ 2.1646806, 41.4014108 ], [ 2.1645048, 41.4015465 ], [ 2.1643398, 41.4016763 ], [ 2.1641631, 41.4018085 ], [ 2.1639747, 41.4019495 ], [ 2.1637103, 41.4021435 ], [ 2.1636948, 41.402155 ], [ 2.163693, 41.4021563 ], [ 2.1634501, 41.4023363 ], [ 2.1628366, 41.4028053 ], [ 2.1616216, 41.4037312 ], [ 2.1616465, 41.403747 ], [ 2.1618043, 41.4038493 ], [ 2.1620181, 41.4039878 ], [ 2.1622525, 41.404145 ], [ 2.1628195, 41.4044965 ], [ 2.1634981, 41.4049183 ], [ 2.1630175, 41.4054607 ], [ 2.1628017, 41.4056896 ], [ 2.1626386, 41.4058902 ], [ 2.1625, 41.4060546 ], [ 2.1620288, 41.4065611 ], [ 2.162022, 41.4065684 ], [ 2.1616172, 41.4069893 ], [ 2.1613906, 41.4072296 ], [ 2.161067, 41.4075771 ], [ 2.1608716, 41.4077782 ], [ 2.1608649, 41.407785 ], [ 2.1605555, 41.4080974 ], [ 2.1605524, 41.4081009 ], [ 2.160508, 41.4081518 ], [ 2.1603794, 41.4082989 ], [ 2.1603461, 41.4083351 ], [ 2.1601707, 41.4085253 ], [ 2.1601635, 41.4085331 ], [ 2.1599739, 41.4087334 ] ] ] } },
{ "type": "Feature", "properties": { "id": "32", "name": "el Camp d'en Grassot i Gràcia Nova", "housing2025": 18769.0, "housing2026": 18794.0, "hutCount": 228, "hutPending": 0, "hutAllRecords": 228, "hutStrictGeometry": 228, "hutBeds": 1296.0, "missingBeds": 0, "rent2019": 14.732872616891491, "rentMonth2019": 983.3577308917196, "contracts2019": 1256.0, "rent2020": 14.078602277671465, "rentMonth2020": 953.07205508474556, "contracts2020": 944.0, "rent2021": 13.727832140812232, "rentMonth2021": 892.02160553633212, "contracts2021": 1445.0, "rent2022": 15.137174477518167, "rentMonth2022": 1007.4876503436424, "contracts2022": 1164.0, "rent2023": 16.690309487229573, "rentMonth2023": 1138.4418104426784, "contracts2023": 881.0, "rent2024": 17.476587138002689, "rentMonth2024": 1177.7224648786712, "contracts2024": 783.0, "rent2025": 17.125375728438499, "rentMonth2025": 1105.27626822157, "contracts2025": 686.0, "hutIntensity": 12.131531339789294, "hutInclusiveIntensity": 12.131531339789294, "hutStrictIntensity": 12.131531339789294, "rentChange": 13.134559913233623, "contractIntensity": 36.549629708561987, "comparable": true, "validRent2025": true, "validRentChange": true, "validContractActivity": true, "qualityFlag": "comparable", "platform2025": 296, "platformEntire2025": 194, "platformIntensity2025": 10.336192658106452, "overlapClass": "tourism", "changeClass": "tourism", "thresholdStable": false, "caseFlag": false }, "geometry": { "type": "Polygon", "coordinates": [ [ [ 2.168665, 41.4018382 ], [ 2.169778, 41.4026724 ], [ 2.1720429, 41.4043695 ], [ 2.1708972, 41.4052362 ], [ 2.1697871, 41.4060759 ], [ 2.1686593, 41.406929 ], [ 2.1677977, 41.407587 ], [ 2.1675689, 41.4077618 ], [ 2.1671442, 41.4080861 ], [ 2.1666523, 41.4084618 ], [ 2.1658843, 41.4090483 ], [ 2.1651751, 41.4095899 ], [ 2.1642885, 41.4102551 ], [ 2.1639429, 41.4105118 ], [ 2.16369, 41.4107239 ], [ 2.1630027, 41.4114866 ], [ 2.1623038, 41.4123305 ], [ 2.1620314, 41.4126595 ], [ 2.1620207, 41.4126717 ], [ 2.1615137, 41.4123699 ], [ 2.1605005, 41.411797 ], [ 2.1596851, 41.4113764 ], [ 2.1592633, 41.4111545 ], [ 2.1581992, 41.4105945 ], [ 2.1583604, 41.4104322 ], [ 2.1585873, 41.4101926 ], [ 2.158849, 41.4099192 ], [ 2.1588651, 41.4099023 ], [ 2.1590814, 41.4096739 ], [ 2.1591154, 41.4096378 ], [ 2.1595358, 41.4091913 ], [ 2.1595891, 41.4091355 ], [ 2.1597903, 41.4089253 ], [ 2.1599739, 41.4087334 ], [ 2.1601635, 41.4085331 ], [ 2.1601707, 41.4085253 ], [ 2.1603461, 41.4083351 ], [ 2.1603794, 41.4082989 ], [ 2.160508, 41.4081518 ], [ 2.1605524, 41.4081009 ], [ 2.1605555, 41.4080974 ], [ 2.1608649, 41.407785 ], [ 2.1608716, 41.4077782 ], [ 2.161067, 41.4075771 ], [ 2.1613906, 41.4072296 ], [ 2.1616172, 41.4069893 ], [ 2.162022, 41.4065684 ], [ 2.1620288, 41.4065611 ], [ 2.1625, 41.4060546 ], [ 2.1626386, 41.4058902 ], [ 2.1628017, 41.4056896 ], [ 2.1630175, 41.4054607 ], [ 2.1634981, 41.4049183 ], [ 2.1628195, 41.4044965 ], [ 2.1622525, 41.404145 ], [ 2.1620181, 41.4039878 ], [ 2.1618043, 41.4038493 ], [ 2.1616465, 41.403747 ], [ 2.1616216, 41.4037312 ], [ 2.1628366, 41.4028053 ], [ 2.1634501, 41.4023363 ], [ 2.163693, 41.4021563 ], [ 2.1636948, 41.402155 ], [ 2.1637103, 41.4021435 ], [ 2.1639747, 41.4019495 ], [ 2.1641631, 41.4018085 ], [ 2.1643398, 41.4016763 ], [ 2.1645048, 41.4015465 ], [ 2.1646806, 41.4014108 ], [ 2.1650034, 41.4011661 ], [ 2.1652482, 41.4009816 ], [ 2.1662182, 41.4017097 ], [ 2.1662247, 41.4017048 ], [ 2.1673535, 41.4008553 ], [ 2.168665, 41.4018382 ] ] ] } },
{ "type": "Feature", "properties": { "id": "33", "name": "el Baix Guinardó", "housing2025": 12625.0, "housing2026": 12642.0, "hutCount": 100, "hutPending": 2, "hutAllRecords": 102, "hutStrictGeometry": 100, "hutBeds": 539.0, "missingBeds": 0, "rent2019": 13.495668667136838, "rentMonth2019": 882.010785070785, "contracts2019": 777.0, "rent2020": 13.755629400078901, "rentMonth2020": 890.49532258064528, "contracts2020": 620.0, "rent2021": 12.638888561865397, "rentMonth2021": 823.60117919075151, "contracts2021": 865.0, "rent2022": 14.041970149916152, "rentMonth2022": 911.02593567251483, "contracts2022": 684.0, "rent2023": 15.476747244525606, "rentMonth2023": 1028.5513568773235, "contracts2023": 538.0, "rent2024": 15.720253375060537, "rentMonth2024": 1017.4856380510442, "contracts2024": 431.0, "rent2025": 15.9257696314135, "rentMonth2025": 997.65105960264884, "contracts2025": 453.0, "hutIntensity": 7.910140800506249, "hutInclusiveIntensity": 8.0683436165163744, "hutStrictIntensity": 7.910140800506249, "rentChange": 13.415492707827736, "contractIntensity": 35.881188118811885, "comparable": true, "validRent2025": true, "validRentChange": true, "validContractActivity": true, "qualityFlag": "pending_registry_records_retained_in_audit", "platform2025": 136, "platformEntire2025": 79, "platformIntensity2025": 6.2574257425742577, "overlapClass": "neither", "changeClass": "neither", "thresholdStable": true, "caseFlag": false }, "geometry": { "type": "Polygon", "coordinates": [ [ [ 2.1699708, 41.4079129 ], [ 2.1721373, 41.409538 ], [ 2.1732418, 41.4103667 ], [ 2.1743289, 41.4111822 ], [ 2.1739008, 41.4115052 ], [ 2.1733745, 41.4119112 ], [ 2.1732571, 41.4120012 ], [ 2.1730214, 41.4121781 ], [ 2.1729026, 41.4122673 ], [ 2.1726507, 41.4124565 ], [ 2.1725903, 41.4125018 ], [ 2.1724297, 41.4126224 ], [ 2.1718342, 41.4130757 ], [ 2.1712532, 41.4135179 ], [ 2.1710549, 41.4136695 ], [ 2.171, 41.413714 ], [ 2.1709478, 41.4137518 ], [ 2.1708121, 41.4138578 ], [ 2.1705554, 41.4140584 ], [ 2.1704563, 41.4141298 ], [ 2.1703893, 41.4141806 ], [ 2.1703444, 41.4142147 ], [ 2.1702341, 41.4142976 ], [ 2.1701435, 41.4143672 ], [ 2.1700836, 41.4144101 ], [ 2.1699399, 41.4145208 ], [ 2.1698022, 41.4146266 ], [ 2.1697648, 41.4146552 ], [ 2.1696616, 41.4147338 ], [ 2.1695685, 41.4148055 ], [ 2.1695068, 41.4148631 ], [ 2.1694657, 41.4149124 ], [ 2.1694429, 41.4149416 ], [ 2.1694098, 41.4149913 ], [ 2.1693737, 41.4150636 ], [ 2.1693492, 41.4151368 ], [ 2.1693343, 41.4152016 ], [ 2.1693302, 41.4152609 ], [ 2.1693305, 41.4152701 ], [ 2.1693336, 41.4153514 ], [ 2.1693495, 41.415447 ], [ 2.1693585, 41.4155207 ], [ 2.1693414, 41.4155928 ], [ 2.1693271, 41.415643 ], [ 2.1691557, 41.4156439 ], [ 2.1690336, 41.4156593 ], [ 2.1689032, 41.4156765 ], [ 2.1687916, 41.4156913 ], [ 2.1687544, 41.4156962 ], [ 2.1686219, 41.4157136 ], [ 2.1684921, 41.4157315 ], [ 2.1683789, 41.4157457 ], [ 2.1682979, 41.4157557 ], [ 2.1682585, 41.4157583 ], [ 2.1682235, 41.4157606 ], [ 2.1681903, 41.4157608 ], [ 2.1680995, 41.4157556 ], [ 2.167977, 41.4157367 ], [ 2.1679006, 41.415716 ], [ 2.1678497, 41.4156975 ], [ 2.167746, 41.4156525 ], [ 2.1676326, 41.4156034 ], [ 2.167279, 41.4154469 ], [ 2.1669723, 41.415302 ], [ 2.1668198, 41.4152312 ], [ 2.1662925, 41.4149527 ], [ 2.1658892, 41.4148835 ], [ 2.1642598, 41.4146491 ], [ 2.1641034, 41.4146144 ], [ 2.1638892, 41.4145662 ], [ 2.1636528, 41.4145107 ], [ 2.1635218, 41.414478 ], [ 2.1635009, 41.4144729 ], [ 2.1633684, 41.414438 ], [ 2.1630891, 41.4143588 ], [ 2.1629518, 41.4143162 ], [ 2.1627561, 41.4142536 ], [ 2.1626107, 41.4142034 ], [ 2.1625, 41.4141637 ], [ 2.1623311, 41.4141012 ], [ 2.1621191, 41.4140169 ], [ 2.162058, 41.4139919 ], [ 2.161655, 41.413813 ], [ 2.161414, 41.4137119 ], [ 2.1614001, 41.4137061 ], [ 2.1613871, 41.4136757 ], [ 2.1613047, 41.4136027 ], [ 2.1612358, 41.4135682 ], [ 2.1613817, 41.4134016 ], [ 2.1615923, 41.4131611 ], [ 2.1620207, 41.4126717 ], [ 2.1620314, 41.4126595 ], [ 2.1623038, 41.4123305 ], [ 2.1630027, 41.4114866 ], [ 2.16369, 41.4107239 ], [ 2.1639429, 41.4105118 ], [ 2.1642885, 41.4102551 ], [ 2.1651751, 41.4095899 ], [ 2.1658843, 41.4090483 ], [ 2.1666523, 41.4084618 ], [ 2.1671442, 41.4080861 ], [ 2.1675689, 41.4077618 ], [ 2.1677977, 41.407587 ], [ 2.1686593, 41.406929 ], [ 2.1699708, 41.4079129 ] ] ] } },
{ "type": "Feature", "properties": { "id": "34", "name": "Can Baró", "housing2025": 4921.0, "housing2026": 4924.0, "hutCount": 25, "hutPending": 0, "hutAllRecords": 25, "hutStrictGeometry": 25, "hutBeds": 110.0, "missingBeds": 0, "rent2019": 13.400429369432787, "rentMonth2019": 769.06158490566042, "contracts2019": 265.0, "rent2020": 12.947489139805402, "rentMonth2020": 787.7123, "contracts2020": 200.0, "rent2021": 12.534150169312973, "rentMonth2021": 756.3712635379062, "contracts2021": 277.0, "rent2022": 13.676425019674308, "rentMonth2022": 806.35866108786627, "contracts2022": 239.0, "rent2023": 14.966994426716983, "rentMonth2023": 890.01700564971748, "contracts2023": 177.0, "rent2024": 15.718676198390073, "rentMonth2024": 917.25876543209881, "contracts2024": 162.0, "rent2025": 16.0305147120607, "rentMonth2025": 846.79670886075996, "contracts2025": 158.0, "hutIntensity": 5.0771730300568647, "hutInclusiveIntensity": 5.0771730300568647, "hutStrictIntensity": 5.0771730300568647, "rentChange": 17.212756177143529, "contractIntensity": 32.107295265190004, "comparable": true, "validRent2025": true, "validRentChange": true, "validContractActivity": true, "qualityFlag": "comparable", "platform2025": 40, "platformEntire2025": 22, "platformIntensity2025": 4.4706360495834181, "overlapClass": "neither", "changeClass": "rent", "thresholdStable": true, "caseFlag": false }, "geometry": { "type": "Polygon", "coordinates": [ [ [ 2.1661737, 41.4200225 ], [ 2.1661167, 41.4200978 ], [ 2.1660343, 41.4201597 ], [ 2.1659251, 41.4201728 ], [ 2.1657485, 41.4201666 ], [ 2.1655327, 41.4201441 ], [ 2.1654448, 41.4201366 ], [ 2.1652036, 41.4200502 ], [ 2.1651073, 41.4200193 ], [ 2.1649018, 41.4199964 ], [ 2.1647063, 41.4199859 ], [ 2.1644838, 41.4199995 ], [ 2.1643249, 41.4199993 ], [ 2.1640845, 41.4199838 ], [ 2.1638865, 41.4199699 ], [ 2.163653, 41.4199573 ], [ 2.1634375, 41.41992 ], [ 2.1632629, 41.4199092 ], [ 2.1630785, 41.4199145 ], [ 2.1630163, 41.4199288 ], [ 2.1628194, 41.4199774 ], [ 2.1626915, 41.4200218 ], [ 2.1624932, 41.420078 ], [ 2.1623073, 41.420111 ], [ 2.1621767, 41.4201243 ], [ 2.1619309, 41.4200524 ], [ 2.1617495, 41.4199955 ], [ 2.1617187, 41.4199833 ], [ 2.1616964, 41.4199704 ], [ 2.1616861, 41.4199601 ], [ 2.1616828, 41.4199498 ], [ 2.1616838, 41.4199383 ], [ 2.1618624, 41.4199622 ], [ 2.1618636, 41.4199641 ], [ 2.1618654, 41.419967 ], [ 2.1618697, 41.4199697 ], [ 2.1618782, 41.419975 ], [ 2.1618851, 41.4199793 ], [ 2.1619026, 41.4199829 ], [ 2.161961, 41.4199984 ], [ 2.1619856, 41.4200021 ], [ 2.1620471, 41.4200022 ], [ 2.162086, 41.4199973 ], [ 2.162125, 41.4199924 ], [ 2.1621968, 41.4199784 ], [ 2.1622699, 41.4199626 ], [ 2.162282, 41.4199591 ], [ 2.1623094, 41.4199514 ], [ 2.1623282, 41.4199474 ], [ 2.1625045, 41.419886 ], [ 2.1625045, 41.419886 ], [ 2.1625673, 41.4198641 ], [ 2.1625715, 41.4198619 ], [ 2.1625957, 41.4198494 ], [ 2.1626621, 41.4198181 ], [ 2.1626676, 41.4198155 ], [ 2.1626694, 41.4198147 ], [ 2.1626495, 41.4197941 ], [ 2.1626441, 41.4197884 ], [ 2.1626387, 41.4197828 ], [ 2.1626333, 41.4197772 ], [ 2.1626188, 41.4197621 ], [ 2.1626101, 41.4197531 ], [ 2.1626043, 41.4197471 ], [ 2.1625982, 41.4197396 ], [ 2.1625569, 41.4196894 ], [ 2.1625441, 41.4196739 ], [ 2.1625222, 41.4196472 ], [ 2.1625209, 41.4196456 ], [ 2.1625201, 41.4196447 ], [ 2.1625114, 41.4196341 ], [ 2.1625, 41.4196201 ], [ 2.162479, 41.4195947 ], [ 2.1623639, 41.4194834 ], [ 2.1623639, 41.4194834 ], [ 2.1623456, 41.4194818 ], [ 2.1623315, 41.4194783 ], [ 2.162287, 41.4194669 ], [ 2.1622659, 41.4194616 ], [ 2.1622642, 41.419467 ], [ 2.1622591, 41.4194834 ], [ 2.1621776, 41.4194486 ], [ 2.1621153, 41.4194191 ], [ 2.1621152, 41.419419 ], [ 2.1621093, 41.4194162 ], [ 2.1621033, 41.4194134 ], [ 2.1620972, 41.4194105 ], [ 2.1620912, 41.4194077 ], [ 2.1620851, 41.4194048 ], [ 2.1620818, 41.4194032 ], [ 2.1620709, 41.4193986 ], [ 2.1620168, 41.4193735 ], [ 2.1619802, 41.4193566 ], [ 2.1618821, 41.4193149 ], [ 2.161817, 41.4192873 ], [ 2.1618016, 41.4192808 ], [ 2.1617681, 41.4192666 ], [ 2.1617583, 41.4192624 ], [ 2.1617511, 41.4192594 ], [ 2.1617467, 41.4192575 ], [ 2.1617434, 41.4192561 ], [ 2.1617347, 41.4192523 ], [ 2.1617294, 41.4192499 ], [ 2.161724, 41.4192475 ], [ 2.1617212, 41.4192463 ], [ 2.1617208, 41.4192461 ], [ 2.1617186, 41.4192452 ], [ 2.1617145, 41.4192434 ], [ 2.1617141, 41.4192432 ], [ 2.1617132, 41.4192428 ], [ 2.1617078, 41.4192404 ], [ 2.1616982, 41.4192362 ], [ 2.1616129, 41.4192103 ], [ 2.1616048, 41.4192058 ], [ 2.161576, 41.419205 ], [ 2.161559, 41.4192044 ], [ 2.1615233, 41.4192023 ], [ 2.1614614, 41.4191987 ], [ 2.1614221, 41.4192032 ], [ 2.1613841, 41.4192195 ], [ 2.1613727, 41.4192216 ], [ 2.1613525, 41.4192163 ], [ 2.1613434, 41.4192107 ], [ 2.1613347, 41.4192032 ], [ 2.1613288, 41.4191911 ], [ 2.1613283, 41.4191787 ], [ 2.1613311, 41.4191558 ], [ 2.1613355, 41.4191349 ], [ 2.161338, 41.4191251 ], [ 2.161338, 41.4191251 ], [ 2.1613692, 41.4191025 ], [ 2.1613691, 41.4191024 ], [ 2.1613361, 41.419077 ], [ 2.1613334, 41.4190749 ], [ 2.1613282, 41.4190708 ], [ 2.1613135, 41.4190595 ], [ 2.1613121, 41.4190585 ], [ 2.1613129, 41.4190547 ], [ 2.1613138, 41.41905 ], [ 2.1613147, 41.4190453 ], [ 2.1613157, 41.4190405 ], [ 2.1613166, 41.4190358 ], [ 2.1613194, 41.4190213 ], [ 2.1612918, 41.4190192 ], [ 2.1612829, 41.4190063 ], [ 2.161277, 41.4189978 ], [ 2.161273, 41.4189918 ], [ 2.161274, 41.4189874 ], [ 2.1612751, 41.4189829 ], [ 2.1612762, 41.4189785 ], [ 2.1612772, 41.418974 ], [ 2.1612783, 41.4189696 ], [ 2.1612794, 41.4189651 ], [ 2.1612804, 41.4189607 ], [ 2.1612815, 41.4189563 ], [ 2.1612826, 41.4189518 ], [ 2.1612837, 41.4189474 ], [ 2.1612847, 41.4189429 ], [ 2.1612858, 41.4189385 ], [ 2.1612869, 41.418934 ], [ 2.1612879, 41.4189296 ], [ 2.161289, 41.4189252 ], [ 2.1612909, 41.4189125 ], [ 2.1613086, 41.4189147 ], [ 2.1613595, 41.4189208 ], [ 2.1614538, 41.4189369 ], [ 2.1614976, 41.4189445 ], [ 2.161509, 41.4189414 ], [ 2.1615148, 41.4189398 ], [ 2.1615206, 41.4189382 ], [ 2.1615264, 41.4189366 ], [ 2.1615323, 41.418935 ], [ 2.1615381, 41.4189335 ], [ 2.1615439, 41.4189319 ], [ 2.1615497, 41.4189303 ], [ 2.1615555, 41.4189287 ], [ 2.1615613, 41.4189271 ], [ 2.1615615, 41.4189274 ], [ 2.1615673, 41.4189259 ], [ 2.1615961, 41.4189284 ], [ 2.1616026, 41.4189289 ], [ 2.16161, 41.4189295 ], [ 2.1616173, 41.4189302 ], [ 2.1616174, 41.4189318 ], [ 2.1616248, 41.4189325 ], [ 2.1616285, 41.4189328 ], [ 2.1616329, 41.4189332 ], [ 2.1616417, 41.4189214 ], [ 2.1616441, 41.4189181 ], [ 2.1616449, 41.4189171 ], [ 2.1616451, 41.4189168 ], [ 2.1616458, 41.4189159 ], [ 2.161641, 41.418912 ], [ 2.1616407, 41.4189117 ], [ 2.1616262, 41.4188994 ], [ 2.1616121, 41.4188874 ], [ 2.1615934, 41.4188714 ], [ 2.1615835, 41.4188631 ], [ 2.1615815, 41.4188614 ], [ 2.1615615, 41.4188444 ], [ 2.1615549, 41.4188388 ], [ 2.1615545, 41.4188383 ], [ 2.1615542, 41.4188382 ], [ 2.161544, 41.4188294 ], [ 2.1615406, 41.4188265 ], [ 2.1615385, 41.4188247 ], [ 2.1615342, 41.4188211 ], [ 2.1615117, 41.4188018 ], [ 2.1615045, 41.4187956 ], [ 2.1614455, 41.4187444 ], [ 2.1614362, 41.4187341 ], [ 2.1614295, 41.4187267 ], [ 2.1613961, 41.4186897 ], [ 2.1613557, 41.4186405 ], [ 2.1613504, 41.4186341 ], [ 2.1613487, 41.418632 ], [ 2.1613113, 41.4185697 ], [ 2.1613078, 41.4185631 ], [ 2.1612995, 41.4185473 ], [ 2.161296, 41.4185408 ], [ 2.1612711, 41.4184935 ], [ 2.1612687, 41.4184877 ], [ 2.1612649, 41.4184782 ], [ 2.1612637, 41.4184736 ], [ 2.1612625, 41.418469 ], [ 2.1612621, 41.4184672 ], [ 2.1612613, 41.4184643 ], [ 2.1612601, 41.4184597 ], [ 2.1612589, 41.418455 ], [ 2.1612577, 41.4184504 ], [ 2.1612565, 41.4184457 ], [ 2.1612553, 41.4184411 ], [ 2.161238, 41.4184135 ], [ 2.1612335, 41.4184063 ], [ 2.1612324, 41.4184027 ], [ 2.1612309, 41.4183982 ], [ 2.1612295, 41.4183938 ], [ 2.1612295, 41.4183937 ], [ 2.1612281, 41.4183893 ], [ 2.1612267, 41.4183849 ], [ 2.1612253, 41.4183804 ], [ 2.1612239, 41.4183759 ], [ 2.1612224, 41.4183715 ], [ 2.161221, 41.418367 ], [ 2.1612196, 41.4183626 ], [ 2.1612191, 41.4183608 ], [ 2.1612182, 41.4183581 ], [ 2.1612168, 41.4183536 ], [ 2.1612154, 41.4183492 ], [ 2.1612139, 41.4183447 ], [ 2.1612125, 41.4183403 ], [ 2.1612111, 41.4183358 ], [ 2.1612097, 41.4183313 ], [ 2.1612083, 41.4183269 ], [ 2.1612069, 41.4183224 ], [ 2.1612054, 41.418318 ], [ 2.161204, 41.4183135 ], [ 2.1612026, 41.418309 ], [ 2.1612012, 41.4183046 ], [ 2.1611998, 41.4183001 ], [ 2.1611984, 41.4182957 ], [ 2.1611969, 41.4182912 ], [ 2.1611796, 41.4182858 ], [ 2.1611639, 41.4182808 ], [ 2.1611509, 41.4182767 ], [ 2.1611435, 41.4182744 ], [ 2.1611282, 41.4182696 ], [ 2.1611074, 41.4182631 ], [ 2.1611063, 41.4182627 ], [ 2.1610782, 41.4182566 ], [ 2.1610762, 41.4182562 ], [ 2.1610717, 41.4182553 ], [ 2.1610599, 41.4182527 ], [ 2.1610576, 41.4182522 ], [ 2.1610334, 41.4182528 ], [ 2.1610099, 41.4182533 ], [ 2.1609991, 41.4182547 ], [ 2.1609719, 41.4182582 ], [ 2.1609309, 41.4182682 ], [ 2.1608917, 41.4182756 ], [ 2.1608301, 41.4182918 ], [ 2.1608243, 41.4182939 ], [ 2.1608243, 41.4182939 ], [ 2.1608164, 41.4182967 ], [ 2.1608135, 41.4182978 ], [ 2.1607859, 41.4182628 ], [ 2.160892, 41.4181582 ], [ 2.1608909, 41.4181568 ], [ 2.1608893, 41.418155 ], [ 2.1608888, 41.4181543 ], [ 2.1608856, 41.4181505 ], [ 2.1608845, 41.4181491 ], [ 2.1608835, 41.4181479 ], [ 2.1608825, 41.4181466 ], [ 2.1608797, 41.4181432 ], [ 2.1608793, 41.4181428 ], [ 2.1608791, 41.4181426 ], [ 2.160878, 41.4181412 ], [ 2.1608773, 41.4181404 ], [ 2.1608771, 41.4181401 ], [ 2.1608762, 41.418139 ], [ 2.160873, 41.4181351 ], [ 2.1608722, 41.4181341 ], [ 2.1608698, 41.4181313 ], [ 2.1608675, 41.4181284 ], [ 2.1608667, 41.4181274 ], [ 2.160866, 41.4181267 ], [ 2.1608635, 41.4181236 ], [ 2.1608619, 41.4181217 ], [ 2.1608615, 41.4181211 ], [ 2.1608603, 41.4181197 ], [ 2.1608592, 41.4181184 ], [ 2.1608588, 41.4181178 ], [ 2.1608572, 41.4181159 ], [ 2.1608544, 41.4181125 ], [ 2.160854, 41.4181121 ], [ 2.1608537, 41.4181116 ], [ 2.1608508, 41.4181082 ], [ 2.1608487, 41.4181056 ], [ 2.160848, 41.4181048 ], [ 2.1608477, 41.4181044 ], [ 2.1608473, 41.418104 ], [ 2.160846, 41.4181023 ], [ 2.1608445, 41.4181005 ], [ 2.1608413, 41.4180967 ], [ 2.1608402, 41.4180953 ], [ 2.1608392, 41.4180941 ], [ 2.1608382, 41.4180928 ], [ 2.1608369, 41.4180912 ], [ 2.1608361, 41.4180904 ], [ 2.160835, 41.418089 ], [ 2.1608339, 41.4180876 ], [ 2.1608332, 41.4180868 ], [ 2.1608319, 41.4180852 ], [ 2.1608303, 41.4180832 ], [ 2.1608298, 41.4180827 ], [ 2.1608287, 41.4180813 ], [ 2.1608276, 41.41808 ], [ 2.1608271, 41.4180794 ], [ 2.1608255, 41.4180775 ], [ 2.1608239, 41.4180756 ], [ 2.1608235, 41.418075 ], [ 2.1608224, 41.4180736 ], [ 2.1608192, 41.4180698 ], [ 2.1608168, 41.4180669 ], [ 2.160816, 41.418066 ], [ 2.1608154, 41.4180652 ], [ 2.1608129, 41.4180621 ], [ 2.1608115, 41.4180605 ], [ 2.1608108, 41.4180596 ], [ 2.1608097, 41.4180583 ], [ 2.1608086, 41.4180569 ], [ 2.1608079, 41.418056 ], [ 2.1608065, 41.4180544 ], [ 2.1608055, 41.4180531 ], [ 2.1608045, 41.4180519 ], [ 2.1608034, 41.4180506 ], [ 2.1608023, 41.4180492 ], [ 2.1608013, 41.418048 ], [ 2.1608002, 41.4180467 ], [ 2.160797, 41.4180429 ], [ 2.1607933, 41.4180379 ], [ 2.1607894, 41.4180326 ], [ 2.1607753, 41.4180137 ], [ 2.1607532, 41.417984 ], [ 2.1607064, 41.4179246 ], [ 2.1606935, 41.4179095 ], [ 2.1606879, 41.4179028 ], [ 2.1607358, 41.4178822 ], [ 2.1607468, 41.4178775 ], [ 2.1607521, 41.4178752 ], [ 2.160765, 41.4178696 ], [ 2.1607717, 41.4178668 ], [ 2.1607805, 41.4178629 ], [ 2.1607807, 41.4178632 ], [ 2.1608228, 41.4178458 ], [ 2.1608424, 41.4178377 ], [ 2.1608534, 41.4178332 ], [ 2.1608621, 41.4178296 ], [ 2.1608863, 41.4178196 ], [ 2.1609271, 41.4178028 ], [ 2.1609302, 41.4177947 ], [ 2.1609324, 41.4177887 ], [ 2.160934, 41.4177848 ], [ 2.1609346, 41.4177832 ], [ 2.160935, 41.4177821 ], [ 2.1609358, 41.41778 ], [ 2.1609376, 41.4177752 ], [ 2.1609386, 41.4177726 ], [ 2.1609394, 41.4177704 ], [ 2.1609397, 41.4177696 ], [ 2.1609413, 41.4177656 ], [ 2.1609419, 41.4177638 ], [ 2.1609421, 41.4177633 ], [ 2.1609431, 41.4177608 ], [ 2.1609438, 41.417759 ], [ 2.1609449, 41.417756 ], [ 2.1609452, 41.4177553 ], [ 2.1609452, 41.4177552 ], [ 2.1609566, 41.4177295 ], [ 2.1609657, 41.4177164 ], [ 2.1609711, 41.4177088 ], [ 2.1609739, 41.4177077 ], [ 2.1609787, 41.4177058 ], [ 2.1609825, 41.4177043 ], [ 2.160982, 41.4177032 ], [ 2.16098, 41.4176987 ], [ 2.1609716, 41.4176801 ], [ 2.1609674, 41.4176707 ], [ 2.1609548, 41.4176426 ], [ 2.1609468, 41.4176248 ], [ 2.1609464, 41.4176239 ], [ 2.1609458, 41.4176226 ], [ 2.1609453, 41.4176215 ], [ 2.1609443, 41.4176192 ], [ 2.1609434, 41.4176172 ], [ 2.1609423, 41.4176149 ], [ 2.1609413, 41.4176125 ], [ 2.1609392, 41.4176079 ], [ 2.1609383, 41.4176059 ], [ 2.1609366, 41.4176021 ], [ 2.1609352, 41.4175991 ], [ 2.1609333, 41.4175947 ], [ 2.1609326, 41.4175932 ], [ 2.1609317, 41.4175913 ], [ 2.1609313, 41.4175904 ], [ 2.1609293, 41.4175861 ], [ 2.160928, 41.4175832 ], [ 2.160928, 41.4175831 ], [ 2.1609274, 41.4175817 ], [ 2.1609254, 41.4175774 ], [ 2.1609234, 41.417573 ], [ 2.1609215, 41.4175687 ], [ 2.1609204, 41.4175663 ], [ 2.1609198, 41.4175651 ], [ 2.1609195, 41.4175643 ], [ 2.1609175, 41.41756 ], [ 2.1609162, 41.4175571 ], [ 2.1609159, 41.4175564 ], [ 2.1609155, 41.4175556 ], [ 2.1609136, 41.4175513 ], [ 2.1609116, 41.417547 ], [ 2.1609111, 41.4175459 ], [ 2.1609109, 41.4175453 ], [ 2.1609107, 41.4175449 ], [ 2.1609096, 41.4175426 ], [ 2.1609077, 41.4175383 ], [ 2.1609073, 41.4175375 ], [ 2.1609072, 41.4175371 ], [ 2.1609057, 41.4175339 ], [ 2.1609037, 41.4175296 ], [ 2.1609028, 41.4175276 ], [ 2.1609018, 41.4175252 ], [ 2.1609001, 41.4175216 ], [ 2.160899, 41.4175191 ], [ 2.1608995, 41.4175176 ], [ 2.1608938, 41.4174975 ], [ 2.1608894, 41.4174901 ], [ 2.1608762, 41.4174654 ], [ 2.160846, 41.4174768 ], [ 2.1606853, 41.4175502 ], [ 2.1605645, 41.4176093 ], [ 2.1605103, 41.4176358 ], [ 2.1603567, 41.4177103 ], [ 2.1602316, 41.4177653 ], [ 2.1601347, 41.4177919 ], [ 2.1600265, 41.4178117 ], [ 2.160024, 41.4178122 ], [ 2.1599223, 41.4178176 ], [ 2.1598251, 41.4178067 ], [ 2.1597383, 41.4177831 ], [ 2.1596635, 41.4177565 ], [ 2.159586, 41.4177161 ], [ 2.159517, 41.4176689 ], [ 2.1594451, 41.4175995 ], [ 2.159302, 41.4174625 ], [ 2.1588173, 41.4169999 ], [ 2.1587329, 41.4169338 ], [ 2.1589232, 41.4168609 ], [ 2.1590691, 41.4167831 ], [ 2.1591658, 41.4166856 ], [ 2.1591581, 41.4165979 ], [ 2.159063, 41.4165183 ], [ 2.1589481, 41.4165012 ], [ 2.1588243, 41.4165357 ], [ 2.1587427, 41.4166194 ], [ 2.1586238, 41.4168247 ], [ 2.1585297, 41.4169224 ], [ 2.1581607, 41.4172119 ], [ 2.1575856, 41.4176364 ], [ 2.1573715, 41.4177759 ], [ 2.1571961, 41.4178146 ], [ 2.157024, 41.417806 ], [ 2.1565449, 41.4176161 ], [ 2.1564498, 41.4175448 ], [ 2.1563733, 41.4174088 ], [ 2.156369, 41.4173678 ], [ 2.1563636, 41.4173161 ], [ 2.1563723, 41.4172626 ], [ 2.1564556, 41.4170723 ], [ 2.1565229, 41.4169159 ], [ 2.1565369, 41.41681 ], [ 2.1565364, 41.4168059 ], [ 2.1565269, 41.4167205 ], [ 2.1565041, 41.4166511 ], [ 2.1564382, 41.4165349 ], [ 2.1563234, 41.4163492 ], [ 2.156176, 41.4161151 ], [ 2.1561171, 41.4160535 ], [ 2.156008, 41.4159765 ], [ 2.1558652, 41.4159117 ], [ 2.1557229, 41.4158609 ], [ 2.1554597, 41.415768 ], [ 2.1553527, 41.4157288 ], [ 2.1552631, 41.4156678 ], [ 2.1551954, 41.4156009 ], [ 2.1551547, 41.4154701 ], [ 2.1551755, 41.4153434 ], [ 2.1552513, 41.4152339 ], [ 2.1553806, 41.4151516 ], [ 2.1554981, 41.4151143 ], [ 2.1555423, 41.4151097 ], [ 2.1556467, 41.4150988 ], [ 2.155647, 41.4150988 ], [ 2.1557608, 41.4151073 ], [ 2.1558689, 41.415135 ], [ 2.1559947, 41.4151893 ], [ 2.156521, 41.4155437 ], [ 2.1566282, 41.4156159 ], [ 2.1571368, 41.4164163 ], [ 2.1571371, 41.4164167 ], [ 2.1572119, 41.4165126 ], [ 2.1572752, 41.4165458 ], [ 2.157356, 41.416566 ], [ 2.1574238, 41.4165701 ], [ 2.1574928, 41.4165534 ], [ 2.1575722, 41.4165178 ], [ 2.1576241, 41.416465 ], [ 2.1578577, 41.4159505 ], [ 2.1578818, 41.4158973 ], [ 2.1579975, 41.4157166 ], [ 2.1580865, 41.4155775 ], [ 2.158349, 41.4152286 ], [ 2.1585875, 41.4149624 ], [ 2.1586046, 41.4149469 ], [ 2.1589478, 41.4146351 ], [ 2.1591932, 41.4144474 ], [ 2.1594677, 41.4142713 ], [ 2.15978, 41.4141063 ], [ 2.1600441, 41.4139958 ], [ 2.1600794, 41.4139827 ], [ 2.1601326, 41.4139629 ], [ 2.1602417, 41.4139359 ], [ 2.1602772, 41.4139271 ], [ 2.1603999, 41.4139144 ], [ 2.1604976, 41.4139243 ], [ 2.160716, 41.4140226 ], [ 2.1610554, 41.4141753 ], [ 2.1610564, 41.4141757 ], [ 2.1611657, 41.4140952 ], [ 2.1613816, 41.4139361 ], [ 2.161422, 41.4138511 ], [ 2.1614222, 41.4137575 ], [ 2.1614001, 41.4137061 ], [ 2.161414, 41.4137119 ], [ 2.161655, 41.413813 ], [ 2.162058, 41.4139919 ], [ 2.1621191, 41.4140169 ], [ 2.1623311, 41.4141012 ], [ 2.1625, 41.4141637 ], [ 2.1626107, 41.4142034 ], [ 2.1627561, 41.4142536 ], [ 2.1629518, 41.4143162 ], [ 2.1630891, 41.4143588 ], [ 2.1633684, 41.414438 ], [ 2.1635009, 41.4144729 ], [ 2.1635218, 41.414478 ], [ 2.1636528, 41.4145107 ], [ 2.1638892, 41.4145662 ], [ 2.1641034, 41.4146144 ], [ 2.1642598, 41.4146491 ], [ 2.1658892, 41.4148835 ], [ 2.1662925, 41.4149527 ], [ 2.1668198, 41.4152312 ], [ 2.1669723, 41.415302 ], [ 2.167279, 41.4154469 ], [ 2.1671782, 41.4155624 ], [ 2.1669752, 41.415775 ], [ 2.1668854, 41.4158681 ], [ 2.1667879, 41.4159691 ], [ 2.1666592, 41.4161014 ], [ 2.166492, 41.4162741 ], [ 2.1664698, 41.416297 ], [ 2.1663643, 41.4164071 ], [ 2.1662479, 41.416527 ], [ 2.1660973, 41.4166927 ], [ 2.1662083, 41.4167567 ], [ 2.1664034, 41.4168615 ], [ 2.1664592, 41.4168921 ], [ 2.1666169, 41.4169785 ], [ 2.1666246, 41.4169826 ], [ 2.1667269, 41.4170373 ], [ 2.1667769, 41.4170672 ], [ 2.1668289, 41.417107 ], [ 2.1669593, 41.4172105 ], [ 2.16715, 41.4173528 ], [ 2.1674933, 41.4176125 ], [ 2.1675574, 41.4176714 ], [ 2.16759, 41.4177128 ], [ 2.1676081, 41.4177488 ], [ 2.1676171, 41.4177881 ], [ 2.1676144, 41.4180567 ], [ 2.1676171, 41.4181047 ], [ 2.1676394, 41.4181482 ], [ 2.1676727, 41.4181924 ], [ 2.1677384, 41.4182397 ], [ 2.167858, 41.4182789 ], [ 2.1679337, 41.4182991 ], [ 2.1679843, 41.4183145 ], [ 2.1680319, 41.4183363 ], [ 2.1680623, 41.4183544 ], [ 2.1680932, 41.4183808 ], [ 2.1682694, 41.418623 ], [ 2.1683569, 41.4187315 ], [ 2.1684599, 41.4188634 ], [ 2.1684286, 41.4188822 ], [ 2.1684121, 41.4188803 ], [ 2.1684107, 41.4188801 ], [ 2.1683822, 41.4188767 ], [ 2.168273, 41.4188544 ], [ 2.168112, 41.4188394 ], [ 2.1679853, 41.4187932 ], [ 2.1679768, 41.418789 ], [ 2.1679549, 41.4187783 ], [ 2.1679343, 41.4187188 ], [ 2.167927, 41.4187064 ], [ 2.1679111, 41.4186796 ], [ 2.1678861, 41.4186496 ], [ 2.1678714, 41.4186345 ], [ 2.1678525, 41.4186152 ], [ 2.1678108, 41.4185874 ], [ 2.1677734, 41.4185675 ], [ 2.1677403, 41.4185556 ], [ 2.1676985, 41.4185424 ], [ 2.1675688, 41.4185413 ], [ 2.1675077, 41.4185437 ], [ 2.1673579, 41.4185603 ], [ 2.1672509, 41.4185706 ], [ 2.167181, 41.4185708 ], [ 2.1671184, 41.4185637 ], [ 2.1670616, 41.4185499 ], [ 2.1670312, 41.4185369 ], [ 2.1670062, 41.4185231 ], [ 2.1669802, 41.4185043 ], [ 2.1669398, 41.4184228 ], [ 2.166935, 41.4183689 ], [ 2.1669382, 41.4183288 ], [ 2.1669535, 41.4182298 ], [ 2.1669574, 41.4181579 ], [ 2.1669525, 41.4181137 ], [ 2.1669437, 41.4180648 ], [ 2.1669189, 41.4179979 ], [ 2.1669002, 41.4179547 ], [ 2.1668774, 41.4179182 ], [ 2.1668422, 41.4178783 ], [ 2.1668242, 41.4178771 ], [ 2.1667532, 41.4178557 ], [ 2.1666915, 41.4178376 ], [ 2.1666781, 41.4178337 ], [ 2.1666413, 41.4178269 ], [ 2.1666197, 41.417823 ], [ 2.166608, 41.4178209 ], [ 2.166588, 41.4178172 ], [ 2.1665402, 41.4178141 ], [ 2.1664975, 41.4178145 ], [ 2.1664592, 41.417818 ], [ 2.1664054, 41.4178348 ], [ 2.1663787, 41.4178459 ], [ 2.1663555, 41.4178574 ], [ 2.166332, 41.4178704 ], [ 2.1662241, 41.4179377 ], [ 2.1661235, 41.4179949 ], [ 2.1660325, 41.4180457 ], [ 2.1659535, 41.4180966 ], [ 2.1659489, 41.4181018 ], [ 2.1659469, 41.418113 ], [ 2.1659467, 41.4181282 ], [ 2.165948, 41.418148 ], [ 2.1659527, 41.4181663 ], [ 2.1659567, 41.4181781 ], [ 2.1659715, 41.4181929 ], [ 2.1659834, 41.418202 ], [ 2.165988, 41.4182055 ], [ 2.1660044, 41.4182123 ], [ 2.1661085, 41.4182239 ], [ 2.1661962, 41.4182251 ], [ 2.1662861, 41.4182254 ], [ 2.1663692, 41.4182303 ], [ 2.166417, 41.418241 ], [ 2.1664504, 41.4182503 ], [ 2.1664737, 41.4182591 ], [ 2.1664856, 41.4182664 ], [ 2.166488, 41.4182789 ], [ 2.1664856, 41.4182932 ], [ 2.1664772, 41.4183106 ], [ 2.1664701, 41.4183155 ], [ 2.1664622, 41.4183214 ], [ 2.1663712, 41.4183346 ], [ 2.1663015, 41.4183507 ], [ 2.1662291, 41.4183701 ], [ 2.1661473, 41.4183943 ], [ 2.1660747, 41.4184175 ], [ 2.16604, 41.4184235 ], [ 2.1659863, 41.4184327 ], [ 2.1658903, 41.4184352 ], [ 2.1658049, 41.4184287 ], [ 2.1657152, 41.4184097 ], [ 2.1656389, 41.4183895 ], [ 2.1655661, 41.4183692 ], [ 2.1655215, 41.4183624 ], [ 2.1654734, 41.4183605 ], [ 2.1653928, 41.4183725 ], [ 2.1653236, 41.4184011 ], [ 2.1652473, 41.4184344 ], [ 2.165185, 41.4184664 ], [ 2.1651212, 41.4185067 ], [ 2.1650594, 41.4185508 ], [ 2.1649865, 41.4186187 ], [ 2.1649219, 41.4186801 ], [ 2.164859, 41.4187389 ], [ 2.1648493, 41.4187481 ], [ 2.1648658, 41.4187838 ], [ 2.1648536, 41.4191473 ], [ 2.1648526, 41.4191682 ], [ 2.1649529, 41.4191692 ], [ 2.1650037, 41.4191472 ], [ 2.1650597, 41.4191314 ], [ 2.165096, 41.4191283 ], [ 2.1654266, 41.4191155 ], [ 2.1655676, 41.4191298 ], [ 2.1656333, 41.4191437 ], [ 2.1657076, 41.4191777 ], [ 2.1658362, 41.4192538 ], [ 2.165922, 41.419333 ], [ 2.1659715, 41.4193778 ], [ 2.166012, 41.4194329 ], [ 2.1660393, 41.4194835 ], [ 2.16606, 41.4195306 ], [ 2.1661363, 41.4197985 ], [ 2.1661682, 41.4199348 ], [ 2.1661737, 41.4200225 ] ] ] } },
{ "type": "Feature", "properties": { "id": "35", "name": "el Guinardó", "housing2025": 19282.0, "housing2026": 19333.0, "hutCount": 72, "hutPending": 0, "hutAllRecords": 72, "hutStrictGeometry": 72, "hutBeds": 381.0, "missingBeds": 0, "rent2019": 12.919370861186907, "rentMonth2019": 819.04777880184304, "contracts2019": 1085.0, "rent2020": 13.202045990080547, "rentMonth2020": 822.89646726862304, "contracts2020": 886.0, "rent2021": 12.604356483990289, "rentMonth2021": 809.12369087837851, "contracts2021": 1184.0, "rent2022": 13.435661722742026, "rentMonth2022": 847.07886450381682, "contracts2022": 1048.0, "rent2023": 14.945920271213156, "rentMonth2023": 964.50135552913196, "contracts2023": 841.0, "rent2024": 14.992782970639045, "rentMonth2024": 974.20858267716596, "contracts2024": 635.0, "rent2025": 15.435014319938199, "rentMonth2025": 958.54142437591804, "contracts2025": 681.0, "hutIntensity": 3.7242021414162312, "hutInclusiveIntensity": 3.7242021414162312, "hutStrictIntensity": 3.7242021414162312, "rentChange": 14.880938791514421, "contractIntensity": 35.317913079556064, "comparable": true, "validRent2025": true, "validRentChange": true, "validContractActivity": true, "qualityFlag": "comparable", "platform2025": 118, "platformEntire2025": 62, "platformIntensity2025": 3.215434083601286, "overlapClass": "neither", "changeClass": "neither", "thresholdStable": true, "caseFlag": false }, "geometry": { "type": "Polygon", "coordinates": [ [ [ 2.1797605, 41.4214845 ], [ 2.1789718, 41.4223416 ], [ 2.1786122, 41.4227323 ], [ 2.1782472, 41.423129 ], [ 2.1769687, 41.4245182 ], [ 2.1765428, 41.424981 ], [ 2.1765322, 41.4249925 ], [ 2.1762201, 41.4253263 ], [ 2.176064, 41.4254505 ], [ 2.1758953, 41.4255384 ], [ 2.1757876, 41.4255772 ], [ 2.1756736, 41.4256087 ], [ 2.1723541, 41.4265242 ], [ 2.1724426, 41.425755 ], [ 2.1725196, 41.4250585 ], [ 2.1718181, 41.423989 ], [ 2.171905, 41.4231764 ], [ 2.1709769, 41.4229162 ], [ 2.1707141, 41.4226141 ], [ 2.1702043, 41.4220266 ], [ 2.1700841, 41.4219015 ], [ 2.1696368, 41.4213741 ], [ 2.1694812, 41.4211881 ], [ 2.1693057, 41.421177 ], [ 2.1692159, 41.4211844 ], [ 2.1691405, 41.4212153 ], [ 2.1690708, 41.4212688 ], [ 2.1690313, 41.4213301 ], [ 2.1690228, 41.4213709 ], [ 2.1690392, 41.4214382 ], [ 2.1696361, 41.422725 ], [ 2.1696482, 41.4228245 ], [ 2.1696292, 41.422908 ], [ 2.1696092, 41.4229571 ], [ 2.1695217, 41.4231157 ], [ 2.1694344, 41.4232321 ], [ 2.1693558, 41.4233137 ], [ 2.1692849, 41.4233743 ], [ 2.169238, 41.4233293 ], [ 2.1691772, 41.4232707 ], [ 2.169169, 41.4232633 ], [ 2.1691607, 41.423256 ], [ 2.169144, 41.4232416 ], [ 2.1691328, 41.4232321 ], [ 2.1691234, 41.4232247 ], [ 2.1691133, 41.4232178 ], [ 2.1691063, 41.4232134 ], [ 2.1690965, 41.4232078 ], [ 2.1690831, 41.4232008 ], [ 2.1690752, 41.423197 ], [ 2.1690605, 41.4231905 ], [ 2.1690455, 41.4231847 ], [ 2.1690353, 41.423181 ], [ 2.1690214, 41.4231764 ], [ 2.1690132, 41.4231739 ], [ 2.169005, 41.4231714 ], [ 2.1689884, 41.4231668 ], [ 2.1689772, 41.4231642 ], [ 2.1689621, 41.4231612 ], [ 2.1689469, 41.4231588 ], [ 2.1689366, 41.4231574 ], [ 2.1689228, 41.4231559 ], [ 2.1689116, 41.423155 ], [ 2.1689004, 41.4231541 ], [ 2.1688779, 41.4231528 ], [ 2.1688629, 41.4231522 ], [ 2.1688389, 41.4231517 ], [ 2.1688149, 41.4231517 ], [ 2.168799, 41.4231521 ], [ 2.1687796, 41.4231532 ], [ 2.1687603, 41.4231547 ], [ 2.1687475, 41.4231561 ], [ 2.1687304, 41.4231583 ], [ 2.1687206, 41.4231598 ], [ 2.1686836, 41.423166 ], [ 2.1686468, 41.4231727 ], [ 2.1686224, 41.4231775 ], [ 2.1685812, 41.4231863 ], [ 2.1685402, 41.4231952 ], [ 2.1685127, 41.4232009 ], [ 2.1684717, 41.4232091 ], [ 2.1684305, 41.4232169 ], [ 2.1684029, 41.4232218 ], [ 2.1683908, 41.4232238 ], [ 2.1683787, 41.4232256 ], [ 2.1683544, 41.4232288 ], [ 2.1683381, 41.4232305 ], [ 2.1683163, 41.4232327 ], [ 2.1682954, 41.4232343 ], [ 2.1682745, 41.4232355 ], [ 2.1682605, 41.4232361 ], [ 2.1682419, 41.4232367 ], [ 2.168217, 41.423237 ], [ 2.1681981, 41.4232368 ], [ 2.1681791, 41.4232361 ], [ 2.1681664, 41.4232354 ], [ 2.1681495, 41.4232342 ], [ 2.1681339, 41.4232327 ], [ 2.1681185, 41.4232306 ], [ 2.1681083, 41.4232288 ], [ 2.1680981, 41.4232266 ], [ 2.1680882, 41.4232241 ], [ 2.1680684, 41.4232186 ], [ 2.1680547, 41.4232149 ], [ 2.1680412, 41.4232109 ], [ 2.1680325, 41.4232078 ], [ 2.1680277, 41.4232057 ], [ 2.1680224, 41.423203 ], [ 2.1680173, 41.4232001 ], [ 2.1680124, 41.423197 ], [ 2.1680031, 41.4231906 ], [ 2.1679952, 41.4231848 ], [ 2.1679852, 41.4231773 ], [ 2.1679765, 41.4231708 ], [ 2.1679679, 41.4231643 ], [ 2.1679506, 41.4231512 ], [ 2.1679393, 41.4231424 ], [ 2.1679256, 41.4231315 ], [ 2.1679124, 41.4231205 ], [ 2.1679038, 41.4231129 ], [ 2.1678928, 41.4231025 ], [ 2.1678854, 41.4230949 ], [ 2.1678784, 41.4230871 ], [ 2.1678648, 41.4230713 ], [ 2.1678554, 41.423061 ], [ 2.1678475, 41.4230531 ], [ 2.1678396, 41.4230452 ], [ 2.1678236, 41.4230295 ], [ 2.1678135, 41.4230187 ], [ 2.1678049, 41.4230089 ], [ 2.1677964, 41.4229991 ], [ 2.1677798, 41.4229793 ], [ 2.1677688, 41.422966 ], [ 2.1677537, 41.4229472 ], [ 2.1677387, 41.4229284 ], [ 2.1677283, 41.422916 ], [ 2.167719, 41.4229053 ], [ 2.1677093, 41.4228948 ], [ 2.1676894, 41.4228741 ], [ 2.1676759, 41.4228605 ], [ 2.1676566, 41.4228416 ], [ 2.167637, 41.4228228 ], [ 2.1676242, 41.4228102 ], [ 2.1676183, 41.4228042 ], [ 2.1676127, 41.4227983 ], [ 2.1676016, 41.4227862 ], [ 2.1675941, 41.4227782 ], [ 2.1675897, 41.4227737 ], [ 2.1675841, 41.4227682 ], [ 2.1675783, 41.4227627 ], [ 2.1675666, 41.422752 ], [ 2.1675588, 41.4227448 ], [ 2.167549, 41.4227363 ], [ 2.1675419, 41.4227306 ], [ 2.1675389, 41.4227281 ], [ 2.1675319, 41.4227228 ], [ 2.1675254, 41.422718 ], [ 2.1675185, 41.4227136 ], [ 2.1675136, 41.4227109 ], [ 2.1675068, 41.4227077 ], [ 2.1675027, 41.4227062 ], [ 2.1674979, 41.4227048 ], [ 2.167472, 41.4226984 ], [ 2.167446, 41.4226923 ], [ 2.1674178, 41.4226858 ], [ 2.1673895, 41.4226794 ], [ 2.167375, 41.4226762 ], [ 2.1673605, 41.422673 ], [ 2.1673312, 41.4226667 ], [ 2.1673117, 41.4226626 ], [ 2.1672921, 41.4226588 ], [ 2.1672725, 41.4226552 ], [ 2.1672333, 41.422648 ], [ 2.1672038, 41.4226422 ], [ 2.1671744, 41.4226362 ], [ 2.167155, 41.4226317 ], [ 2.1671188, 41.4226228 ], [ 2.1670825, 41.422614 ], [ 2.1670676, 41.4226099 ], [ 2.1670527, 41.4226058 ], [ 2.1670458, 41.4226039 ], [ 2.1670352, 41.4226011 ], [ 2.1670247, 41.4225982 ], [ 2.167018, 41.4225963 ], [ 2.167008, 41.422593 ], [ 2.1669981, 41.4225895 ], [ 2.1669927, 41.4225874 ], [ 2.1669848, 41.4225841 ], [ 2.166977, 41.4225806 ], [ 2.1669724, 41.4225785 ], [ 2.1669659, 41.4225749 ], [ 2.1669629, 41.4225729 ], [ 2.1669599, 41.4225706 ], [ 2.1669585, 41.4225693 ], [ 2.1669576, 41.4225681 ], [ 2.1669566, 41.4225657 ], [ 2.1669563, 41.4225639 ], [ 2.1669563, 41.4225611 ], [ 2.1669568, 41.4225585 ], [ 2.1669579, 41.4225553 ], [ 2.1669592, 41.4225529 ], [ 2.1669605, 41.4225512 ], [ 2.1669629, 41.4225488 ], [ 2.1669661, 41.4225465 ], [ 2.1669683, 41.4225452 ], [ 2.1669723, 41.4225435 ], [ 2.1669752, 41.4225426 ], [ 2.1669775, 41.4225422 ], [ 2.1669809, 41.4225418 ], [ 2.1669844, 41.4225419 ], [ 2.1670026, 41.4225438 ], [ 2.1670117, 41.4225448 ], [ 2.1670208, 41.4225456 ], [ 2.1670709, 41.4225494 ], [ 2.167121, 41.4225532 ], [ 2.1671688, 41.4225528 ], [ 2.1672166, 41.4225524 ], [ 2.1672274, 41.4225523 ], [ 2.1672381, 41.4225519 ], [ 2.1672595, 41.4225506 ], [ 2.1672738, 41.4225494 ], [ 2.1672928, 41.4225474 ], [ 2.1673066, 41.4225455 ], [ 2.1673204, 41.4225435 ], [ 2.1673479, 41.4225395 ], [ 2.1673577, 41.4225383 ], [ 2.1673675, 41.4225373 ], [ 2.1673872, 41.4225353 ], [ 2.1674002, 41.4225335 ], [ 2.1674243, 41.422529 ], [ 2.1674483, 41.4225242 ], [ 2.1674668, 41.4225203 ], [ 2.1674853, 41.4225164 ], [ 2.1674977, 41.422514 ], [ 2.1675207, 41.4225098 ], [ 2.1675437, 41.4225057 ], [ 2.1675661, 41.4225013 ], [ 2.1675887, 41.4224969 ], [ 2.1675962, 41.4224957 ], [ 2.1676038, 41.4224946 ], [ 2.1676192, 41.4224931 ], [ 2.1676295, 41.4224923 ], [ 2.1676432, 41.4224914 ], [ 2.1676652, 41.4224902 ], [ 2.1676872, 41.4224893 ], [ 2.1677019, 41.4224889 ], [ 2.1677159, 41.4224887 ], [ 2.16773, 41.4224887 ], [ 2.1677394, 41.4224889 ], [ 2.1677519, 41.4224896 ], [ 2.1677778, 41.4224917 ], [ 2.1678036, 41.4224938 ], [ 2.1678337, 41.4224964 ], [ 2.1678638, 41.422499 ], [ 2.1678779, 41.4224997 ], [ 2.1678921, 41.4225 ], [ 2.1679203, 41.4224997 ], [ 2.1679529, 41.4224992 ], [ 2.1679854, 41.4224983 ], [ 2.1680036, 41.4224974 ], [ 2.1680218, 41.422496 ], [ 2.1680338, 41.4224947 ], [ 2.1680442, 41.4224933 ], [ 2.1680544, 41.4224915 ], [ 2.1680746, 41.4224872 ], [ 2.1680835, 41.4224851 ], [ 2.1680923, 41.4224829 ], [ 2.1680981, 41.4224812 ], [ 2.1681056, 41.4224785 ], [ 2.1681125, 41.4224756 ], [ 2.1681192, 41.4224725 ], [ 2.1681324, 41.422466 ], [ 2.1681409, 41.4224615 ], [ 2.1681603, 41.4224509 ], [ 2.1681796, 41.4224403 ], [ 2.1681951, 41.422432 ], [ 2.1682105, 41.4224237 ], [ 2.1682129, 41.4224224 ], [ 2.168215, 41.4224209 ], [ 2.1682187, 41.4224175 ], [ 2.1682208, 41.4224151 ], [ 2.1682235, 41.4224116 ], [ 2.1682269, 41.4224067 ], [ 2.1682296, 41.4224019 ], [ 2.1682317, 41.4223971 ], [ 2.1682327, 41.4223939 ], [ 2.1682337, 41.4223896 ], [ 2.1682344, 41.4223839 ], [ 2.1682344, 41.4223797 ], [ 2.1682338, 41.4223755 ], [ 2.1682328, 41.4223728 ], [ 2.1682309, 41.4223691 ], [ 2.1682293, 41.4223671 ], [ 2.1682271, 41.4223647 ], [ 2.1682233, 41.4223616 ], [ 2.1682194, 41.422359 ], [ 2.1682167, 41.4223576 ], [ 2.168213, 41.422356 ], [ 2.1682078, 41.4223544 ], [ 2.1682005, 41.4223527 ], [ 2.1681874, 41.4223504 ], [ 2.1681743, 41.4223485 ], [ 2.1681655, 41.4223475 ], [ 2.1681516, 41.4223462 ], [ 2.1681377, 41.4223451 ], [ 2.1681284, 41.4223446 ], [ 2.1681165, 41.4223445 ], [ 2.1681045, 41.4223445 ], [ 2.1680806, 41.4223447 ], [ 2.1680649, 41.4223454 ], [ 2.1680492, 41.4223462 ], [ 2.1680388, 41.4223464 ], [ 2.1680296, 41.422346 ], [ 2.1680205, 41.4223451 ], [ 2.1680145, 41.4223442 ], [ 2.1680064, 41.4223429 ], [ 2.1679958, 41.4223408 ], [ 2.1679781, 41.4223369 ], [ 2.1679607, 41.4223329 ], [ 2.167949, 41.42233 ], [ 2.1679353, 41.4223264 ], [ 2.1679216, 41.4223227 ], [ 2.1678944, 41.4223149 ], [ 2.1678875, 41.4223125 ], [ 2.1678808, 41.4223098 ], [ 2.1678677, 41.422304 ], [ 2.1678588, 41.4223003 ], [ 2.1678536, 41.4222985 ], [ 2.1678474, 41.4222967 ], [ 2.1678385, 41.4222949 ], [ 2.1678295, 41.4222936 ], [ 2.1678113, 41.4222917 ], [ 2.1677993, 41.4222902 ], [ 2.1677925, 41.4222889 ], [ 2.1677594, 41.4222817 ], [ 2.1677264, 41.4222746 ], [ 2.1676957, 41.4222684 ], [ 2.167665, 41.4222622 ], [ 2.1676369, 41.4222568 ], [ 2.1676087, 41.4222516 ], [ 2.1675899, 41.4222484 ], [ 2.167552, 41.4222425 ], [ 2.1675141, 41.4222367 ], [ 2.1674854, 41.4222319 ], [ 2.1674566, 41.4222271 ], [ 2.1674367, 41.4222237 ], [ 2.1674169, 41.42222 ], [ 2.1674038, 41.4222172 ], [ 2.1673937, 41.4222149 ], [ 2.1673837, 41.4222123 ], [ 2.1673638, 41.4222068 ], [ 2.1673512, 41.4222036 ], [ 2.1673386, 41.4222002 ], [ 2.1673305, 41.4221975 ], [ 2.1673261, 41.4221956 ], [ 2.1673078, 41.4221871 ], [ 2.1672896, 41.4221786 ], [ 2.1672704, 41.4221624 ], [ 2.1672653, 41.4221581 ], [ 2.1672512, 41.4221461 ], [ 2.1672474, 41.4221431 ], [ 2.1672434, 41.4221403 ], [ 2.167241, 41.4221389 ], [ 2.1672348, 41.4221351 ], [ 2.1672173, 41.422125 ], [ 2.16717, 41.4220869 ], [ 2.1671241, 41.4220143 ], [ 2.1670905, 41.421925 ], [ 2.1669695, 41.4216809 ], [ 2.1668338, 41.4214796 ], [ 2.1667461, 41.4213841 ], [ 2.1666427, 41.421289 ], [ 2.1665472, 41.4212627 ], [ 2.1664714, 41.4212672 ], [ 2.1663998, 41.4212831 ], [ 2.1661424, 41.4214212 ], [ 2.1659803, 41.421465 ], [ 2.165732, 41.421549 ], [ 2.1656618, 41.4215649 ], [ 2.1656022, 41.421571 ], [ 2.1655467, 41.4215595 ], [ 2.1654603, 41.4215256 ], [ 2.165458, 41.4215112 ], [ 2.1654545, 41.4215003 ], [ 2.1654496, 41.4214923 ], [ 2.1654417, 41.4214833 ], [ 2.1654215, 41.4214655 ], [ 2.1654047, 41.421453 ], [ 2.1653414, 41.4214125 ], [ 2.1652223, 41.4213423 ], [ 2.1651479, 41.4212913 ], [ 2.1651329, 41.4212775 ], [ 2.1651127, 41.4212529 ], [ 2.1650969, 41.4212243 ], [ 2.1650245, 41.4210209 ], [ 2.1649982, 41.4208972 ], [ 2.1649553, 41.4207732 ], [ 2.1649124, 41.4207096 ], [ 2.164894, 41.4206896 ], [ 2.1648719, 41.4206719 ], [ 2.1648115, 41.4206445 ], [ 2.1647184, 41.4201364 ], [ 2.1647097, 41.420089 ], [ 2.1648981, 41.4200923 ], [ 2.1650949, 41.4201066 ], [ 2.1654448, 41.4201366 ], [ 2.1655327, 41.4201441 ], [ 2.1657485, 41.4201666 ], [ 2.1659251, 41.4201728 ], [ 2.1660343, 41.4201597 ], [ 2.1661167, 41.4200978 ], [ 2.1661737, 41.4200225 ], [ 2.1661682, 41.4199348 ], [ 2.1661363, 41.4197985 ], [ 2.16606, 41.4195306 ], [ 2.1660393, 41.4194835 ], [ 2.166012, 41.4194329 ], [ 2.1659715, 41.4193778 ], [ 2.165922, 41.419333 ], [ 2.1658362, 41.4192538 ], [ 2.1657076, 41.4191777 ], [ 2.1656333, 41.4191437 ], [ 2.1655676, 41.4191298 ], [ 2.1654266, 41.4191155 ], [ 2.165096, 41.4191283 ], [ 2.1650597, 41.4191314 ], [ 2.1650037, 41.4191472 ], [ 2.1649529, 41.4191692 ], [ 2.1648526, 41.4191682 ], [ 2.1648536, 41.4191473 ], [ 2.1648658, 41.4187838 ], [ 2.1648493, 41.4187481 ], [ 2.164859, 41.4187389 ], [ 2.1649219, 41.4186801 ], [ 2.1649865, 41.4186187 ], [ 2.1650594, 41.4185508 ], [ 2.1651212, 41.4185067 ], [ 2.165185, 41.4184664 ], [ 2.1652473, 41.4184344 ], [ 2.1653236, 41.4184011 ], [ 2.1653928, 41.4183725 ], [ 2.1654734, 41.4183605 ], [ 2.1655215, 41.4183624 ], [ 2.1655661, 41.4183692 ], [ 2.1656389, 41.4183895 ], [ 2.1657152, 41.4184097 ], [ 2.1658049, 41.4184287 ], [ 2.1658903, 41.4184352 ], [ 2.1659863, 41.4184327 ], [ 2.1660399, 41.4184235 ], [ 2.1660747, 41.4184175 ], [ 2.1661473, 41.4183943 ], [ 2.1662291, 41.4183701 ], [ 2.1663015, 41.4183507 ], [ 2.1663712, 41.4183346 ], [ 2.1664622, 41.4183214 ], [ 2.1664701, 41.4183155 ], [ 2.1664772, 41.4183106 ], [ 2.1664856, 41.4182932 ], [ 2.166488, 41.4182789 ], [ 2.1664856, 41.4182664 ], [ 2.1664737, 41.4182591 ], [ 2.1664504, 41.4182503 ], [ 2.166417, 41.418241 ], [ 2.1663692, 41.4182303 ], [ 2.1662861, 41.4182254 ], [ 2.1661962, 41.4182251 ], [ 2.1661085, 41.4182239 ], [ 2.1660044, 41.4182123 ], [ 2.165988, 41.4182055 ], [ 2.1659834, 41.418202 ], [ 2.1659715, 41.4181929 ], [ 2.1659567, 41.4181781 ], [ 2.1659527, 41.4181663 ], [ 2.165948, 41.418148 ], [ 2.1659467, 41.4181282 ], [ 2.1659469, 41.418113 ], [ 2.1659489, 41.4181018 ], [ 2.1659535, 41.4180966 ], [ 2.1660325, 41.4180457 ], [ 2.1661235, 41.4179949 ], [ 2.1662241, 41.4179377 ], [ 2.166332, 41.4178704 ], [ 2.1663555, 41.4178574 ], [ 2.1663787, 41.4178459 ], [ 2.1664054, 41.4178348 ], [ 2.1664592, 41.417818 ], [ 2.1664975, 41.4178145 ], [ 2.1665402, 41.4178141 ], [ 2.166588, 41.4178172 ], [ 2.166608, 41.4178209 ], [ 2.1666197, 41.417823 ], [ 2.1666413, 41.4178269 ], [ 2.1666781, 41.4178337 ], [ 2.1666915, 41.4178376 ], [ 2.1667532, 41.4178557 ], [ 2.1668242, 41.4178771 ], [ 2.1668422, 41.4178783 ], [ 2.1668774, 41.4179182 ], [ 2.1669002, 41.4179547 ], [ 2.1669189, 41.4179979 ], [ 2.1669437, 41.4180648 ], [ 2.1669525, 41.4181137 ], [ 2.1669574, 41.4181579 ], [ 2.1669535, 41.4182298 ], [ 2.1669382, 41.4183288 ], [ 2.166935, 41.4183689 ], [ 2.1669398, 41.4184228 ], [ 2.1669802, 41.4185043 ], [ 2.1670062, 41.4185231 ], [ 2.1670312, 41.4185369 ], [ 2.1670616, 41.4185499 ], [ 2.1671184, 41.4185637 ], [ 2.167181, 41.4185708 ], [ 2.1672509, 41.4185706 ], [ 2.1673579, 41.4185603 ], [ 2.1675077, 41.4185437 ], [ 2.1675688, 41.4185413 ], [ 2.1676985, 41.4185424 ], [ 2.1677403, 41.4185556 ], [ 2.1677734, 41.4185675 ], [ 2.1678108, 41.4185874 ], [ 2.1678525, 41.4186152 ], [ 2.1678714, 41.4186345 ], [ 2.1678861, 41.4186496 ], [ 2.1679111, 41.4186796 ], [ 2.167927, 41.4187064 ], [ 2.1679343, 41.4187188 ], [ 2.1679549, 41.4187783 ], [ 2.1679768, 41.418789 ], [ 2.1679853, 41.4187932 ], [ 2.168112, 41.4188394 ], [ 2.168273, 41.4188544 ], [ 2.1683822, 41.4188767 ], [ 2.1684107, 41.4188801 ], [ 2.1684121, 41.4188803 ], [ 2.1684286, 41.4188822 ], [ 2.1684599, 41.4188634 ], [ 2.1683569, 41.4187315 ], [ 2.1682694, 41.418623 ], [ 2.1680932, 41.4183808 ], [ 2.1680623, 41.4183544 ], [ 2.1680319, 41.4183363 ], [ 2.1679843, 41.4183145 ], [ 2.1679337, 41.4182991 ], [ 2.167858, 41.4182789 ], [ 2.1677384, 41.4182397 ], [ 2.1676727, 41.4181924 ], [ 2.1676394, 41.4181482 ], [ 2.1676171, 41.4181047 ], [ 2.1676144, 41.4180567 ], [ 2.1676171, 41.4177881 ], [ 2.1676081, 41.4177488 ], [ 2.16759, 41.4177128 ], [ 2.1675574, 41.4176714 ], [ 2.1674933, 41.4176125 ], [ 2.16715, 41.4173528 ], [ 2.1669593, 41.4172105 ], [ 2.1668289, 41.417107 ], [ 2.1667769, 41.4170672 ], [ 2.1667269, 41.4170373 ], [ 2.1666246, 41.4169826 ], [ 2.1666169, 41.4169785 ], [ 2.1664592, 41.4168921 ], [ 2.1664034, 41.4168615 ], [ 2.1662083, 41.4167567 ], [ 2.1660973, 41.4166927 ], [ 2.1662479, 41.416527 ], [ 2.1663643, 41.4164071 ], [ 2.1664698, 41.416297 ], [ 2.166492, 41.4162741 ], [ 2.1666592, 41.4161014 ], [ 2.1667879, 41.4159691 ], [ 2.1668854, 41.4158681 ], [ 2.1669752, 41.415775 ], [ 2.1671782, 41.4155624 ], [ 2.167279, 41.4154469 ], [ 2.1676326, 41.4156034 ], [ 2.167746, 41.4156525 ], [ 2.1678497, 41.4156975 ], [ 2.1679006, 41.415716 ], [ 2.167977, 41.4157367 ], [ 2.1680995, 41.4157556 ], [ 2.1681903, 41.4157608 ], [ 2.1682235, 41.4157606 ], [ 2.1682585, 41.4157583 ], [ 2.1682979, 41.4157557 ], [ 2.1683789, 41.4157457 ], [ 2.1684921, 41.4157315 ], [ 2.1686219, 41.4157136 ], [ 2.1687544, 41.4156962 ], [ 2.1687916, 41.4156913 ], [ 2.1689032, 41.4156765 ], [ 2.1690336, 41.4156593 ], [ 2.1691557, 41.4156439 ], [ 2.1693271, 41.415643 ], [ 2.1693414, 41.4155928 ], [ 2.1693585, 41.4155207 ], [ 2.1693495, 41.415447 ], [ 2.1693336, 41.4153514 ], [ 2.1693305, 41.4152701 ], [ 2.1693302, 41.4152609 ], [ 2.1693343, 41.4152016 ], [ 2.1693492, 41.4151368 ], [ 2.1693737, 41.4150636 ], [ 2.1694098, 41.4149913 ], [ 2.1694429, 41.4149416 ], [ 2.1694657, 41.4149124 ], [ 2.1695068, 41.4148631 ], [ 2.1695685, 41.4148055 ], [ 2.1696616, 41.4147338 ], [ 2.1697648, 41.4146552 ], [ 2.1698022, 41.4146266 ], [ 2.1699399, 41.4145208 ], [ 2.1700836, 41.4144101 ], [ 2.1701435, 41.4143672 ], [ 2.1702341, 41.4142976 ], [ 2.1703444, 41.4142147 ], [ 2.1703893, 41.4141806 ], [ 2.1704563, 41.4141298 ], [ 2.1705554, 41.4140584 ], [ 2.1708121, 41.4138578 ], [ 2.1709478, 41.4137518 ], [ 2.171, 41.413714 ], [ 2.1710549, 41.4136695 ], [ 2.1712532, 41.4135179 ], [ 2.1718342, 41.4130757 ], [ 2.1724297, 41.4126224 ], [ 2.1725903, 41.4125018 ], [ 2.1726507, 41.4124565 ], [ 2.1729026, 41.4122673 ], [ 2.1730214, 41.4121781 ], [ 2.1732571, 41.4120012 ], [ 2.1733745, 41.4119112 ], [ 2.1739008, 41.4115052 ], [ 2.1743289, 41.4111822 ], [ 2.1754678, 41.4120364 ], [ 2.1766429, 41.4129255 ], [ 2.1767589, 41.4130133 ], [ 2.1788234, 41.4145752 ], [ 2.1789887, 41.4147003 ], [ 2.1801887, 41.4156081 ], [ 2.1804844, 41.4158318 ], [ 2.1804045, 41.4163735 ], [ 2.1803949, 41.4174822 ], [ 2.1804908, 41.4183341 ], [ 2.180504, 41.4183929 ], [ 2.1805629, 41.4186555 ], [ 2.1807256, 41.4193815 ], [ 2.1808275, 41.4198361 ], [ 2.1808348, 41.4200338 ], [ 2.1807956, 41.4202367 ], [ 2.1807461, 41.4203545 ], [ 2.1806583, 41.4204817 ], [ 2.1806265, 41.4205208 ], [ 2.1804702, 41.4207134 ], [ 2.1803376, 41.4208574 ], [ 2.1797605, 41.4214845 ] ] ] } },
{ "type": "Feature", "properties": { "id": "36", "name": "la Font d'en Fargues", "housing2025": 5367.0, "housing2026": 5385.0, "hutCount": 4, "hutPending": 0, "hutAllRecords": 4, "hutStrictGeometry": 4, "hutBeds": 53.0, "missingBeds": 0, "rent2019": 12.847778826968639, "rentMonth2019": 885.61244897959205, "contracts2019": 147.0, "rent2020": 12.9032800798, "rentMonth2020": 918.15018518518525, "contracts2020": 108.0, "rent2021": 12.143906963119404, "rentMonth2021": 815.23006802721068, "contracts2021": 147.0, "rent2022": 13.513391518310682, "rentMonth2022": 873.49652542372883, "contracts2022": 118.0, "rent2023": 15.498880723377356, "rentMonth2023": 1057.5112598425196, "contracts2023": 127.0, "rent2024": 15.604508130402168, "rentMonth2024": 1088.7701941747573, "contracts2024": 103.0, "rent2025": 14.601123257331601, "rentMonth2025": 1044.4553571428601, "contracts2025": 84.0, "hutIntensity": 0.74280408542246978, "hutInclusiveIntensity": 0.74280408542246978, "hutStrictIntensity": 0.74280408542246978, "rentChange": 8.0492875348652468, "contractIntensity": 15.651201788708775, "comparable": true, "validRent2025": true, "validRentChange": true, "validContractActivity": true, "qualityFlag": "comparable", "platform2025": 27, "platformEntire2025": 7, "platformIntensity2025": 1.3042668157257313, "overlapClass": "neither", "changeClass": "neither", "thresholdStable": true, "caseFlag": false }, "geometry": { "type": "Polygon", "coordinates": [ [ [ 2.1718181, 41.423989 ], [ 2.1725196, 41.4250585 ], [ 2.1724426, 41.425755 ], [ 2.1723541, 41.4265242 ], [ 2.1717811, 41.4266823 ], [ 2.1710091, 41.4268951 ], [ 2.1704524, 41.4270487 ], [ 2.1702278, 41.4271106 ], [ 2.1699806, 41.4271788 ], [ 2.1697112, 41.427228 ], [ 2.1678399, 41.4274916 ], [ 2.1674291, 41.4275495 ], [ 2.1672862, 41.4275637 ], [ 2.166935, 41.4275987 ], [ 2.1651648, 41.4277752 ], [ 2.1650044, 41.4277995 ], [ 2.164543, 41.4278696 ], [ 2.1644304, 41.4278867 ], [ 2.1642202, 41.4279112 ], [ 2.1640156, 41.4279461 ], [ 2.1638735, 41.4279862 ], [ 2.1637977, 41.4280097 ], [ 2.1637195, 41.427937 ], [ 2.1633828, 41.4277842 ], [ 2.162931, 41.4275679 ], [ 2.1625, 41.4273931 ], [ 2.1623494, 41.427332 ], [ 2.1621049, 41.4272415 ], [ 2.1620623, 41.4272254 ], [ 2.1620509, 41.4272211 ], [ 2.1619975, 41.427201 ], [ 2.1616795, 41.4270693 ], [ 2.1615153, 41.4270004 ], [ 2.1613613, 41.4269358 ], [ 2.161065, 41.4268084 ], [ 2.1609746, 41.4267701 ], [ 2.1607612, 41.4266794 ], [ 2.1604841, 41.4265628 ], [ 2.160433, 41.4265411 ], [ 2.1603612, 41.4265107 ], [ 2.1601746, 41.4264328 ], [ 2.1600526, 41.4263814 ], [ 2.1599454, 41.4263435 ], [ 2.159931, 41.4263386 ], [ 2.1597713, 41.4262833 ], [ 2.1595357, 41.4261984 ], [ 2.1594387, 41.4261632 ], [ 2.1593589, 41.4261343 ], [ 2.1592124, 41.4260804 ], [ 2.1591422, 41.4260443 ], [ 2.1590643, 41.4259989 ], [ 2.1589617, 41.4259407 ], [ 2.1588691, 41.4258903 ], [ 2.158848, 41.4258788 ], [ 2.1587453, 41.4258201 ], [ 2.158592, 41.4257328 ], [ 2.1585378, 41.4256982 ], [ 2.1583389, 41.4255217 ], [ 2.1583677, 41.4254094 ], [ 2.1584232, 41.425169 ], [ 2.1584322, 41.4251323 ], [ 2.1584467, 41.4250727 ], [ 2.1585009, 41.4250016 ], [ 2.1585205, 41.4249759 ], [ 2.1585297, 41.4249427 ], [ 2.1585492, 41.4248588 ], [ 2.1585669, 41.424783 ], [ 2.1585838, 41.4246676 ], [ 2.1585858, 41.4246104 ], [ 2.1585866, 41.4245876 ], [ 2.1585859, 41.4245372 ], [ 2.1585656, 41.424396 ], [ 2.1585778, 41.424272 ], [ 2.1586021, 41.4241935 ], [ 2.1586813, 41.4240132 ], [ 2.1587768, 41.4237832 ], [ 2.1588054, 41.4236998 ], [ 2.1590062, 41.4232251 ], [ 2.1581653, 41.4230255 ], [ 2.1582935, 41.422405 ], [ 2.1584578, 41.4216899 ], [ 2.1584841, 41.421583 ], [ 2.1585826, 41.4215942 ], [ 2.1586622, 41.4215908 ], [ 2.158933, 41.4214358 ], [ 2.1591184, 41.4213297 ], [ 2.1596088, 41.4219316 ], [ 2.1596211, 41.4219469 ], [ 2.1596487, 41.4219639 ], [ 2.1613584, 41.4222733 ], [ 2.1622949, 41.4224474 ], [ 2.1626281, 41.4216627 ], [ 2.1630357, 41.4216105 ], [ 2.1630821, 41.4215608 ], [ 2.1631962, 41.42127 ], [ 2.1632653, 41.4210905 ], [ 2.163292, 41.421021 ], [ 2.1633887, 41.4210721 ], [ 2.1634649, 41.4211149 ], [ 2.163509, 41.4211319 ], [ 2.1635604, 41.4211406 ], [ 2.1636086, 41.4211428 ], [ 2.1636562, 41.421139 ], [ 2.1637261, 41.4211168 ], [ 2.1638051, 41.4210684 ], [ 2.1639423, 41.4209922 ], [ 2.1640005, 41.4209647 ], [ 2.1640743, 41.4209497 ], [ 2.1642137, 41.4209266 ], [ 2.164493, 41.420897 ], [ 2.1646244, 41.4208793 ], [ 2.1648266, 41.4208531 ], [ 2.1648042, 41.4207092 ], [ 2.1648115, 41.4206445 ], [ 2.1648719, 41.4206719 ], [ 2.164894, 41.4206896 ], [ 2.1649124, 41.4207096 ], [ 2.1649553, 41.4207732 ], [ 2.1649982, 41.4208972 ], [ 2.1650245, 41.4210209 ], [ 2.1650969, 41.4212243 ], [ 2.1651127, 41.4212529 ], [ 2.1651329, 41.4212775 ], [ 2.1651479, 41.4212913 ], [ 2.1652223, 41.4213423 ], [ 2.1653414, 41.4214125 ], [ 2.1654047, 41.421453 ], [ 2.1654215, 41.4214655 ], [ 2.1654417, 41.4214833 ], [ 2.1654496, 41.4214923 ], [ 2.1654545, 41.4215003 ], [ 2.165458, 41.4215112 ], [ 2.1654603, 41.4215256 ], [ 2.1655467, 41.4215595 ], [ 2.1656022, 41.421571 ], [ 2.1656618, 41.4215649 ], [ 2.165732, 41.421549 ], [ 2.1659803, 41.421465 ], [ 2.1661424, 41.4214212 ], [ 2.1663998, 41.4212831 ], [ 2.1664714, 41.4212672 ], [ 2.1665472, 41.4212627 ], [ 2.1666427, 41.421289 ], [ 2.1667461, 41.4213841 ], [ 2.1668338, 41.4214796 ], [ 2.1669695, 41.4216809 ], [ 2.1670905, 41.421925 ], [ 2.1671241, 41.4220143 ], [ 2.16717, 41.4220869 ], [ 2.1672173, 41.422125 ], [ 2.1672348, 41.4221351 ], [ 2.167241, 41.4221389 ], [ 2.1672434, 41.4221403 ], [ 2.1672474, 41.4221431 ], [ 2.1672512, 41.4221461 ], [ 2.1672653, 41.4221581 ], [ 2.1672704, 41.4221624 ], [ 2.1672896, 41.4221786 ], [ 2.1673078, 41.4221871 ], [ 2.1673261, 41.4221956 ], [ 2.1673305, 41.4221975 ], [ 2.1673386, 41.4222002 ], [ 2.1673512, 41.4222036 ], [ 2.1673638, 41.4222068 ], [ 2.1673837, 41.4222123 ], [ 2.1673937, 41.4222149 ], [ 2.1674038, 41.4222172 ], [ 2.1674169, 41.42222 ], [ 2.1674367, 41.4222237 ], [ 2.1674566, 41.4222271 ], [ 2.1674854, 41.4222319 ], [ 2.1675141, 41.4222367 ], [ 2.167552, 41.4222425 ], [ 2.1675899, 41.4222484 ], [ 2.1676087, 41.4222516 ], [ 2.1676369, 41.4222568 ], [ 2.167665, 41.4222622 ], [ 2.1676957, 41.4222684 ], [ 2.1677264, 41.4222746 ], [ 2.1677594, 41.4222817 ], [ 2.1677925, 41.4222889 ], [ 2.1677993, 41.4222902 ], [ 2.1678113, 41.4222917 ], [ 2.1678295, 41.4222936 ], [ 2.1678385, 41.4222949 ], [ 2.1678474, 41.4222967 ], [ 2.1678536, 41.4222985 ], [ 2.1678588, 41.4223003 ], [ 2.1678677, 41.422304 ], [ 2.1678808, 41.4223098 ], [ 2.1678875, 41.4223125 ], [ 2.1678944, 41.4223149 ], [ 2.1679216, 41.4223227 ], [ 2.1679353, 41.4223264 ], [ 2.167949, 41.42233 ], [ 2.1679607, 41.4223329 ], [ 2.1679781, 41.4223369 ], [ 2.1679958, 41.4223408 ], [ 2.1680064, 41.4223429 ], [ 2.1680145, 41.4223442 ], [ 2.1680205, 41.4223451 ], [ 2.1680296, 41.422346 ], [ 2.1680388, 41.4223464 ], [ 2.1680492, 41.4223462 ], [ 2.1680649, 41.4223454 ], [ 2.1680806, 41.4223447 ], [ 2.1681045, 41.4223445 ], [ 2.1681165, 41.4223445 ], [ 2.1681284, 41.4223446 ], [ 2.1681377, 41.4223451 ], [ 2.1681516, 41.4223462 ], [ 2.1681655, 41.4223475 ], [ 2.1681743, 41.4223485 ], [ 2.1681874, 41.4223504 ], [ 2.1682005, 41.4223527 ], [ 2.1682078, 41.4223544 ], [ 2.168213, 41.422356 ], [ 2.1682167, 41.4223576 ], [ 2.1682194, 41.422359 ], [ 2.1682233, 41.4223616 ], [ 2.1682271, 41.4223647 ], [ 2.1682293, 41.4223671 ], [ 2.1682309, 41.4223691 ], [ 2.1682328, 41.4223728 ], [ 2.1682338, 41.4223755 ], [ 2.1682344, 41.4223797 ], [ 2.1682344, 41.4223839 ], [ 2.1682337, 41.4223896 ], [ 2.1682327, 41.4223939 ], [ 2.1682317, 41.4223971 ], [ 2.1682296, 41.4224019 ], [ 2.1682269, 41.4224067 ], [ 2.1682235, 41.4224116 ], [ 2.1682208, 41.4224151 ], [ 2.1682187, 41.4224175 ], [ 2.168215, 41.4224209 ], [ 2.1682129, 41.4224224 ], [ 2.1682105, 41.4224237 ], [ 2.1681951, 41.422432 ], [ 2.1681796, 41.4224403 ], [ 2.1681603, 41.4224509 ], [ 2.1681409, 41.4224615 ], [ 2.1681324, 41.422466 ], [ 2.1681192, 41.4224725 ], [ 2.1681125, 41.4224756 ], [ 2.1681056, 41.4224785 ], [ 2.1680981, 41.4224812 ], [ 2.1680923, 41.4224829 ], [ 2.1680835, 41.4224851 ], [ 2.1680746, 41.4224872 ], [ 2.1680544, 41.4224915 ], [ 2.1680442, 41.4224933 ], [ 2.1680338, 41.4224947 ], [ 2.1680218, 41.422496 ], [ 2.1680036, 41.4224974 ], [ 2.1679854, 41.4224983 ], [ 2.1679529, 41.4224992 ], [ 2.1679203, 41.4224997 ], [ 2.1678921, 41.4225 ], [ 2.1678779, 41.4224997 ], [ 2.1678638, 41.422499 ], [ 2.1678337, 41.4224964 ], [ 2.1678036, 41.4224938 ], [ 2.1677778, 41.4224917 ], [ 2.1677519, 41.4224896 ], [ 2.1677394, 41.4224889 ], [ 2.16773, 41.4224887 ], [ 2.1677159, 41.4224887 ], [ 2.1677019, 41.4224889 ], [ 2.1676872, 41.4224893 ], [ 2.1676652, 41.4224902 ], [ 2.1676432, 41.4224914 ], [ 2.1676295, 41.4224923 ], [ 2.1676192, 41.4224931 ], [ 2.1676038, 41.4224946 ], [ 2.1675962, 41.4224957 ], [ 2.1675887, 41.4224969 ], [ 2.1675661, 41.4225013 ], [ 2.1675437, 41.4225057 ], [ 2.1675207, 41.4225098 ], [ 2.1674977, 41.422514 ], [ 2.1674853, 41.4225164 ], [ 2.1674668, 41.4225203 ], [ 2.1674483, 41.4225242 ], [ 2.1674243, 41.422529 ], [ 2.1674002, 41.4225335 ], [ 2.1673872, 41.4225353 ], [ 2.1673675, 41.4225373 ], [ 2.1673577, 41.4225383 ], [ 2.1673479, 41.4225395 ], [ 2.1673204, 41.4225435 ], [ 2.1673066, 41.4225455 ], [ 2.1672928, 41.4225474 ], [ 2.1672738, 41.4225494 ], [ 2.1672595, 41.4225506 ], [ 2.1672381, 41.4225519 ], [ 2.1672274, 41.4225523 ], [ 2.1672166, 41.4225524 ], [ 2.1671688, 41.4225528 ], [ 2.167121, 41.4225532 ], [ 2.1670709, 41.4225494 ], [ 2.1670208, 41.4225456 ], [ 2.1670117, 41.4225448 ], [ 2.1670026, 41.4225438 ], [ 2.1669844, 41.4225419 ], [ 2.1669809, 41.4225418 ], [ 2.1669775, 41.4225422 ], [ 2.1669752, 41.4225426 ], [ 2.1669723, 41.4225435 ], [ 2.1669683, 41.4225452 ], [ 2.1669661, 41.4225465 ], [ 2.1669629, 41.4225488 ], [ 2.1669605, 41.4225512 ], [ 2.1669592, 41.4225529 ], [ 2.1669579, 41.4225553 ], [ 2.1669568, 41.4225585 ], [ 2.1669563, 41.4225611 ], [ 2.1669563, 41.4225639 ], [ 2.1669566, 41.4225657 ], [ 2.1669576, 41.4225681 ], [ 2.1669585, 41.4225693 ], [ 2.1669599, 41.4225706 ], [ 2.1669629, 41.4225729 ], [ 2.1669659, 41.4225749 ], [ 2.1669724, 41.4225785 ], [ 2.166977, 41.4225806 ], [ 2.1669848, 41.4225841 ], [ 2.1669927, 41.4225874 ], [ 2.1669981, 41.4225895 ], [ 2.167008, 41.422593 ], [ 2.167018, 41.4225963 ], [ 2.1670247, 41.4225982 ], [ 2.1670352, 41.4226011 ], [ 2.1670458, 41.4226039 ], [ 2.1670527, 41.4226058 ], [ 2.1670676, 41.4226099 ], [ 2.1670825, 41.422614 ], [ 2.1671188, 41.4226228 ], [ 2.167155, 41.4226317 ], [ 2.1671744, 41.4226362 ], [ 2.1672038, 41.4226422 ], [ 2.1672333, 41.422648 ], [ 2.1672725, 41.4226552 ], [ 2.1672921, 41.4226588 ], [ 2.1673117, 41.4226626 ], [ 2.1673312, 41.4226667 ], [ 2.1673605, 41.422673 ], [ 2.167375, 41.4226762 ], [ 2.1673895, 41.4226794 ], [ 2.1674178, 41.4226858 ], [ 2.167446, 41.4226923 ], [ 2.167472, 41.4226984 ], [ 2.1674979, 41.4227048 ], [ 2.1675027, 41.4227062 ], [ 2.1675068, 41.4227077 ], [ 2.1675136, 41.4227109 ], [ 2.1675185, 41.4227136 ], [ 2.1675254, 41.422718 ], [ 2.1675319, 41.4227228 ], [ 2.1675389, 41.4227281 ], [ 2.1675419, 41.4227306 ], [ 2.167549, 41.4227363 ], [ 2.1675588, 41.4227448 ], [ 2.1675666, 41.422752 ], [ 2.1675783, 41.4227627 ], [ 2.1675841, 41.4227682 ], [ 2.1675897, 41.4227737 ], [ 2.1675941, 41.4227782 ], [ 2.1676016, 41.4227862 ], [ 2.1676127, 41.4227983 ], [ 2.1676183, 41.4228042 ], [ 2.1676242, 41.4228102 ], [ 2.167637, 41.4228228 ], [ 2.1676566, 41.4228416 ], [ 2.1676759, 41.4228605 ], [ 2.1676894, 41.4228741 ], [ 2.1677093, 41.4228948 ], [ 2.167719, 41.4229053 ], [ 2.1677283, 41.422916 ], [ 2.1677387, 41.4229284 ], [ 2.1677537, 41.4229472 ], [ 2.1677688, 41.422966 ], [ 2.1677798, 41.4229793 ], [ 2.1677964, 41.4229991 ], [ 2.1678049, 41.4230089 ], [ 2.1678135, 41.4230187 ], [ 2.1678236, 41.4230295 ], [ 2.1678396, 41.4230452 ], [ 2.1678475, 41.4230531 ], [ 2.1678554, 41.423061 ], [ 2.1678648, 41.4230713 ], [ 2.1678784, 41.4230871 ], [ 2.1678854, 41.4230949 ], [ 2.1678928, 41.4231025 ], [ 2.1679038, 41.4231129 ], [ 2.1679124, 41.4231205 ], [ 2.1679256, 41.4231315 ], [ 2.1679393, 41.4231424 ], [ 2.1679506, 41.4231512 ], [ 2.1679679, 41.4231643 ], [ 2.1679765, 41.4231708 ], [ 2.1679852, 41.4231773 ], [ 2.1679952, 41.4231848 ], [ 2.1680031, 41.4231906 ], [ 2.1680124, 41.423197 ], [ 2.1680173, 41.4232001 ], [ 2.1680224, 41.423203 ], [ 2.1680277, 41.4232057 ], [ 2.1680325, 41.4232078 ], [ 2.1680412, 41.4232109 ], [ 2.1680547, 41.4232149 ], [ 2.1680684, 41.4232186 ], [ 2.1680882, 41.4232241 ], [ 2.1680981, 41.4232266 ], [ 2.1681083, 41.4232288 ], [ 2.1681185, 41.4232306 ], [ 2.1681339, 41.4232327 ], [ 2.1681495, 41.4232342 ], [ 2.1681664, 41.4232354 ], [ 2.1681791, 41.4232361 ], [ 2.1681981, 41.4232368 ], [ 2.168217, 41.423237 ], [ 2.1682419, 41.4232367 ], [ 2.1682605, 41.4232361 ], [ 2.1682745, 41.4232355 ], [ 2.1682954, 41.4232343 ], [ 2.1683163, 41.4232327 ], [ 2.1683381, 41.4232305 ], [ 2.1683544, 41.4232288 ], [ 2.1683787, 41.4232256 ], [ 2.1683908, 41.4232238 ], [ 2.1684029, 41.4232218 ], [ 2.1684305, 41.4232169 ], [ 2.1684717, 41.4232091 ], [ 2.1685127, 41.4232009 ], [ 2.1685402, 41.4231952 ], [ 2.1685812, 41.4231863 ], [ 2.1686224, 41.4231775 ], [ 2.1686468, 41.4231727 ], [ 2.1686836, 41.423166 ], [ 2.1687206, 41.4231598 ], [ 2.1687304, 41.4231583 ], [ 2.1687475, 41.4231561 ], [ 2.1687603, 41.4231547 ], [ 2.1687796, 41.4231532 ], [ 2.168799, 41.4231521 ], [ 2.1688149, 41.4231517 ], [ 2.1688389, 41.4231517 ], [ 2.1688629, 41.4231522 ], [ 2.1688779, 41.4231528 ], [ 2.1689004, 41.4231541 ], [ 2.1689116, 41.423155 ], [ 2.1689228, 41.4231559 ], [ 2.1689366, 41.4231574 ], [ 2.1689469, 41.4231588 ], [ 2.1689621, 41.4231612 ], [ 2.1689772, 41.4231642 ], [ 2.1689884, 41.4231668 ], [ 2.169005, 41.4231714 ], [ 2.1690132, 41.4231739 ], [ 2.1690214, 41.4231764 ], [ 2.1690353, 41.423181 ], [ 2.1690455, 41.4231847 ], [ 2.1690605, 41.4231905 ], [ 2.1690752, 41.423197 ], [ 2.1690831, 41.4232008 ], [ 2.1690965, 41.4232078 ], [ 2.1691063, 41.4232134 ], [ 2.1691133, 41.4232178 ], [ 2.1691234, 41.4232247 ], [ 2.1691328, 41.4232321 ], [ 2.169144, 41.4232416 ], [ 2.1691607, 41.423256 ], [ 2.169169, 41.4232633 ], [ 2.1691772, 41.4232707 ], [ 2.169238, 41.4233293 ], [ 2.1692849, 41.4233743 ], [ 2.1693558, 41.4233137 ], [ 2.1694344, 41.4232321 ], [ 2.1695217, 41.4231157 ], [ 2.1696092, 41.4229571 ], [ 2.1696292, 41.422908 ], [ 2.1696482, 41.4228245 ], [ 2.1696361, 41.422725 ], [ 2.1690392, 41.4214382 ], [ 2.1690228, 41.4213709 ], [ 2.1690313, 41.4213301 ], [ 2.1690708, 41.4212688 ], [ 2.1691405, 41.4212153 ], [ 2.1692159, 41.4211844 ], [ 2.1693057, 41.421177 ], [ 2.1694812, 41.4211881 ], [ 2.1696368, 41.4213741 ], [ 2.1700841, 41.4219015 ], [ 2.1702043, 41.4220266 ], [ 2.1707141, 41.4226141 ], [ 2.1709769, 41.4229162 ], [ 2.171905, 41.4231764 ], [ 2.1718181, 41.423989 ] ] ] } },
{ "type": "Feature", "properties": { "id": "37", "name": "el Carmel", "housing2025": 15579.0, "housing2026": 15588.0, "hutCount": 34, "hutPending": 0, "hutAllRecords": 34, "hutStrictGeometry": 34, "hutBeds": 175.0, "missingBeds": 0, "rent2019": 12.091516130739542, "rentMonth2019": 685.09803072625675, "contracts2019": 716.0, "rent2020": 11.978664650022605, "rentMonth2020": 687.00605954465857, "contracts2020": 571.0, "rent2021": 11.766751192358427, "rentMonth2021": 674.45014144271556, "contracts2021": 707.0, "rent2022": 12.680476822264373, "rentMonth2022": 727.20348024316127, "contracts2022": 658.0, "rent2023": 13.50197740334816, "rentMonth2023": 776.52962230215826, "contracts2023": 556.0, "rent2024": 13.556511834425718, "rentMonth2024": 796.68295918367323, "contracts2024": 490.0, "rent2025": 13.9673152475964, "rentMonth2025": 781.06373205741693, "contracts2025": 418.0, "hutIntensity": 2.1811649987169619, "hutInclusiveIntensity": 2.1811649987169619, "hutStrictIntensity": 2.1811649987169619, "rentChange": 10.148186407884886, "contractIntensity": 26.830990435843123, "comparable": true, "validRent2025": true, "validRentChange": true, "validContractActivity": true, "qualityFlag": "comparable", "platform2025": 76, "platformEntire2025": 50, "platformIntensity2025": 3.2094486167276464, "overlapClass": "neither", "changeClass": "neither", "thresholdStable": true, "caseFlag": false }, "geometry": { "type": "Polygon", "coordinates": [ [ [ 2.1584578, 41.4216899 ], [ 2.1582935, 41.422405 ], [ 2.1581653, 41.4230255 ], [ 2.1590062, 41.4232251 ], [ 2.1588054, 41.4236998 ], [ 2.1587768, 41.4237832 ], [ 2.1586813, 41.4240132 ], [ 2.1586021, 41.4241935 ], [ 2.1585778, 41.424272 ], [ 2.1585656, 41.424396 ], [ 2.1585859, 41.4245372 ], [ 2.1585866, 41.4245876 ], [ 2.1585858, 41.4246104 ], [ 2.1585838, 41.4246676 ], [ 2.1585669, 41.424783 ], [ 2.1585492, 41.4248588 ], [ 2.1585297, 41.4249427 ], [ 2.1585205, 41.4249759 ], [ 2.1585009, 41.4250016 ], [ 2.1584467, 41.4250727 ], [ 2.1584322, 41.4251323 ], [ 2.1584232, 41.425169 ], [ 2.1583677, 41.4254094 ], [ 2.1583389, 41.4255217 ], [ 2.1582891, 41.4257635 ], [ 2.1581818, 41.4262656 ], [ 2.1581236, 41.4264694 ], [ 2.1581338, 41.4267674 ], [ 2.1580391, 41.4273207 ], [ 2.1579772, 41.4276031 ], [ 2.1579521, 41.4276565 ], [ 2.1579334, 41.4276962 ], [ 2.1578652, 41.4279939 ], [ 2.157822, 41.4281799 ], [ 2.157792, 41.4283218 ], [ 2.1577779, 41.4284181 ], [ 2.1577682, 41.4284835 ], [ 2.1579051, 41.4285025 ], [ 2.1579101, 41.4286373 ], [ 2.1579108, 41.4287506 ], [ 2.1579157, 41.4288368 ], [ 2.1579441, 41.4293362 ], [ 2.157468, 41.4291682 ], [ 2.1570179, 41.4290114 ], [ 2.1565238, 41.4288424 ], [ 2.1563255, 41.4287734 ], [ 2.1561761, 41.4287224 ], [ 2.1561418, 41.4287107 ], [ 2.155972, 41.4286516 ], [ 2.1558234, 41.4286007 ], [ 2.155674, 41.4285481 ], [ 2.1552679, 41.4283872 ], [ 2.1550188, 41.4282646 ], [ 2.1549163, 41.4282141 ], [ 2.1547274, 41.4280979 ], [ 2.1543816, 41.4278543 ], [ 2.1543054, 41.4277982 ], [ 2.1541666, 41.4277063 ], [ 2.1541253, 41.4276788 ], [ 2.1540742, 41.4276447 ], [ 2.1539088, 41.427545 ], [ 2.1537828, 41.4274756 ], [ 2.1536599, 41.427413 ], [ 2.1535473, 41.4273593 ], [ 2.1535319, 41.427352 ], [ 2.1534116, 41.4273004 ], [ 2.1532701, 41.4272424 ], [ 2.1530395, 41.4271562 ], [ 2.1529121, 41.4271079 ], [ 2.1528368, 41.4270793 ], [ 2.1527105, 41.4270276 ], [ 2.1525874, 41.4269762 ], [ 2.152459, 41.4269193 ], [ 2.1523727, 41.4268769 ], [ 2.152295, 41.4268332 ], [ 2.1522912, 41.426831 ], [ 2.1522098, 41.4267783 ], [ 2.1521341, 41.4267206 ], [ 2.152082, 41.4266752 ], [ 2.1519528, 41.4265589 ], [ 2.1519108, 41.4265264 ], [ 2.1518735, 41.4265013 ], [ 2.1518157, 41.4264673 ], [ 2.1517882, 41.4264533 ], [ 2.1517539, 41.4264358 ], [ 2.1516773, 41.4264022 ], [ 2.1515589, 41.4263598 ], [ 2.1514554, 41.4263276 ], [ 2.1513302, 41.4262935 ], [ 2.151145, 41.4262527 ], [ 2.1511288, 41.4262497 ], [ 2.150988, 41.4262239 ], [ 2.1508184, 41.4261997 ], [ 2.150618, 41.4261828 ], [ 2.1504292, 41.4261753 ], [ 2.1504443, 41.4261425 ], [ 2.1504451, 41.4261056 ], [ 2.1504357, 41.4260694 ], [ 2.1506941, 41.4260646 ], [ 2.1508934, 41.4260608 ], [ 2.1510666, 41.4260577 ], [ 2.1511222, 41.4260566 ], [ 2.1513415, 41.4260512 ], [ 2.1515935, 41.4260495 ], [ 2.1517028, 41.4260473 ], [ 2.151762, 41.4260462 ], [ 2.1519193, 41.4260459 ], [ 2.1519153, 41.4259972 ], [ 2.1519138, 41.4259841 ], [ 2.1519132, 41.425979 ], [ 2.1519127, 41.4259739 ], [ 2.1519126, 41.4259736 ], [ 2.1519121, 41.4259688 ], [ 2.1519115, 41.4259637 ], [ 2.1519109, 41.4259586 ], [ 2.1519103, 41.4259535 ], [ 2.1519063, 41.4259182 ], [ 2.1519058, 41.4259137 ], [ 2.1519056, 41.4259117 ], [ 2.1519053, 41.4259092 ], [ 2.1519048, 41.4259047 ], [ 2.1519045, 41.4259019 ], [ 2.1519033, 41.4258919 ], [ 2.1519013, 41.4258743 ], [ 2.1518994, 41.4258572 ], [ 2.1518988, 41.4258527 ], [ 2.1518983, 41.4258481 ], [ 2.1518978, 41.4258436 ], [ 2.1518973, 41.425839 ], [ 2.1518968, 41.4258345 ], [ 2.1518963, 41.4258299 ], [ 2.1518941, 41.4258106 ], [ 2.1518935, 41.4258059 ], [ 2.1518919, 41.4257913 ], [ 2.1518913, 41.4257864 ], [ 2.1518908, 41.4257815 ], [ 2.1518902, 41.4257766 ], [ 2.1518896, 41.4257716 ], [ 2.1518891, 41.4257668 ], [ 2.1518871, 41.4257337 ], [ 2.1518866, 41.4257243 ], [ 2.1518854, 41.4257055 ], [ 2.1518853, 41.4257037 ], [ 2.1518831, 41.4256904 ], [ 2.1518807, 41.4256752 ], [ 2.1518803, 41.4256717 ], [ 2.1518801, 41.4256694 ], [ 2.1518799, 41.4256671 ], [ 2.151879, 41.4256577 ], [ 2.1518785, 41.4256531 ], [ 2.1518781, 41.4256484 ], [ 2.1518777, 41.4256438 ], [ 2.1518744, 41.4256101 ], [ 2.151874, 41.4256053 ], [ 2.1518735, 41.4256006 ], [ 2.1518735, 41.4256002 ], [ 2.1518731, 41.4255958 ], [ 2.1518726, 41.4255911 ], [ 2.1518721, 41.4255864 ], [ 2.1518717, 41.4255816 ], [ 2.1518707, 41.4255713 ], [ 2.151868, 41.4255485 ], [ 2.1518675, 41.4255438 ], [ 2.1518671, 41.4255409 ], [ 2.1518666, 41.4255366 ], [ 2.1518661, 41.4255324 ], [ 2.1518658, 41.4255295 ], [ 2.1518633, 41.4255078 ], [ 2.1518607, 41.425486 ], [ 2.1518601, 41.4254812 ], [ 2.1518596, 41.4254763 ], [ 2.151859, 41.4254714 ], [ 2.1518579, 41.4254617 ], [ 2.1518526, 41.4254156 ], [ 2.1518522, 41.4254092 ], [ 2.1518511, 41.4253956 ], [ 2.1518508, 41.4253911 ], [ 2.1518494, 41.4253731 ], [ 2.1518486, 41.4253643 ], [ 2.1518477, 41.4253555 ], [ 2.1518473, 41.4253505 ], [ 2.1518468, 41.4253456 ], [ 2.1518461, 41.4253383 ], [ 2.1518459, 41.425337 ], [ 2.1518454, 41.4253309 ], [ 2.1518449, 41.425326 ], [ 2.1518437, 41.4253132 ], [ 2.1518427, 41.4253035 ], [ 2.1518417, 41.4252924 ], [ 2.1518391, 41.425268 ], [ 2.1518275, 41.4251841 ], [ 2.1521625, 41.4251357 ], [ 2.152283, 41.4251252 ], [ 2.1524237, 41.4251157 ], [ 2.1524807, 41.4250419 ], [ 2.1523676, 41.425001 ], [ 2.1522829, 41.4249704 ], [ 2.1521846, 41.4249255 ], [ 2.1520737, 41.4248654 ], [ 2.1519935, 41.4248141 ], [ 2.1518278, 41.4247092 ], [ 2.1517395, 41.4246418 ], [ 2.1516412, 41.4245542 ], [ 2.1515478, 41.4244638 ], [ 2.1514735, 41.4243794 ], [ 2.1514057, 41.4242964 ], [ 2.151326, 41.424185 ], [ 2.1512499, 41.4240731 ], [ 2.1512199, 41.4240272 ], [ 2.1511738, 41.4239567 ], [ 2.1511287, 41.4238683 ], [ 2.1510888, 41.4237789 ], [ 2.1510623, 41.4237208 ], [ 2.151041, 41.4236534 ], [ 2.151032, 41.4235577 ], [ 2.1510253, 41.4234246 ], [ 2.1510229, 41.4233207 ], [ 2.1510183, 41.4232672 ], [ 2.1510165, 41.4232461 ], [ 2.151009, 41.4231164 ], [ 2.1510069, 41.4229745 ], [ 2.1510101, 41.4228729 ], [ 2.1510074, 41.422785 ], [ 2.1510038, 41.4227443 ], [ 2.1509972, 41.422671 ], [ 2.1509818, 41.4225881 ], [ 2.1509551, 41.4224907 ], [ 2.1509281, 41.4224097 ], [ 2.1508938, 41.4223327 ], [ 2.1508457, 41.4222459 ], [ 2.150766, 41.4221095 ], [ 2.1506934, 41.4219865 ], [ 2.150639, 41.4218789 ], [ 2.150508, 41.4217184 ], [ 2.1502396, 41.4214366 ], [ 2.1501556, 41.4213498 ], [ 2.1499802, 41.4211685 ], [ 2.1498168, 41.421 ], [ 2.1497661, 41.4209477 ], [ 2.1496573, 41.420834 ], [ 2.1496008, 41.420775 ], [ 2.1495495, 41.4207214 ], [ 2.1495085, 41.4206846 ], [ 2.1494936, 41.4206674 ], [ 2.1494887, 41.4206618 ], [ 2.1494886, 41.4206338 ], [ 2.1494884, 41.4206059 ], [ 2.1494884, 41.4206058 ], [ 2.1492717, 41.4203712 ], [ 2.1494111, 41.4203652 ], [ 2.1496409, 41.4203522 ], [ 2.149899, 41.4203312 ], [ 2.1501482, 41.4203021 ], [ 2.1502161, 41.4202949 ], [ 2.1504321, 41.4202719 ], [ 2.1506901, 41.4202409 ], [ 2.1509556, 41.4202061 ], [ 2.1511203, 41.4201921 ], [ 2.1513306, 41.420178 ], [ 2.1514796, 41.4201744 ], [ 2.1517402, 41.4201723 ], [ 2.1517739, 41.4201428 ], [ 2.1516812, 41.4198162 ], [ 2.1516696, 41.419511 ], [ 2.1516499, 41.4193375 ], [ 2.1515674, 41.419073 ], [ 2.1515166, 41.4189354 ], [ 2.1513396, 41.4186899 ], [ 2.1512554, 41.4185757 ], [ 2.1511501, 41.4184976 ], [ 2.1510544, 41.4183301 ], [ 2.1510193, 41.4182681 ], [ 2.1509871, 41.4182036 ], [ 2.1509374, 41.4180755 ], [ 2.1509086, 41.417999 ], [ 2.1508973, 41.4179601 ], [ 2.1508819, 41.4177798 ], [ 2.1508813, 41.4177553 ], [ 2.1508868, 41.4177191 ], [ 2.1509007, 41.4176832 ], [ 2.1509227, 41.4176491 ], [ 2.1509517, 41.4176181 ], [ 2.1509897, 41.4175883 ], [ 2.1510377, 41.4175602 ], [ 2.1513301, 41.4174261 ], [ 2.1514168, 41.4173765 ], [ 2.1514226, 41.4172884 ], [ 2.1514799, 41.4172624 ], [ 2.1515903, 41.417242 ], [ 2.1516766, 41.4172061 ], [ 2.1517708, 41.4171345 ], [ 2.1518383, 41.4170708 ], [ 2.1518836, 41.4170031 ], [ 2.1519243, 41.4169049 ], [ 2.152665, 41.4168159 ], [ 2.1526948, 41.4168123 ], [ 2.15272, 41.4168092 ], [ 2.1528293, 41.4167 ], [ 2.1529334, 41.4166252 ], [ 2.152938, 41.4166221 ], [ 2.1531805, 41.4164651 ], [ 2.1532291, 41.416419 ], [ 2.1534205, 41.4162539 ], [ 2.1536003, 41.4160988 ], [ 2.1536087, 41.4160803 ], [ 2.1536192, 41.4160706 ], [ 2.1538764, 41.4158482 ], [ 2.1541616, 41.4156044 ], [ 2.154164, 41.4156026 ], [ 2.1545171, 41.4153497 ], [ 2.154656, 41.415224 ], [ 2.154829, 41.4151372 ], [ 2.1548558, 41.4151238 ], [ 2.1550281, 41.4149812 ], [ 2.1551064, 41.4149442 ], [ 2.1552233, 41.4149241 ], [ 2.1553341, 41.41495 ], [ 2.1553721, 41.4149695 ], [ 2.1554194, 41.4150462 ], [ 2.1554251, 41.4150555 ], [ 2.1554303, 41.4150639 ], [ 2.1554648, 41.4151199 ], [ 2.1555398, 41.4151072 ], [ 2.1555598, 41.4151038 ], [ 2.1556467, 41.4150988 ], [ 2.1555423, 41.4151097 ], [ 2.1554981, 41.4151143 ], [ 2.1553806, 41.4151516 ], [ 2.1552513, 41.4152339 ], [ 2.1551755, 41.4153434 ], [ 2.1551547, 41.4154701 ], [ 2.1551954, 41.4156009 ], [ 2.1552631, 41.4156678 ], [ 2.1553527, 41.4157288 ], [ 2.1554597, 41.415768 ], [ 2.1557229, 41.4158609 ], [ 2.1558652, 41.4159117 ], [ 2.156008, 41.4159765 ], [ 2.1561171, 41.4160535 ], [ 2.156176, 41.4161151 ], [ 2.1563234, 41.4163492 ], [ 2.1564382, 41.4165349 ], [ 2.1565041, 41.4166511 ], [ 2.1565269, 41.4167205 ], [ 2.1565364, 41.4168059 ], [ 2.1565369, 41.41681 ], [ 2.1565229, 41.4169159 ], [ 2.1564556, 41.4170723 ], [ 2.1563723, 41.4172626 ], [ 2.1563636, 41.4173161 ], [ 2.156369, 41.4173678 ], [ 2.1563733, 41.4174088 ], [ 2.1564498, 41.4175448 ], [ 2.1565449, 41.4176161 ], [ 2.157024, 41.417806 ], [ 2.1571961, 41.4178146 ], [ 2.1573715, 41.4177759 ], [ 2.1575856, 41.4176364 ], [ 2.1581607, 41.4172119 ], [ 2.1585297, 41.4169224 ], [ 2.1586238, 41.4168247 ], [ 2.1587427, 41.4166194 ], [ 2.1588243, 41.4165357 ], [ 2.1589481, 41.4165012 ], [ 2.159063, 41.4165183 ], [ 2.1591581, 41.4165979 ], [ 2.1591658, 41.4166856 ], [ 2.1590691, 41.4167831 ], [ 2.1589232, 41.4168609 ], [ 2.1587329, 41.4169338 ], [ 2.1588173, 41.4169999 ], [ 2.159302, 41.4174625 ], [ 2.1594451, 41.4175995 ], [ 2.159517, 41.4176689 ], [ 2.159586, 41.4177161 ], [ 2.1596635, 41.4177565 ], [ 2.1597383, 41.4177831 ], [ 2.1598251, 41.4178067 ], [ 2.1599223, 41.4178176 ], [ 2.160024, 41.4178122 ], [ 2.1600265, 41.4178117 ], [ 2.1601347, 41.4177919 ], [ 2.1602316, 41.4177653 ], [ 2.1603567, 41.4177103 ], [ 2.1605103, 41.4176358 ], [ 2.1605645, 41.4176093 ], [ 2.1606853, 41.4175502 ], [ 2.160846, 41.4174768 ], [ 2.1608762, 41.4174654 ], [ 2.1608894, 41.4174901 ], [ 2.1608938, 41.4174975 ], [ 2.1608995, 41.4175176 ], [ 2.160899, 41.4175191 ], [ 2.1609001, 41.4175216 ], [ 2.1609018, 41.4175252 ], [ 2.1609028, 41.4175276 ], [ 2.1609037, 41.4175296 ], [ 2.1609057, 41.4175339 ], [ 2.1609072, 41.4175371 ], [ 2.1609073, 41.4175375 ], [ 2.1609077, 41.4175383 ], [ 2.1609096, 41.4175426 ], [ 2.1609107, 41.4175449 ], [ 2.1609109, 41.4175453 ], [ 2.1609111, 41.4175459 ], [ 2.1609116, 41.417547 ], [ 2.1609136, 41.4175513 ], [ 2.1609155, 41.4175556 ], [ 2.1609159, 41.4175564 ], [ 2.1609162, 41.4175571 ], [ 2.1609175, 41.41756 ], [ 2.1609195, 41.4175643 ], [ 2.1609198, 41.4175651 ], [ 2.1609204, 41.4175663 ], [ 2.1609215, 41.4175687 ], [ 2.1609234, 41.417573 ], [ 2.1609254, 41.4175774 ], [ 2.1609274, 41.4175817 ], [ 2.160928, 41.4175831 ], [ 2.160928, 41.4175832 ], [ 2.1609293, 41.4175861 ], [ 2.1609313, 41.4175904 ], [ 2.1609317, 41.4175913 ], [ 2.1609326, 41.4175932 ], [ 2.1609333, 41.4175947 ], [ 2.1609352, 41.4175991 ], [ 2.1609366, 41.4176021 ], [ 2.1609383, 41.4176059 ], [ 2.1609392, 41.4176079 ], [ 2.1609413, 41.4176125 ], [ 2.1609423, 41.4176149 ], [ 2.1609434, 41.4176172 ], [ 2.1609443, 41.4176192 ], [ 2.1609453, 41.4176215 ], [ 2.1609458, 41.4176226 ], [ 2.1609464, 41.4176239 ], [ 2.1609468, 41.4176248 ], [ 2.1609548, 41.4176426 ], [ 2.1609674, 41.4176707 ], [ 2.1609716, 41.4176801 ], [ 2.16098, 41.4176987 ], [ 2.160982, 41.4177032 ], [ 2.1609825, 41.4177043 ], [ 2.1609787, 41.4177058 ], [ 2.1609739, 41.4177077 ], [ 2.1609711, 41.4177088 ], [ 2.1609657, 41.4177164 ], [ 2.1609566, 41.4177295 ], [ 2.1609452, 41.4177552 ], [ 2.1609452, 41.4177553 ], [ 2.1609449, 41.417756 ], [ 2.1609438, 41.417759 ], [ 2.1609431, 41.4177608 ], [ 2.1609421, 41.4177633 ], [ 2.1609419, 41.4177638 ], [ 2.1609413, 41.4177656 ], [ 2.1609397, 41.4177696 ], [ 2.1609394, 41.4177704 ], [ 2.1609386, 41.4177726 ], [ 2.1609376, 41.4177752 ], [ 2.1609358, 41.41778 ], [ 2.160935, 41.4177821 ], [ 2.1609346, 41.4177832 ], [ 2.160934, 41.4177848 ], [ 2.1609324, 41.4177887 ], [ 2.1609302, 41.4177947 ], [ 2.1609271, 41.4178028 ], [ 2.1608863, 41.4178196 ], [ 2.1608621, 41.4178296 ], [ 2.1608534, 41.4178332 ], [ 2.1608424, 41.4178377 ], [ 2.1608228, 41.4178458 ], [ 2.1607807, 41.4178632 ], [ 2.1607805, 41.4178629 ], [ 2.1607717, 41.4178668 ], [ 2.160765, 41.4178696 ], [ 2.1607521, 41.4178752 ], [ 2.1607468, 41.4178775 ], [ 2.1607358, 41.4178822 ], [ 2.1606879, 41.4179028 ], [ 2.1606879, 41.4179028 ], [ 2.1606935, 41.4179095 ], [ 2.1607064, 41.4179246 ], [ 2.1607532, 41.417984 ], [ 2.1607753, 41.4180137 ], [ 2.1607894, 41.4180326 ], [ 2.1607933, 41.4180379 ], [ 2.160797, 41.4180429 ], [ 2.1608002, 41.4180467 ], [ 2.1608013, 41.418048 ], [ 2.1608023, 41.4180492 ], [ 2.1608034, 41.4180506 ], [ 2.1608045, 41.4180519 ], [ 2.1608055, 41.4180531 ], [ 2.1608065, 41.4180544 ], [ 2.1608079, 41.418056 ], [ 2.1608086, 41.4180569 ], [ 2.1608097, 41.4180583 ], [ 2.1608108, 41.4180596 ], [ 2.1608115, 41.4180605 ], [ 2.1608129, 41.4180621 ], [ 2.1608154, 41.4180652 ], [ 2.160816, 41.418066 ], [ 2.1608168, 41.4180669 ], [ 2.1608192, 41.4180698 ], [ 2.1608224, 41.4180736 ], [ 2.1608235, 41.418075 ], [ 2.1608239, 41.4180756 ], [ 2.1608255, 41.4180775 ], [ 2.1608271, 41.4180794 ], [ 2.1608276, 41.41808 ], [ 2.1608287, 41.4180813 ], [ 2.1608298, 41.4180827 ], [ 2.1608303, 41.4180832 ], [ 2.1608319, 41.4180852 ], [ 2.1608332, 41.4180868 ], [ 2.1608339, 41.4180876 ], [ 2.160835, 41.418089 ], [ 2.1608361, 41.4180904 ], [ 2.1608369, 41.4180912 ], [ 2.1608382, 41.4180928 ], [ 2.1608392, 41.4180941 ], [ 2.1608402, 41.4180953 ], [ 2.1608413, 41.4180967 ], [ 2.1608445, 41.4181005 ], [ 2.160846, 41.4181023 ], [ 2.1608473, 41.418104 ], [ 2.1608477, 41.4181044 ], [ 2.160848, 41.4181048 ], [ 2.1608487, 41.4181056 ], [ 2.1608508, 41.4181082 ], [ 2.1608537, 41.4181116 ], [ 2.160854, 41.4181121 ], [ 2.1608544, 41.4181125 ], [ 2.1608572, 41.4181159 ], [ 2.1608588, 41.4181178 ], [ 2.1608592, 41.4181184 ], [ 2.1608603, 41.4181197 ], [ 2.1608615, 41.4181211 ], [ 2.1608619, 41.4181217 ], [ 2.1608635, 41.4181236 ], [ 2.160866, 41.4181267 ], [ 2.1608667, 41.4181274 ], [ 2.1608675, 41.4181284 ], [ 2.1608698, 41.4181313 ], [ 2.1608722, 41.4181341 ], [ 2.160873, 41.4181351 ], [ 2.1608762, 41.418139 ], [ 2.1608771, 41.4181401 ], [ 2.1608773, 41.4181404 ], [ 2.160878, 41.4181412 ], [ 2.1608791, 41.4181426 ], [ 2.1608793, 41.4181428 ], [ 2.1608797, 41.4181432 ], [ 2.1608825, 41.4181466 ], [ 2.1608835, 41.4181479 ], [ 2.1608845, 41.4181491 ], [ 2.1608856, 41.4181505 ], [ 2.1608888, 41.4181543 ], [ 2.1608893, 41.418155 ], [ 2.1608909, 41.4181568 ], [ 2.160892, 41.4181582 ], [ 2.1607859, 41.4182628 ], [ 2.1608135, 41.4182978 ], [ 2.1608164, 41.4182967 ], [ 2.1608243, 41.4182939 ], [ 2.1608243, 41.4182939 ], [ 2.1608301, 41.4182918 ], [ 2.1608917, 41.4182756 ], [ 2.1609309, 41.4182682 ], [ 2.1609719, 41.4182582 ], [ 2.1609991, 41.4182547 ], [ 2.1610099, 41.4182533 ], [ 2.1610334, 41.4182528 ], [ 2.1610576, 41.4182522 ], [ 2.1610599, 41.4182527 ], [ 2.1610717, 41.4182553 ], [ 2.1610762, 41.4182562 ], [ 2.1610782, 41.4182566 ], [ 2.1611063, 41.4182627 ], [ 2.1611074, 41.4182631 ], [ 2.1611282, 41.4182696 ], [ 2.1611435, 41.4182744 ], [ 2.1611509, 41.4182767 ], [ 2.1611639, 41.4182808 ], [ 2.1611796, 41.4182858 ], [ 2.1611969, 41.4182912 ], [ 2.1611984, 41.4182957 ], [ 2.1611998, 41.4183001 ], [ 2.1612012, 41.4183046 ], [ 2.1612026, 41.418309 ], [ 2.161204, 41.4183135 ], [ 2.1612054, 41.418318 ], [ 2.1612069, 41.4183224 ], [ 2.1612083, 41.4183269 ], [ 2.1612097, 41.4183313 ], [ 2.1612111, 41.4183358 ], [ 2.1612125, 41.4183403 ], [ 2.1612139, 41.4183447 ], [ 2.1612154, 41.4183492 ], [ 2.1612168, 41.4183536 ], [ 2.1612182, 41.4183581 ], [ 2.1612191, 41.4183608 ], [ 2.1612196, 41.4183626 ], [ 2.161221, 41.418367 ], [ 2.1612224, 41.4183715 ], [ 2.1612239, 41.4183759 ], [ 2.1612253, 41.4183804 ], [ 2.1612267, 41.4183849 ], [ 2.1612281, 41.4183893 ], [ 2.1612295, 41.4183937 ], [ 2.1612295, 41.4183938 ], [ 2.1612309, 41.4183982 ], [ 2.1612324, 41.4184027 ], [ 2.1612335, 41.4184063 ], [ 2.161238, 41.4184135 ], [ 2.1612553, 41.4184411 ], [ 2.1612565, 41.4184457 ], [ 2.1612577, 41.4184504 ], [ 2.1612589, 41.418455 ], [ 2.1612601, 41.4184597 ], [ 2.1612613, 41.4184643 ], [ 2.1612621, 41.4184672 ], [ 2.1612625, 41.418469 ], [ 2.1612637, 41.4184736 ], [ 2.1612649, 41.4184782 ], [ 2.1612687, 41.4184877 ], [ 2.1612711, 41.4184935 ], [ 2.161296, 41.4185408 ], [ 2.1612995, 41.4185473 ], [ 2.1613078, 41.4185631 ], [ 2.1613113, 41.4185697 ], [ 2.1613487, 41.418632 ], [ 2.1613504, 41.4186341 ], [ 2.1613557, 41.4186405 ], [ 2.1613961, 41.4186897 ], [ 2.1614295, 41.4187267 ], [ 2.1614362, 41.4187341 ], [ 2.1614455, 41.4187444 ], [ 2.1615045, 41.4187956 ], [ 2.1615117, 41.4188018 ], [ 2.1615342, 41.4188211 ], [ 2.1615385, 41.4188247 ], [ 2.1615406, 41.4188265 ], [ 2.161544, 41.4188294 ], [ 2.1615542, 41.4188382 ], [ 2.1615545, 41.4188383 ], [ 2.1615549, 41.4188388 ], [ 2.1615615, 41.4188444 ], [ 2.1615815, 41.4188614 ], [ 2.1615835, 41.4188631 ], [ 2.1615934, 41.4188714 ], [ 2.1616121, 41.4188874 ], [ 2.1616262, 41.4188994 ], [ 2.1616407, 41.4189117 ], [ 2.161641, 41.418912 ], [ 2.1616458, 41.4189159 ], [ 2.1616451, 41.4189168 ], [ 2.1616449, 41.4189171 ], [ 2.1616441, 41.4189181 ], [ 2.1616417, 41.4189214 ], [ 2.1616329, 41.4189332 ], [ 2.1616285, 41.4189328 ], [ 2.1616248, 41.4189325 ], [ 2.1616174, 41.4189318 ], [ 2.1616173, 41.4189302 ], [ 2.16161, 41.4189295 ], [ 2.1616026, 41.4189289 ], [ 2.1615961, 41.4189284 ], [ 2.1615673, 41.4189259 ], [ 2.1615615, 41.4189274 ], [ 2.1615613, 41.4189271 ], [ 2.1615555, 41.4189287 ], [ 2.1615497, 41.4189303 ], [ 2.1615439, 41.4189319 ], [ 2.1615381, 41.4189335 ], [ 2.1615323, 41.418935 ], [ 2.1615264, 41.4189366 ], [ 2.1615206, 41.4189382 ], [ 2.1615148, 41.4189398 ], [ 2.161509, 41.4189414 ], [ 2.1614976, 41.4189445 ], [ 2.1614538, 41.4189369 ], [ 2.1613595, 41.4189208 ], [ 2.1613086, 41.4189147 ], [ 2.1612909, 41.4189125 ], [ 2.161289, 41.4189252 ], [ 2.1612879, 41.4189296 ], [ 2.1612869, 41.418934 ], [ 2.1612858, 41.4189385 ], [ 2.1612847, 41.4189429 ], [ 2.1612837, 41.4189474 ], [ 2.1612826, 41.4189518 ], [ 2.1612815, 41.4189563 ], [ 2.1612804, 41.4189607 ], [ 2.1612794, 41.4189651 ], [ 2.1612783, 41.4189696 ], [ 2.1612772, 41.418974 ], [ 2.1612762, 41.4189785 ], [ 2.1612751, 41.4189829 ], [ 2.161274, 41.4189874 ], [ 2.161273, 41.4189918 ], [ 2.161277, 41.4189978 ], [ 2.1612829, 41.4190063 ], [ 2.1612918, 41.4190192 ], [ 2.1613194, 41.4190213 ], [ 2.1613166, 41.4190358 ], [ 2.1613157, 41.4190405 ], [ 2.1613147, 41.4190453 ], [ 2.1613138, 41.41905 ], [ 2.1613129, 41.4190547 ], [ 2.1613121, 41.4190585 ], [ 2.1613135, 41.4190595 ], [ 2.1613282, 41.4190708 ], [ 2.1613334, 41.4190749 ], [ 2.1613361, 41.419077 ], [ 2.1613691, 41.4191024 ], [ 2.1613692, 41.4191025 ], [ 2.161338, 41.4191251 ], [ 2.161338, 41.4191251 ], [ 2.1613355, 41.4191349 ], [ 2.1613311, 41.4191558 ], [ 2.1613283, 41.4191787 ], [ 2.1613288, 41.4191911 ], [ 2.1613347, 41.4192032 ], [ 2.1613434, 41.4192107 ], [ 2.1613525, 41.4192163 ], [ 2.1613727, 41.4192216 ], [ 2.1613841, 41.4192195 ], [ 2.1614221, 41.4192032 ], [ 2.1614614, 41.4191987 ], [ 2.1615233, 41.4192023 ], [ 2.161559, 41.4192044 ], [ 2.161576, 41.419205 ], [ 2.1616048, 41.4192058 ], [ 2.1616129, 41.4192103 ], [ 2.1616982, 41.4192362 ], [ 2.1617078, 41.4192404 ], [ 2.1617132, 41.4192428 ], [ 2.1617141, 41.4192432 ], [ 2.1617145, 41.4192434 ], [ 2.1617186, 41.4192452 ], [ 2.1617208, 41.4192461 ], [ 2.1617212, 41.4192463 ], [ 2.161724, 41.4192475 ], [ 2.1617294, 41.4192499 ], [ 2.1617347, 41.4192523 ], [ 2.1617434, 41.4192561 ], [ 2.1617467, 41.4192575 ], [ 2.1617511, 41.4192594 ], [ 2.1617583, 41.4192624 ], [ 2.1617681, 41.4192666 ], [ 2.1618016, 41.4192808 ], [ 2.161817, 41.4192873 ], [ 2.1618821, 41.4193149 ], [ 2.1619802, 41.4193566 ], [ 2.1620168, 41.4193735 ], [ 2.1620709, 41.4193986 ], [ 2.1620818, 41.4194032 ], [ 2.1620851, 41.4194048 ], [ 2.1620912, 41.4194077 ], [ 2.1620972, 41.4194105 ], [ 2.1621033, 41.4194134 ], [ 2.1621093, 41.4194162 ], [ 2.1621152, 41.419419 ], [ 2.1621153, 41.4194191 ], [ 2.1621776, 41.4194486 ], [ 2.1622591, 41.4194834 ], [ 2.1622642, 41.419467 ], [ 2.1622659, 41.4194616 ], [ 2.162287, 41.4194669 ], [ 2.1623315, 41.4194783 ], [ 2.1623456, 41.4194818 ], [ 2.1623639, 41.4194834 ], [ 2.1623639, 41.4194834 ], [ 2.162479, 41.4195947 ], [ 2.1625, 41.4196201 ], [ 2.1625114, 41.4196341 ], [ 2.1625201, 41.4196447 ], [ 2.1625209, 41.4196456 ], [ 2.1625222, 41.4196472 ], [ 2.1625441, 41.4196739 ], [ 2.1625569, 41.4196894 ], [ 2.1625982, 41.4197396 ], [ 2.1626043, 41.4197471 ], [ 2.1626101, 41.4197531 ], [ 2.1626188, 41.4197621 ], [ 2.1626333, 41.4197772 ], [ 2.1626387, 41.4197828 ], [ 2.1626441, 41.4197884 ], [ 2.1626495, 41.4197941 ], [ 2.1626694, 41.4198147 ], [ 2.1626676, 41.4198155 ], [ 2.1626621, 41.4198181 ], [ 2.1625957, 41.4198494 ], [ 2.1625715, 41.4198619 ], [ 2.1625673, 41.4198641 ], [ 2.1625045, 41.419886 ], [ 2.1625045, 41.419886 ], [ 2.1623282, 41.4199474 ], [ 2.1623094, 41.4199514 ], [ 2.162282, 41.4199591 ], [ 2.1622699, 41.4199626 ], [ 2.1621968, 41.4199784 ], [ 2.162125, 41.4199924 ], [ 2.162086, 41.4199973 ], [ 2.1620471, 41.4200022 ], [ 2.1619856, 41.4200021 ], [ 2.161961, 41.4199984 ], [ 2.1619026, 41.4199829 ], [ 2.1618851, 41.4199793 ], [ 2.1618782, 41.419975 ], [ 2.1618697, 41.4199697 ], [ 2.1618654, 41.419967 ], [ 2.1618636, 41.4199641 ], [ 2.1618624, 41.4199622 ], [ 2.1616838, 41.4199383 ], [ 2.1616828, 41.4199498 ], [ 2.1616861, 41.4199601 ], [ 2.1616964, 41.4199704 ], [ 2.1617187, 41.4199833 ], [ 2.1617495, 41.4199955 ], [ 2.1619309, 41.4200524 ], [ 2.1621767, 41.4201243 ], [ 2.1623073, 41.420111 ], [ 2.1624932, 41.420078 ], [ 2.1626915, 41.4200218 ], [ 2.1628194, 41.4199774 ], [ 2.1630163, 41.4199288 ], [ 2.1630785, 41.4199145 ], [ 2.1632629, 41.4199092 ], [ 2.1634375, 41.41992 ], [ 2.163653, 41.4199573 ], [ 2.1638865, 41.4199699 ], [ 2.1640845, 41.4199838 ], [ 2.1643249, 41.4199993 ], [ 2.1644838, 41.4199995 ], [ 2.1647063, 41.4199859 ], [ 2.1649018, 41.4199964 ], [ 2.1651073, 41.4200193 ], [ 2.1652036, 41.4200502 ], [ 2.1654448, 41.4201366 ], [ 2.1650949, 41.4201066 ], [ 2.1648981, 41.4200923 ], [ 2.1647097, 41.420089 ], [ 2.1647184, 41.4201364 ], [ 2.1648115, 41.4206445 ], [ 2.1648042, 41.4207092 ], [ 2.1648266, 41.4208531 ], [ 2.1646244, 41.4208793 ], [ 2.164493, 41.420897 ], [ 2.1642137, 41.4209266 ], [ 2.1640743, 41.4209497 ], [ 2.1640005, 41.4209647 ], [ 2.1639423, 41.4209922 ], [ 2.1638051, 41.4210684 ], [ 2.1637261, 41.4211168 ], [ 2.1636562, 41.421139 ], [ 2.1636086, 41.4211428 ], [ 2.1635604, 41.4211406 ], [ 2.163509, 41.4211319 ], [ 2.1634649, 41.4211149 ], [ 2.1633887, 41.4210721 ], [ 2.163292, 41.421021 ], [ 2.1632653, 41.4210905 ], [ 2.1631962, 41.42127 ], [ 2.1630821, 41.4215608 ], [ 2.1630357, 41.4216105 ], [ 2.1626281, 41.4216627 ], [ 2.1622949, 41.4224474 ], [ 2.1613584, 41.4222733 ], [ 2.1596487, 41.4219639 ], [ 2.1596211, 41.4219469 ], [ 2.1596088, 41.4219316 ], [ 2.1591184, 41.4213297 ], [ 2.158933, 41.4214358 ], [ 2.1586622, 41.4215908 ], [ 2.1585826, 41.4215942 ], [ 2.1584841, 41.421583 ], [ 2.1584578, 41.4216899 ] ] ] } },
{ "type": "Feature", "properties": { "id": "38", "name": "la Teixonera", "housing2025": 6061.0, "housing2026": 6054.0, "hutCount": 5, "hutPending": 0, "hutAllRecords": 5, "hutStrictGeometry": 5, "hutBeds": 28.0, "missingBeds": 0, "rent2019": 12.603704324375949, "rentMonth2019": 738.87256055363332, "contracts2019": 289.0, "rent2020": 12.098667580114432, "rentMonth2020": 718.38468085106388, "contracts2020": 235.0, "rent2021": 12.154654300055764, "rentMonth2021": 714.78079470198679, "contracts2021": 302.0, "rent2022": 13.192192986411021, "rentMonth2022": 779.33137184115515, "contracts2022": 277.0, "rent2023": 14.620394126194563, "rentMonth2023": 847.18272727272733, "contracts2023": 242.0, "rent2024": 14.574566473029416, "rentMonth2024": 864.14672043010717, "contracts2024": 186.0, "rent2025": 14.9560483650094, "rentMonth2025": 865.15895, "contracts2025": 200.0, "hutIntensity": 0.8259002312520648, "hutInclusiveIntensity": 0.8259002312520648, "hutStrictIntensity": 0.8259002312520648, "rentChange": 13.370448570721226, "contractIntensity": 32.99785513941594, "comparable": true, "validRent2025": true, "validRentChange": true, "validContractActivity": true, "qualityFlag": "comparable", "platform2025": 17, "platformEntire2025": 8, "platformIntensity2025": 1.3199142055766375, "overlapClass": "neither", "changeClass": "neither", "thresholdStable": true, "caseFlag": false }, "geometry": { "type": "Polygon", "coordinates": [ [ [ 2.1514057, 41.4242964 ], [ 2.1514735, 41.4243794 ], [ 2.1515478, 41.4244638 ], [ 2.1516412, 41.4245542 ], [ 2.1517395, 41.4246418 ], [ 2.1518278, 41.4247092 ], [ 2.1519935, 41.4248141 ], [ 2.1520737, 41.4248654 ], [ 2.1521846, 41.4249255 ], [ 2.1522829, 41.4249704 ], [ 2.1523676, 41.425001 ], [ 2.1524807, 41.4250419 ], [ 2.1524237, 41.4251157 ], [ 2.152283, 41.4251252 ], [ 2.1521625, 41.4251357 ], [ 2.1518275, 41.4251841 ], [ 2.1518391, 41.425268 ], [ 2.1518417, 41.4252924 ], [ 2.1518427, 41.4253035 ], [ 2.1518437, 41.4253132 ], [ 2.1518449, 41.425326 ], [ 2.1518454, 41.4253309 ], [ 2.1518459, 41.425337 ], [ 2.1518461, 41.4253383 ], [ 2.1518468, 41.4253456 ], [ 2.1518473, 41.4253505 ], [ 2.1518477, 41.4253555 ], [ 2.1518486, 41.4253643 ], [ 2.1518494, 41.4253731 ], [ 2.1518508, 41.4253911 ], [ 2.1518511, 41.4253956 ], [ 2.1518522, 41.4254092 ], [ 2.1518526, 41.4254156 ], [ 2.1518579, 41.4254617 ], [ 2.151859, 41.4254714 ], [ 2.1518596, 41.4254763 ], [ 2.1518601, 41.4254812 ], [ 2.1518607, 41.425486 ], [ 2.1518633, 41.4255078 ], [ 2.1518658, 41.4255295 ], [ 2.1518661, 41.4255324 ], [ 2.1518666, 41.4255366 ], [ 2.1518671, 41.4255409 ], [ 2.1518675, 41.4255438 ], [ 2.151868, 41.4255485 ], [ 2.1518707, 41.4255713 ], [ 2.1518717, 41.4255816 ], [ 2.1518721, 41.4255864 ], [ 2.1518726, 41.4255911 ], [ 2.1518731, 41.4255958 ], [ 2.1518735, 41.4256002 ], [ 2.1518735, 41.4256006 ], [ 2.151874, 41.4256053 ], [ 2.1518744, 41.4256101 ], [ 2.1518777, 41.4256438 ], [ 2.1518781, 41.4256484 ], [ 2.1518785, 41.4256531 ], [ 2.151879, 41.4256577 ], [ 2.1518799, 41.4256671 ], [ 2.1518801, 41.4256694 ], [ 2.1518803, 41.4256717 ], [ 2.1518807, 41.4256752 ], [ 2.1518831, 41.4256904 ], [ 2.1518853, 41.4257037 ], [ 2.1518854, 41.4257055 ], [ 2.1518866, 41.4257243 ], [ 2.1518871, 41.4257337 ], [ 2.1518891, 41.4257668 ], [ 2.1518896, 41.4257716 ], [ 2.1518902, 41.4257766 ], [ 2.1518908, 41.4257815 ], [ 2.1518913, 41.4257864 ], [ 2.1518919, 41.4257913 ], [ 2.1518935, 41.4258059 ], [ 2.1518941, 41.4258106 ], [ 2.1518963, 41.4258299 ], [ 2.1518968, 41.4258345 ], [ 2.1518973, 41.425839 ], [ 2.1518978, 41.4258436 ], [ 2.1518983, 41.4258481 ], [ 2.1518988, 41.4258527 ], [ 2.1518994, 41.4258572 ], [ 2.1519013, 41.4258743 ], [ 2.1519033, 41.4258919 ], [ 2.1519045, 41.4259019 ], [ 2.1519048, 41.4259047 ], [ 2.1519053, 41.4259092 ], [ 2.1519056, 41.4259117 ], [ 2.1519058, 41.4259137 ], [ 2.1519063, 41.4259182 ], [ 2.1519103, 41.4259535 ], [ 2.1519109, 41.4259586 ], [ 2.1519115, 41.4259637 ], [ 2.1519121, 41.4259688 ], [ 2.1519126, 41.4259736 ], [ 2.1519127, 41.4259739 ], [ 2.1519132, 41.425979 ], [ 2.1519138, 41.4259841 ], [ 2.1519153, 41.4259972 ], [ 2.1519193, 41.4260459 ], [ 2.151762, 41.4260462 ], [ 2.1517028, 41.4260473 ], [ 2.1515935, 41.4260495 ], [ 2.1513415, 41.4260512 ], [ 2.1511222, 41.4260566 ], [ 2.1510666, 41.4260577 ], [ 2.1508934, 41.4260608 ], [ 2.1506941, 41.4260646 ], [ 2.1504357, 41.4260694 ], [ 2.1504266, 41.426029 ], [ 2.1504058, 41.4259897 ], [ 2.1503731, 41.4259433 ], [ 2.1503386, 41.4259093 ], [ 2.1502955, 41.4258744 ], [ 2.150243, 41.4258424 ], [ 2.15018, 41.4258171 ], [ 2.1501075, 41.4257985 ], [ 2.150009, 41.4257814 ], [ 2.1498572, 41.4257247 ], [ 2.1496589, 41.4256565 ], [ 2.1495395, 41.4256109 ], [ 2.1494694, 41.4255807 ], [ 2.1493973, 41.4255497 ], [ 2.1492819, 41.425493 ], [ 2.1491625, 41.4254273 ], [ 2.1490441, 41.4253585 ], [ 2.1489794, 41.4253179 ], [ 2.1489285, 41.425286 ], [ 2.1488379, 41.4252227 ], [ 2.1486724, 41.4250915 ], [ 2.1486012, 41.4250384 ], [ 2.1485498, 41.4250005 ], [ 2.1484238, 41.4249106 ], [ 2.1482721, 41.4248095 ], [ 2.1481231, 41.4247214 ], [ 2.1480678, 41.4246912 ], [ 2.1480119, 41.4246617 ], [ 2.1479552, 41.4246329 ], [ 2.1478978, 41.4246049 ], [ 2.1478399, 41.4245777 ], [ 2.1477813, 41.4245512 ], [ 2.1477221, 41.4245255 ], [ 2.1476624, 41.4245007 ], [ 2.1474782, 41.4244262 ], [ 2.1472866, 41.4243584 ], [ 2.1471026, 41.4243043 ], [ 2.1468397, 41.424255 ], [ 2.1466052, 41.4242248 ], [ 2.1463812, 41.4242078 ], [ 2.1460567, 41.424225 ], [ 2.1457646, 41.4242732 ], [ 2.1456495, 41.4242985 ], [ 2.1449598, 41.4244708 ], [ 2.1448062, 41.4244781 ], [ 2.1446124, 41.424483 ], [ 2.1443666, 41.4244662 ], [ 2.1441941, 41.4244392 ], [ 2.1440413, 41.4244252 ], [ 2.1438676, 41.4244175 ], [ 2.1436196, 41.4244256 ], [ 2.1434435, 41.4244379 ], [ 2.1433189, 41.4244627 ], [ 2.1431044, 41.4245226 ], [ 2.1427936, 41.4246447 ], [ 2.1426244, 41.4247035 ], [ 2.1423299, 41.4247863 ], [ 2.1423285, 41.4247838 ], [ 2.1422536, 41.4246468 ], [ 2.1420368, 41.4242797 ], [ 2.1418119, 41.4238951 ], [ 2.1417469, 41.4237757 ], [ 2.1416499, 41.4235975 ], [ 2.1414491, 41.4231783 ], [ 2.1412553, 41.4227725 ], [ 2.1410592, 41.4223649 ], [ 2.1408161, 41.4218579 ], [ 2.140812, 41.4218493 ], [ 2.1406635, 41.4215389 ], [ 2.1404555, 41.4210981 ], [ 2.1408128, 41.4212557 ], [ 2.1417173, 41.4215325 ], [ 2.1418371, 41.4215566 ], [ 2.141995, 41.4215478 ], [ 2.1421078, 41.4215108 ], [ 2.142206, 41.4214535 ], [ 2.1422186, 41.4214437 ], [ 2.1430852, 41.4207709 ], [ 2.1434451, 41.4204915 ], [ 2.1436062, 41.4203665 ], [ 2.1436666, 41.4203195 ], [ 2.1438975, 41.4201402 ], [ 2.1440204, 41.4201941 ], [ 2.1443158, 41.4203897 ], [ 2.1445279, 41.4205302 ], [ 2.1447151, 41.4207329 ], [ 2.1448195, 41.4207906 ], [ 2.1451432, 41.420893 ], [ 2.1469764, 41.4212645 ], [ 2.147802, 41.4215923 ], [ 2.1493293, 41.4216368 ], [ 2.1494748, 41.421641 ], [ 2.1494919, 41.4213764 ], [ 2.1494919, 41.4213763 ], [ 2.1494899, 41.4209334 ], [ 2.1494887, 41.4206618 ], [ 2.1494936, 41.4206674 ], [ 2.1495085, 41.4206846 ], [ 2.1495495, 41.4207214 ], [ 2.1496008, 41.420775 ], [ 2.1496573, 41.420834 ], [ 2.1497661, 41.4209477 ], [ 2.1498168, 41.421 ], [ 2.1499802, 41.4211685 ], [ 2.1501556, 41.4213498 ], [ 2.1502396, 41.4214366 ], [ 2.150508, 41.4217184 ], [ 2.150639, 41.4218789 ], [ 2.1506934, 41.4219865 ], [ 2.150766, 41.4221095 ], [ 2.1508457, 41.4222459 ], [ 2.1508938, 41.4223327 ], [ 2.1509281, 41.4224097 ], [ 2.1509551, 41.4224907 ], [ 2.1509818, 41.4225881 ], [ 2.1509972, 41.422671 ], [ 2.1510038, 41.4227443 ], [ 2.1510074, 41.422785 ], [ 2.1510101, 41.4228729 ], [ 2.1510069, 41.4229745 ], [ 2.151009, 41.4231164 ], [ 2.1510165, 41.4232461 ], [ 2.1510183, 41.4232672 ], [ 2.1510229, 41.4233207 ], [ 2.1510253, 41.4234246 ], [ 2.151032, 41.4235577 ], [ 2.151041, 41.4236534 ], [ 2.1510623, 41.4237208 ], [ 2.1510888, 41.4237789 ], [ 2.1511287, 41.4238683 ], [ 2.1511738, 41.4239567 ], [ 2.1512199, 41.4240272 ], [ 2.1512499, 41.4240731 ], [ 2.151326, 41.424185 ], [ 2.1514057, 41.4242964 ] ] ] } },
{ "type": "Feature", "properties": { "id": "39", "name": "Sant Genís dels Agudells", "housing2025": 3487.0, "housing2026": 3500.0, "hutCount": 2, "hutPending": 1, "hutAllRecords": 3, "hutStrictGeometry": 2, "hutBeds": 15.0, "missingBeds": 0, "rent2019": 10.64625840599057, "rentMonth2019": 738.544, "contracts2019": 175.0, "rent2020": 10.616188260010214, "rentMonth2020": 730.90722222222223, "contracts2020": 108.0, "rent2021": 10.311599696463231, "rentMonth2021": 704.57124137931021, "contracts2021": 145.0, "rent2022": 10.763360534121793, "rentMonth2022": 734.37821839080459, "contracts2022": 174.0, "rent2023": 12.015996011203695, "rentMonth2023": 822.59699115044259, "contracts2023": 113.0, "rent2024": 11.086403966448524, "rentMonth2024": 798.63155405405428, "contracts2024": 148.0, "rent2025": 12.248444245446599, "rentMonth2025": 831.32975609756102, "contracts2025": 123.0, "hutIntensity": 0.5714285714285714, "hutInclusiveIntensity": 0.8571428571428571, "hutStrictIntensity": 0.5714285714285714, "rentChange": 13.797584003776731, "contractIntensity": 35.273874390593633, "comparable": true, "validRent2025": true, "validRentChange": true, "validContractActivity": true, "qualityFlag": "pending_registry_records_retained_in_audit", "platform2025": 10, "platformEntire2025": 4, "platformIntensity2025": 1.1471178663607686, "overlapClass": "neither", "changeClass": "neither", "thresholdStable": true, "caseFlag": false }, "geometry": { "type": "Polygon", "coordinates": [ [ [ 2.1346462, 41.4316949 ], [ 2.1346106, 41.4316995 ], [ 2.1345592, 41.4317061 ], [ 2.1343931, 41.4317274 ], [ 2.1343957, 41.4317324 ], [ 2.1344006, 41.4317426 ], [ 2.1344052, 41.4317527 ], [ 2.1344096, 41.4317629 ], [ 2.1344138, 41.4317732 ], [ 2.1344178, 41.4317836 ], [ 2.1344215, 41.431794 ], [ 2.134425, 41.4318044 ], [ 2.1344282, 41.4318149 ], [ 2.1344308, 41.4318258 ], [ 2.1344331, 41.4318366 ], [ 2.1344351, 41.4318475 ], [ 2.134437, 41.4318585 ], [ 2.1344385, 41.4318694 ], [ 2.1344399, 41.4318804 ], [ 2.1344409, 41.4318913 ], [ 2.1344418, 41.4319023 ], [ 2.1344424, 41.4319133 ], [ 2.1344427, 41.4319243 ], [ 2.1344428, 41.4319353 ], [ 2.1344427, 41.4319449 ], [ 2.1344425, 41.4319544 ], [ 2.1344419, 41.431964 ], [ 2.1344412, 41.4319735 ], [ 2.1344402, 41.4319831 ], [ 2.134439, 41.4319926 ], [ 2.1344376, 41.4320021 ], [ 2.1344359, 41.4320115 ], [ 2.134434, 41.4320209 ], [ 2.1344329, 41.4320261 ], [ 2.1344319, 41.4320303 ], [ 2.1344296, 41.4320397 ], [ 2.134427, 41.432049 ], [ 2.1344246, 41.4320574 ], [ 2.134422, 41.4320659 ], [ 2.1344191, 41.4320742 ], [ 2.134416, 41.4320825 ], [ 2.1344127, 41.4320908 ], [ 2.1344091, 41.432099 ], [ 2.1344052, 41.4321071 ], [ 2.1344012, 41.4321152 ], [ 2.1343969, 41.4321232 ], [ 2.1343924, 41.4321312 ], [ 2.1343876, 41.432139 ], [ 2.1343827, 41.4321468 ], [ 2.1343775, 41.4321545 ], [ 2.1343721, 41.4321621 ], [ 2.1343407, 41.4322094 ], [ 2.1343077, 41.4322592 ], [ 2.134288, 41.4322916 ], [ 2.1342681, 41.4323239 ], [ 2.1342479, 41.4323562 ], [ 2.1342275, 41.4323883 ], [ 2.1342069, 41.4324203 ], [ 2.134186, 41.4324523 ], [ 2.1341649, 41.4324842 ], [ 2.1341435, 41.4325159 ], [ 2.1341219, 41.4325476 ], [ 2.1341156, 41.4325591 ], [ 2.1341095, 41.4325708 ], [ 2.1341036, 41.4325825 ], [ 2.1340979, 41.4325942 ], [ 2.1340925, 41.432606 ], [ 2.1340873, 41.4326179 ], [ 2.1340823, 41.4326298 ], [ 2.1340776, 41.4326418 ], [ 2.1340731, 41.4326539 ], [ 2.1340688, 41.4326659 ], [ 2.1340647, 41.4326781 ], [ 2.1340609, 41.4326902 ], [ 2.1340573, 41.4327024 ], [ 2.134054, 41.4327147 ], [ 2.1340509, 41.432727 ], [ 2.134048, 41.4327393 ], [ 2.1340454, 41.4327516 ], [ 2.134043, 41.432764 ], [ 2.1340409, 41.4327764 ], [ 2.1340395, 41.4327876 ], [ 2.1340383, 41.4327989 ], [ 2.1340373, 41.4328101 ], [ 2.1340372, 41.4328134 ], [ 2.1340367, 41.4328214 ], [ 2.1340362, 41.4328327 ], [ 2.134036, 41.4328439 ], [ 2.134036, 41.4328552 ], [ 2.1340363, 41.4328665 ], [ 2.1340369, 41.4328778 ], [ 2.1340376, 41.432889 ], [ 2.1340387, 41.4329003 ], [ 2.1340399, 41.4329115 ], [ 2.1340414, 41.4329227 ], [ 2.1340432, 41.4329339 ], [ 2.1340452, 41.4329451 ], [ 2.1340474, 41.4329563 ], [ 2.1340499, 41.4329674 ], [ 2.1340526, 41.4329785 ], [ 2.1340556, 41.4329895 ], [ 2.1340591, 41.4330011 ], [ 2.1340628, 41.4330127 ], [ 2.1340668, 41.4330243 ], [ 2.1340711, 41.4330357 ], [ 2.1340756, 41.4330472 ], [ 2.1340803, 41.4330585 ], [ 2.1340853, 41.4330699 ], [ 2.1340905, 41.4330811 ], [ 2.134096, 41.4330923 ], [ 2.1341018, 41.4331034 ], [ 2.1341077, 41.4331144 ], [ 2.1341139, 41.4331254 ], [ 2.1341204, 41.4331363 ], [ 2.1341271, 41.4331471 ], [ 2.134134, 41.4331578 ], [ 2.1341411, 41.4331685 ], [ 2.1341485, 41.433179 ], [ 2.1341561, 41.4331895 ], [ 2.134164, 41.4331998 ], [ 2.1341781, 41.4332195 ], [ 2.1341925, 41.4332391 ], [ 2.134207, 41.4332586 ], [ 2.1342217, 41.4332781 ], [ 2.1342366, 41.4332975 ], [ 2.1342517, 41.4333167 ], [ 2.134266, 41.4333349 ], [ 2.1344304, 41.4335454 ], [ 2.1345174, 41.433659 ], [ 2.134604, 41.433783 ], [ 2.1346147, 41.4338084 ], [ 2.134623, 41.4338365 ], [ 2.1346279, 41.4338653 ], [ 2.1346294, 41.4338945 ], [ 2.1346274, 41.4339236 ], [ 2.134622, 41.4339523 ], [ 2.1346133, 41.4339804 ], [ 2.134599, 41.4340127 ], [ 2.1345832, 41.4340346 ], [ 2.1345625, 41.4340572 ], [ 2.1345389, 41.434078 ], [ 2.1345252, 41.4340882 ], [ 2.1345114, 41.4340975 ], [ 2.1344968, 41.4341063 ], [ 2.1344811, 41.4341147 ], [ 2.13445, 41.4341287 ], [ 2.1344168, 41.4341403 ], [ 2.1343855, 41.4341484 ], [ 2.1343639, 41.4341519 ], [ 2.1343433, 41.4341551 ], [ 2.1343223, 41.4341573 ], [ 2.1343008, 41.4341584 ], [ 2.1342791, 41.4341584 ], [ 2.1342572, 41.4341572 ], [ 2.1342354, 41.4341549 ], [ 2.1342138, 41.4341514 ], [ 2.1341926, 41.4341468 ], [ 2.134172, 41.4341411 ], [ 2.134152, 41.4341343 ], [ 2.1341329, 41.4341266 ], [ 2.1341147, 41.4341179 ], [ 2.1340975, 41.4341085 ], [ 2.1340815, 41.4340984 ], [ 2.1340679, 41.4340886 ], [ 2.1340438, 41.4340666 ], [ 2.1340214, 41.4340454 ], [ 2.1340007, 41.4340232 ], [ 2.1339819, 41.434 ], [ 2.1339651, 41.433976 ], [ 2.1339503, 41.4339512 ], [ 2.1339378, 41.4339259 ], [ 2.1339278, 41.4339014 ], [ 2.1338342, 41.4335914 ], [ 2.1337542, 41.4333349 ], [ 2.1337402, 41.4332985 ], [ 2.133704, 41.4331887 ], [ 2.1336745, 41.4330948 ], [ 2.1336585, 41.4330425 ], [ 2.1336448, 41.4329893 ], [ 2.1336338, 41.4329356 ], [ 2.1336265, 41.4328874 ], [ 2.1336226, 41.4328387 ], [ 2.1336224, 41.4327896 ], [ 2.1336276, 41.4327391 ], [ 2.1336365, 41.4326893 ], [ 2.1336492, 41.4326402 ], [ 2.1336595, 41.4326077 ], [ 2.1336776, 41.4325585 ], [ 2.1336988, 41.4325071 ], [ 2.1337262, 41.4324479 ], [ 2.1337604, 41.4323836 ], [ 2.1338033, 41.4323061 ], [ 2.1338284, 41.4322604 ], [ 2.1338491, 41.4322226 ], [ 2.1338549, 41.4322118 ], [ 2.1338604, 41.4322009 ], [ 2.1338656, 41.43219 ], [ 2.1338705, 41.432179 ], [ 2.1338752, 41.4321679 ], [ 2.1338796, 41.4321568 ], [ 2.1338837, 41.4321456 ], [ 2.1338875, 41.4321344 ], [ 2.1338911, 41.4321231 ], [ 2.1338936, 41.4321135 ], [ 2.1338959, 41.4321039 ], [ 2.1338979, 41.4320942 ], [ 2.1338997, 41.4320845 ], [ 2.1339012, 41.4320748 ], [ 2.1339024, 41.4320651 ], [ 2.1339034, 41.4320553 ], [ 2.1339041, 41.4320456 ], [ 2.1339046, 41.4320358 ], [ 2.1339047, 41.432026 ], [ 2.1339046, 41.4320162 ], [ 2.1339043, 41.4320064 ], [ 2.1339037, 41.4319966 ], [ 2.1339028, 41.4319869 ], [ 2.1339017, 41.4319771 ], [ 2.1339006, 41.4319696 ], [ 2.1338992, 41.4319621 ], [ 2.1338977, 41.4319546 ], [ 2.1338959, 41.4319472 ], [ 2.1338938, 41.4319398 ], [ 2.1338915, 41.4319325 ], [ 2.133889, 41.4319252 ], [ 2.1338862, 41.4319179 ], [ 2.1338832, 41.4319107 ], [ 2.13388, 41.4319035 ], [ 2.1338765, 41.4318964 ], [ 2.1338728, 41.4318894 ], [ 2.1338688, 41.4318825 ], [ 2.1338647, 41.4318756 ], [ 2.1338603, 41.4318688 ], [ 2.1338554, 41.4318615 ], [ 2.1338502, 41.4318544 ], [ 2.1338449, 41.4318473 ], [ 2.1338392, 41.4318404 ], [ 2.1338334, 41.4318336 ], [ 2.1338274, 41.4318268 ], [ 2.1338212, 41.4318202 ], [ 2.1338147, 41.4318136 ], [ 2.1338081, 41.4318073 ], [ 2.1338013, 41.431801 ], [ 2.1337942, 41.4317948 ], [ 2.133787, 41.4317888 ], [ 2.1337796, 41.4317829 ], [ 2.133772, 41.4317771 ], [ 2.1337643, 41.4317715 ], [ 2.1337563, 41.431766 ], [ 2.133724, 41.4317449 ], [ 2.1337233, 41.4317445 ], [ 2.1336926, 41.4317279 ], [ 2.1336633, 41.4317138 ], [ 2.133633, 41.4317017 ], [ 2.1336015, 41.4316915 ], [ 2.133569, 41.4316834 ], [ 2.1335354, 41.4316771 ], [ 2.1335028, 41.4316727 ], [ 2.13347, 41.43167 ], [ 2.133437, 41.4316689 ], [ 2.1334041, 41.4316696 ], [ 2.1333713, 41.4316719 ], [ 2.1333394, 41.4316758 ], [ 2.1332876, 41.4316861 ], [ 2.1332362, 41.4316989 ], [ 2.1331852, 41.4317145 ], [ 2.1330237, 41.4317677 ], [ 2.1328807, 41.4318153 ], [ 2.1326826, 41.4318817 ], [ 2.1325518, 41.431925 ], [ 2.1325078, 41.4319386 ], [ 2.1324628, 41.4319513 ], [ 2.1324146, 41.4319619 ], [ 2.1323699, 41.4319696 ], [ 2.1323218, 41.4319743 ], [ 2.1322696, 41.431976 ], [ 2.1322347, 41.4319754 ], [ 2.1321934, 41.4319718 ], [ 2.1321582, 41.4319667 ], [ 2.1321525, 41.4319659 ], [ 2.1321124, 41.4319577 ], [ 2.1320731, 41.4319472 ], [ 2.132035, 41.4319346 ], [ 2.1319982, 41.4319198 ], [ 2.1319449, 41.4318973 ], [ 2.1318958, 41.4318747 ], [ 2.1317951, 41.4318274 ], [ 2.1316963, 41.4317781 ], [ 2.1315994, 41.4317266 ], [ 2.13156, 41.4317073 ], [ 2.1315191, 41.4316898 ], [ 2.131477, 41.4316741 ], [ 2.1314336, 41.4316603 ], [ 2.1313893, 41.4316485 ], [ 2.1313442, 41.4316386 ], [ 2.1312983, 41.4316307 ], [ 2.1312519, 41.4316249 ], [ 2.1312052, 41.4316211 ], [ 2.1311582, 41.4316194 ], [ 2.1311158, 41.4316197 ], [ 2.1310996, 41.4316202 ], [ 2.1310589, 41.4316244 ], [ 2.130957, 41.4316392 ], [ 2.130843, 41.431662 ], [ 2.1307633, 41.4316803 ], [ 2.1306782, 41.4317007 ], [ 2.1301846, 41.4318211 ], [ 2.1301357, 41.4318337 ], [ 2.1300861, 41.4318444 ], [ 2.1300357, 41.4318531 ], [ 2.1299849, 41.4318599 ], [ 2.1299336, 41.4318647 ], [ 2.1298982, 41.4318665 ], [ 2.1298821, 41.4318674 ], [ 2.1298304, 41.4318681 ], [ 2.1298164, 41.4318675 ], [ 2.1298025, 41.4318667 ], [ 2.1297885, 41.4318657 ], [ 2.1297746, 41.4318646 ], [ 2.1297607, 41.4318633 ], [ 2.1297469, 41.4318619 ], [ 2.1297331, 41.4318604 ], [ 2.1297193, 41.4318587 ], [ 2.1297055, 41.4318568 ], [ 2.1296919, 41.4318548 ], [ 2.1296604, 41.4318505 ], [ 2.1296289, 41.431846 ], [ 2.1295975, 41.4318412 ], [ 2.1295662, 41.4318363 ], [ 2.1295349, 41.4318311 ], [ 2.1295036, 41.4318258 ], [ 2.1294725, 41.4318202 ], [ 2.1294423, 41.4318147 ], [ 2.129412, 41.4318094 ], [ 2.1293817, 41.4318043 ], [ 2.1293513, 41.4317993 ], [ 2.1293208, 41.4317946 ], [ 2.1292904, 41.43179 ], [ 2.1292598, 41.4317856 ], [ 2.1292292, 41.4317814 ], [ 2.1291986, 41.4317774 ], [ 2.1291679, 41.4317736 ], [ 2.1291666, 41.4317735 ], [ 2.1290347, 41.4317597 ], [ 2.1289566, 41.4317566 ], [ 2.1287973, 41.4317691 ], [ 2.1283272, 41.4318233 ], [ 2.1279838, 41.4318648 ], [ 2.1278344, 41.4318771 ], [ 2.1277562, 41.4318818 ], [ 2.1276495, 41.4318864 ], [ 2.1275695, 41.4318884 ], [ 2.1274986, 41.4318812 ], [ 2.1273832, 41.4318736 ], [ 2.1272857, 41.4318555 ], [ 2.1272021, 41.4318363 ], [ 2.1271254, 41.4318141 ], [ 2.1270075, 41.4317822 ], [ 2.126929, 41.4317546 ], [ 2.1268469, 41.431727 ], [ 2.1268025, 41.431701 ], [ 2.1267188, 41.4316572 ], [ 2.1266282, 41.4315957 ], [ 2.1265146, 41.4315992 ], [ 2.1241096, 41.429614 ], [ 2.1238713, 41.4294392 ], [ 2.1236681, 41.4293151 ], [ 2.1226578, 41.4287616 ], [ 2.122759, 41.428664 ], [ 2.1228214, 41.4286837 ], [ 2.122922, 41.4287022 ], [ 2.1230039, 41.4287057 ], [ 2.123082, 41.4286936 ], [ 2.1219965, 41.4265284 ], [ 2.1212683, 41.4258308 ], [ 2.1212669, 41.4258318 ], [ 2.121215, 41.4257826 ], [ 2.1212539, 41.4257555 ], [ 2.1213217, 41.4256759 ], [ 2.1213472, 41.4256202 ], [ 2.1213589, 41.4255508 ], [ 2.1213439, 41.4254673 ], [ 2.1213112, 41.4253866 ], [ 2.1205153, 41.4241077 ], [ 2.1204679, 41.42394 ], [ 2.12045, 41.423747 ], [ 2.1205451, 41.4231138 ], [ 2.1205373, 41.4230582 ], [ 2.1204383, 41.4228023 ], [ 2.1204265, 41.4227219 ], [ 2.1207718, 41.4220525 ], [ 2.120883, 41.4218771 ], [ 2.1209824, 41.4217624 ], [ 2.1213076, 41.4214597 ], [ 2.1214015, 41.4213487 ], [ 2.1214701, 41.4212343 ], [ 2.1215121, 41.4211244 ], [ 2.1215374, 41.4209839 ], [ 2.1215333, 41.4209208 ], [ 2.1215054, 41.4208686 ], [ 2.1214717, 41.4208429 ], [ 2.1211629, 41.4207101 ], [ 2.1211629, 41.4207101 ], [ 2.1211722, 41.4207061 ], [ 2.1212074, 41.4206911 ], [ 2.1212157, 41.4206875 ], [ 2.1212215, 41.4206851 ], [ 2.1212649, 41.4206663 ], [ 2.1212901, 41.4206559 ], [ 2.1212871, 41.4206519 ], [ 2.1213574, 41.4206233 ], [ 2.1214453, 41.4205869 ], [ 2.121523, 41.4205531 ], [ 2.1215303, 41.42055 ], [ 2.1215476, 41.4205425 ], [ 2.1215517, 41.4205497 ], [ 2.1215579, 41.4205603 ], [ 2.1215584, 41.4205613 ], [ 2.1216081, 41.4205399 ], [ 2.1216988, 41.4205009 ], [ 2.1218224, 41.4204477 ], [ 2.1219522, 41.4203925 ], [ 2.1220566, 41.4203472 ], [ 2.1221457, 41.4203092 ], [ 2.1221765, 41.4202961 ], [ 2.1222663, 41.4202574 ], [ 2.1225302, 41.4201453 ], [ 2.1228735, 41.4199983 ], [ 2.1230071, 41.4199426 ], [ 2.123029, 41.4199335 ], [ 2.1233339, 41.4198033 ], [ 2.1233467, 41.4197978 ], [ 2.1233755, 41.4197855 ], [ 2.1236455, 41.4196696 ], [ 2.1238758, 41.4195714 ], [ 2.1240349, 41.4195042 ], [ 2.1240955, 41.4194786 ], [ 2.1242874, 41.4193965 ], [ 2.1243912, 41.4193529 ], [ 2.1244568, 41.4193254 ], [ 2.1245092, 41.4193034 ], [ 2.1247154, 41.4192166 ], [ 2.1247289, 41.419211 ], [ 2.1247557, 41.4192041 ], [ 2.1248425, 41.4191799 ], [ 2.1249281, 41.4191544 ], [ 2.1250891, 41.4190962 ], [ 2.1251213, 41.4190855 ], [ 2.1251523, 41.4190737 ], [ 2.1251905, 41.4190573 ], [ 2.1252422, 41.4190381 ], [ 2.1253162, 41.4190072 ], [ 2.1253747, 41.4189816 ], [ 2.1253855, 41.4189769 ], [ 2.1254256, 41.4189594 ], [ 2.1255994, 41.4188834 ], [ 2.1256573, 41.418858 ], [ 2.1258624, 41.4187678 ], [ 2.12617, 41.4186318 ], [ 2.1262571, 41.4185934 ], [ 2.1264441, 41.4185107 ], [ 2.1267918, 41.4183557 ], [ 2.1269386, 41.4182899 ], [ 2.1271695, 41.4181876 ], [ 2.127301, 41.4181291 ], [ 2.1274562, 41.4180599 ], [ 2.1276409, 41.4179775 ], [ 2.1277897, 41.4179109 ], [ 2.1279203, 41.417853 ], [ 2.128045, 41.4177975 ], [ 2.1281669, 41.417743 ], [ 2.1282794, 41.4176925 ], [ 2.1284073, 41.4176351 ], [ 2.1285578, 41.4175674 ], [ 2.1286682, 41.4175171 ], [ 2.1286957, 41.417505 ], [ 2.1287838, 41.4174658 ], [ 2.1287862, 41.4174691 ], [ 2.128793, 41.4174789 ], [ 2.128899, 41.4174341 ], [ 2.1289285, 41.4174217 ], [ 2.1289361, 41.4174359 ], [ 2.1289241, 41.4174861 ], [ 2.1288592, 41.4175622 ], [ 2.128616, 41.4178102 ], [ 2.1283728, 41.4179877 ], [ 2.1281445, 41.418119 ], [ 2.128016, 41.4181853 ], [ 2.1279431, 41.4182451 ], [ 2.1279096, 41.4182882 ], [ 2.1279006, 41.4183453 ], [ 2.1279079, 41.4184166 ], [ 2.1279606, 41.4184757 ], [ 2.128089, 41.4185757 ], [ 2.1281682, 41.4186598 ], [ 2.1281799, 41.4187048 ], [ 2.1281668, 41.4187634 ], [ 2.1281331, 41.4188173 ], [ 2.1280243, 41.418948 ], [ 2.1279205, 41.4190098 ], [ 2.1277235, 41.4191135 ], [ 2.127566, 41.4191941 ], [ 2.1274622, 41.4192498 ], [ 2.1274527, 41.4193755 ], [ 2.1275817, 41.4194974 ], [ 2.1278509, 41.4195971 ], [ 2.1278871, 41.4196176 ], [ 2.128062, 41.4197277 ], [ 2.1281334, 41.4197432 ], [ 2.1282251, 41.4197289 ], [ 2.1283453, 41.4196986 ], [ 2.1284051, 41.4197065 ], [ 2.1284795, 41.4197446 ], [ 2.1286409, 41.4198696 ], [ 2.1286886, 41.4199125 ], [ 2.1287234, 41.4199277 ], [ 2.1287582, 41.4199317 ], [ 2.1287898, 41.4199332 ], [ 2.1288232, 41.419931 ], [ 2.1288549, 41.4199187 ], [ 2.1288818, 41.4198989 ], [ 2.1289139, 41.4198667 ], [ 2.1289516, 41.4197844 ], [ 2.1290251, 41.4196375 ], [ 2.1290706, 41.4195965 ], [ 2.1291543, 41.4195622 ], [ 2.1292067, 41.4195446 ], [ 2.1292523, 41.4195332 ], [ 2.1293172, 41.4195204 ], [ 2.1293726, 41.4195125 ], [ 2.1294362, 41.4195081 ], [ 2.1294887, 41.4195084 ], [ 2.1295239, 41.4195132 ], [ 2.1295575, 41.4195223 ], [ 2.1295886, 41.4195355 ], [ 2.129627, 41.4195581 ], [ 2.1296685, 41.4195863 ], [ 2.129707, 41.4196169 ], [ 2.1297357, 41.4196439 ], [ 2.1297643, 41.4196776 ], [ 2.1297832, 41.4197063 ], [ 2.1297992, 41.4197379 ], [ 2.1298081, 41.4197556 ], [ 2.1298159, 41.419771 ], [ 2.1298279, 41.4197989 ], [ 2.1298405, 41.4198367 ], [ 2.1298471, 41.4198648 ], [ 2.1298532, 41.4198905 ], [ 2.1298643, 41.4199208 ], [ 2.1298836, 41.4199573 ], [ 2.1299084, 41.4199919 ], [ 2.1299321, 41.4200178 ], [ 2.129956, 41.4200349 ], [ 2.1299758, 41.4200462 ], [ 2.1299969, 41.420056 ], [ 2.1300192, 41.4200642 ], [ 2.1300503, 41.4200726 ], [ 2.1300704, 41.420076 ], [ 2.1301044, 41.4200778 ], [ 2.1301383, 41.4200747 ], [ 2.1301888, 41.4200625 ], [ 2.1302462, 41.4200459 ], [ 2.1302953, 41.4200293 ], [ 2.1303598, 41.4200075 ], [ 2.1304167, 41.41999 ], [ 2.1304257, 41.4199872 ], [ 2.1304706, 41.4199724 ], [ 2.1305036, 41.4199592 ], [ 2.1305144, 41.4199544 ], [ 2.1305559, 41.4199336 ], [ 2.1305833, 41.4199163 ], [ 2.1306139, 41.4198916 ], [ 2.1306488, 41.4198524 ], [ 2.1306699, 41.419821 ], [ 2.1306876, 41.4197915 ], [ 2.1307171, 41.4197305 ], [ 2.1307299, 41.4196954 ], [ 2.130751, 41.4196378 ], [ 2.13078, 41.4195708 ], [ 2.1307982, 41.4195374 ], [ 2.1308216, 41.4195049 ], [ 2.1308632, 41.4194592 ], [ 2.1308787, 41.4194448 ], [ 2.1309015, 41.4194291 ], [ 2.1309268, 41.4194157 ], [ 2.1309472, 41.4194074 ], [ 2.130976, 41.4193988 ], [ 2.131006, 41.4193931 ], [ 2.1310525, 41.41939 ], [ 2.1310918, 41.4193922 ], [ 2.1311302, 41.4193992 ], [ 2.1311665, 41.4194107 ], [ 2.1312022, 41.4194262 ], [ 2.1312446, 41.4194476 ], [ 2.1312765, 41.4194662 ], [ 2.1314351, 41.4195587 ], [ 2.1315003, 41.419595 ], [ 2.1315458, 41.4196162 ], [ 2.1316083, 41.419642 ], [ 2.1316565, 41.4196595 ], [ 2.1317314, 41.4196839 ], [ 2.1318796, 41.4197323 ], [ 2.1319242, 41.4197457 ], [ 2.1319414, 41.4197519 ], [ 2.1320024, 41.4197739 ], [ 2.1320682, 41.4198006 ], [ 2.132105, 41.4198194 ], [ 2.1321388, 41.419845 ], [ 2.1321669, 41.4198726 ], [ 2.1321891, 41.4199022 ], [ 2.1322029, 41.4199343 ], [ 2.1322083, 41.4199683 ], [ 2.1322033, 41.4199895 ], [ 2.1321913, 41.4200185 ], [ 2.132182, 41.420035 ], [ 2.1321715, 41.4200535 ], [ 2.1321503, 41.4200822 ], [ 2.1320731, 41.4201605 ], [ 2.1320057, 41.4202348 ], [ 2.1318983, 41.4203613 ], [ 2.1318442, 41.4204304 ], [ 2.1317475, 41.4205638 ], [ 2.1316653, 41.4206724 ], [ 2.1316215, 41.4207253 ], [ 2.1315718, 41.4207814 ], [ 2.1314848, 41.420871 ], [ 2.1314308, 41.420923 ], [ 2.1313426, 41.421004 ], [ 2.1313207, 41.421028 ], [ 2.1313009, 41.4210529 ], [ 2.1312818, 41.421083 ], [ 2.1312603, 41.4211303 ], [ 2.1312535, 41.4211532 ], [ 2.1312518, 41.4211588 ], [ 2.1312463, 41.4211771 ], [ 2.1312357, 41.4212222 ], [ 2.1312298, 41.4212618 ], [ 2.1312323, 41.4212749 ], [ 2.1312381, 41.4212923 ], [ 2.1312521, 41.4213172 ], [ 2.1312647, 41.4213324 ], [ 2.131252, 41.4213465 ], [ 2.1312398, 41.421354 ], [ 2.1309109, 41.4215555 ], [ 2.1307306, 41.4217541 ], [ 2.1306851, 41.421804 ], [ 2.1306785, 41.421809 ], [ 2.1304767, 41.4219606 ], [ 2.130407, 41.422041 ], [ 2.1302382, 41.4222352 ], [ 2.130199, 41.4222801 ], [ 2.1300865, 41.4224093 ], [ 2.1300663, 41.4224294 ], [ 2.1300444, 41.4224513 ], [ 2.1300435, 41.4224524 ], [ 2.1299502, 41.4225664 ], [ 2.1299533, 41.4225678 ], [ 2.1299663, 41.4225737 ], [ 2.1299793, 41.4225798 ], [ 2.1299922, 41.4225859 ], [ 2.130005, 41.4225922 ], [ 2.1300178, 41.4225986 ], [ 2.1300305, 41.422605 ], [ 2.1300431, 41.4226116 ], [ 2.1300504, 41.4226144 ], [ 2.1300578, 41.4226169 ], [ 2.1300652, 41.4226194 ], [ 2.1300727, 41.4226216 ], [ 2.1300803, 41.4226237 ], [ 2.130088, 41.4226256 ], [ 2.1300957, 41.4226274 ], [ 2.1303486, 41.4227117 ], [ 2.1303566, 41.4227133 ], [ 2.1303671, 41.4227153 ], [ 2.1303776, 41.4227172 ], [ 2.1303882, 41.4227189 ], [ 2.1303989, 41.4227204 ], [ 2.1304095, 41.4227217 ], [ 2.1304202, 41.4227229 ], [ 2.1304846, 41.4227269 ], [ 2.1305593, 41.4227333 ], [ 2.1305778, 41.422748 ], [ 2.1305803, 41.4227499 ], [ 2.1305836, 41.4227492 ], [ 2.1306113, 41.4227433 ], [ 2.1307223, 41.4227193 ], [ 2.1307505, 41.4227093 ], [ 2.1308021, 41.4227008 ], [ 2.1308084, 41.4226997 ], [ 2.1308115, 41.4226992 ], [ 2.1308369, 41.4226962 ], [ 2.1309215, 41.4226858 ], [ 2.1309887, 41.4226778 ], [ 2.1309978, 41.4226767 ], [ 2.1310005, 41.4226755 ], [ 2.1310643, 41.4226718 ], [ 2.1311131, 41.4226613 ], [ 2.1312433, 41.4226334 ], [ 2.1313649, 41.4226076 ], [ 2.1314178, 41.4225965 ], [ 2.1314931, 41.4225806 ], [ 2.1316267, 41.4225511 ], [ 2.1316942, 41.422546 ], [ 2.1316977, 41.4225458 ], [ 2.1317439, 41.4225438 ], [ 2.1317987, 41.4225403 ], [ 2.1318294, 41.4225381 ], [ 2.1318844, 41.4225341 ], [ 2.1319023, 41.4225329 ], [ 2.1319031, 41.4225273 ], [ 2.1319704, 41.4225313 ], [ 2.1320233, 41.4225344 ], [ 2.1320473, 41.4225353 ], [ 2.1320765, 41.4225376 ], [ 2.1320941, 41.4225394 ], [ 2.1321255, 41.4225417 ], [ 2.1321332, 41.4225422 ], [ 2.1321591, 41.422544 ], [ 2.1321846, 41.4225467 ], [ 2.1321938, 41.4225471 ], [ 2.1322183, 41.4225484 ], [ 2.13225, 41.4225505 ], [ 2.1322854, 41.4225523 ], [ 2.132316, 41.4225542 ], [ 2.1323491, 41.4225571 ], [ 2.1323616, 41.4225583 ], [ 2.1323871, 41.422561 ], [ 2.132412, 41.4225625 ], [ 2.1324463, 41.422564 ], [ 2.1324854, 41.4225668 ], [ 2.1325184, 41.4225689 ], [ 2.1325278, 41.4225697 ], [ 2.1325326, 41.4225701 ], [ 2.1325632, 41.422571 ], [ 2.1325859, 41.4225733 ], [ 2.1326017, 41.422575 ], [ 2.1326327, 41.4225761 ], [ 2.1326651, 41.4225779 ], [ 2.1326831, 41.4225795 ], [ 2.1327, 41.4225809 ], [ 2.1327426, 41.4225838 ], [ 2.132773, 41.4225856 ], [ 2.1327773, 41.4225859 ], [ 2.1328127, 41.4225871 ], [ 2.1328142, 41.4225872 ], [ 2.1328506, 41.4225834 ], [ 2.1329105, 41.4225705 ], [ 2.1329636, 41.4225607 ], [ 2.1329996, 41.4225537 ], [ 2.133009, 41.4225518 ], [ 2.1330346, 41.4225446 ], [ 2.1330719, 41.4225304 ], [ 2.1331071, 41.4225169 ], [ 2.1331384, 41.4225041 ], [ 2.133171, 41.4224948 ], [ 2.1332115, 41.4224814 ], [ 2.1332438, 41.4224666 ], [ 2.1332763, 41.4224538 ], [ 2.1333082, 41.4224398 ], [ 2.1333384, 41.4224267 ], [ 2.1333615, 41.4224161 ], [ 2.1333811, 41.4224059 ], [ 2.1334036, 41.422395 ], [ 2.1334205, 41.4223881 ], [ 2.133443, 41.422379 ], [ 2.1334843, 41.4223608 ], [ 2.1335055, 41.4223529 ], [ 2.1335537, 41.4223354 ], [ 2.1336223, 41.4223232 ], [ 2.1336963, 41.4223124 ], [ 2.1338429, 41.4222878 ], [ 2.1339348, 41.4222758 ], [ 2.1339756, 41.4222707 ], [ 2.1340788, 41.422256 ], [ 2.1341574, 41.4222492 ], [ 2.1342732, 41.4222377 ], [ 2.1343583, 41.4222244 ], [ 2.1344395, 41.4222079 ], [ 2.1345263, 41.4221846 ], [ 2.1346505, 41.4221504 ], [ 2.1346818, 41.4221418 ], [ 2.1346873, 41.4221389 ], [ 2.1347059, 41.4221305 ], [ 2.1347063, 41.4221303 ], [ 2.1347774, 41.4221636 ], [ 2.1346954, 41.422257 ], [ 2.1346482, 41.4223236 ], [ 2.1346343, 41.4223319 ], [ 2.1346254, 41.4223371 ], [ 2.1345988, 41.4223529 ], [ 2.1345598, 41.422376 ], [ 2.1345456, 41.4223844 ], [ 2.1344998, 41.4224115 ], [ 2.1344928, 41.4224156 ], [ 2.1344377, 41.4224482 ], [ 2.1344316, 41.422453 ], [ 2.1343837, 41.4224903 ], [ 2.1343836, 41.4224903 ], [ 2.1343752, 41.4224968 ], [ 2.134331, 41.4225312 ], [ 2.1343047, 41.4225537 ], [ 2.1343028, 41.4225553 ], [ 2.1342807, 41.4225766 ], [ 2.1342774, 41.4225803 ], [ 2.1342613, 41.4225984 ], [ 2.1342483, 41.4226165 ], [ 2.1342443, 41.4226221 ], [ 2.1342368, 41.4226367 ], [ 2.1342201, 41.4226691 ], [ 2.134214, 41.4226957 ], [ 2.1342126, 41.4227234 ], [ 2.1342133, 41.422744 ], [ 2.1342116, 41.422758 ], [ 2.1342137, 41.4227802 ], [ 2.1342196, 41.4228033 ], [ 2.1342376, 41.4228582 ], [ 2.1342451, 41.422878 ], [ 2.1342521, 41.4228961 ], [ 2.1342521, 41.4228962 ], [ 2.1342627, 41.4229241 ], [ 2.1342731, 41.4229512 ], [ 2.1342844, 41.4230171 ], [ 2.1342928, 41.42304 ], [ 2.134314, 41.4230732 ], [ 2.134333, 41.4231077 ], [ 2.1343439, 41.4231322 ], [ 2.1343448, 41.4231344 ], [ 2.1343461, 41.4231373 ], [ 2.1343601, 41.4231689 ], [ 2.1343738, 41.4231999 ], [ 2.1344018, 41.423255 ], [ 2.1344407, 41.4233234 ], [ 2.1344607, 41.4233553 ], [ 2.1344807, 41.4233871 ], [ 2.1345239, 41.4234493 ], [ 2.1345671, 41.4235114 ], [ 2.1345857, 41.4235344 ], [ 2.1345872, 41.4235362 ], [ 2.1345902, 41.4235399 ], [ 2.1345969, 41.4235482 ], [ 2.1346153, 41.4235681 ], [ 2.1346284, 41.4235823 ], [ 2.1346337, 41.4235881 ], [ 2.1346475, 41.4236096 ], [ 2.1346659, 41.4236053 ], [ 2.1346668, 41.4236051 ], [ 2.1347539, 41.4235846 ], [ 2.1347586, 41.4235835 ], [ 2.1347835, 41.4235763 ], [ 2.1348046, 41.4236223 ], [ 2.1348047, 41.4236225 ], [ 2.1348329, 41.423684 ], [ 2.1348461, 41.4237228 ], [ 2.1348595, 41.4237375 ], [ 2.134881, 41.4237566 ], [ 2.1349104, 41.4237755 ], [ 2.134963, 41.4238053 ], [ 2.1349991, 41.4238321 ], [ 2.1350721, 41.4238928 ], [ 2.1350859, 41.4239053 ], [ 2.1351157, 41.4239324 ], [ 2.1351462, 41.4239601 ], [ 2.1351602, 41.4239729 ], [ 2.1352123, 41.4240297 ], [ 2.1352538, 41.4240856 ], [ 2.135278, 41.4241272 ], [ 2.135285, 41.4241393 ], [ 2.1352906, 41.4241488 ], [ 2.1353097, 41.4241815 ], [ 2.1353231, 41.4242081 ], [ 2.1353429, 41.4242474 ], [ 2.1353547, 41.4242781 ], [ 2.1353548, 41.4242784 ], [ 2.1353614, 41.4242955 ], [ 2.1353674, 41.4243113 ], [ 2.1353688, 41.4243241 ], [ 2.1353702, 41.4243369 ], [ 2.1353671, 41.4243614 ], [ 2.1353609, 41.4243768 ], [ 2.1353441, 41.4244025 ], [ 2.1353318, 41.4244173 ], [ 2.1352961, 41.4244509 ], [ 2.1351886, 41.4245409 ], [ 2.1351032, 41.424621 ], [ 2.135078, 41.4246503 ], [ 2.1350643, 41.4246718 ], [ 2.1350476, 41.4247036 ], [ 2.1350384, 41.4247369 ], [ 2.1350391, 41.4247626 ], [ 2.1350474, 41.4247865 ], [ 2.1350579, 41.4248013 ], [ 2.135058, 41.4248015 ], [ 2.1350598, 41.4248041 ], [ 2.13508, 41.4248372 ], [ 2.1351058, 41.4248797 ], [ 2.1358052, 41.4246475 ], [ 2.1359035, 41.4245988 ], [ 2.1359797, 41.4245449 ], [ 2.1360708, 41.4244458 ], [ 2.136127, 41.4243405 ], [ 2.1361478, 41.4242562 ], [ 2.1361453, 41.4241386 ], [ 2.1361392, 41.4238556 ], [ 2.1361572, 41.4237699 ], [ 2.1362091, 41.4236837 ], [ 2.1362851, 41.4236271 ], [ 2.1364, 41.4235813 ], [ 2.1365381, 41.4235531 ], [ 2.1369947, 41.4235149 ], [ 2.1372606, 41.423461 ], [ 2.1375898, 41.4233206 ], [ 2.1377643, 41.423197 ], [ 2.1379033, 41.4230676 ], [ 2.1380799, 41.4228246 ], [ 2.1383842, 41.4220594 ], [ 2.1384095, 41.4219958 ], [ 2.138443, 41.4218717 ], [ 2.1384399, 41.4217675 ], [ 2.1384067, 41.4216801 ], [ 2.1383533, 41.4216035 ], [ 2.1382682, 41.4215329 ], [ 2.1381506, 41.421472 ], [ 2.1381153, 41.4214582 ], [ 2.1378031, 41.4213357 ], [ 2.1377392, 41.4212875 ], [ 2.1376972, 41.4212336 ], [ 2.1376705, 41.4211529 ], [ 2.1376769, 41.4210717 ], [ 2.1377218, 41.4209942 ], [ 2.1377931, 41.4209326 ], [ 2.1378806, 41.4208905 ], [ 2.1388726, 41.4205734 ], [ 2.1391968, 41.4204656 ], [ 2.1398653, 41.4202831 ], [ 2.1400401, 41.4202324 ], [ 2.1404555, 41.4210981 ], [ 2.1406635, 41.4215389 ], [ 2.140812, 41.4218493 ], [ 2.1408161, 41.4218579 ], [ 2.1410592, 41.4223649 ], [ 2.1412553, 41.4227725 ], [ 2.1414491, 41.4231783 ], [ 2.1416499, 41.4235975 ], [ 2.1417469, 41.4237757 ], [ 2.1418119, 41.4238951 ], [ 2.1420368, 41.4242797 ], [ 2.1422536, 41.4246468 ], [ 2.1423285, 41.4247838 ], [ 2.1423299, 41.4247863 ], [ 2.1421783, 41.4248263 ], [ 2.1418604, 41.4249163 ], [ 2.141346, 41.4250552 ], [ 2.1410641, 41.4251376 ], [ 2.1409214, 41.4251751 ], [ 2.140885, 41.4251847 ], [ 2.1408283, 41.4251993 ], [ 2.1407716, 41.4252138 ], [ 2.1407149, 41.4252282 ], [ 2.1406582, 41.4252424 ], [ 2.1406199, 41.4252524 ], [ 2.1405816, 41.4252623 ], [ 2.1405433, 41.4252723 ], [ 2.1405049, 41.4252822 ], [ 2.1404665, 41.4252921 ], [ 2.1404282, 41.425302 ], [ 2.1403897, 41.4253118 ], [ 2.1403513, 41.4253217 ], [ 2.1403128, 41.4253315 ], [ 2.1402573, 41.4253457 ], [ 2.1402017, 41.4253599 ], [ 2.1401462, 41.4253741 ], [ 2.1400907, 41.4253884 ], [ 2.1400353, 41.4254027 ], [ 2.13998, 41.4254171 ], [ 2.1399457, 41.4254261 ], [ 2.1399118, 41.4254358 ], [ 2.1398782, 41.4254461 ], [ 2.139845, 41.4254572 ], [ 2.1398253, 41.4254656 ], [ 2.1398078, 41.4254765 ], [ 2.139793, 41.4254894 ], [ 2.1397812, 41.4255039 ], [ 2.1396258, 41.4257557 ], [ 2.1391969, 41.426458 ], [ 2.1393774, 41.42685 ], [ 2.1393737, 41.4268509 ], [ 2.1393475, 41.426857 ], [ 2.1393372, 41.4268594 ], [ 2.139241, 41.426882 ], [ 2.139261, 41.4269182 ], [ 2.1392416, 41.4269585 ], [ 2.139233, 41.4269612 ], [ 2.13918, 41.4269474 ], [ 2.1391654, 41.4269086 ], [ 2.1391036, 41.4269231 ], [ 2.1389848, 41.426951 ], [ 2.1389896, 41.4269616 ], [ 2.1387312, 41.427326 ], [ 2.1387076, 41.4273594 ], [ 2.1386931, 41.4273799 ], [ 2.1386304, 41.4274682 ], [ 2.138529, 41.4276113 ], [ 2.1385282, 41.4276125 ], [ 2.1384313, 41.4277542 ], [ 2.1383626, 41.4278548 ], [ 2.1383596, 41.4278592 ], [ 2.1382721, 41.4279685 ], [ 2.1381988, 41.4279872 ], [ 2.1381899, 41.4279895 ], [ 2.1380953, 41.4280107 ], [ 2.1380487, 41.4280152 ], [ 2.1380479, 41.4280153 ], [ 2.137829, 41.4280333 ], [ 2.1377617, 41.4280403 ], [ 2.1374025, 41.4280717 ], [ 2.1372974, 41.4280817 ], [ 2.1374216, 41.428235 ], [ 2.1375051, 41.4283317 ], [ 2.1376373, 41.4285069 ], [ 2.1378084, 41.4287237 ], [ 2.1379574, 41.4289125 ], [ 2.1380709, 41.4290834 ], [ 2.1381526, 41.4292701 ], [ 2.1382156, 41.4294309 ], [ 2.1383259, 41.4296821 ], [ 2.1382339, 41.4297032 ], [ 2.138219, 41.4297094 ], [ 2.1381813, 41.4297384 ], [ 2.1381614, 41.4297564 ], [ 2.1381099, 41.4297881 ], [ 2.1380809, 41.4298183 ], [ 2.1380795, 41.4298198 ], [ 2.1380214, 41.429832 ], [ 2.1379672, 41.4298457 ], [ 2.137949, 41.4298443 ], [ 2.1378976, 41.4298324 ], [ 2.1375731, 41.4297544 ], [ 2.1371256, 41.4296467 ], [ 2.1365167, 41.4295032 ], [ 2.1360666, 41.4293971 ], [ 2.1359908, 41.4293782 ], [ 2.1357648, 41.4293219 ], [ 2.1353046, 41.4297092 ], [ 2.1351984, 41.4297985 ], [ 2.1348248, 41.4301128 ], [ 2.1347085, 41.4302105 ], [ 2.1346935, 41.4302161 ], [ 2.1346439, 41.4303739 ], [ 2.1345798, 41.430529 ], [ 2.1345559, 41.4305984 ], [ 2.1345286, 41.4306714 ], [ 2.1344817, 41.4307805 ], [ 2.1344674, 41.4308277 ], [ 2.1344631, 41.4309308 ], [ 2.1344684, 41.4310378 ], [ 2.1344718, 41.4311137 ], [ 2.1344744, 41.4311637 ], [ 2.1344966, 41.4312131 ], [ 2.1345218, 41.431279 ], [ 2.1345443, 41.4313286 ], [ 2.1345738, 41.4313731 ], [ 2.1346237, 41.4314279 ], [ 2.1346839, 41.4314757 ], [ 2.1347621, 41.4315176 ], [ 2.1348466, 41.4315487 ], [ 2.1348987, 41.4315847 ], [ 2.1349209, 41.431607 ], [ 2.1349602, 41.4316289 ], [ 2.1347578, 41.4316714 ], [ 2.1346462, 41.4316949 ] ] ] } },
{ "type": "Feature", "properties": { "id": "40", "name": "Montbau", "housing2025": 2563.0, "housing2026": 2563.0, "hutCount": 0, "hutPending": 0, "hutAllRecords": 0, "hutStrictGeometry": 0, "hutBeds": 0.0, "missingBeds": 0, "rent2019": 11.883546670347888, "rentMonth2019": 793.92610169491525, "contracts2019": 177.0, "rent2020": 11.892571572311828, "rentMonth2020": 784.55602150537629, "contracts2020": 93.0, "rent2021": 11.194897334587102, "rentMonth2021": 740.43374193548379, "contracts2021": 155.0, "rent2022": 11.890828132690322, "rentMonth2022": 793.68570512820531, "contracts2022": 156.0, "rent2023": 13.766863835600001, "rentMonth2023": 896.1950833333334, "contracts2023": 120.0, "rent2024": 13.638460436434778, "rentMonth2024": 905.7300869565214, "contracts2024": 115.0, "rent2025": 15.470222363305099, "rentMonth2025": 869.98125, "contracts2025": 80.0, "hutIntensity": 0.0, "hutInclusiveIntensity": 0.0, "hutStrictIntensity": 0.0, "rentChange": 30.102144196116075, "contractIntensity": 31.213421771361684, "comparable": true, "validRent2025": true, "validRentChange": true, "validContractActivity": true, "qualityFlag": "comparable", "platform2025": 8, "platformEntire2025": 2, "platformIntensity2025": 0.78033554428404217, "overlapClass": "neither", "changeClass": "rent", "thresholdStable": true, "caseFlag": true }, "geometry": { "type": "Polygon", "coordinates": [ [ [ 2.1362746, 41.4427398 ], [ 2.1361994, 41.4427916 ], [ 2.1360974, 41.4428377 ], [ 2.1360165, 41.4428688 ], [ 2.1359779, 41.4428928 ], [ 2.1359289, 41.4429243 ], [ 2.1358854, 41.4429415 ], [ 2.1358316, 41.4429895 ], [ 2.1357541, 41.4430234 ], [ 2.1356211, 41.4431436 ], [ 2.1354136, 41.4432779 ], [ 2.1352731, 41.4434179 ], [ 2.1351497, 41.4435095 ], [ 2.135053, 41.4435717 ], [ 2.134996, 41.4436365 ], [ 2.1349016, 41.4436803 ], [ 2.1347833, 41.4437028 ], [ 2.1346443, 41.4437549 ], [ 2.1344633, 41.443826 ], [ 2.1342922, 41.4438881 ], [ 2.1341745, 41.443927 ], [ 2.1341618, 41.4439301 ], [ 2.1341593, 41.4439307 ], [ 2.1341478, 41.4439334 ], [ 2.1341402, 41.4439356 ], [ 2.1341328, 41.4439376 ], [ 2.1341325, 41.4439377 ], [ 2.1341323, 41.4439377 ], [ 2.1341317, 41.4439378 ], [ 2.1341316, 41.4439378 ], [ 2.1341174, 41.4439423 ], [ 2.1340998, 41.4439495 ], [ 2.1340942, 41.4439517 ], [ 2.1340936, 41.443952 ], [ 2.1340855, 41.4439553 ], [ 2.1340747, 41.4439604 ], [ 2.1340708, 41.4439623 ], [ 2.1340674, 41.4439642 ], [ 2.1340556, 41.4439707 ], [ 2.1340448, 41.4439788 ], [ 2.1340406, 41.4439819 ], [ 2.1340366, 41.443986 ], [ 2.1340272, 41.4439957 ], [ 2.1340178, 41.4440058 ], [ 2.1340139, 41.4440099 ], [ 2.134013, 41.4440116 ], [ 2.1340098, 41.4440176 ], [ 2.1339978, 41.4440268 ], [ 2.1339954, 41.4440287 ], [ 2.1339858, 41.444036 ], [ 2.1338348, 41.4441217 ], [ 2.1337391, 41.4442275 ], [ 2.1336705, 41.4443918 ], [ 2.1336203, 41.4444348 ], [ 2.1335549, 41.444495 ], [ 2.1334361, 41.4444959 ], [ 2.1334288, 41.4444997 ], [ 2.1333449, 41.4445424 ], [ 2.133189, 41.4445618 ], [ 2.1330647, 41.4446018 ], [ 2.1329248, 41.4446616 ], [ 2.1328719, 41.444708 ], [ 2.1328709, 41.444709 ], [ 2.1328701, 41.4447097 ], [ 2.1328532, 41.4447262 ], [ 2.1328478, 41.4447052 ], [ 2.1328188, 41.4446401 ], [ 2.1327821, 41.4446047 ], [ 2.1327395, 41.4445692 ], [ 2.1327003, 41.4445491 ], [ 2.1326348, 41.4445189 ], [ 2.1325399, 41.444456 ], [ 2.1324606, 41.4443861 ], [ 2.1323753, 41.4443206 ], [ 2.1322936, 41.4442551 ], [ 2.1322116, 41.4442122 ], [ 2.1321127, 41.4441736 ], [ 2.1320233, 41.4441459 ], [ 2.1318215, 41.4441065 ], [ 2.1316174, 41.4440654 ], [ 2.1314658, 41.4440264 ], [ 2.131356, 41.4440039 ], [ 2.1312178, 41.4439524 ], [ 2.131089, 41.4439163 ], [ 2.1309481, 41.4438901 ], [ 2.1308513, 41.4438803 ], [ 2.1307857, 41.44386 ], [ 2.1307191, 41.4438289 ], [ 2.1306826, 41.4437863 ], [ 2.1306405, 41.4437067 ], [ 2.1306236, 41.4436309 ], [ 2.1305551, 41.4435583 ], [ 2.1302639, 41.4433147 ], [ 2.1301065, 41.443182 ], [ 2.1299437, 41.4430299 ], [ 2.1299437, 41.4430296 ], [ 2.1299674, 41.4426496 ], [ 2.1299448, 41.4424736 ], [ 2.1298041, 41.4423481 ], [ 2.1296495, 41.442099 ], [ 2.1296014, 41.4420483 ], [ 2.1295001, 41.4419127 ], [ 2.1295115, 41.4417436 ], [ 2.1299248, 41.4411682 ], [ 2.1299557, 41.4410862 ], [ 2.1299577, 41.4409519 ], [ 2.129928, 41.4406698 ], [ 2.1299012, 41.4405972 ], [ 2.1298457, 41.4405419 ], [ 2.1294465, 41.4402336 ], [ 2.1293882, 41.4401744 ], [ 2.1293509, 41.4400846 ], [ 2.1293732, 41.4399276 ], [ 2.1293979, 41.4395815 ], [ 2.1293649, 41.4393832 ], [ 2.1294723, 41.4388289 ], [ 2.1294735, 41.4387299 ], [ 2.1294198, 41.4384988 ], [ 2.1292959, 41.4380189 ], [ 2.1292738, 41.4379091 ], [ 2.1292618, 41.4377367 ], [ 2.1292371, 41.437663 ], [ 2.1292178, 41.4376237 ], [ 2.1286517, 41.4369156 ], [ 2.1286137, 41.4367899 ], [ 2.1285901, 41.4366337 ], [ 2.1286011, 41.436598 ], [ 2.1287711, 41.4362887 ], [ 2.1287998, 41.4362078 ], [ 2.128843, 41.4358132 ], [ 2.1288013, 41.4356887 ], [ 2.1287873, 41.4355962 ], [ 2.1287881, 41.435544 ], [ 2.128805, 41.4353902 ], [ 2.1288195, 41.4353189 ], [ 2.1288435, 41.435251 ], [ 2.1288442, 41.4351779 ], [ 2.1288361, 41.4351047 ], [ 2.1287966, 41.434948 ], [ 2.1287702, 41.4348828 ], [ 2.1286906, 41.4347723 ], [ 2.1286303, 41.4346714 ], [ 2.1284964, 41.434391 ], [ 2.1284488, 41.4343257 ], [ 2.1283853, 41.4342245 ], [ 2.1283313, 41.4340602 ], [ 2.1283091, 41.4339487 ], [ 2.1283105, 41.4338662 ], [ 2.128331, 41.4337394 ], [ 2.128301, 41.4335218 ], [ 2.1282706, 41.4335094 ], [ 2.1281544, 41.4334765 ], [ 2.1276951, 41.4332662 ], [ 2.1275367, 41.4331399 ], [ 2.127345, 41.4328446 ], [ 2.127266, 41.4326317 ], [ 2.1267929, 41.4321443 ], [ 2.1266956, 41.4320498 ], [ 2.1265211, 41.4318468 ], [ 2.1264236, 41.4316752 ], [ 2.1265272, 41.4316095 ], [ 2.1265146, 41.4315992 ], [ 2.1266282, 41.4315957 ], [ 2.1267188, 41.4316572 ], [ 2.1268025, 41.431701 ], [ 2.1268469, 41.431727 ], [ 2.126929, 41.4317546 ], [ 2.1270075, 41.4317822 ], [ 2.1271254, 41.4318141 ], [ 2.1272021, 41.4318363 ], [ 2.1272857, 41.4318555 ], [ 2.1273832, 41.4318736 ], [ 2.1274986, 41.4318812 ], [ 2.1275695, 41.4318884 ], [ 2.1276495, 41.4318864 ], [ 2.1277562, 41.4318818 ], [ 2.1278344, 41.4318771 ], [ 2.1279838, 41.4318648 ], [ 2.1283272, 41.4318233 ], [ 2.1287973, 41.4317691 ], [ 2.1289566, 41.4317566 ], [ 2.1290347, 41.4317597 ], [ 2.1291666, 41.4317735 ], [ 2.1291679, 41.4317736 ], [ 2.1291986, 41.4317774 ], [ 2.1292292, 41.4317814 ], [ 2.1292598, 41.4317856 ], [ 2.1292904, 41.43179 ], [ 2.1293208, 41.4317946 ], [ 2.1293513, 41.4317993 ], [ 2.1293817, 41.4318043 ], [ 2.129412, 41.4318094 ], [ 2.1294423, 41.4318147 ], [ 2.1294725, 41.4318202 ], [ 2.1295036, 41.4318258 ], [ 2.1295349, 41.4318311 ], [ 2.1295662, 41.4318363 ], [ 2.1295975, 41.4318412 ], [ 2.1296289, 41.431846 ], [ 2.1296604, 41.4318505 ], [ 2.1296919, 41.4318548 ], [ 2.1297055, 41.4318568 ], [ 2.1297193, 41.4318587 ], [ 2.1297331, 41.4318604 ], [ 2.1297469, 41.4318619 ], [ 2.1297607, 41.4318633 ], [ 2.1297746, 41.4318646 ], [ 2.1297885, 41.4318657 ], [ 2.1298025, 41.4318667 ], [ 2.1298164, 41.4318675 ], [ 2.1298304, 41.4318681 ], [ 2.1298821, 41.4318674 ], [ 2.1298982, 41.4318665 ], [ 2.1299336, 41.4318647 ], [ 2.1299849, 41.4318599 ], [ 2.1300357, 41.4318531 ], [ 2.1300861, 41.4318444 ], [ 2.1301357, 41.4318337 ], [ 2.1301846, 41.4318211 ], [ 2.1306782, 41.4317007 ], [ 2.1307633, 41.4316803 ], [ 2.130843, 41.431662 ], [ 2.130957, 41.4316392 ], [ 2.1310589, 41.4316244 ], [ 2.1310996, 41.4316202 ], [ 2.1311158, 41.4316197 ], [ 2.1311582, 41.4316194 ], [ 2.1312052, 41.4316211 ], [ 2.1312519, 41.4316249 ], [ 2.1312983, 41.4316307 ], [ 2.1313442, 41.4316386 ], [ 2.1313893, 41.4316485 ], [ 2.1314336, 41.4316603 ], [ 2.131477, 41.4316741 ], [ 2.1315191, 41.4316898 ], [ 2.13156, 41.4317073 ], [ 2.1315994, 41.4317266 ], [ 2.1316963, 41.4317781 ], [ 2.1317951, 41.4318274 ], [ 2.1318958, 41.4318747 ], [ 2.1319449, 41.4318973 ], [ 2.1319982, 41.4319198 ], [ 2.132035, 41.4319346 ], [ 2.1320731, 41.4319472 ], [ 2.1321124, 41.4319577 ], [ 2.1321525, 41.4319659 ], [ 2.1321582, 41.4319667 ], [ 2.1321934, 41.4319718 ], [ 2.1322347, 41.4319754 ], [ 2.1322696, 41.431976 ], [ 2.1323218, 41.4319743 ], [ 2.1323699, 41.4319696 ], [ 2.1324146, 41.4319619 ], [ 2.1324628, 41.4319513 ], [ 2.1325078, 41.4319386 ], [ 2.1325518, 41.431925 ], [ 2.1326826, 41.4318817 ], [ 2.1328807, 41.4318153 ], [ 2.1330237, 41.4317677 ], [ 2.1331852, 41.4317145 ], [ 2.1332362, 41.4316989 ], [ 2.1332876, 41.4316861 ], [ 2.1333394, 41.4316758 ], [ 2.1333713, 41.4316719 ], [ 2.1334041, 41.4316696 ], [ 2.133437, 41.4316689 ], [ 2.13347, 41.43167 ], [ 2.1335028, 41.4316727 ], [ 2.1335354, 41.4316771 ], [ 2.133569, 41.4316834 ], [ 2.1336015, 41.4316915 ], [ 2.133633, 41.4317017 ], [ 2.1336633, 41.4317138 ], [ 2.1336926, 41.4317279 ], [ 2.1337233, 41.4317445 ], [ 2.133724, 41.4317449 ], [ 2.1337563, 41.431766 ], [ 2.1337643, 41.4317715 ], [ 2.133772, 41.4317771 ], [ 2.1337796, 41.4317829 ], [ 2.133787, 41.4317888 ], [ 2.1337942, 41.4317948 ], [ 2.1338013, 41.431801 ], [ 2.1338081, 41.4318073 ], [ 2.1338147, 41.4318136 ], [ 2.1338212, 41.4318202 ], [ 2.1338274, 41.4318268 ], [ 2.1338334, 41.4318336 ], [ 2.1338392, 41.4318404 ], [ 2.1338449, 41.4318473 ], [ 2.1338502, 41.4318544 ], [ 2.1338554, 41.4318615 ], [ 2.1338603, 41.4318688 ], [ 2.1338647, 41.4318756 ], [ 2.1338688, 41.4318825 ], [ 2.1338728, 41.4318894 ], [ 2.1338765, 41.4318964 ], [ 2.13388, 41.4319035 ], [ 2.1338832, 41.4319107 ], [ 2.1338862, 41.4319179 ], [ 2.133889, 41.4319252 ], [ 2.1338915, 41.4319325 ], [ 2.1338938, 41.4319398 ], [ 2.1338959, 41.4319472 ], [ 2.1338977, 41.4319546 ], [ 2.1338992, 41.4319621 ], [ 2.1339006, 41.4319696 ], [ 2.1339017, 41.4319771 ], [ 2.1339028, 41.4319869 ], [ 2.1339037, 41.4319966 ], [ 2.1339043, 41.4320064 ], [ 2.1339046, 41.4320162 ], [ 2.1339047, 41.432026 ], [ 2.1339046, 41.4320358 ], [ 2.1339041, 41.4320456 ], [ 2.1339034, 41.4320553 ], [ 2.1339024, 41.4320651 ], [ 2.1339012, 41.4320748 ], [ 2.1338997, 41.4320845 ], [ 2.1338979, 41.4320942 ], [ 2.1338959, 41.4321039 ], [ 2.1338936, 41.4321135 ], [ 2.1338911, 41.4321231 ], [ 2.1338875, 41.4321344 ], [ 2.1338837, 41.4321456 ], [ 2.1338796, 41.4321568 ], [ 2.1338752, 41.4321679 ], [ 2.1338705, 41.432179 ], [ 2.1338656, 41.43219 ], [ 2.1338604, 41.4322009 ], [ 2.1338549, 41.4322118 ], [ 2.1338491, 41.4322226 ], [ 2.1338284, 41.4322604 ], [ 2.1338033, 41.4323061 ], [ 2.1337604, 41.4323836 ], [ 2.1337262, 41.4324479 ], [ 2.1336988, 41.4325071 ], [ 2.1336776, 41.4325585 ], [ 2.1336595, 41.4326077 ], [ 2.1336492, 41.4326402 ], [ 2.1336365, 41.4326893 ], [ 2.1336276, 41.4327391 ], [ 2.1336224, 41.4327896 ], [ 2.1336226, 41.4328387 ], [ 2.1336265, 41.4328874 ], [ 2.1336338, 41.4329356 ], [ 2.1336448, 41.4329893 ], [ 2.1336585, 41.4330425 ], [ 2.1336745, 41.4330948 ], [ 2.133704, 41.4331887 ], [ 2.1337402, 41.4332985 ], [ 2.1337542, 41.4333349 ], [ 2.1338342, 41.4335914 ], [ 2.1339278, 41.4339014 ], [ 2.1339378, 41.4339259 ], [ 2.1339503, 41.4339512 ], [ 2.1339651, 41.433976 ], [ 2.1339819, 41.434 ], [ 2.1340007, 41.4340232 ], [ 2.1340214, 41.4340454 ], [ 2.1340438, 41.4340666 ], [ 2.1340679, 41.4340886 ], [ 2.1340815, 41.4340984 ], [ 2.1340975, 41.4341085 ], [ 2.1341147, 41.4341179 ], [ 2.1341329, 41.4341266 ], [ 2.134152, 41.4341343 ], [ 2.134172, 41.4341411 ], [ 2.1341926, 41.4341468 ], [ 2.1342138, 41.4341514 ], [ 2.1342354, 41.4341549 ], [ 2.1342572, 41.4341572 ], [ 2.1342791, 41.4341584 ], [ 2.1343008, 41.4341584 ], [ 2.1343223, 41.4341573 ], [ 2.1343433, 41.4341551 ], [ 2.1343639, 41.4341519 ], [ 2.1343855, 41.4341484 ], [ 2.1344168, 41.4341403 ], [ 2.13445, 41.4341287 ], [ 2.1344811, 41.4341147 ], [ 2.1344968, 41.4341063 ], [ 2.1345114, 41.4340975 ], [ 2.1345252, 41.4340882 ], [ 2.1345389, 41.434078 ], [ 2.1345625, 41.4340572 ], [ 2.1345832, 41.4340346 ], [ 2.134599, 41.4340127 ], [ 2.1346133, 41.4339804 ], [ 2.134622, 41.4339523 ], [ 2.1346274, 41.4339236 ], [ 2.1346294, 41.4338945 ], [ 2.1346279, 41.4338653 ], [ 2.134623, 41.4338365 ], [ 2.1346147, 41.4338084 ], [ 2.134604, 41.433783 ], [ 2.1345174, 41.433659 ], [ 2.1344304, 41.4335454 ], [ 2.134266, 41.4333349 ], [ 2.1342517, 41.4333167 ], [ 2.1342366, 41.4332975 ], [ 2.1342217, 41.4332781 ], [ 2.134207, 41.4332586 ], [ 2.1341925, 41.4332391 ], [ 2.1341781, 41.4332195 ], [ 2.134164, 41.4331998 ], [ 2.1341561, 41.4331895 ], [ 2.1341485, 41.433179 ], [ 2.1341411, 41.4331685 ], [ 2.134134, 41.4331578 ], [ 2.1341271, 41.4331471 ], [ 2.1341204, 41.4331363 ], [ 2.1341139, 41.4331254 ], [ 2.1341077, 41.4331144 ], [ 2.1341018, 41.4331034 ], [ 2.134096, 41.4330923 ], [ 2.1340905, 41.4330811 ], [ 2.1340853, 41.4330699 ], [ 2.1340803, 41.4330585 ], [ 2.1340756, 41.4330472 ], [ 2.1340711, 41.4330357 ], [ 2.1340668, 41.4330243 ], [ 2.1340628, 41.4330127 ], [ 2.1340591, 41.4330011 ], [ 2.1340556, 41.4329895 ], [ 2.1340526, 41.4329785 ], [ 2.1340499, 41.4329674 ], [ 2.1340474, 41.4329563 ], [ 2.1340452, 41.4329451 ], [ 2.1340432, 41.4329339 ], [ 2.1340414, 41.4329227 ], [ 2.1340399, 41.4329115 ], [ 2.1340387, 41.4329003 ], [ 2.1340376, 41.432889 ], [ 2.1340369, 41.4328778 ], [ 2.1340363, 41.4328665 ], [ 2.134036, 41.4328552 ], [ 2.134036, 41.4328439 ], [ 2.1340362, 41.4328327 ], [ 2.1340367, 41.4328214 ], [ 2.1340372, 41.4328134 ], [ 2.1340373, 41.4328101 ], [ 2.1340383, 41.4327989 ], [ 2.1340395, 41.4327876 ], [ 2.1340409, 41.4327764 ], [ 2.134043, 41.432764 ], [ 2.1340454, 41.4327516 ], [ 2.134048, 41.4327393 ], [ 2.1340509, 41.432727 ], [ 2.134054, 41.4327147 ], [ 2.1340573, 41.4327024 ], [ 2.1340609, 41.4326902 ], [ 2.1340647, 41.4326781 ], [ 2.1340688, 41.4326659 ], [ 2.1340731, 41.4326539 ], [ 2.1340776, 41.4326418 ], [ 2.1340823, 41.4326298 ], [ 2.1340873, 41.4326179 ], [ 2.1340925, 41.432606 ], [ 2.1340979, 41.4325942 ], [ 2.1341036, 41.4325825 ], [ 2.1341095, 41.4325708 ], [ 2.1341156, 41.4325591 ], [ 2.1341219, 41.4325476 ], [ 2.1341435, 41.4325159 ], [ 2.1341649, 41.4324842 ], [ 2.134186, 41.4324523 ], [ 2.1342069, 41.4324203 ], [ 2.1342275, 41.4323883 ], [ 2.1342479, 41.4323562 ], [ 2.1342681, 41.4323239 ], [ 2.134288, 41.4322916 ], [ 2.1343077, 41.4322592 ], [ 2.1343407, 41.4322094 ], [ 2.1343721, 41.4321621 ], [ 2.1343775, 41.4321545 ], [ 2.1343827, 41.4321468 ], [ 2.1343876, 41.432139 ], [ 2.1343924, 41.4321312 ], [ 2.1343969, 41.4321232 ], [ 2.1344012, 41.4321152 ], [ 2.1344052, 41.4321071 ], [ 2.1344091, 41.432099 ], [ 2.1344127, 41.4320908 ], [ 2.134416, 41.4320825 ], [ 2.1344191, 41.4320742 ], [ 2.134422, 41.4320659 ], [ 2.1344246, 41.4320574 ], [ 2.134427, 41.432049 ], [ 2.1344296, 41.4320397 ], [ 2.1344319, 41.4320303 ], [ 2.1344329, 41.4320261 ], [ 2.134434, 41.4320209 ], [ 2.1344359, 41.4320115 ], [ 2.1344376, 41.4320021 ], [ 2.134439, 41.4319926 ], [ 2.1344402, 41.4319831 ], [ 2.1344412, 41.4319735 ], [ 2.1344419, 41.431964 ], [ 2.1344425, 41.4319544 ], [ 2.1344427, 41.4319449 ], [ 2.1344428, 41.4319353 ], [ 2.1344427, 41.4319243 ], [ 2.1344424, 41.4319133 ], [ 2.1344418, 41.4319023 ], [ 2.1344409, 41.4318913 ], [ 2.1344399, 41.4318804 ], [ 2.1344385, 41.4318694 ], [ 2.134437, 41.4318585 ], [ 2.1344351, 41.4318475 ], [ 2.1344331, 41.4318366 ], [ 2.1344308, 41.4318258 ], [ 2.1344282, 41.4318149 ], [ 2.134425, 41.4318044 ], [ 2.1344215, 41.431794 ], [ 2.1344178, 41.4317836 ], [ 2.1344138, 41.4317732 ], [ 2.1344096, 41.4317629 ], [ 2.1344052, 41.4317527 ], [ 2.1344006, 41.4317426 ], [ 2.1343957, 41.4317324 ], [ 2.1343931, 41.4317274 ], [ 2.1345592, 41.4317061 ], [ 2.1346106, 41.4316995 ], [ 2.1346462, 41.4316949 ], [ 2.1347578, 41.4316714 ], [ 2.1349602, 41.4316289 ], [ 2.1349209, 41.431607 ], [ 2.1348987, 41.4315847 ], [ 2.1348466, 41.4315487 ], [ 2.1347621, 41.4315176 ], [ 2.1346839, 41.4314757 ], [ 2.1346237, 41.4314279 ], [ 2.1345738, 41.4313731 ], [ 2.1345443, 41.4313286 ], [ 2.1345218, 41.431279 ], [ 2.1344966, 41.4312131 ], [ 2.1344744, 41.4311637 ], [ 2.1344718, 41.4311137 ], [ 2.1344684, 41.4310378 ], [ 2.1344631, 41.4309308 ], [ 2.1344674, 41.4308277 ], [ 2.1344817, 41.4307805 ], [ 2.1345286, 41.4306714 ], [ 2.1345559, 41.4305984 ], [ 2.1345798, 41.430529 ], [ 2.1346439, 41.4303739 ], [ 2.1346935, 41.4302161 ], [ 2.1347085, 41.4302105 ], [ 2.1348248, 41.4301128 ], [ 2.1351984, 41.4297985 ], [ 2.1353046, 41.4297092 ], [ 2.1357648, 41.4293219 ], [ 2.1359908, 41.4293782 ], [ 2.1360666, 41.4293971 ], [ 2.1365167, 41.4295032 ], [ 2.1371256, 41.4296467 ], [ 2.1375731, 41.4297544 ], [ 2.1378976, 41.4298324 ], [ 2.137949, 41.4298443 ], [ 2.1379672, 41.4298457 ], [ 2.1380214, 41.429832 ], [ 2.1380795, 41.4298198 ], [ 2.1380809, 41.4298183 ], [ 2.1381099, 41.4297881 ], [ 2.1381614, 41.4297564 ], [ 2.1381813, 41.4297384 ], [ 2.138219, 41.4297094 ], [ 2.1382339, 41.4297032 ], [ 2.1383259, 41.4296821 ], [ 2.1382156, 41.4294309 ], [ 2.1381526, 41.4292701 ], [ 2.1380709, 41.4290834 ], [ 2.1379574, 41.4289125 ], [ 2.1378084, 41.4287237 ], [ 2.1376373, 41.4285069 ], [ 2.1375051, 41.4283317 ], [ 2.1374216, 41.428235 ], [ 2.1372974, 41.4280817 ], [ 2.1374025, 41.4280717 ], [ 2.1377617, 41.4280403 ], [ 2.137829, 41.4280333 ], [ 2.1380479, 41.4280153 ], [ 2.1380487, 41.4280152 ], [ 2.1380953, 41.4280107 ], [ 2.1381899, 41.4279895 ], [ 2.1381988, 41.4279872 ], [ 2.1382721, 41.4279685 ], [ 2.1383596, 41.4278592 ], [ 2.1383626, 41.4278548 ], [ 2.1384313, 41.4277542 ], [ 2.1385282, 41.4276125 ], [ 2.138529, 41.4276113 ], [ 2.1386304, 41.4274682 ], [ 2.1386931, 41.4273799 ], [ 2.1387076, 41.4273594 ], [ 2.1387312, 41.427326 ], [ 2.1389896, 41.4269616 ], [ 2.1389848, 41.426951 ], [ 2.1391036, 41.4269231 ], [ 2.1391654, 41.4269086 ], [ 2.13918, 41.4269474 ], [ 2.139233, 41.4269612 ], [ 2.1392416, 41.4269585 ], [ 2.139261, 41.4269182 ], [ 2.139241, 41.426882 ], [ 2.1393372, 41.4268594 ], [ 2.1393475, 41.426857 ], [ 2.1393737, 41.4268509 ], [ 2.1393774, 41.42685 ], [ 2.1391969, 41.426458 ], [ 2.1396258, 41.4257557 ], [ 2.1397812, 41.4255039 ], [ 2.139793, 41.4254894 ], [ 2.1398078, 41.4254765 ], [ 2.1398253, 41.4254656 ], [ 2.139845, 41.4254572 ], [ 2.1398782, 41.4254461 ], [ 2.1399118, 41.4254358 ], [ 2.1399457, 41.4254261 ], [ 2.13998, 41.4254171 ], [ 2.1400353, 41.4254027 ], [ 2.1400907, 41.4253884 ], [ 2.1401462, 41.4253741 ], [ 2.1402017, 41.4253599 ], [ 2.1402573, 41.4253457 ], [ 2.1403128, 41.4253315 ], [ 2.1403513, 41.4253217 ], [ 2.1403897, 41.4253118 ], [ 2.1404282, 41.425302 ], [ 2.1404665, 41.4252921 ], [ 2.1405049, 41.4252822 ], [ 2.1405433, 41.4252723 ], [ 2.1405816, 41.4252623 ], [ 2.1406199, 41.4252524 ], [ 2.1406582, 41.4252424 ], [ 2.1407149, 41.4252282 ], [ 2.1407716, 41.4252138 ], [ 2.1408283, 41.4251993 ], [ 2.140885, 41.4251847 ], [ 2.1409214, 41.4251751 ], [ 2.1410641, 41.4251376 ], [ 2.141346, 41.4250552 ], [ 2.1418604, 41.4249163 ], [ 2.1421783, 41.4248263 ], [ 2.1423299, 41.4247863 ], [ 2.1423791, 41.4248768 ], [ 2.142454, 41.4250205 ], [ 2.1426003, 41.4253145 ], [ 2.1427309, 41.4255913 ], [ 2.143009, 41.426194 ], [ 2.1431729, 41.4265495 ], [ 2.1432516, 41.4267201 ], [ 2.1434345, 41.4271199 ], [ 2.1436329, 41.4275494 ], [ 2.1438228, 41.4279593 ], [ 2.1440582, 41.4284675 ], [ 2.1443648, 41.4291325 ], [ 2.1445118, 41.4294496 ], [ 2.1446318, 41.4297097 ], [ 2.1447651, 41.4300001 ], [ 2.1448987, 41.4303002 ], [ 2.1450372, 41.4306144 ], [ 2.1451669, 41.4308996 ], [ 2.1453086, 41.4312088 ], [ 2.1453867, 41.4313784 ], [ 2.1455057, 41.4316437 ], [ 2.1456244, 41.4318941 ], [ 2.1456381, 41.4319241 ], [ 2.1457052, 41.4320685 ], [ 2.1457891, 41.4322493 ], [ 2.14603, 41.4327682 ], [ 2.1461099, 41.432938 ], [ 2.1462152, 41.4331573 ], [ 2.1464124, 41.4335498 ], [ 2.146518, 41.4337467 ], [ 2.146581, 41.4338622 ], [ 2.1465958, 41.4338892 ], [ 2.1467235, 41.434103 ], [ 2.1467626, 41.4341659 ], [ 2.1468134, 41.4342464 ], [ 2.1468739, 41.4343393 ], [ 2.1469795, 41.4344952 ], [ 2.1470581, 41.4346041 ], [ 2.1472101, 41.4348034 ], [ 2.1472914, 41.4349058 ], [ 2.1473705, 41.4350001 ], [ 2.1474593, 41.4351011 ], [ 2.1475284, 41.435178 ], [ 2.1476107, 41.4352667 ], [ 2.1477389, 41.4354002 ], [ 2.1478225, 41.4354837 ], [ 2.1479517, 41.4356059 ], [ 2.1480412, 41.4356867 ], [ 2.1481336, 41.4357677 ], [ 2.1482624, 41.4358777 ], [ 2.1483963, 41.435987 ], [ 2.1485714, 41.4361224 ], [ 2.1482744, 41.4365527 ], [ 2.1481878, 41.4370051 ], [ 2.148183, 41.4370291 ], [ 2.1481784, 41.4370532 ], [ 2.148174, 41.4370772 ], [ 2.1481516, 41.4371819 ], [ 2.1481335, 41.4373018 ], [ 2.1481092, 41.4374153 ], [ 2.1481068, 41.4374251 ], [ 2.1481043, 41.4374348 ], [ 2.1481015, 41.4374446 ], [ 2.1480985, 41.4374543 ], [ 2.1480953, 41.437464 ], [ 2.1480779, 41.4375004 ], [ 2.1480669, 41.4375241 ], [ 2.1480477, 41.4375577 ], [ 2.1480352, 41.4375756 ], [ 2.1480218, 41.4375932 ], [ 2.1480075, 41.4376105 ], [ 2.1479923, 41.4376273 ], [ 2.1479763, 41.4376437 ], [ 2.1479596, 41.4376597 ], [ 2.1479421, 41.4376751 ], [ 2.1479239, 41.43769 ], [ 2.1477156, 41.4378629 ], [ 2.1475625, 41.4379926 ], [ 2.1475399, 41.4380118 ], [ 2.1475149, 41.4380329 ], [ 2.1474201, 41.4379918 ], [ 2.1473443, 41.437959 ], [ 2.1472115, 41.438097 ], [ 2.1472053, 41.4381003 ], [ 2.1471822, 41.4381142 ], [ 2.147164, 41.4381244 ], [ 2.1467116, 41.4383756 ], [ 2.1463198, 41.438593 ], [ 2.1462745, 41.4386182 ], [ 2.1462656, 41.4386232 ], [ 2.1462509, 41.4386313 ], [ 2.1462042, 41.4386574 ], [ 2.1461546, 41.438685 ], [ 2.1461272, 41.4387003 ], [ 2.1461325, 41.4387287 ], [ 2.1461261, 41.4387561 ], [ 2.1461115, 41.4387785 ], [ 2.1460892, 41.4388003 ], [ 2.1460589, 41.4388144 ], [ 2.1460297, 41.4388182 ], [ 2.1460005, 41.438819 ], [ 2.1459907, 41.4388198 ], [ 2.1459879, 41.43882 ], [ 2.145981, 41.4388206 ], [ 2.1459689, 41.4388195 ], [ 2.1459598, 41.4388154 ], [ 2.1459294, 41.4388463 ], [ 2.1457307, 41.4390484 ], [ 2.1457161, 41.4390633 ], [ 2.1456276, 41.4392316 ], [ 2.1455804, 41.4392602 ], [ 2.1455768, 41.4392625 ], [ 2.1453551, 41.4393973 ], [ 2.1450757, 41.4394973 ], [ 2.1447034, 41.4396305 ], [ 2.1444386, 41.4397253 ], [ 2.1444088, 41.439736 ], [ 2.1443731, 41.4397488 ], [ 2.144369, 41.4397503 ], [ 2.1443649, 41.4397517 ], [ 2.1437642, 41.4401376 ], [ 2.1432836, 41.4403244 ], [ 2.142951, 41.4404537 ], [ 2.1429068, 41.440372 ], [ 2.1428312, 41.4402325 ], [ 2.1428112, 41.4402405 ], [ 2.142714, 41.4402794 ], [ 2.1417624, 41.4399073 ], [ 2.141142, 41.4396647 ], [ 2.1404353, 41.4399744 ], [ 2.1403505, 41.4400115 ], [ 2.1403115, 41.4400274 ], [ 2.1397423, 41.4402588 ], [ 2.1393909, 41.4404167 ], [ 2.1391935, 41.4404914 ], [ 2.1389769, 41.4405604 ], [ 2.1384282, 41.4407892 ], [ 2.1378355, 41.4403191 ], [ 2.1378304, 41.440339 ], [ 2.1378262, 41.4403551 ], [ 2.1378035, 41.4403718 ], [ 2.1377926, 41.4403805 ], [ 2.1377796, 41.4403932 ], [ 2.137772, 41.4404021 ], [ 2.1377591, 41.4404206 ], [ 2.1377419, 41.4404256 ], [ 2.1377326, 41.4404325 ], [ 2.137728, 41.4404359 ], [ 2.137624, 41.4404611 ], [ 2.1375955, 41.4404695 ], [ 2.1375021, 41.4404975 ], [ 2.137388, 41.4405422 ], [ 2.1373008, 41.4405859 ], [ 2.1372328, 41.4406351 ], [ 2.1371998, 41.440659 ], [ 2.1371779, 41.440675 ], [ 2.1371341, 41.4407073 ], [ 2.1370724, 41.4407701 ], [ 2.1369918, 41.4408777 ], [ 2.1369426, 41.4409577 ], [ 2.1369523, 41.4410482 ], [ 2.1369697, 41.4411481 ], [ 2.1369875, 41.4412783 ], [ 2.1369942, 41.4413899 ], [ 2.137011, 41.4415215 ], [ 2.1370182, 41.4415454 ], [ 2.1370253, 41.4415692 ], [ 2.137039, 41.4416151 ], [ 2.1370478, 41.4416492 ], [ 2.1370527, 41.4416685 ], [ 2.1370577, 41.4416878 ], [ 2.1370684, 41.4417291 ], [ 2.1370473, 41.4418147 ], [ 2.1369856, 41.4418876 ], [ 2.1369335, 41.4419384 ], [ 2.1368966, 41.4419743 ], [ 2.1368209, 41.4420413 ], [ 2.1367858, 41.442084 ], [ 2.1367455, 41.4421331 ], [ 2.1366755, 41.442225 ], [ 2.1365864, 41.442269 ], [ 2.1365356, 41.442363 ], [ 2.1364815, 41.4424824 ], [ 2.1363871, 41.442608 ], [ 2.1363052, 41.4427326 ], [ 2.1362961, 41.4427296 ], [ 2.1362746, 41.4427398 ] ] ] } },
{ "type": "Feature", "properties": { "id": "41", "name": "la Vall d'Hebron", "housing2025": 2657.0, "housing2026": 2657.0, "hutCount": 1, "hutPending": 0, "hutAllRecords": 1, "hutStrictGeometry": 1, "hutBeds": 4.0, "missingBeds": 0, "rent2019": 13.319329827454371, "rentMonth2019": 864.64685185185181, "contracts2019": 108.0, "rent2020": 12.231056731447367, "rentMonth2020": 890.03815789473686, "contracts2020": 76.0, "rent2021": 12.662577995292033, "rentMonth2021": 861.94973684210527, "contracts2021": 114.0, "rent2022": 13.690886716447055, "rentMonth2022": 906.5408235294118, "contracts2022": 85.0, "rent2023": 14.951204468983333, "rentMonth2023": 945.88393442622964, "contracts2023": 61.0, "rent2024": 15.042912087976472, "rentMonth2024": 1030.8716470588236, "contracts2024": 85.0, "rent2025": 15.339289372042799, "rentMonth2025": 976.15666666666687, "contracts2025": 45.0, "hutIntensity": 0.37636432066240122, "hutInclusiveIntensity": 0.37636432066240122, "hutStrictIntensity": 0.37636432066240122, "rentChange": 12.040145315171547, "contractIntensity": 16.936394429808054, "comparable": true, "validRent2025": true, "validRentChange": true, "validContractActivity": true, "qualityFlag": "comparable", "platform2025": 8, "platformEntire2025": 3, "platformIntensity2025": 1.1290929619872037, "overlapClass": "neither", "changeClass": "neither", "thresholdStable": true, "caseFlag": false }, "geometry": { "type": "Polygon", "coordinates": [ [ [ 2.1524943, 41.4356526 ], [ 2.152439, 41.4356705 ], [ 2.1524113, 41.4356795 ], [ 2.1523283, 41.4357063 ], [ 2.1523247, 41.4357124 ], [ 2.1523229, 41.4357153 ], [ 2.1523227, 41.4357156 ], [ 2.1523087, 41.4357385 ], [ 2.1522472, 41.4358395 ], [ 2.1522373, 41.4358551 ], [ 2.1522242, 41.4358755 ], [ 2.1522229, 41.4358776 ], [ 2.1521526, 41.4359874 ], [ 2.1521092, 41.4360546 ], [ 2.1520956, 41.4360755 ], [ 2.152092, 41.436081 ], [ 2.152086, 41.4360904 ], [ 2.1520503, 41.4361431 ], [ 2.1520146, 41.4361959 ], [ 2.1519939, 41.4362286 ], [ 2.1519897, 41.4362355 ], [ 2.1519877, 41.4362388 ], [ 2.1519875, 41.4362392 ], [ 2.1520014, 41.436244 ], [ 2.1520054, 41.4362454 ], [ 2.1520193, 41.4362502 ], [ 2.1521149, 41.4362832 ], [ 2.1521195, 41.4362848 ], [ 2.1521229, 41.436286 ], [ 2.1521439, 41.4362933 ], [ 2.1521704, 41.4363007 ], [ 2.1521742, 41.4363017 ], [ 2.1521934, 41.4363071 ], [ 2.1522157, 41.4363133 ], [ 2.1522202, 41.4363146 ], [ 2.152251, 41.4363232 ], [ 2.1523181, 41.4363744 ], [ 2.152447, 41.4364729 ], [ 2.1524452, 41.4364754 ], [ 2.152453, 41.4364822 ], [ 2.1527086, 41.4367031 ], [ 2.1527108, 41.436705 ], [ 2.1527343, 41.4367253 ], [ 2.1527739, 41.4367593 ], [ 2.1527175, 41.436821 ], [ 2.1527089, 41.4368294 ], [ 2.1527, 41.4368377 ], [ 2.1526909, 41.4368459 ], [ 2.1526817, 41.4368539 ], [ 2.1526722, 41.4368619 ], [ 2.1526626, 41.4368697 ], [ 2.1526408, 41.4368864 ], [ 2.1526191, 41.4369033 ], [ 2.1525976, 41.4369203 ], [ 2.1525764, 41.4369375 ], [ 2.1525554, 41.4369549 ], [ 2.1525345, 41.4369724 ], [ 2.152514, 41.43699 ], [ 2.1524936, 41.4370078 ], [ 2.1524782, 41.4370235 ], [ 2.1524687, 41.4370328 ], [ 2.152459, 41.4370421 ], [ 2.1524493, 41.4370513 ], [ 2.1524394, 41.4370605 ], [ 2.1524295, 41.4370696 ], [ 2.1524195, 41.4370786 ], [ 2.1524087, 41.4370879 ], [ 2.152398, 41.4370968 ], [ 2.152387, 41.4371056 ], [ 2.1523759, 41.4371142 ], [ 2.1523647, 41.4371227 ], [ 2.1523532, 41.4371311 ], [ 2.1523423, 41.4371389 ], [ 2.1523312, 41.4371465 ], [ 2.1523199, 41.437154 ], [ 2.1523085, 41.4371614 ], [ 2.1522973, 41.4371685 ], [ 2.1522856, 41.4371757 ], [ 2.1522737, 41.4371827 ], [ 2.1522616, 41.4371897 ], [ 2.1522482, 41.4371968 ], [ 2.1522351, 41.4372034 ], [ 2.1522224, 41.4372093 ], [ 2.15221, 41.437215 ], [ 2.1521973, 41.4372207 ], [ 2.1521847, 41.4372262 ], [ 2.1521711, 41.437232 ], [ 2.1521577, 41.4372376 ], [ 2.152144, 41.4372432 ], [ 2.1521305, 41.4372486 ], [ 2.1521152, 41.4372542 ], [ 2.1521011, 41.4372592 ], [ 2.1520872, 41.437264 ], [ 2.1520729, 41.4372688 ], [ 2.1520589, 41.4372733 ], [ 2.1520446, 41.4372779 ], [ 2.1520334, 41.4372813 ], [ 2.1520313, 41.4372819 ], [ 2.152, 41.4372898 ], [ 2.1519767, 41.4372956 ], [ 2.1519514, 41.437302 ], [ 2.1519353, 41.4373053 ], [ 2.1519191, 41.4373084 ], [ 2.1519028, 41.4373113 ], [ 2.1518865, 41.4373141 ], [ 2.1518701, 41.4373166 ], [ 2.1518537, 41.437319 ], [ 2.1518372, 41.4373211 ], [ 2.1518207, 41.4373231 ], [ 2.1518042, 41.4373249 ], [ 2.1517876, 41.4373265 ], [ 2.151771, 41.4373279 ], [ 2.1517543, 41.4373291 ], [ 2.1517376, 41.4373301 ], [ 2.1517209, 41.437331 ], [ 2.1517042, 41.4373316 ], [ 2.1516874, 41.4373321 ], [ 2.1516707, 41.4373324 ], [ 2.1516539, 41.4373324 ], [ 2.1516372, 41.4373323 ], [ 2.1516204, 41.437332 ], [ 2.1516037, 41.4373315 ], [ 2.1515862, 41.4373304 ], [ 2.1515688, 41.4373291 ], [ 2.1515513, 41.4373277 ], [ 2.1515339, 41.437326 ], [ 2.1515165, 41.4373242 ], [ 2.1514991, 41.4373222 ], [ 2.1514818, 41.43732 ], [ 2.1514644, 41.4373177 ], [ 2.1514472, 41.4373152 ], [ 2.1514299, 41.4373126 ], [ 2.1514127, 41.4373097 ], [ 2.1513956, 41.4373067 ], [ 2.1513785, 41.4373036 ], [ 2.1512023, 41.4372671 ], [ 2.1510486, 41.4372312 ], [ 2.1509017, 41.437202 ], [ 2.1504273, 41.4371124 ], [ 2.1498278, 41.4369147 ], [ 2.1496504, 41.4368196 ], [ 2.1494814, 41.4367251 ], [ 2.1493018, 41.4366192 ], [ 2.1490905, 41.4364867 ], [ 2.1490004, 41.4364276 ], [ 2.148873, 41.436341 ], [ 2.1488184, 41.436303 ], [ 2.1487404, 41.4362473 ], [ 2.1486856, 41.4362072 ], [ 2.1486246, 41.4361626 ], [ 2.1485714, 41.4361224 ], [ 2.1483963, 41.435987 ], [ 2.1482624, 41.4358777 ], [ 2.1481336, 41.4357677 ], [ 2.1480412, 41.4356867 ], [ 2.1479517, 41.4356059 ], [ 2.1478225, 41.4354837 ], [ 2.1477389, 41.4354002 ], [ 2.1476107, 41.4352667 ], [ 2.1475284, 41.435178 ], [ 2.1474593, 41.4351011 ], [ 2.1473705, 41.4350001 ], [ 2.1472914, 41.4349058 ], [ 2.1472101, 41.4348034 ], [ 2.1470581, 41.4346041 ], [ 2.1469795, 41.4344952 ], [ 2.1468739, 41.4343393 ], [ 2.1468134, 41.4342464 ], [ 2.1467626, 41.4341659 ], [ 2.1467235, 41.434103 ], [ 2.1465958, 41.4338892 ], [ 2.146581, 41.4338622 ], [ 2.146518, 41.4337467 ], [ 2.1464124, 41.4335498 ], [ 2.1462152, 41.4331573 ], [ 2.1461099, 41.432938 ], [ 2.14603, 41.4327682 ], [ 2.1457891, 41.4322493 ], [ 2.1457052, 41.4320685 ], [ 2.1456381, 41.4319241 ], [ 2.1456244, 41.4318941 ], [ 2.1455057, 41.4316437 ], [ 2.1453867, 41.4313784 ], [ 2.1453086, 41.4312088 ], [ 2.1451669, 41.4308996 ], [ 2.1450372, 41.4306144 ], [ 2.1448987, 41.4303002 ], [ 2.1447651, 41.4300001 ], [ 2.1446318, 41.4297097 ], [ 2.1445118, 41.4294496 ], [ 2.1443648, 41.4291325 ], [ 2.1440582, 41.4284675 ], [ 2.1438228, 41.4279593 ], [ 2.1436329, 41.4275494 ], [ 2.1434345, 41.4271199 ], [ 2.1432516, 41.4267201 ], [ 2.1431729, 41.4265495 ], [ 2.143009, 41.426194 ], [ 2.1427309, 41.4255913 ], [ 2.1426003, 41.4253145 ], [ 2.142454, 41.4250205 ], [ 2.1423791, 41.4248768 ], [ 2.1423299, 41.4247863 ], [ 2.1426244, 41.4247035 ], [ 2.1427936, 41.4246447 ], [ 2.1431044, 41.4245226 ], [ 2.1433189, 41.4244627 ], [ 2.1434435, 41.4244379 ], [ 2.1436196, 41.4244256 ], [ 2.1438676, 41.4244175 ], [ 2.1440413, 41.4244252 ], [ 2.1441941, 41.4244392 ], [ 2.1443666, 41.4244662 ], [ 2.1446124, 41.424483 ], [ 2.1448062, 41.4244781 ], [ 2.1449598, 41.4244708 ], [ 2.1456495, 41.4242985 ], [ 2.1457646, 41.4242732 ], [ 2.1460567, 41.424225 ], [ 2.1463812, 41.4242078 ], [ 2.1466052, 41.4242248 ], [ 2.1468397, 41.424255 ], [ 2.1471026, 41.4243043 ], [ 2.1472866, 41.4243584 ], [ 2.1474782, 41.4244262 ], [ 2.1476624, 41.4245007 ], [ 2.1477221, 41.4245255 ], [ 2.1477813, 41.4245512 ], [ 2.1478399, 41.4245777 ], [ 2.1478978, 41.4246049 ], [ 2.1479552, 41.4246329 ], [ 2.1480119, 41.4246617 ], [ 2.1480678, 41.4246912 ], [ 2.1481231, 41.4247214 ], [ 2.1482721, 41.4248095 ], [ 2.1484238, 41.4249106 ], [ 2.1485498, 41.4250005 ], [ 2.1486012, 41.4250384 ], [ 2.1486724, 41.4250915 ], [ 2.1488379, 41.4252227 ], [ 2.1489285, 41.425286 ], [ 2.1489794, 41.4253179 ], [ 2.1490441, 41.4253585 ], [ 2.1491625, 41.4254273 ], [ 2.1492819, 41.425493 ], [ 2.1493973, 41.4255497 ], [ 2.1494694, 41.4255807 ], [ 2.1495395, 41.4256109 ], [ 2.1496589, 41.4256565 ], [ 2.1498572, 41.4257247 ], [ 2.150009, 41.4257814 ], [ 2.1498684, 41.4258131 ], [ 2.1498096, 41.4258322 ], [ 2.1497502, 41.4258613 ], [ 2.1496996, 41.4258983 ], [ 2.1496684, 41.4259298 ], [ 2.1496457, 41.4259645 ], [ 2.1496259, 41.4260019 ], [ 2.1496121, 41.4260376 ], [ 2.1496098, 41.4260433 ], [ 2.1496029, 41.426085 ], [ 2.1496059, 41.4261385 ], [ 2.1496106, 41.4261713 ], [ 2.1496296, 41.4262155 ], [ 2.1496611, 41.4262625 ], [ 2.1497054, 41.4263088 ], [ 2.1497474, 41.4263427 ], [ 2.1498292, 41.4263926 ], [ 2.1499084, 41.4264419 ], [ 2.1499683, 41.4264867 ], [ 2.1499912, 41.4265126 ], [ 2.1500022, 41.4265311 ], [ 2.1500103, 41.4265515 ], [ 2.1501187, 41.426978 ], [ 2.1501557, 41.427063 ], [ 2.1501832, 41.4271147 ], [ 2.150216, 41.4271691 ], [ 2.1502585, 41.4272283 ], [ 2.1502594, 41.4272294 ], [ 2.1503105, 41.427294 ], [ 2.1503651, 41.4273557 ], [ 2.1504227, 41.4274146 ], [ 2.1504634, 41.4274553 ], [ 2.1505202, 41.4275152 ], [ 2.1505806, 41.4275829 ], [ 2.1506108, 41.4276192 ], [ 2.150664, 41.4276886 ], [ 2.1507329, 41.427786 ], [ 2.150775, 41.4278516 ], [ 2.1507932, 41.4278801 ], [ 2.1508453, 41.4279655 ], [ 2.1508951, 41.4280622 ], [ 2.1509254, 41.4281274 ], [ 2.1509576, 41.4282051 ], [ 2.1509842, 41.4282747 ], [ 2.1509871, 41.4282836 ], [ 2.1510031, 41.4283338 ], [ 2.1510249, 41.4284088 ], [ 2.1510493, 41.4285106 ], [ 2.1510676, 41.4286052 ], [ 2.1510814, 41.4287104 ], [ 2.1510832, 41.4287385 ], [ 2.1510913, 41.4288698 ], [ 2.1510917, 41.429033 ], [ 2.1510846, 41.4291672 ], [ 2.1510846, 41.4291675 ], [ 2.1510805, 41.429227 ], [ 2.1510791, 41.4292479 ], [ 2.1510626, 41.4293879 ], [ 2.151063, 41.4293891 ], [ 2.1513229, 41.43018 ], [ 2.1513225, 41.430181 ], [ 2.1513213, 41.4301849 ], [ 2.1513193, 41.4301923 ], [ 2.1513175, 41.4301997 ], [ 2.1513159, 41.4302072 ], [ 2.1513146, 41.4302147 ], [ 2.1513136, 41.4302222 ], [ 2.1513128, 41.4302298 ], [ 2.1513122, 41.4302373 ], [ 2.1513119, 41.4302449 ], [ 2.1513117, 41.4302486 ], [ 2.1513117, 41.430257 ], [ 2.1513119, 41.4302654 ], [ 2.1513124, 41.4302738 ], [ 2.1513131, 41.4302823 ], [ 2.1513141, 41.4302907 ], [ 2.1513153, 41.430299 ], [ 2.1513168, 41.4303074 ], [ 2.1513185, 41.4303157 ], [ 2.1513204, 41.430324 ], [ 2.1513226, 41.4303323 ], [ 2.151325, 41.4303405 ], [ 2.1513275, 41.4303503 ], [ 2.1513302, 41.4303601 ], [ 2.1513332, 41.4303698 ], [ 2.1513344, 41.4303736 ], [ 2.1513351, 41.4303756 ], [ 2.1513354, 41.4303765 ], [ 2.1513364, 41.4303795 ], [ 2.1513376, 41.430383 ], [ 2.1513399, 41.4303891 ], [ 2.1513423, 41.4303954 ], [ 2.1513436, 41.4303987 ], [ 2.1513475, 41.4304083 ], [ 2.1513489, 41.4304114 ], [ 2.1513517, 41.4304178 ], [ 2.1513561, 41.4304272 ], [ 2.1513585, 41.4304319 ], [ 2.1513608, 41.4304366 ], [ 2.1513633, 41.4304412 ], [ 2.1513657, 41.4304459 ], [ 2.1513709, 41.4304551 ], [ 2.1513763, 41.4304643 ], [ 2.1513791, 41.4304688 ], [ 2.1513819, 41.4304734 ], [ 2.1513846, 41.4304774 ], [ 2.1513873, 41.4304815 ], [ 2.151393, 41.4304896 ], [ 2.1513936, 41.4304904 ], [ 2.1513956, 41.4304931 ], [ 2.1514452, 41.4305399 ], [ 2.151449, 41.4305435 ], [ 2.1514527, 41.4305472 ], [ 2.1514597, 41.4305537 ], [ 2.1514604, 41.4305544 ], [ 2.1514683, 41.4305615 ], [ 2.1514726, 41.430565 ], [ 2.151477, 41.4305685 ], [ 2.1514859, 41.4305754 ], [ 2.1514859, 41.4305754 ], [ 2.151495, 41.4305821 ], [ 2.1514953, 41.4305823 ], [ 2.1515043, 41.4305887 ], [ 2.1515132, 41.4305948 ], [ 2.1515137, 41.4305951 ], [ 2.1515185, 41.4305983 ], [ 2.1515233, 41.4306014 ], [ 2.1515242, 41.430602 ], [ 2.1515331, 41.4306076 ], [ 2.151542, 41.4306129 ], [ 2.1515431, 41.4306136 ], [ 2.1515532, 41.4306194 ], [ 2.1515635, 41.4306251 ], [ 2.1515723, 41.4306298 ], [ 2.1515739, 41.4306307 ], [ 2.1515791, 41.4306334 ], [ 2.1515844, 41.430636 ], [ 2.1515951, 41.4306413 ], [ 2.151606, 41.4306463 ], [ 2.1516083, 41.4306474 ], [ 2.151617, 41.4306512 ], [ 2.1516225, 41.4306536 ], [ 2.151628, 41.4306559 ], [ 2.1516655, 41.4306712 ], [ 2.1516753, 41.4306739 ], [ 2.1516851, 41.4306766 ], [ 2.1517658, 41.4307008 ], [ 2.1518015, 41.4307115 ], [ 2.151809, 41.4307066 ], [ 2.1518165, 41.4307018 ], [ 2.1518196, 41.4307002 ], [ 2.1518323, 41.4306911 ], [ 2.1518425, 41.4306838 ], [ 2.1518443, 41.4306826 ], [ 2.1518669, 41.4306685 ], [ 2.1518797, 41.4306615 ], [ 2.1518926, 41.4306545 ], [ 2.151906, 41.4306481 ], [ 2.1519194, 41.4306418 ], [ 2.1519228, 41.4306459 ], [ 2.1519389, 41.4306651 ], [ 2.151989, 41.4307296 ], [ 2.1520016, 41.4307458 ], [ 2.1520021, 41.4307465 ], [ 2.1520021, 41.4307466 ], [ 2.152003, 41.4307481 ], [ 2.1520445, 41.4308149 ], [ 2.1520478, 41.4308202 ], [ 2.1520666, 41.4308506 ], [ 2.1520855, 41.4308838 ], [ 2.1520934, 41.4308845 ], [ 2.1521181, 41.4308862 ], [ 2.1521428, 41.4308877 ], [ 2.152172, 41.4308894 ], [ 2.1522013, 41.4308913 ], [ 2.1522306, 41.4308932 ], [ 2.1522599, 41.4308953 ], [ 2.1522892, 41.4308973 ], [ 2.1523185, 41.4308995 ], [ 2.1523479, 41.4309018 ], [ 2.152483, 41.4309101 ], [ 2.1527035, 41.4309152 ], [ 2.1527395, 41.4309188 ], [ 2.1527741, 41.4309269 ], [ 2.1528065, 41.4309393 ], [ 2.1528318, 41.4309541 ], [ 2.1534294, 41.431432 ], [ 2.1536743, 41.4316129 ], [ 2.1537799, 41.4316912 ], [ 2.1532072, 41.4326471 ], [ 2.1532072, 41.4326471 ], [ 2.1531256, 41.4327832 ], [ 2.1530911, 41.4328409 ], [ 2.1529443, 41.4330658 ], [ 2.1529165, 41.4330935 ], [ 2.1528681, 41.4331416 ], [ 2.1527781, 41.4331785 ], [ 2.1527695, 41.433182 ], [ 2.1527681, 41.4331824 ], [ 2.1526977, 41.433203 ], [ 2.1525169, 41.4332372 ], [ 2.1524005, 41.4332816 ], [ 2.1523198, 41.4333342 ], [ 2.1522607, 41.4333948 ], [ 2.1522176, 41.4334865 ], [ 2.1522122, 41.4335903 ], [ 2.1522265, 41.4336523 ], [ 2.1522998, 41.4337507 ], [ 2.1523804, 41.4338114 ], [ 2.1525126, 41.4338731 ], [ 2.1525655, 41.4339209 ], [ 2.1526083, 41.4339741 ], [ 2.1526438, 41.4340399 ], [ 2.1527233, 41.4342539 ], [ 2.1528086, 41.43445 ], [ 2.1529052, 41.4346345 ], [ 2.1530195, 41.4348176 ], [ 2.1530901, 41.4349089 ], [ 2.1532763, 41.4351417 ], [ 2.1533945, 41.4352792 ], [ 2.1534714, 41.4353993 ], [ 2.1535179, 41.4355152 ], [ 2.1535143, 41.4356311 ], [ 2.1535161, 41.4357438 ], [ 2.1534766, 41.4358854 ], [ 2.1533758, 41.4359129 ], [ 2.1531886, 41.4359559 ], [ 2.1528579, 41.4359789 ], [ 2.1527698, 41.4358775 ], [ 2.1528259, 41.4357506 ], [ 2.1527653, 41.4357422 ], [ 2.1527531, 41.435741 ], [ 2.152715, 41.4357371 ], [ 2.1527059, 41.4357361 ], [ 2.1525212, 41.4356989 ], [ 2.1524943, 41.4356526 ] ] ] } },
{ "type": "Feature", "properties": { "id": "42", "name": "la Clota", "housing2025": 625.0, "housing2026": 625.0, "hutCount": 0, "hutPending": 0, "hutAllRecords": 0, "hutStrictGeometry": 0, "hutBeds": 0.0, "missingBeds": 0, "rent2019": 11.446586233285714, "rentMonth2019": 666.18454545454551, "contracts2019": 11.0, "rent2020": 11.44584580475, "rentMonth2020": 589.84444444444443, "contracts2020": 9.0, "rent2021": 12.100818120333336, "rentMonth2021": 742.78428571428572, "contracts2021": 7.0, "rent2022": null, "rentMonth2022": null, "contracts2022": 5.0, "rent2023": 15.458494562375, "rentMonth2023": 829.08222222222219, "contracts2023": 9.0, "rent2024": 11.506007358076925, "rentMonth2024": 1036.6055555555556, "contracts2024": 18.0, "rent2025": 20.147548102660998, "rentMonth2025": 1073.66, "contracts2025": 12.0, "hutIntensity": 0.0, "hutInclusiveIntensity": 0.0, "hutStrictIntensity": 0.0, "rentChange": null, "contractIntensity": 19.2, "comparable": true, "validRent2025": false, "validRentChange": false, "validContractActivity": true, "qualityFlag": "price_contract_count_below_30", "platform2025": 5, "platformEntire2025": 4, "platformIntensity2025": 6.4, "overlapClass": "unavailable", "changeClass": "unavailable", "thresholdStable": false, "caseFlag": false }, "geometry": { "type": "Polygon", "coordinates": [ [ [ 2.1538292, 41.4316017 ], [ 2.1537799, 41.4316912 ], [ 2.1536743, 41.4316129 ], [ 2.1534294, 41.431432 ], [ 2.1528318, 41.4309541 ], [ 2.1528065, 41.4309393 ], [ 2.1527741, 41.4309269 ], [ 2.1527395, 41.4309188 ], [ 2.1527035, 41.4309152 ], [ 2.152483, 41.4309101 ], [ 2.1523479, 41.4309018 ], [ 2.1523185, 41.4308995 ], [ 2.1522892, 41.4308973 ], [ 2.1522599, 41.4308953 ], [ 2.1522306, 41.4308932 ], [ 2.1522013, 41.4308913 ], [ 2.152172, 41.4308894 ], [ 2.1521428, 41.4308877 ], [ 2.1521181, 41.4308862 ], [ 2.1520934, 41.4308845 ], [ 2.1520855, 41.4308838 ], [ 2.1520666, 41.4308506 ], [ 2.1520478, 41.4308202 ], [ 2.1520445, 41.4308149 ], [ 2.152003, 41.4307481 ], [ 2.1520021, 41.4307466 ], [ 2.1520021, 41.4307465 ], [ 2.1520016, 41.4307458 ], [ 2.151989, 41.4307296 ], [ 2.1519389, 41.4306651 ], [ 2.1519228, 41.4306459 ], [ 2.1519194, 41.4306418 ], [ 2.151906, 41.4306481 ], [ 2.1518926, 41.4306545 ], [ 2.1518797, 41.4306615 ], [ 2.1518669, 41.4306685 ], [ 2.1518443, 41.4306826 ], [ 2.1518425, 41.4306838 ], [ 2.1518323, 41.4306911 ], [ 2.1518196, 41.4307002 ], [ 2.1518165, 41.4307018 ], [ 2.151809, 41.4307066 ], [ 2.1518015, 41.4307115 ], [ 2.1517658, 41.4307008 ], [ 2.1516851, 41.4306766 ], [ 2.1516753, 41.4306739 ], [ 2.1516655, 41.4306712 ], [ 2.151628, 41.4306559 ], [ 2.1516225, 41.4306536 ], [ 2.151617, 41.4306512 ], [ 2.1516083, 41.4306474 ], [ 2.151606, 41.4306463 ], [ 2.1515951, 41.4306413 ], [ 2.1515844, 41.430636 ], [ 2.1515791, 41.4306334 ], [ 2.1515739, 41.4306307 ], [ 2.1515723, 41.4306298 ], [ 2.1515635, 41.4306251 ], [ 2.1515532, 41.4306194 ], [ 2.1515431, 41.4306136 ], [ 2.151542, 41.4306129 ], [ 2.1515331, 41.4306076 ], [ 2.1515242, 41.430602 ], [ 2.1515233, 41.4306014 ], [ 2.1515185, 41.4305983 ], [ 2.1515137, 41.4305951 ], [ 2.1515132, 41.4305948 ], [ 2.1515043, 41.4305887 ], [ 2.1514953, 41.4305823 ], [ 2.151495, 41.4305821 ], [ 2.1514859, 41.4305754 ], [ 2.1514859, 41.4305754 ], [ 2.151477, 41.4305685 ], [ 2.1514726, 41.430565 ], [ 2.1514683, 41.4305615 ], [ 2.1514604, 41.4305544 ], [ 2.1514597, 41.4305537 ], [ 2.1514527, 41.4305472 ], [ 2.151449, 41.4305435 ], [ 2.1514452, 41.4305399 ], [ 2.1513956, 41.4304931 ], [ 2.1513936, 41.4304904 ], [ 2.151393, 41.4304896 ], [ 2.1513873, 41.4304815 ], [ 2.1513846, 41.4304774 ], [ 2.1513819, 41.4304734 ], [ 2.1513791, 41.4304688 ], [ 2.1513763, 41.4304643 ], [ 2.1513709, 41.4304551 ], [ 2.1513657, 41.4304459 ], [ 2.1513633, 41.4304412 ], [ 2.1513608, 41.4304366 ], [ 2.1513585, 41.4304319 ], [ 2.1513561, 41.4304272 ], [ 2.1513517, 41.4304178 ], [ 2.1513489, 41.4304114 ], [ 2.1513475, 41.4304083 ], [ 2.1513436, 41.4303987 ], [ 2.1513423, 41.4303954 ], [ 2.1513399, 41.4303891 ], [ 2.1513376, 41.430383 ], [ 2.1513364, 41.4303795 ], [ 2.1513354, 41.4303765 ], [ 2.1513351, 41.4303756 ], [ 2.1513344, 41.4303736 ], [ 2.1513332, 41.4303698 ], [ 2.1513302, 41.4303601 ], [ 2.1513275, 41.4303503 ], [ 2.151325, 41.4303405 ], [ 2.1513226, 41.4303323 ], [ 2.1513204, 41.430324 ], [ 2.1513185, 41.4303157 ], [ 2.1513168, 41.4303074 ], [ 2.1513153, 41.430299 ], [ 2.1513141, 41.4302907 ], [ 2.1513131, 41.4302823 ], [ 2.1513124, 41.4302738 ], [ 2.1513119, 41.4302654 ], [ 2.1513117, 41.430257 ], [ 2.1513117, 41.4302486 ], [ 2.1513119, 41.4302449 ], [ 2.1513122, 41.4302373 ], [ 2.1513128, 41.4302298 ], [ 2.1513136, 41.4302222 ], [ 2.1513146, 41.4302147 ], [ 2.1513159, 41.4302072 ], [ 2.1513175, 41.4301997 ], [ 2.1513193, 41.4301923 ], [ 2.1513213, 41.4301849 ], [ 2.1513225, 41.430181 ], [ 2.1513229, 41.43018 ], [ 2.151063, 41.4293891 ], [ 2.1510626, 41.4293879 ], [ 2.1510791, 41.4292479 ], [ 2.1510805, 41.429227 ], [ 2.1510846, 41.4291675 ], [ 2.1510846, 41.4291672 ], [ 2.1510917, 41.429033 ], [ 2.1510913, 41.4288698 ], [ 2.1510832, 41.4287385 ], [ 2.1510814, 41.4287104 ], [ 2.1510676, 41.4286052 ], [ 2.1510493, 41.4285106 ], [ 2.1510249, 41.4284088 ], [ 2.1510031, 41.4283338 ], [ 2.1509871, 41.4282836 ], [ 2.1509842, 41.4282747 ], [ 2.1509576, 41.4282051 ], [ 2.1509254, 41.4281274 ], [ 2.1508951, 41.4280622 ], [ 2.1508453, 41.4279655 ], [ 2.1507932, 41.4278801 ], [ 2.150775, 41.4278516 ], [ 2.1507329, 41.427786 ], [ 2.150664, 41.4276886 ], [ 2.1506108, 41.4276192 ], [ 2.1505806, 41.4275829 ], [ 2.1505202, 41.4275152 ], [ 2.1504634, 41.4274553 ], [ 2.1504227, 41.4274146 ], [ 2.1503651, 41.4273557 ], [ 2.1503105, 41.427294 ], [ 2.1502594, 41.4272294 ], [ 2.1502585, 41.4272283 ], [ 2.150216, 41.4271691 ], [ 2.1501832, 41.4271147 ], [ 2.1501557, 41.427063 ], [ 2.1501187, 41.426978 ], [ 2.1500103, 41.4265515 ], [ 2.1500022, 41.4265311 ], [ 2.1499912, 41.4265126 ], [ 2.1499683, 41.4264867 ], [ 2.1499084, 41.4264419 ], [ 2.1498292, 41.4263926 ], [ 2.1497474, 41.4263427 ], [ 2.1497054, 41.4263088 ], [ 2.1496611, 41.4262625 ], [ 2.1496296, 41.4262155 ], [ 2.1496106, 41.4261713 ], [ 2.1496059, 41.4261385 ], [ 2.1496029, 41.426085 ], [ 2.1496098, 41.4260433 ], [ 2.1496121, 41.4260376 ], [ 2.1496259, 41.4260019 ], [ 2.1496457, 41.4259645 ], [ 2.1496684, 41.4259298 ], [ 2.1496996, 41.4258983 ], [ 2.1497502, 41.4258613 ], [ 2.1498096, 41.4258322 ], [ 2.1498684, 41.4258131 ], [ 2.150009, 41.4257814 ], [ 2.1501075, 41.4257985 ], [ 2.15018, 41.4258171 ], [ 2.150243, 41.4258424 ], [ 2.1502955, 41.4258744 ], [ 2.1503386, 41.4259093 ], [ 2.1503731, 41.4259433 ], [ 2.1504058, 41.4259897 ], [ 2.1504266, 41.426029 ], [ 2.1504357, 41.4260694 ], [ 2.1504451, 41.4261056 ], [ 2.1504443, 41.4261425 ], [ 2.1504292, 41.4261753 ], [ 2.150618, 41.4261828 ], [ 2.1508184, 41.4261997 ], [ 2.150988, 41.4262239 ], [ 2.1511288, 41.4262497 ], [ 2.151145, 41.4262527 ], [ 2.1513302, 41.4262935 ], [ 2.1514554, 41.4263276 ], [ 2.1515589, 41.4263598 ], [ 2.1516773, 41.4264022 ], [ 2.1517539, 41.4264358 ], [ 2.1517882, 41.4264533 ], [ 2.1518157, 41.4264673 ], [ 2.1518735, 41.4265013 ], [ 2.1519108, 41.4265264 ], [ 2.1519528, 41.4265589 ], [ 2.152082, 41.4266752 ], [ 2.1521341, 41.4267206 ], [ 2.1522098, 41.4267783 ], [ 2.1522912, 41.426831 ], [ 2.152295, 41.4268332 ], [ 2.1523727, 41.4268769 ], [ 2.152459, 41.4269193 ], [ 2.1525874, 41.4269762 ], [ 2.1527105, 41.4270276 ], [ 2.1528368, 41.4270793 ], [ 2.1529121, 41.4271079 ], [ 2.1530395, 41.4271562 ], [ 2.1532701, 41.4272424 ], [ 2.1534116, 41.4273004 ], [ 2.1535319, 41.427352 ], [ 2.1535473, 41.4273593 ], [ 2.1536599, 41.427413 ], [ 2.1537828, 41.4274756 ], [ 2.1539088, 41.427545 ], [ 2.1540742, 41.4276447 ], [ 2.1541253, 41.4276788 ], [ 2.1541666, 41.4277063 ], [ 2.1543054, 41.4277982 ], [ 2.1543816, 41.4278543 ], [ 2.1547274, 41.4280979 ], [ 2.1549163, 41.4282141 ], [ 2.1550188, 41.4282646 ], [ 2.1552679, 41.4283872 ], [ 2.155674, 41.4285481 ], [ 2.1558234, 41.4286007 ], [ 2.155972, 41.4286516 ], [ 2.1561418, 41.4287107 ], [ 2.1561761, 41.4287224 ], [ 2.1563255, 41.4287734 ], [ 2.1565238, 41.4288424 ], [ 2.1570179, 41.4290114 ], [ 2.156911, 41.4291494 ], [ 2.156747, 41.4293535 ], [ 2.1566623, 41.4294536 ], [ 2.1565212, 41.4295597 ], [ 2.1564271, 41.4296285 ], [ 2.1562712, 41.4297204 ], [ 2.1560763, 41.4298063 ], [ 2.1559137, 41.4298881 ], [ 2.1558217, 41.4299695 ], [ 2.1557585, 41.4300433 ], [ 2.1557134, 41.4301034 ], [ 2.1555427, 41.4303238 ], [ 2.155462, 41.4304228 ], [ 2.1553626, 41.4304915 ], [ 2.154528, 41.4309968 ], [ 2.154319, 41.4311266 ], [ 2.1541463, 41.4312514 ], [ 2.1540051, 41.4313818 ], [ 2.1539211, 41.4314723 ], [ 2.1538292, 41.4316017 ] ] ] } },
{ "type": "Feature", "properties": { "id": "43", "name": "Horta", "housing2025": 13692.0, "housing2026": 13700.0, "hutCount": 6, "hutPending": 0, "hutAllRecords": 6, "hutStrictGeometry": 6, "hutBeds": 52.0, "missingBeds": 0, "rent2019": 12.462569376397616, "rentMonth2019": 782.93826709062, "contracts2019": 629.0, "rent2020": 12.630100619246846, "rentMonth2020": 785.01552447552444, "contracts2020": 429.0, "rent2021": 11.948935130628149, "rentMonth2021": 749.18689167974867, "contracts2021": 637.0, "rent2022": 12.448117602323682, "rentMonth2022": 801.77539115646255, "contracts2022": 588.0, "rent2023": 13.922914990235917, "rentMonth2023": 895.58678137651805, "contracts2023": 494.0, "rent2024": 14.22986925836339, "rentMonth2024": 915.20507389162526, "contracts2024": 406.0, "rent2025": 14.314059451135099, "rentMonth2025": 896.65314285714305, "contracts2025": 420.0, "hutIntensity": 0.43795620437956206, "hutInclusiveIntensity": 0.43795620437956206, "hutStrictIntensity": 0.43795620437956206, "rentChange": 14.989751128822103, "contractIntensity": 30.674846625766872, "comparable": true, "validRent2025": true, "validRentChange": true, "validContractActivity": true, "qualityFlag": "comparable", "platform2025": 15, "platformEntire2025": 7, "platformIntensity2025": 0.5112474437627812, "overlapClass": "neither", "changeClass": "neither", "thresholdStable": true, "caseFlag": false }, "geometry": { "type": "Polygon", "coordinates": [ [ [ 2.1328638, 41.4447674 ], [ 2.1328532, 41.4447262 ], [ 2.1328701, 41.4447097 ], [ 2.1328709, 41.444709 ], [ 2.1328719, 41.444708 ], [ 2.1329248, 41.4446616 ], [ 2.1330647, 41.4446018 ], [ 2.133189, 41.4445618 ], [ 2.1333449, 41.4445424 ], [ 2.1334288, 41.4444997 ], [ 2.1334361, 41.4444959 ], [ 2.1335549, 41.444495 ], [ 2.1336203, 41.4444348 ], [ 2.1336705, 41.4443918 ], [ 2.1337391, 41.4442275 ], [ 2.1338348, 41.4441217 ], [ 2.1339858, 41.444036 ], [ 2.1339954, 41.4440287 ], [ 2.1339978, 41.4440268 ], [ 2.1340098, 41.4440176 ], [ 2.134013, 41.4440116 ], [ 2.1340139, 41.4440099 ], [ 2.1340178, 41.4440058 ], [ 2.1340272, 41.4439957 ], [ 2.1340366, 41.443986 ], [ 2.1340406, 41.4439819 ], [ 2.1340448, 41.4439788 ], [ 2.1340556, 41.4439707 ], [ 2.1340674, 41.4439642 ], [ 2.1340708, 41.4439623 ], [ 2.1340747, 41.4439604 ], [ 2.1340855, 41.4439553 ], [ 2.1340936, 41.443952 ], [ 2.1340942, 41.4439517 ], [ 2.1340998, 41.4439495 ], [ 2.1341174, 41.4439423 ], [ 2.1341316, 41.4439378 ], [ 2.1341317, 41.4439378 ], [ 2.1341323, 41.4439377 ], [ 2.1341325, 41.4439377 ], [ 2.1341328, 41.4439376 ], [ 2.1341402, 41.4439356 ], [ 2.1341478, 41.4439334 ], [ 2.1341593, 41.4439307 ], [ 2.1341618, 41.4439301 ], [ 2.1341745, 41.443927 ], [ 2.1342922, 41.4438881 ], [ 2.1344633, 41.443826 ], [ 2.1346443, 41.4437549 ], [ 2.1347833, 41.4437028 ], [ 2.1349016, 41.4436803 ], [ 2.134996, 41.4436365 ], [ 2.135053, 41.4435717 ], [ 2.1351497, 41.4435095 ], [ 2.1352731, 41.4434179 ], [ 2.1354136, 41.4432779 ], [ 2.1356211, 41.4431436 ], [ 2.1357541, 41.4430234 ], [ 2.1358316, 41.4429895 ], [ 2.1358854, 41.4429415 ], [ 2.1359289, 41.4429243 ], [ 2.1359779, 41.4428928 ], [ 2.1360165, 41.4428688 ], [ 2.1360974, 41.4428377 ], [ 2.1361994, 41.4427916 ], [ 2.1362746, 41.4427398 ], [ 2.1362961, 41.4427296 ], [ 2.1363052, 41.4427326 ], [ 2.1363871, 41.442608 ], [ 2.1364815, 41.4424824 ], [ 2.1365356, 41.442363 ], [ 2.1365864, 41.442269 ], [ 2.1366755, 41.442225 ], [ 2.1367455, 41.4421331 ], [ 2.1367858, 41.442084 ], [ 2.1368209, 41.4420413 ], [ 2.1368966, 41.4419743 ], [ 2.1369335, 41.4419384 ], [ 2.1369856, 41.4418876 ], [ 2.1370473, 41.4418147 ], [ 2.1370684, 41.4417291 ], [ 2.1370577, 41.4416878 ], [ 2.1370527, 41.4416685 ], [ 2.1370478, 41.4416492 ], [ 2.137039, 41.4416151 ], [ 2.1370253, 41.4415692 ], [ 2.1370182, 41.4415454 ], [ 2.137011, 41.4415215 ], [ 2.1369942, 41.4413899 ], [ 2.1369875, 41.4412783 ], [ 2.1369697, 41.4411481 ], [ 2.1369523, 41.4410482 ], [ 2.1369426, 41.4409577 ], [ 2.1369918, 41.4408777 ], [ 2.1370724, 41.4407701 ], [ 2.1371341, 41.4407073 ], [ 2.1371779, 41.440675 ], [ 2.1371998, 41.440659 ], [ 2.1372328, 41.4406351 ], [ 2.1373008, 41.4405859 ], [ 2.137388, 41.4405422 ], [ 2.1375021, 41.4404975 ], [ 2.1375955, 41.4404695 ], [ 2.137624, 41.4404611 ], [ 2.137728, 41.4404359 ], [ 2.1377326, 41.4404325 ], [ 2.1377419, 41.4404256 ], [ 2.1377591, 41.4404206 ], [ 2.137772, 41.4404021 ], [ 2.1377796, 41.4403932 ], [ 2.1377926, 41.4403805 ], [ 2.1378035, 41.4403718 ], [ 2.1378262, 41.4403551 ], [ 2.1378304, 41.440339 ], [ 2.1378355, 41.4403191 ], [ 2.1384282, 41.4407892 ], [ 2.1389769, 41.4405604 ], [ 2.1391935, 41.4404914 ], [ 2.1393909, 41.4404167 ], [ 2.1397423, 41.4402588 ], [ 2.1403115, 41.4400274 ], [ 2.1403505, 41.4400115 ], [ 2.1404353, 41.4399744 ], [ 2.141142, 41.4396647 ], [ 2.1417624, 41.4399073 ], [ 2.142714, 41.4402794 ], [ 2.1428112, 41.4402405 ], [ 2.1428312, 41.4402325 ], [ 2.1429068, 41.440372 ], [ 2.142951, 41.4404537 ], [ 2.1432836, 41.4403244 ], [ 2.1437642, 41.4401376 ], [ 2.1443649, 41.4397517 ], [ 2.144369, 41.4397503 ], [ 2.1443731, 41.4397488 ], [ 2.1444088, 41.439736 ], [ 2.1444386, 41.4397253 ], [ 2.1447034, 41.4396305 ], [ 2.1450757, 41.4394973 ], [ 2.1453551, 41.4393973 ], [ 2.1455768, 41.4392625 ], [ 2.1455804, 41.4392602 ], [ 2.1456276, 41.4392316 ], [ 2.1457161, 41.4390633 ], [ 2.1457307, 41.4390484 ], [ 2.1459294, 41.4388463 ], [ 2.1459598, 41.4388154 ], [ 2.1459689, 41.4388195 ], [ 2.145981, 41.4388206 ], [ 2.1459879, 41.43882 ], [ 2.1459907, 41.4388198 ], [ 2.1460005, 41.438819 ], [ 2.1460297, 41.4388182 ], [ 2.1460589, 41.4388144 ], [ 2.1460892, 41.4388003 ], [ 2.1461115, 41.4387785 ], [ 2.1461261, 41.4387561 ], [ 2.1461325, 41.4387287 ], [ 2.1461272, 41.4387003 ], [ 2.1461546, 41.438685 ], [ 2.1462042, 41.4386574 ], [ 2.1462509, 41.4386313 ], [ 2.1462656, 41.4386232 ], [ 2.1462745, 41.4386182 ], [ 2.1463198, 41.438593 ], [ 2.1467116, 41.4383756 ], [ 2.147164, 41.4381244 ], [ 2.1471822, 41.4381142 ], [ 2.1472053, 41.4381003 ], [ 2.1472115, 41.438097 ], [ 2.1473443, 41.437959 ], [ 2.1474201, 41.4379918 ], [ 2.1475149, 41.4380329 ], [ 2.1475399, 41.4380118 ], [ 2.1475625, 41.4379926 ], [ 2.1477156, 41.4378629 ], [ 2.1479239, 41.43769 ], [ 2.1479421, 41.4376751 ], [ 2.1479596, 41.4376597 ], [ 2.1479763, 41.4376437 ], [ 2.1479923, 41.4376273 ], [ 2.1480075, 41.4376105 ], [ 2.1480218, 41.4375932 ], [ 2.1480352, 41.4375756 ], [ 2.1480477, 41.4375577 ], [ 2.1480669, 41.4375241 ], [ 2.1480779, 41.4375004 ], [ 2.1480953, 41.437464 ], [ 2.1480985, 41.4374543 ], [ 2.1481015, 41.4374446 ], [ 2.1481043, 41.4374348 ], [ 2.1481068, 41.4374251 ], [ 2.1481092, 41.4374153 ], [ 2.1481335, 41.4373018 ], [ 2.1481516, 41.4371819 ], [ 2.148174, 41.4370772 ], [ 2.1481784, 41.4370532 ], [ 2.148183, 41.4370291 ], [ 2.1481878, 41.4370051 ], [ 2.1482744, 41.4365527 ], [ 2.1485714, 41.4361224 ], [ 2.1486246, 41.4361626 ], [ 2.1486856, 41.4362072 ], [ 2.1487404, 41.4362473 ], [ 2.1488184, 41.436303 ], [ 2.148873, 41.436341 ], [ 2.1490004, 41.4364276 ], [ 2.1490905, 41.4364867 ], [ 2.1493018, 41.4366192 ], [ 2.1494814, 41.4367251 ], [ 2.1496504, 41.4368196 ], [ 2.1498278, 41.4369147 ], [ 2.1504273, 41.4371124 ], [ 2.1509017, 41.437202 ], [ 2.1510486, 41.4372312 ], [ 2.1512023, 41.4372671 ], [ 2.1513785, 41.4373036 ], [ 2.1513956, 41.4373067 ], [ 2.1514127, 41.4373097 ], [ 2.1514299, 41.4373126 ], [ 2.1514472, 41.4373152 ], [ 2.1514644, 41.4373177 ], [ 2.1514818, 41.43732 ], [ 2.1514991, 41.4373222 ], [ 2.1515165, 41.4373242 ], [ 2.1515339, 41.437326 ], [ 2.1515513, 41.4373277 ], [ 2.1515688, 41.4373291 ], [ 2.1515862, 41.4373304 ], [ 2.1516037, 41.4373315 ], [ 2.1516204, 41.437332 ], [ 2.1516372, 41.4373323 ], [ 2.1516539, 41.4373324 ], [ 2.1516707, 41.4373324 ], [ 2.1516874, 41.4373321 ], [ 2.1517042, 41.4373316 ], [ 2.1517209, 41.437331 ], [ 2.1517376, 41.4373301 ], [ 2.1517543, 41.4373291 ], [ 2.151771, 41.4373279 ], [ 2.1517876, 41.4373265 ], [ 2.1518042, 41.4373249 ], [ 2.1518207, 41.4373231 ], [ 2.1518372, 41.4373211 ], [ 2.1518537, 41.437319 ], [ 2.1518701, 41.4373166 ], [ 2.1518865, 41.4373141 ], [ 2.1519028, 41.4373113 ], [ 2.1519191, 41.4373084 ], [ 2.1519353, 41.4373053 ], [ 2.1519514, 41.437302 ], [ 2.1519767, 41.4372956 ], [ 2.152, 41.4372898 ], [ 2.1520313, 41.4372819 ], [ 2.1520334, 41.4372813 ], [ 2.1520446, 41.4372779 ], [ 2.1520589, 41.4372733 ], [ 2.1520729, 41.4372688 ], [ 2.1520872, 41.437264 ], [ 2.1521011, 41.4372592 ], [ 2.1521152, 41.4372542 ], [ 2.1521305, 41.4372486 ], [ 2.152144, 41.4372432 ], [ 2.1521577, 41.4372376 ], [ 2.1521711, 41.437232 ], [ 2.1521847, 41.4372262 ], [ 2.1521973, 41.4372207 ], [ 2.15221, 41.437215 ], [ 2.1522224, 41.4372093 ], [ 2.1522351, 41.4372034 ], [ 2.1522482, 41.4371968 ], [ 2.1522616, 41.4371897 ], [ 2.1522737, 41.4371827 ], [ 2.1522856, 41.4371757 ], [ 2.1522973, 41.4371685 ], [ 2.1523085, 41.4371614 ], [ 2.1523199, 41.437154 ], [ 2.1523312, 41.4371465 ], [ 2.1523423, 41.4371389 ], [ 2.1523532, 41.4371311 ], [ 2.1523647, 41.4371227 ], [ 2.1523759, 41.4371142 ], [ 2.152387, 41.4371056 ], [ 2.152398, 41.4370968 ], [ 2.1524087, 41.4370879 ], [ 2.1524195, 41.4370786 ], [ 2.1524295, 41.4370696 ], [ 2.1524394, 41.4370605 ], [ 2.1524493, 41.4370513 ], [ 2.152459, 41.4370421 ], [ 2.1524687, 41.4370328 ], [ 2.1524782, 41.4370235 ], [ 2.1524936, 41.4370078 ], [ 2.152514, 41.43699 ], [ 2.1525345, 41.4369724 ], [ 2.1525554, 41.4369549 ], [ 2.1525764, 41.4369375 ], [ 2.1525976, 41.4369203 ], [ 2.1526191, 41.4369033 ], [ 2.1526408, 41.4368864 ], [ 2.1526626, 41.4368697 ], [ 2.1526722, 41.4368619 ], [ 2.1526817, 41.4368539 ], [ 2.1526909, 41.4368459 ], [ 2.1527, 41.4368377 ], [ 2.1527089, 41.4368294 ], [ 2.1527175, 41.436821 ], [ 2.1527739, 41.4367593 ], [ 2.1527343, 41.4367253 ], [ 2.1527108, 41.436705 ], [ 2.1527086, 41.4367031 ], [ 2.152453, 41.4364822 ], [ 2.1524452, 41.4364754 ], [ 2.152447, 41.4364729 ], [ 2.1523181, 41.4363744 ], [ 2.152251, 41.4363232 ], [ 2.1522202, 41.4363146 ], [ 2.1522157, 41.4363133 ], [ 2.1521934, 41.4363071 ], [ 2.1521742, 41.4363017 ], [ 2.1521704, 41.4363007 ], [ 2.1521439, 41.4362933 ], [ 2.1521229, 41.436286 ], [ 2.1521195, 41.4362848 ], [ 2.1521149, 41.4362832 ], [ 2.1520193, 41.4362502 ], [ 2.1520054, 41.4362454 ], [ 2.1520014, 41.436244 ], [ 2.1519875, 41.4362392 ], [ 2.1519877, 41.4362388 ], [ 2.1519897, 41.4362355 ], [ 2.1519939, 41.4362286 ], [ 2.1520146, 41.4361959 ], [ 2.1520503, 41.4361431 ], [ 2.152086, 41.4360904 ], [ 2.152092, 41.436081 ], [ 2.1520956, 41.4360755 ], [ 2.1521092, 41.4360546 ], [ 2.1521526, 41.4359874 ], [ 2.1522229, 41.4358776 ], [ 2.1522242, 41.4358755 ], [ 2.1522373, 41.4358551 ], [ 2.1522472, 41.4358395 ], [ 2.1523087, 41.4357385 ], [ 2.1523227, 41.4357156 ], [ 2.1523229, 41.4357153 ], [ 2.1523247, 41.4357124 ], [ 2.1523283, 41.4357063 ], [ 2.1524113, 41.4356795 ], [ 2.152439, 41.4356705 ], [ 2.1524943, 41.4356526 ], [ 2.1525212, 41.4356989 ], [ 2.1527059, 41.4357361 ], [ 2.152715, 41.4357371 ], [ 2.1527531, 41.435741 ], [ 2.1527653, 41.4357422 ], [ 2.1528259, 41.4357506 ], [ 2.1527698, 41.4358775 ], [ 2.1528579, 41.4359789 ], [ 2.1531886, 41.4359559 ], [ 2.1533758, 41.4359129 ], [ 2.1534766, 41.4358854 ], [ 2.1535161, 41.4357438 ], [ 2.1535143, 41.4356311 ], [ 2.1535179, 41.4355152 ], [ 2.1534714, 41.4353993 ], [ 2.1533945, 41.4352792 ], [ 2.1532763, 41.4351417 ], [ 2.1530901, 41.4349089 ], [ 2.1530195, 41.4348176 ], [ 2.1529052, 41.4346345 ], [ 2.1528086, 41.43445 ], [ 2.1527233, 41.4342539 ], [ 2.1526438, 41.4340399 ], [ 2.1526083, 41.4339741 ], [ 2.1525655, 41.4339209 ], [ 2.1525126, 41.4338731 ], [ 2.1523804, 41.4338114 ], [ 2.1522998, 41.4337507 ], [ 2.1522265, 41.4336523 ], [ 2.1522122, 41.4335903 ], [ 2.1522176, 41.4334865 ], [ 2.1522607, 41.4333948 ], [ 2.1523198, 41.4333342 ], [ 2.1524005, 41.4332816 ], [ 2.1525169, 41.4332372 ], [ 2.1526977, 41.433203 ], [ 2.1527681, 41.4331824 ], [ 2.1527695, 41.433182 ], [ 2.1527781, 41.4331785 ], [ 2.1528681, 41.4331416 ], [ 2.1529165, 41.4330935 ], [ 2.1529443, 41.4330658 ], [ 2.1530911, 41.4328409 ], [ 2.1531256, 41.4327832 ], [ 2.1532072, 41.4326471 ], [ 2.1537799, 41.4316912 ], [ 2.1538292, 41.4316017 ], [ 2.1539211, 41.4314723 ], [ 2.1540051, 41.4313818 ], [ 2.1541463, 41.4312514 ], [ 2.154319, 41.4311266 ], [ 2.154528, 41.4309968 ], [ 2.1553626, 41.4304915 ], [ 2.155462, 41.4304228 ], [ 2.1555427, 41.4303238 ], [ 2.1557134, 41.4301034 ], [ 2.1557585, 41.4300433 ], [ 2.1558217, 41.4299695 ], [ 2.1559137, 41.4298881 ], [ 2.1560763, 41.4298063 ], [ 2.1562712, 41.4297204 ], [ 2.1564271, 41.4296285 ], [ 2.1565212, 41.4295597 ], [ 2.1566623, 41.4294536 ], [ 2.156747, 41.4293535 ], [ 2.156911, 41.4291494 ], [ 2.1570179, 41.4290114 ], [ 2.157468, 41.4291682 ], [ 2.1579441, 41.4293362 ], [ 2.1579157, 41.4288368 ], [ 2.1579108, 41.4287506 ], [ 2.1579101, 41.4286373 ], [ 2.1579051, 41.4285025 ], [ 2.1577682, 41.4284835 ], [ 2.1577779, 41.4284181 ], [ 2.157792, 41.4283218 ], [ 2.157822, 41.4281799 ], [ 2.1578652, 41.4279939 ], [ 2.1579334, 41.4276962 ], [ 2.1579521, 41.4276565 ], [ 2.1579772, 41.4276031 ], [ 2.1580391, 41.4273207 ], [ 2.1581338, 41.4267674 ], [ 2.1581236, 41.4264694 ], [ 2.1581818, 41.4262656 ], [ 2.1582891, 41.4257635 ], [ 2.1583389, 41.4255217 ], [ 2.1585378, 41.4256982 ], [ 2.158592, 41.4257328 ], [ 2.1587453, 41.4258201 ], [ 2.158848, 41.4258788 ], [ 2.1588691, 41.4258903 ], [ 2.1589617, 41.4259407 ], [ 2.1590643, 41.4259989 ], [ 2.1591422, 41.4260443 ], [ 2.1592124, 41.4260804 ], [ 2.1593589, 41.4261343 ], [ 2.1594387, 41.4261632 ], [ 2.1595357, 41.4261984 ], [ 2.1597713, 41.4262833 ], [ 2.159931, 41.4263386 ], [ 2.1599454, 41.4263435 ], [ 2.1600526, 41.4263814 ], [ 2.1601746, 41.4264328 ], [ 2.1603612, 41.4265107 ], [ 2.160433, 41.4265411 ], [ 2.1604841, 41.4265628 ], [ 2.1607612, 41.4266794 ], [ 2.1609746, 41.4267701 ], [ 2.161065, 41.4268084 ], [ 2.1613613, 41.4269358 ], [ 2.1615153, 41.4270004 ], [ 2.1616795, 41.4270693 ], [ 2.1619975, 41.427201 ], [ 2.1620509, 41.4272211 ], [ 2.1620623, 41.4272254 ], [ 2.1621049, 41.4272415 ], [ 2.1623494, 41.427332 ], [ 2.1625, 41.4273931 ], [ 2.162931, 41.4275679 ], [ 2.1633828, 41.4277842 ], [ 2.1637195, 41.427937 ], [ 2.1637977, 41.4280097 ], [ 2.1636879, 41.4280651 ], [ 2.1636317, 41.4280968 ], [ 2.1637838, 41.4282067 ], [ 2.1647994, 41.4288489 ], [ 2.1649656, 41.4289555 ], [ 2.1661473, 41.4296258 ], [ 2.1661475, 41.4296259 ], [ 2.1648387, 41.4303962 ], [ 2.164311, 41.4307658 ], [ 2.1640865, 41.4309758 ], [ 2.1636447, 41.4313877 ], [ 2.1634059, 41.4317008 ], [ 2.1633255, 41.4318218 ], [ 2.1632312, 41.431977 ], [ 2.1631915, 41.4321211 ], [ 2.1631588, 41.4322669 ], [ 2.1631425, 41.4323318 ], [ 2.1631095, 41.432464 ], [ 2.1631103, 41.4327124 ], [ 2.1631109, 41.4328801 ], [ 2.1631534, 41.4330323 ], [ 2.1634762, 41.4341878 ], [ 2.1635778, 41.4345514 ], [ 2.1635811, 41.4345633 ], [ 2.1638025, 41.4352005 ], [ 2.1641754, 41.4360756 ], [ 2.1642062, 41.436148 ], [ 2.1642648, 41.4362855 ], [ 2.1633348, 41.4365416 ], [ 2.1632169, 41.436574 ], [ 2.1631677, 41.4365876 ], [ 2.1632309, 41.436681 ], [ 2.1632467, 41.4367044 ], [ 2.1632519, 41.436712 ], [ 2.1632566, 41.436719 ], [ 2.1632753, 41.4367466 ], [ 2.1632888, 41.4367665 ], [ 2.1632972, 41.436779 ], [ 2.1632981, 41.4367802 ], [ 2.163305, 41.4367903 ], [ 2.1633123, 41.436801 ], [ 2.16335, 41.4368558 ], [ 2.1633648, 41.4368774 ], [ 2.163398, 41.4369257 ], [ 2.1634455, 41.4369949 ], [ 2.1635201, 41.4371036 ], [ 2.1634961, 41.4371175 ], [ 2.1633712, 41.4371903 ], [ 2.1633662, 41.4371932 ], [ 2.1632927, 41.4372361 ], [ 2.1632826, 41.437242 ], [ 2.1632506, 41.4372606 ], [ 2.1632131, 41.4372825 ], [ 2.1632163, 41.4372856 ], [ 2.1632295, 41.4372984 ], [ 2.1632393, 41.4373078 ], [ 2.1632088, 41.4373232 ], [ 2.1632019, 41.4373267 ], [ 2.1631953, 41.4373302 ], [ 2.163155, 41.4373515 ], [ 2.1631371, 41.437361 ], [ 2.1631359, 41.4373616 ], [ 2.1631304, 41.4373645 ], [ 2.1631612, 41.4373933 ], [ 2.1631889, 41.4374192 ], [ 2.1632775, 41.4375019 ], [ 2.1632821, 41.4375062 ], [ 2.1633269, 41.4375484 ], [ 2.1633401, 41.437561 ], [ 2.163365, 41.4375849 ], [ 2.1633789, 41.4375983 ], [ 2.1633844, 41.4376035 ], [ 2.1633942, 41.437613 ], [ 2.1634101, 41.4376282 ], [ 2.1634147, 41.4376326 ], [ 2.1634189, 41.4376367 ], [ 2.1634588, 41.437675 ], [ 2.1634836, 41.4376977 ], [ 2.1635321, 41.4377424 ], [ 2.1635452, 41.4377545 ], [ 2.1635691, 41.4377764 ], [ 2.1635964, 41.4378015 ], [ 2.1635972, 41.4378023 ], [ 2.1635973, 41.4378024 ], [ 2.1635984, 41.4378034 ], [ 2.1635988, 41.4378038 ], [ 2.1636065, 41.4378109 ], [ 2.1636191, 41.4378224 ], [ 2.163632, 41.4378343 ], [ 2.1636523, 41.437853 ], [ 2.1636597, 41.4378598 ], [ 2.1636558, 41.4378621 ], [ 2.1625609, 41.4385071 ], [ 2.1624992, 41.4385454 ], [ 2.1624396, 41.4385855 ], [ 2.1623823, 41.4386273 ], [ 2.1622752, 41.438713 ], [ 2.1621727, 41.4388018 ], [ 2.1621205, 41.4388501 ], [ 2.1620216, 41.4389498 ], [ 2.1619498, 41.4390302 ], [ 2.1619377, 41.4390456 ], [ 2.1618788, 41.4391201 ], [ 2.1618356, 41.4391817 ], [ 2.1617579, 41.439246 ], [ 2.1616642, 41.4392862 ], [ 2.1617119, 41.4394188 ], [ 2.1618003, 41.4396644 ], [ 2.1618002, 41.4396645 ], [ 2.1617494, 41.4397033 ], [ 2.1617019, 41.4397452 ], [ 2.1616727, 41.4397764 ], [ 2.1616393, 41.4398197 ], [ 2.161598, 41.4398794 ], [ 2.1615606, 41.4399499 ], [ 2.1615417, 41.4400131 ], [ 2.1615331, 41.4400802 ], [ 2.1615313, 41.4401386 ], [ 2.1615384, 41.4401995 ], [ 2.1615502, 41.4402714 ], [ 2.161574, 41.4403343 ], [ 2.1616072, 41.4403977 ], [ 2.1616494, 41.4404638 ], [ 2.1617051, 41.4405261 ], [ 2.161764, 41.4405782 ], [ 2.161826, 41.4406238 ], [ 2.16189, 41.4406646 ], [ 2.1619612, 41.4407007 ], [ 2.1620418, 41.4407318 ], [ 2.1621176, 41.4407563 ], [ 2.1622122, 41.4407802 ], [ 2.1622806, 41.4407876 ], [ 2.16237, 41.4407935 ], [ 2.1623879, 41.4408933 ], [ 2.162436, 41.4410156 ], [ 2.162401, 41.441325 ], [ 2.162401, 41.4413252 ], [ 2.1617135, 41.4416312 ], [ 2.1616351, 41.4415645 ], [ 2.1615382, 41.4416065 ], [ 2.1614942, 41.4416256 ], [ 2.1613953, 41.4416684 ], [ 2.1613946, 41.4416687 ], [ 2.1612883, 41.4417161 ], [ 2.1610834, 41.4418073 ], [ 2.1605996, 41.4420227 ], [ 2.1605975, 41.4420236 ], [ 2.1605964, 41.4420242 ], [ 2.1605905, 41.4420268 ], [ 2.1605816, 41.4420307 ], [ 2.1605782, 41.4420322 ], [ 2.1605626, 41.4420392 ], [ 2.1605615, 41.4420397 ], [ 2.1604951, 41.4420693 ], [ 2.1604286, 41.4420989 ], [ 2.1603309, 41.4421344 ], [ 2.160126, 41.4422024 ], [ 2.160109, 41.4422242 ], [ 2.1600865, 41.4422531 ], [ 2.1600668, 41.4422785 ], [ 2.1599961, 41.4423522 ], [ 2.1599684, 41.4423811 ], [ 2.1599449, 41.4423706 ], [ 2.159818, 41.4422848 ], [ 2.1597516, 41.4422138 ], [ 2.1596977, 41.442123 ], [ 2.1594372, 41.442228 ], [ 2.1591871, 41.442376 ], [ 2.1591122, 41.4424343 ], [ 2.1590459, 41.4425186 ], [ 2.1589838, 41.4426307 ], [ 2.1589275, 41.442713 ], [ 2.1586981, 41.443011 ], [ 2.1586058, 41.4432593 ], [ 2.1585462, 41.4433569 ], [ 2.158493, 41.4434798 ], [ 2.158473, 41.4436947 ], [ 2.1584079, 41.4438552 ], [ 2.1583389, 41.4439529 ], [ 2.1582941, 41.4439983 ], [ 2.1581708, 41.4440847 ], [ 2.1580315, 41.4441631 ], [ 2.1579909, 41.4442047 ], [ 2.1579801, 41.444252 ], [ 2.1579699, 41.4444229 ], [ 2.15795, 41.4445276 ], [ 2.157904, 41.4446186 ], [ 2.1578366, 41.4447063 ], [ 2.1577074, 41.4448348 ], [ 2.1575265, 41.4449882 ], [ 2.1574723, 41.4450211 ], [ 2.1573778, 41.445044 ], [ 2.1571197, 41.4450929 ], [ 2.1569926, 41.4451081 ], [ 2.1569182, 41.4451516 ], [ 2.1568296, 41.4452092 ], [ 2.1567188, 41.4452888 ], [ 2.1566112, 41.445351 ], [ 2.1564807, 41.4454131 ], [ 2.1563559, 41.4454579 ], [ 2.1562599, 41.4454975 ], [ 2.1561047, 41.4455436 ], [ 2.1560614, 41.445549 ], [ 2.156028, 41.4455512 ], [ 2.1559039, 41.4455459 ], [ 2.1558302, 41.4455487 ], [ 2.1557824, 41.4455589 ], [ 2.155743, 41.4455852 ], [ 2.1557181, 41.4456082 ], [ 2.1557076, 41.4456521 ], [ 2.1557074, 41.4456886 ], [ 2.1557588, 41.4457323 ], [ 2.1557922, 41.4457487 ], [ 2.1558348, 41.4457651 ], [ 2.1558364, 41.4457654 ], [ 2.1559037, 41.4457782 ], [ 2.1560118, 41.4457776 ], [ 2.1562062, 41.4457877 ], [ 2.1564238, 41.4458348 ], [ 2.1566533, 41.4458818 ], [ 2.1570826, 41.4459617 ], [ 2.157168, 41.4459925 ], [ 2.157211, 41.4460057 ], [ 2.1572534, 41.4460518 ], [ 2.1573164, 41.4461679 ], [ 2.1574168, 41.446374 ], [ 2.1575181, 41.4464931 ], [ 2.1575901, 41.4466085 ], [ 2.1575924, 41.4467129 ], [ 2.1575612, 41.4468542 ], [ 2.1575427, 41.4469493 ], [ 2.1575167, 41.447019 ], [ 2.1574693, 41.4470859 ], [ 2.1574238, 41.4471306 ], [ 2.1572514, 41.4472174 ], [ 2.1571172, 41.4472795 ], [ 2.1570643, 41.447327 ], [ 2.157043, 41.4473546 ], [ 2.1570313, 41.4473979 ], [ 2.157042, 41.4474326 ], [ 2.1570955, 41.4474518 ], [ 2.1572062, 41.4474632 ], [ 2.15734, 41.4474606 ], [ 2.1574935, 41.4474705 ], [ 2.1575768, 41.4474986 ], [ 2.1576654, 41.4475446 ], [ 2.1576766, 41.4475505 ], [ 2.1577804, 41.4476121 ], [ 2.1579402, 41.4477121 ], [ 2.1580697, 41.4478225 ], [ 2.1583409, 41.4480755 ], [ 2.1586393, 41.4484056 ], [ 2.1587506, 41.4485331 ], [ 2.1589229, 41.4488015 ], [ 2.1589448, 41.4488246 ], [ 2.159009, 41.4488921 ], [ 2.1591484, 41.4490743 ], [ 2.1592831, 41.4492665 ], [ 2.1594248, 41.4493947 ], [ 2.1594257, 41.4495018 ], [ 2.1594193, 41.4495969 ], [ 2.1594866, 41.4497677 ], [ 2.1594777, 41.4499613 ], [ 2.159375, 41.4501906 ], [ 2.1592125, 41.4503196 ], [ 2.1591813, 41.4503586 ], [ 2.1591309, 41.4504443 ], [ 2.1591095, 41.4505183 ], [ 2.1589672, 41.4505174 ], [ 2.158926, 41.4504888 ], [ 2.1588685, 41.4504252 ], [ 2.1587754, 41.4503487 ], [ 2.1586808, 41.4503003 ], [ 2.1585861, 41.4502581 ], [ 2.1585039, 41.4502273 ], [ 2.1584241, 41.4501741 ], [ 2.1583697, 41.4501275 ], [ 2.1583152, 41.4500825 ], [ 2.1582713, 41.4500392 ], [ 2.158221, 41.4500006 ], [ 2.1581645, 41.4499492 ], [ 2.1580912, 41.4498914 ], [ 2.1580137, 41.4498287 ], [ 2.1579674, 41.4498029 ], [ 2.1579105, 41.4497833 ], [ 2.157799, 41.4497315 ], [ 2.1576833, 41.4496765 ], [ 2.1575632, 41.4496247 ], [ 2.1575042, 41.4496067 ], [ 2.1574451, 41.449592 ], [ 2.157388, 41.4495899 ], [ 2.1573229, 41.4496007 ], [ 2.1572137, 41.4496428 ], [ 2.1570819, 41.4496865 ], [ 2.1569458, 41.4497317 ], [ 2.1568075, 41.449788 ], [ 2.1567456, 41.4498226 ], [ 2.1567029, 41.4498493 ], [ 2.1566432, 41.4498855 ], [ 2.1565793, 41.4499137 ], [ 2.1564374, 41.4499264 ], [ 2.1563071, 41.4499205 ], [ 2.1561597, 41.449937 ], [ 2.156019, 41.4499536 ], [ 2.1558423, 41.4499348 ], [ 2.1557208, 41.4498879 ], [ 2.1555456, 41.4498209 ], [ 2.1554671, 41.449787 ], [ 2.1553803, 41.4497341 ], [ 2.1552697, 41.4496792 ], [ 2.1551663, 41.4496253 ], [ 2.154967, 41.4495707 ], [ 2.1547497, 41.4495286 ], [ 2.1545471, 41.4494587 ], [ 2.1544422, 41.4494237 ], [ 2.154441, 41.4494237 ], [ 2.154441, 41.4494227 ], [ 2.1544398, 41.4494227 ], [ 2.1544386, 41.4494227 ], [ 2.1544374, 41.4494218 ], [ 2.1544362, 41.4494218 ], [ 2.154435, 41.4494209 ], [ 2.1544338, 41.4494209 ], [ 2.1544327, 41.44942 ], [ 2.1544315, 41.44942 ], [ 2.1544303, 41.44942 ], [ 2.1544291, 41.4494191 ], [ 2.1544279, 41.4494182 ], [ 2.1544267, 41.4494181 ], [ 2.1544255, 41.4494172 ], [ 2.1544243, 41.4494172 ], [ 2.1544231, 41.4494163 ], [ 2.1544219, 41.4494163 ], [ 2.1544207, 41.4494154 ], [ 2.1544196, 41.4494145 ], [ 2.1544184, 41.4494145 ], [ 2.1544172, 41.4494136 ], [ 2.154416, 41.4494136 ], [ 2.1544148, 41.4494127 ], [ 2.1544136, 41.4494126 ], [ 2.1544136, 41.4494117 ], [ 2.1544124, 41.4494117 ], [ 2.1544112, 41.4494108 ], [ 2.15441, 41.4494108 ], [ 2.1544088, 41.4494099 ], [ 2.1544076, 41.4494099 ], [ 2.1544065, 41.449409 ], [ 2.1544053, 41.4494081 ], [ 2.1544041, 41.4494072 ], [ 2.1544029, 41.4494072 ], [ 2.1544017, 41.4494063 ], [ 2.1544005, 41.4494062 ], [ 2.1544005, 41.4494053 ], [ 2.1543993, 41.4494053 ], [ 2.1543981, 41.4494044 ], [ 2.154397, 41.4494035 ], [ 2.1543958, 41.4494035 ], [ 2.1543958, 41.4494026 ], [ 2.1543946, 41.4494026 ], [ 2.1543934, 41.4494017 ], [ 2.1543922, 41.4494017 ], [ 2.154391, 41.4494008 ], [ 2.154391, 41.4493999 ], [ 2.1543898, 41.4493999 ], [ 2.1543886, 41.4493989 ], [ 2.1543874, 41.449398 ], [ 2.1543863, 41.449398 ], [ 2.1543863, 41.4493971 ], [ 2.1543851, 41.4493971 ], [ 2.1543839, 41.4493962 ], [ 2.1543827, 41.4493953 ], [ 2.1543815, 41.4493944 ], [ 2.1543803, 41.4493935 ], [ 2.1543791, 41.4493935 ], [ 2.1543779, 41.4493926 ], [ 2.154378, 41.4493917 ], [ 2.1543768, 41.4493917 ], [ 2.1543756, 41.4493907 ], [ 2.1543744, 41.4493898 ], [ 2.1543732, 41.4493889 ], [ 2.154372, 41.449388 ], [ 2.1543708, 41.4493871 ], [ 2.1543696, 41.4493862 ], [ 2.1543684, 41.4493862 ], [ 2.1543685, 41.4493853 ], [ 2.1543673, 41.4493844 ], [ 2.1543661, 41.4493844 ], [ 2.1543661, 41.4493835 ], [ 2.1543649, 41.4493826 ], [ 2.1543637, 41.4493817 ], [ 2.1543625, 41.4493816 ], [ 2.1543625, 41.4493807 ], [ 2.1543613, 41.4493798 ], [ 2.1543601, 41.4493798 ], [ 2.1543602, 41.4493789 ], [ 2.154359, 41.449378 ], [ 2.1543578, 41.4493771 ], [ 2.1543566, 41.4493762 ], [ 2.1543554, 41.4493753 ], [ 2.1543554, 41.4493744 ], [ 2.1543542, 41.4493744 ], [ 2.154353, 41.4493735 ], [ 2.1543531, 41.4493726 ], [ 2.1543519, 41.4493717 ], [ 2.1543507, 41.4493716 ], [ 2.1543507, 41.4493707 ], [ 2.1543495, 41.4493698 ], [ 2.1543483, 41.4493689 ], [ 2.1543483, 41.449368 ], [ 2.1543471, 41.449368 ], [ 2.1543471, 41.4493671 ], [ 2.154346, 41.4493662 ], [ 2.1543448, 41.4493653 ], [ 2.1543436, 41.4493644 ], [ 2.1543436, 41.4493635 ], [ 2.1543424, 41.4493626 ], [ 2.1543412, 41.4493617 ], [ 2.15434, 41.4493608 ], [ 2.1543401, 41.4493599 ], [ 2.1543389, 41.449359 ], [ 2.1543377, 41.449358 ], [ 2.1543365, 41.4493571 ], [ 2.1543365, 41.4493562 ], [ 2.1543353, 41.4493553 ], [ 2.1543353, 41.4493544 ], [ 2.1543342, 41.4493535 ], [ 2.154333, 41.4493535 ], [ 2.154333, 41.4493526 ], [ 2.1543318, 41.4493517 ], [ 2.1543318, 41.4493508 ], [ 2.1543306, 41.4493499 ], [ 2.1543306, 41.449349 ], [ 2.1543294, 41.4493481 ], [ 2.1543282, 41.4493472 ], [ 2.1543283, 41.4493463 ], [ 2.1543271, 41.4493454 ], [ 2.1543271, 41.4493445 ], [ 2.15432, 41.4493372 ], [ 2.1543058, 41.4493236 ], [ 2.1542904, 41.4493082 ], [ 2.1542821, 41.4493009 ], [ 2.1542502, 41.4492763 ], [ 2.1541671, 41.4492172 ], [ 2.1541386, 41.449198 ], [ 2.1540164, 41.4491143 ], [ 2.1539084, 41.4490396 ], [ 2.1538349, 41.4489877 ], [ 2.1536854, 41.4488858 ], [ 2.1535584, 41.4487983 ], [ 2.1535442, 41.4487874 ], [ 2.1535241, 41.4487693 ], [ 2.1535051, 41.4487511 ], [ 2.1534322, 41.4486515 ], [ 2.1534322, 41.4486506 ], [ 2.1534322, 41.4486497 ], [ 2.153431, 41.4486497 ], [ 2.1534311, 41.4486488 ], [ 2.1534299, 41.4486479 ], [ 2.1534299, 41.448647 ], [ 2.1534299, 41.4486461 ], [ 2.1534287, 41.4486452 ], [ 2.1534287, 41.4486443 ], [ 2.1534275, 41.4486434 ], [ 2.1534275, 41.4486425 ], [ 2.1534263, 41.4486425 ], [ 2.1534264, 41.4486416 ], [ 2.1534252, 41.4486406 ], [ 2.1534252, 41.4486397 ], [ 2.1534252, 41.4486388 ], [ 2.153424, 41.4486379 ], [ 2.153424, 41.448637 ], [ 2.1534228, 41.4486361 ], [ 2.1534229, 41.4486352 ], [ 2.1534229, 41.4486343 ], [ 2.1534217, 41.4486334 ], [ 2.1534217, 41.4486325 ], [ 2.1534205, 41.4486316 ], [ 2.1534205, 41.4486307 ], [ 2.1534193, 41.4486298 ], [ 2.1534193, 41.4486289 ], [ 2.1534194, 41.448628 ], [ 2.1534182, 41.4486271 ], [ 2.1534182, 41.4486262 ], [ 2.1534182, 41.4486253 ], [ 2.153417, 41.4486244 ], [ 2.153417, 41.4486235 ], [ 2.153417, 41.4486226 ], [ 2.1534158, 41.4486217 ], [ 2.1534159, 41.4486208 ], [ 2.1534159, 41.4486199 ], [ 2.1534159, 41.4486189 ], [ 2.1534147, 41.448618 ], [ 2.1534147, 41.4486171 ], [ 2.1534135, 41.4486162 ], [ 2.1534135, 41.4486153 ], [ 2.1534135, 41.4486144 ], [ 2.1534135, 41.4486135 ], [ 2.1534124, 41.4486126 ], [ 2.1534124, 41.4486117 ], [ 2.1534124, 41.4486108 ], [ 2.1534124, 41.4486099 ], [ 2.1534112, 41.448609 ], [ 2.1534112, 41.4486081 ], [ 2.1534112, 41.4486072 ], [ 2.1534113, 41.4486063 ], [ 2.1534101, 41.4486054 ], [ 2.1534101, 41.4486045 ], [ 2.1534101, 41.4486036 ], [ 2.1534101, 41.4486027 ], [ 2.1534101, 41.4486018 ], [ 2.1534089, 41.4486009 ], [ 2.1534089, 41.4486 ], [ 2.153409, 41.4485991 ], [ 2.153409, 41.4485982 ], [ 2.153409, 41.4485973 ], [ 2.153409, 41.4485964 ], [ 2.1534078, 41.4485955 ], [ 2.1534078, 41.4485946 ], [ 2.1534078, 41.4485937 ], [ 2.1534078, 41.4485928 ], [ 2.1534078, 41.4485919 ], [ 2.1534079, 41.448591 ], [ 2.1534079, 41.4485901 ], [ 2.1534067, 41.4485892 ], [ 2.1534067, 41.4485883 ], [ 2.1534067, 41.4485874 ], [ 2.1534067, 41.4485865 ], [ 2.1534067, 41.4485856 ], [ 2.1534067, 41.4485847 ], [ 2.1534068, 41.4485838 ], [ 2.1534068, 41.4485829 ], [ 2.1534068, 41.448582 ], [ 2.1534068, 41.4485811 ], [ 2.1534056, 41.4485802 ], [ 2.1534056, 41.4485793 ], [ 2.1534056, 41.4485783 ], [ 2.1534056, 41.4485774 ], [ 2.1534057, 41.4485765 ], [ 2.1534057, 41.4485756 ], [ 2.1534057, 41.4485747 ], [ 2.1534057, 41.4485738 ], [ 2.1534057, 41.4485729 ], [ 2.1533867, 41.4483746 ], [ 2.1533409, 41.4482167 ], [ 2.1533202, 41.4480616 ], [ 2.1533142, 41.4479679 ], [ 2.1533043, 41.4479011 ], [ 2.1532978, 41.4478489 ], [ 2.1532686, 41.4477892 ], [ 2.1531816, 41.4477615 ], [ 2.1530623, 41.4477327 ], [ 2.1529538, 41.4476932 ], [ 2.1528454, 41.4476582 ], [ 2.1527574, 41.4476098 ], [ 2.1526127, 41.4475015 ], [ 2.1525251, 41.447427 ], [ 2.152358, 41.4472988 ], [ 2.1522099, 41.4471788 ], [ 2.1520713, 41.4470643 ], [ 2.1520286, 41.4470396 ], [ 2.1519713, 41.4470266 ], [ 2.1519115, 41.4470199 ], [ 2.1518312, 41.4470274 ], [ 2.1517161, 41.4470437 ], [ 2.1516188, 41.4470646 ], [ 2.1514831, 41.4471005 ], [ 2.1512969, 41.4471441 ], [ 2.1511503, 41.4471863 ], [ 2.1510432, 41.4472287 ], [ 2.1508679, 41.4472707 ], [ 2.1507502, 41.4473004 ], [ 2.1506616, 41.4473016 ], [ 2.1505816, 41.4472839 ], [ 2.1504447, 41.4472288 ], [ 2.1503611, 41.4472084 ], [ 2.1502847, 41.447197 ], [ 2.1501926, 41.44719 ], [ 2.1500036, 41.447176 ], [ 2.1498645, 41.4471912 ], [ 2.1497229, 41.4472181 ], [ 2.1496461, 41.4472319 ], [ 2.1495301, 41.4472239 ], [ 2.1494278, 41.4471736 ], [ 2.1492911, 41.4470996 ], [ 2.1492318, 41.4470559 ], [ 2.1491547, 41.4470058 ], [ 2.1490548, 41.4469528 ], [ 2.1488867, 41.4469003 ], [ 2.1487355, 41.446837 ], [ 2.1486355, 41.446793 ], [ 2.1485615, 41.4467708 ], [ 2.1484851, 41.446755 ], [ 2.1484241, 41.4467563 ], [ 2.148364, 41.4467712 ], [ 2.1482546, 41.4468091 ], [ 2.1481454, 41.4468281 ], [ 2.1480505, 41.446849 ], [ 2.1479247, 41.4468607 ], [ 2.1478048, 41.4468724 ], [ 2.1477099, 41.4468987 ], [ 2.1475824, 41.4469473 ], [ 2.1474088, 41.4470361 ], [ 2.1472534, 41.4471142 ], [ 2.1470867, 41.4472247 ], [ 2.1469488, 41.4473345 ], [ 2.1467953, 41.4474468 ], [ 2.1467131, 41.4475066 ], [ 2.1466155, 41.4475545 ], [ 2.1465025, 41.4475879 ], [ 2.1463296, 41.4476289 ], [ 2.1462409, 41.4476409 ], [ 2.1460934, 41.4476587 ], [ 2.1459207, 41.4476808 ], [ 2.1457731, 41.4477095 ], [ 2.1456495, 41.4477293 ], [ 2.1454273, 41.4477807 ], [ 2.1453214, 41.4478223 ], [ 2.1452081, 41.4478845 ], [ 2.1451416, 41.4479336 ], [ 2.1450983, 41.447953 ], [ 2.1450384, 41.4479553 ], [ 2.1448608, 41.4478954 ], [ 2.1447607, 41.447856 ], [ 2.1445985, 41.4478151 ], [ 2.1444611, 41.4477934 ], [ 2.1442782, 41.4477704 ], [ 2.1441477, 41.4477712 ], [ 2.143991, 41.4477656 ], [ 2.1435057, 41.4476169 ], [ 2.1434222, 41.4475875 ], [ 2.14329, 41.4475397 ], [ 2.1432876, 41.4475387 ], [ 2.1432483, 41.447524 ], [ 2.1430647, 41.4474623 ], [ 2.1430552, 41.4474587 ], [ 2.1430278, 41.4474485 ], [ 2.142997, 41.4474231 ], [ 2.1429212, 41.4473667 ], [ 2.1425722, 41.4471416 ], [ 2.1424347, 41.4470307 ], [ 2.142348, 41.4469805 ], [ 2.1422705, 41.4469583 ], [ 2.1421126, 41.4469463 ], [ 2.1420325, 41.4469385 ], [ 2.141853, 41.4469345 ], [ 2.1417546, 41.4469517 ], [ 2.1416524, 41.4469852 ], [ 2.1415633, 41.4470269 ], [ 2.1414752, 41.4470794 ], [ 2.1413965, 41.4471454 ], [ 2.141348, 41.4471955 ], [ 2.1413468, 41.4471955 ], [ 2.1413455, 41.4471964 ], [ 2.1413443, 41.4471973 ], [ 2.1413431, 41.4471982 ], [ 2.1413419, 41.4471982 ], [ 2.1413407, 41.4471991 ], [ 2.1413395, 41.4471991 ], [ 2.1413383, 41.4471999 ], [ 2.1413371, 41.4472008 ], [ 2.1413359, 41.4472008 ], [ 2.1413347, 41.4472008 ], [ 2.1413335, 41.4472017 ], [ 2.1413323, 41.4472017 ], [ 2.1413311, 41.4472026 ], [ 2.1413299, 41.4472026 ], [ 2.1413287, 41.4472026 ], [ 2.1413275, 41.4472026 ], [ 2.1413263, 41.4472035 ], [ 2.1413251, 41.4472035 ], [ 2.1413239, 41.4472034 ], [ 2.1413227, 41.4472034 ], [ 2.1413215, 41.4472043 ], [ 2.1413203, 41.4472043 ], [ 2.1413191, 41.4472043 ], [ 2.1413179, 41.4472043 ], [ 2.1413167, 41.4472043 ], [ 2.1413155, 41.4472043 ], [ 2.1413143, 41.4472043 ], [ 2.1413131, 41.4472043 ], [ 2.1413119, 41.4472043 ], [ 2.1413107, 41.4472051 ], [ 2.1413095, 41.4472051 ], [ 2.1413083, 41.4472051 ], [ 2.1413071, 41.4472051 ], [ 2.1413059, 41.4472051 ], [ 2.1413047, 41.4472051 ], [ 2.1413035, 41.4472051 ], [ 2.1413023, 41.4472051 ], [ 2.1413011, 41.4472051 ], [ 2.1412999, 41.4472051 ], [ 2.1412987, 41.4472051 ], [ 2.1412975, 41.4472059 ], [ 2.1412963, 41.4472059 ], [ 2.1412951, 41.4472059 ], [ 2.1412939, 41.4472059 ], [ 2.1412927, 41.4472059 ], [ 2.1412916, 41.4472059 ], [ 2.1412903, 41.4472059 ], [ 2.1412892, 41.4472059 ], [ 2.141288, 41.4472059 ], [ 2.1412868, 41.4472059 ], [ 2.1412856, 41.4472068 ], [ 2.1412844, 41.4472067 ], [ 2.1412832, 41.4472067 ], [ 2.141282, 41.4472067 ], [ 2.1412808, 41.4472067 ], [ 2.1412796, 41.4472067 ], [ 2.1412784, 41.4472067 ], [ 2.1412772, 41.4472067 ], [ 2.141276, 41.4472067 ], [ 2.1412748, 41.4472067 ], [ 2.1412736, 41.4472076 ], [ 2.1412724, 41.4472076 ], [ 2.1412712, 41.4472076 ], [ 2.14127, 41.4472075 ], [ 2.1412688, 41.4472075 ], [ 2.1412676, 41.4472075 ], [ 2.1412664, 41.4472075 ], [ 2.1412652, 41.4472075 ], [ 2.141264, 41.4472075 ], [ 2.1412628, 41.4472084 ], [ 2.1412616, 41.4472084 ], [ 2.1412604, 41.4472084 ], [ 2.1412592, 41.4472084 ], [ 2.141258, 41.4472083 ], [ 2.1412568, 41.4472083 ], [ 2.1412556, 41.4472083 ], [ 2.1412544, 41.4472083 ], [ 2.1412532, 41.4472092 ], [ 2.141252, 41.4472092 ], [ 2.1412508, 41.4472092 ], [ 2.1412496, 41.4472092 ], [ 2.1412484, 41.4472092 ], [ 2.1412472, 41.4472092 ], [ 2.141246, 41.4472092 ], [ 2.1412448, 41.4472092 ], [ 2.1412436, 41.4472091 ], [ 2.1412424, 41.44721 ], [ 2.1412412, 41.44721 ], [ 2.14124, 41.44721 ], [ 2.1412388, 41.44721 ], [ 2.1412376, 41.44721 ], [ 2.1412364, 41.44721 ], [ 2.1412352, 41.44721 ], [ 2.141234, 41.4472109 ], [ 2.1412328, 41.4472109 ], [ 2.1412316, 41.4472109 ], [ 2.1412304, 41.4472109 ], [ 2.1412292, 41.4472108 ], [ 2.141228, 41.4472108 ], [ 2.1412268, 41.4472108 ], [ 2.1412256, 41.4472108 ], [ 2.1412124, 41.4472143 ], [ 2.1412064, 41.447217 ], [ 2.1411919, 41.447225 ], [ 2.1411847, 41.4472294 ], [ 2.141175, 41.4472375 ], [ 2.1411652, 41.4472527 ], [ 2.1411531, 41.4472661 ], [ 2.1411385, 41.4472804 ], [ 2.1411301, 41.4472876 ], [ 2.1411192, 41.4472956 ], [ 2.1410974, 41.4473098 ], [ 2.14106, 41.447333 ], [ 2.1410189, 41.4473615 ], [ 2.1409984, 41.4473731 ], [ 2.1409852, 41.4473802 ], [ 2.1409563, 41.4473944 ], [ 2.1409346, 41.4474041 ], [ 2.1408889, 41.4474209 ], [ 2.140842, 41.4474376 ], [ 2.1408167, 41.4474447 ], [ 2.1407927, 41.4474499 ], [ 2.1407423, 41.4474612 ], [ 2.1406991, 41.4474699 ], [ 2.1406763, 41.4474742 ], [ 2.1406571, 41.4474768 ], [ 2.1406163, 41.447481 ], [ 2.1405804, 41.4474843 ], [ 2.1405612, 41.4474851 ], [ 2.1405001, 41.4474846 ], [ 2.140499, 41.4474846 ], [ 2.1404978, 41.4474846 ], [ 2.1404966, 41.4474846 ], [ 2.1404954, 41.4474846 ], [ 2.1404942, 41.4474846 ], [ 2.140493, 41.4474846 ], [ 2.1404918, 41.4474846 ], [ 2.1404906, 41.4474846 ], [ 2.1404894, 41.4474845 ], [ 2.1404882, 41.4474845 ], [ 2.1404882, 41.4474836 ], [ 2.140487, 41.4474836 ], [ 2.1404858, 41.4474836 ], [ 2.1404846, 41.4474836 ], [ 2.1404834, 41.4474836 ], [ 2.1404822, 41.4474836 ], [ 2.140481, 41.4474836 ], [ 2.1404798, 41.4474836 ], [ 2.1404786, 41.4474836 ], [ 2.1404774, 41.4474836 ], [ 2.1404762, 41.4474835 ], [ 2.140475, 41.4474835 ], [ 2.1404738, 41.4474835 ], [ 2.1404726, 41.4474835 ], [ 2.1404714, 41.4474835 ], [ 2.1404702, 41.4474835 ], [ 2.140469, 41.4474835 ], [ 2.1404678, 41.4474835 ], [ 2.1404666, 41.4474835 ], [ 2.1404654, 41.4474835 ], [ 2.1404642, 41.4474835 ], [ 2.1404631, 41.4474834 ], [ 2.1404619, 41.4474834 ], [ 2.1404607, 41.4474834 ], [ 2.1404595, 41.4474834 ], [ 2.1404583, 41.4474834 ], [ 2.1404571, 41.4474834 ], [ 2.1404559, 41.4474834 ], [ 2.1404547, 41.4474834 ], [ 2.1404535, 41.4474834 ], [ 2.1404523, 41.4474834 ], [ 2.1404511, 41.4474834 ], [ 2.1404499, 41.4474834 ], [ 2.1404487, 41.4474833 ], [ 2.1404475, 41.4474833 ], [ 2.1404463, 41.4474833 ], [ 2.1404451, 41.4474833 ], [ 2.1404439, 41.4474833 ], [ 2.1404427, 41.4474833 ], [ 2.1404415, 41.4474833 ], [ 2.1404403, 41.4474833 ], [ 2.1404391, 41.4474833 ], [ 2.1404379, 41.4474833 ], [ 2.1404367, 41.4474833 ], [ 2.1404355, 41.4474832 ], [ 2.1404343, 41.4474832 ], [ 2.1404331, 41.4474832 ], [ 2.1404319, 41.4474832 ], [ 2.1404307, 41.4474832 ], [ 2.1404295, 41.4474832 ], [ 2.1404283, 41.4474832 ], [ 2.1404271, 41.4474832 ], [ 2.1404259, 41.4474832 ], [ 2.1404247, 41.4474832 ], [ 2.1404235, 41.4474831 ], [ 2.1404224, 41.4474831 ], [ 2.1404212, 41.4474831 ], [ 2.14042, 41.4474831 ], [ 2.1404188, 41.4474831 ], [ 2.1404176, 41.4474831 ], [ 2.1404164, 41.4474831 ], [ 2.1404152, 41.4474831 ], [ 2.140414, 41.4474831 ], [ 2.1404128, 41.4474831 ], [ 2.1404116, 41.4474831 ], [ 2.1404104, 41.4474831 ], [ 2.1404092, 41.447483 ], [ 2.140408, 41.447483 ], [ 2.1404068, 41.447483 ], [ 2.1404056, 41.447483 ], [ 2.1404044, 41.447483 ], [ 2.1404032, 41.447483 ], [ 2.140402, 41.447483 ], [ 2.1404008, 41.4474839 ], [ 2.1403996, 41.4474839 ], [ 2.1403984, 41.4474839 ], [ 2.1403972, 41.4474839 ], [ 2.140396, 41.4474838 ], [ 2.1403948, 41.4474838 ], [ 2.1403936, 41.4474838 ], [ 2.1403924, 41.4474838 ], [ 2.1403912, 41.4474838 ], [ 2.14039, 41.4474838 ], [ 2.1403888, 41.4474838 ], [ 2.1403876, 41.4474838 ], [ 2.1403864, 41.4474838 ], [ 2.1403852, 41.4474838 ], [ 2.140384, 41.4474838 ], [ 2.1403828, 41.4474837 ], [ 2.1403816, 41.4474837 ], [ 2.1403804, 41.4474837 ], [ 2.1403792, 41.4474837 ], [ 2.140378, 41.4474837 ], [ 2.1403769, 41.4474837 ], [ 2.1403757, 41.4474837 ], [ 2.1403745, 41.4474837 ], [ 2.1403732, 41.4474846 ], [ 2.1403721, 41.4474846 ], [ 2.1403709, 41.4474846 ], [ 2.1403696, 41.4474846 ], [ 2.1403685, 41.4474845 ], [ 2.1403673, 41.4474845 ], [ 2.1403661, 41.4474845 ], [ 2.1403649, 41.4474845 ], [ 2.1403637, 41.4474845 ], [ 2.1403625, 41.4474845 ], [ 2.1403613, 41.4474845 ], [ 2.1403601, 41.4474845 ], [ 2.1403589, 41.4474845 ], [ 2.1403577, 41.4474845 ], [ 2.1403565, 41.4474845 ], [ 2.1403553, 41.4474844 ], [ 2.1403541, 41.4474844 ], [ 2.1403529, 41.4474853 ], [ 2.1403517, 41.4474853 ], [ 2.1403505, 41.4474853 ], [ 2.1403493, 41.4474853 ], [ 2.1403481, 41.4474853 ], [ 2.1403469, 41.4474853 ], [ 2.1403457, 41.4474853 ], [ 2.1403445, 41.4474853 ], [ 2.1403433, 41.4474853 ], [ 2.1403421, 41.4474852 ], [ 2.1403409, 41.4474852 ], [ 2.1403397, 41.4474852 ], [ 2.1403385, 41.4474852 ], [ 2.1403373, 41.4474852 ], [ 2.1403361, 41.4474861 ], [ 2.1403349, 41.4474861 ], [ 2.1403337, 41.4474861 ], [ 2.1403325, 41.4474861 ], [ 2.1403313, 41.4474861 ], [ 2.1403301, 41.4474861 ], [ 2.1403289, 41.447486 ], [ 2.1403277, 41.447486 ], [ 2.1403265, 41.447486 ], [ 2.1403253, 41.447486 ], [ 2.1403241, 41.447486 ], [ 2.140323, 41.447486 ], [ 2.1403217, 41.4474869 ], [ 2.1403205, 41.4474869 ], [ 2.1403193, 41.4474869 ], [ 2.1403182, 41.4474869 ], [ 2.140317, 41.4474869 ], [ 2.1403158, 41.4474869 ], [ 2.1403146, 41.4474868 ], [ 2.1403134, 41.4474868 ], [ 2.1403122, 41.4474868 ], [ 2.140311, 41.4474868 ], [ 2.1403098, 41.4474868 ], [ 2.1403086, 41.4474877 ], [ 2.1403074, 41.4474877 ], [ 2.1403062, 41.4474877 ], [ 2.140305, 41.4474877 ], [ 2.1403038, 41.4474877 ], [ 2.1403026, 41.4474877 ], [ 2.1403014, 41.4474876 ], [ 2.1403002, 41.4474876 ], [ 2.140299, 41.4474876 ], [ 2.1402978, 41.4474885 ], [ 2.1402966, 41.4474885 ], [ 2.1402954, 41.4474885 ], [ 2.1402942, 41.4474885 ], [ 2.140293, 41.4474885 ], [ 2.1402918, 41.4474885 ], [ 2.1402906, 41.4474885 ], [ 2.1402894, 41.4474885 ], [ 2.1402882, 41.4474893 ], [ 2.140287, 41.4474893 ], [ 2.1402858, 41.4474893 ], [ 2.1402846, 41.4474893 ], [ 2.1402834, 41.4474893 ], [ 2.1402822, 41.4474893 ], [ 2.140281, 41.4474893 ], [ 2.1402798, 41.4474893 ], [ 2.1402786, 41.4474902 ], [ 2.1402774, 41.4474902 ], [ 2.1402762, 41.4474902 ], [ 2.140275, 41.4474902 ], [ 2.1402738, 41.4474901 ], [ 2.1402726, 41.4474901 ], [ 2.1402714, 41.447491 ], [ 2.1402702, 41.447491 ], [ 2.140269, 41.447491 ], [ 2.1402678, 41.447491 ], [ 2.1402666, 41.447491 ], [ 2.1402654, 41.447491 ], [ 2.1402642, 41.447491 ], [ 2.140263, 41.4474919 ], [ 2.1402618, 41.4474919 ], [ 2.1402606, 41.4474918 ], [ 2.1402594, 41.4474918 ], [ 2.1402582, 41.4474918 ], [ 2.140257, 41.4474918 ], [ 2.1402558, 41.4474927 ], [ 2.1402546, 41.4474927 ], [ 2.1402534, 41.4474927 ], [ 2.1402522, 41.4474927 ], [ 2.140251, 41.4474927 ], [ 2.1402498, 41.4474927 ], [ 2.1402486, 41.4474936 ], [ 2.1402474, 41.4474935 ], [ 2.1402462, 41.4474935 ], [ 2.140245, 41.4474935 ], [ 2.1402438, 41.4474935 ], [ 2.1402426, 41.4474935 ], [ 2.1402414, 41.4474944 ], [ 2.1402402, 41.4474944 ], [ 2.140239, 41.4474944 ], [ 2.1402378, 41.4474944 ], [ 2.1402366, 41.4474953 ], [ 2.1402354, 41.4474953 ], [ 2.1402342, 41.4474952 ], [ 2.140233, 41.4474952 ], [ 2.1402318, 41.4474952 ], [ 2.1402306, 41.4474952 ], [ 2.1402294, 41.4474961 ], [ 2.1402282, 41.4474961 ], [ 2.140227, 41.4474961 ], [ 2.1402258, 41.4474961 ], [ 2.1402247, 41.4474961 ], [ 2.1402234, 41.447497 ], [ 2.1402222, 41.447497 ], [ 2.140221, 41.447497 ], [ 2.1402198, 41.4474969 ], [ 2.1402187, 41.4474969 ], [ 2.1402174, 41.4474978 ], [ 2.1402162, 41.4474978 ], [ 2.1402151, 41.4474978 ], [ 2.1402139, 41.4474978 ], [ 2.1402126, 41.4474987 ], [ 2.1402114, 41.4474987 ], [ 2.1402103, 41.4474987 ], [ 2.1402091, 41.4474987 ], [ 2.1402079, 41.4474987 ], [ 2.1402066, 41.4474995 ], [ 2.1402055, 41.4474995 ], [ 2.1402043, 41.4474995 ], [ 2.1402031, 41.4474995 ], [ 2.1402018, 41.4475004 ], [ 2.1402007, 41.4475004 ], [ 2.1401995, 41.4475004 ], [ 2.1401983, 41.4475004 ], [ 2.1401971, 41.4475004 ], [ 2.1401959, 41.4475013 ], [ 2.1401947, 41.4475013 ], [ 2.1401935, 41.4475013 ], [ 2.1401923, 41.4475012 ], [ 2.1401911, 41.4475021 ], [ 2.1401899, 41.4475021 ], [ 2.1401886, 41.4475021 ], [ 2.1401874, 41.447503 ], [ 2.1401863, 41.447503 ], [ 2.1401851, 41.447503 ], [ 2.1401839, 41.447503 ], [ 2.1401826, 41.4475039 ], [ 2.1401815, 41.4475039 ], [ 2.1401802, 41.4475038 ], [ 2.1401791, 41.4475038 ], [ 2.1401778, 41.4475047 ], [ 2.1401767, 41.4475047 ], [ 2.1401755, 41.4475047 ], [ 2.1401743, 41.4475047 ], [ 2.140173, 41.4475056 ], [ 2.1401719, 41.4475056 ], [ 2.1401707, 41.4475056 ], [ 2.1401695, 41.4475056 ], [ 2.1401682, 41.4475065 ], [ 2.1401671, 41.4475065 ], [ 2.1401659, 41.4475064 ], [ 2.1401647, 41.4475064 ], [ 2.1401634, 41.4475073 ], [ 2.1401623, 41.4475073 ], [ 2.1401611, 41.4475073 ], [ 2.1401599, 41.4475073 ], [ 2.1401586, 41.4475082 ], [ 2.1401574, 41.4475082 ], [ 2.1401563, 41.4475082 ], [ 2.140155, 41.4475091 ], [ 2.1401538, 41.4475091 ], [ 2.1401526, 41.4475091 ], [ 2.1401514, 41.4475099 ], [ 2.1401502, 41.4475099 ], [ 2.140149, 41.4475099 ], [ 2.1401478, 41.4475099 ], [ 2.1401466, 41.4475108 ], [ 2.1401454, 41.4475108 ], [ 2.1401442, 41.4475108 ], [ 2.140143, 41.4475117 ], [ 2.1401418, 41.4475117 ], [ 2.1401406, 41.4475117 ], [ 2.1401394, 41.4475117 ], [ 2.1401382, 41.4475125 ], [ 2.140137, 41.4475125 ], [ 2.1401358, 41.4475125 ], [ 2.1401346, 41.4475134 ], [ 2.1401334, 41.4475134 ], [ 2.1401322, 41.4475134 ], [ 2.140131, 41.4475143 ], [ 2.1401298, 41.4475143 ], [ 2.1401286, 41.4475143 ], [ 2.1401274, 41.4475143 ], [ 2.1401274, 41.4475152 ], [ 2.1401262, 41.4475152 ], [ 2.140125, 41.4475152 ], [ 2.1401238, 41.447516 ], [ 2.1401226, 41.447516 ], [ 2.1401214, 41.447516 ], [ 2.1401202, 41.4475169 ], [ 2.140119, 41.4475169 ], [ 2.1401178, 41.4475169 ], [ 2.1401166, 41.4475178 ], [ 2.1401154, 41.4475178 ], [ 2.1401142, 41.4475178 ], [ 2.140113, 41.4475187 ], [ 2.1401118, 41.4475187 ], [ 2.1401106, 41.4475186 ], [ 2.1401094, 41.4475195 ], [ 2.1401082, 41.4475195 ], [ 2.140107, 41.4475195 ], [ 2.1401058, 41.4475204 ], [ 2.1401046, 41.4475204 ], [ 2.1401034, 41.4475213 ], [ 2.1401022, 41.4475213 ], [ 2.140101, 41.4475213 ], [ 2.1400998, 41.4475222 ], [ 2.1400986, 41.4475222 ], [ 2.1400974, 41.4475221 ], [ 2.1400962, 41.447523 ], [ 2.140095, 41.447523 ], [ 2.1400938, 41.447523 ], [ 2.1400926, 41.4475239 ], [ 2.1400914, 41.4475239 ], [ 2.1400902, 41.4475239 ], [ 2.140089, 41.4475248 ], [ 2.1400878, 41.4475248 ], [ 2.1400866, 41.4475248 ], [ 2.1400866, 41.4475257 ], [ 2.1400854, 41.4475257 ], [ 2.1400842, 41.4475257 ], [ 2.140083, 41.4475265 ], [ 2.1400818, 41.4475265 ], [ 2.1400806, 41.4475265 ], [ 2.1400794, 41.4475274 ], [ 2.1400782, 41.4475274 ], [ 2.140077, 41.4475274 ], [ 2.1400758, 41.4475283 ], [ 2.1400746, 41.4475283 ], [ 2.1400734, 41.4475292 ], [ 2.1400722, 41.4475292 ], [ 2.140071, 41.4475292 ], [ 2.1400698, 41.4475301 ], [ 2.1400686, 41.44753 ], [ 2.1400674, 41.4475309 ], [ 2.1400662, 41.4475309 ], [ 2.140065, 41.4475318 ], [ 2.1400638, 41.4475318 ], [ 2.1400626, 41.4475318 ], [ 2.1400614, 41.4475327 ], [ 2.1400602, 41.4475327 ], [ 2.1400589, 41.4475327 ], [ 2.1400578, 41.4475336 ], [ 2.1400566, 41.4475336 ], [ 2.1400553, 41.4475344 ], [ 2.1400541, 41.4475344 ], [ 2.1400529, 41.4475353 ], [ 2.1400517, 41.4475353 ], [ 2.1400505, 41.4475362 ], [ 2.1400493, 41.4475362 ], [ 2.1400481, 41.4475362 ], [ 2.1400469, 41.4475371 ], [ 2.1400457, 41.4475371 ], [ 2.1400445, 41.4475371 ], [ 2.1400433, 41.447538 ], [ 2.1400421, 41.447538 ], [ 2.1400409, 41.4475388 ], [ 2.1400397, 41.4475388 ], [ 2.1400385, 41.4475397 ], [ 2.1400373, 41.4475397 ], [ 2.1400361, 41.4475406 ], [ 2.1400349, 41.4475406 ], [ 2.1400337, 41.4475406 ], [ 2.1400325, 41.4475415 ], [ 2.1400313, 41.4475415 ], [ 2.1400301, 41.4475424 ], [ 2.1400289, 41.4475424 ], [ 2.1400289, 41.4475433 ], [ 2.1400277, 41.4475432 ], [ 2.1400265, 41.4475432 ], [ 2.1400253, 41.4475441 ], [ 2.1400241, 41.4475441 ], [ 2.1400229, 41.447545 ], [ 2.1400217, 41.447545 ], [ 2.1400205, 41.447545 ], [ 2.1400193, 41.4475459 ], [ 2.1400181, 41.4475459 ], [ 2.1400169, 41.4475468 ], [ 2.1400157, 41.4475477 ], [ 2.1400145, 41.4475477 ], [ 2.1400133, 41.4475476 ], [ 2.1400121, 41.4475485 ], [ 2.1400109, 41.4475485 ], [ 2.1400097, 41.4475494 ], [ 2.1400085, 41.4475494 ], [ 2.1400072, 41.4475503 ], [ 2.1400061, 41.4475503 ], [ 2.140006, 41.4475512 ], [ 2.1400048, 41.4475512 ], [ 2.1400036, 41.4475512 ], [ 2.1400024, 41.4475521 ], [ 2.1400012, 41.4475521 ], [ 2.14, 41.4475529 ], [ 2.1399988, 41.4475529 ], [ 2.1399976, 41.4475538 ], [ 2.1399952, 41.4475547 ], [ 2.139994, 41.4475556 ], [ 2.1399928, 41.4475556 ], [ 2.1399904, 41.4475565 ], [ 2.1399892, 41.4475574 ], [ 2.1399868, 41.4475583 ], [ 2.1399832, 41.44756 ], [ 2.1399783, 41.4475636 ], [ 2.1399506, 41.4475787 ], [ 2.1399361, 41.4475867 ], [ 2.1399217, 41.4475947 ], [ 2.1398903, 41.4476107 ], [ 2.1398891, 41.4476116 ], [ 2.1398879, 41.4476116 ], [ 2.1398867, 41.4476125 ], [ 2.1398855, 41.4476124 ], [ 2.1398843, 41.4476133 ], [ 2.1398831, 41.4476133 ], [ 2.1398819, 41.4476142 ], [ 2.1398807, 41.4476142 ], [ 2.1398795, 41.4476151 ], [ 2.1398783, 41.4476151 ], [ 2.1398771, 41.447616 ], [ 2.1398759, 41.447616 ], [ 2.1398747, 41.447616 ], [ 2.1398735, 41.4476169 ], [ 2.1398723, 41.4476168 ], [ 2.1398711, 41.4476168 ], [ 2.1398699, 41.4476168 ], [ 2.1398687, 41.4476177 ], [ 2.1398675, 41.4476177 ], [ 2.1398663, 41.4476177 ], [ 2.1398651, 41.4476186 ], [ 2.1398639, 41.4476186 ], [ 2.1398627, 41.4476186 ], [ 2.1398615, 41.4476186 ], [ 2.1398603, 41.4476186 ], [ 2.1398591, 41.4476194 ], [ 2.1398579, 41.4476194 ], [ 2.1398567, 41.4476194 ], [ 2.1398555, 41.4476194 ], [ 2.1398543, 41.4476194 ], [ 2.1398531, 41.4476194 ], [ 2.1398519, 41.4476194 ], [ 2.1398507, 41.4476203 ], [ 2.1398495, 41.4476203 ], [ 2.1398483, 41.4476203 ], [ 2.1398471, 41.4476203 ], [ 2.1398459, 41.4476203 ], [ 2.1398447, 41.4476202 ], [ 2.1398435, 41.4476202 ], [ 2.1398375, 41.4476202 ], [ 2.139828, 41.4476201 ], [ 2.1397549, 41.4476223 ], [ 2.1396949, 41.447629 ], [ 2.1396806, 41.4476307 ], [ 2.1395798, 41.4476426 ], [ 2.1394695, 41.4476562 ], [ 2.1393928, 41.4476673 ], [ 2.1392884, 41.4476827 ], [ 2.1391805, 41.4476936 ], [ 2.139039, 41.4477097 ], [ 2.1389395, 41.4477234 ], [ 2.1388232, 41.4477369 ], [ 2.1387212, 41.4477524 ], [ 2.1386672, 41.4477619 ], [ 2.1384978, 41.4478056 ], [ 2.1382973, 41.4478519 ], [ 2.1381457, 41.4479066 ], [ 2.1380077, 41.4479344 ], [ 2.1379238, 41.4479445 ], [ 2.1378123, 41.4479563 ], [ 2.1377178, 41.4479493 ], [ 2.1376428, 41.4479181 ], [ 2.1375868, 41.4478943 ], [ 2.1374931, 41.4478323 ], [ 2.1374421, 41.447795 ], [ 2.1374018, 41.4477659 ], [ 2.1373114, 41.4477229 ], [ 2.1372366, 41.4476755 ], [ 2.1371973, 41.4476599 ], [ 2.1371068, 41.4476178 ], [ 2.1370216, 41.447636 ], [ 2.1369448, 41.4476535 ], [ 2.1368126, 41.4476903 ], [ 2.1366287, 41.4477439 ], [ 2.1364979, 41.4476771 ], [ 2.1363444, 41.4476075 ], [ 2.1361488, 41.4475511 ], [ 2.1359532, 41.4474956 ], [ 2.1357374, 41.4474327 ], [ 2.1354301, 41.4474908 ], [ 2.1353569, 41.4475028 ], [ 2.1352332, 41.4475325 ], [ 2.135196, 41.4475386 ], [ 2.1351744, 41.4475438 ], [ 2.1350147, 41.4475795 ], [ 2.1349128, 41.4475941 ], [ 2.134823, 41.4475934 ], [ 2.1347728, 41.4475831 ], [ 2.1347312, 41.4475612 ], [ 2.1347149, 41.4475259 ], [ 2.1346832, 41.4474806 ], [ 2.1346327, 41.4474109 ], [ 2.134612, 41.4472522 ], [ 2.1345843, 41.4470908 ], [ 2.1344903, 41.446955 ], [ 2.134441, 41.446878 ], [ 2.1343339, 41.4467394 ], [ 2.1342529, 41.4466199 ], [ 2.1341551, 41.4464994 ], [ 2.134074, 41.4463943 ], [ 2.1340154, 41.4462984 ], [ 2.1339473, 41.4461961 ], [ 2.1338816, 41.4460938 ], [ 2.1338405, 41.4460385 ], [ 2.1338038, 41.4460004 ], [ 2.1337318, 41.4459251 ], [ 2.1336114, 41.4457972 ], [ 2.1334929, 41.4457044 ], [ 2.1333979, 41.4456488 ], [ 2.1332038, 41.4455698 ], [ 2.1330978, 41.4455339 ], [ 2.133012, 41.4455036 ], [ 2.1329323, 41.4454633 ], [ 2.1329076, 41.445428 ], [ 2.1328952, 41.4453757 ], [ 2.1328983, 41.4453234 ], [ 2.1328836, 41.445254 ], [ 2.1328772, 41.4451936 ], [ 2.1328878, 41.4451162 ], [ 2.132902, 41.4450442 ], [ 2.1329069, 41.4449425 ], [ 2.132882, 41.4448351 ], [ 2.1328638, 41.4447674 ] ] ] } },
{ "type": "Feature", "properties": { "id": "44", "name": "Vilapicina i la Torre Llobeta", "housing2025": 12368.0, "housing2026": 12373.0, "hutCount": 17, "hutPending": 0, "hutAllRecords": 17, "hutStrictGeometry": 17, "hutBeds": 71.0, "missingBeds": 0, "rent2019": 12.174391664439586, "rentMonth2019": 781.72734589041102, "contracts2019": 584.0, "rent2020": 12.310294515315292, "rentMonth2020": 797.45212053571424, "contracts2020": 448.0, "rent2021": 11.563122460892302, "rentMonth2021": 761.0556557377048, "contracts2021": 610.0, "rent2022": 12.75162139408676, "rentMonth2022": 826.42018148820318, "contracts2022": 551.0, "rent2023": 13.692091000135212, "rentMonth2023": 906.89505882352944, "contracts2023": 425.0, "rent2024": 13.87544429189048, "rentMonth2024": 910.71802168021691, "contracts2024": 369.0, "rent2025": 14.5855799790176, "rentMonth2025": 887.80563583815012, "contracts2025": 346.0, "hutIntensity": 1.373959427786309, "hutInclusiveIntensity": 1.373959427786309, "hutStrictIntensity": 1.373959427786309, "rentChange": 14.382159948548123, "contractIntensity": 27.975420439844761, "comparable": true, "validRent2025": true, "validRentChange": true, "validContractActivity": true, "qualityFlag": "comparable", "platform2025": 74, "platformEntire2025": 55, "platformIntensity2025": 4.4469598965071153, "overlapClass": "neither", "changeClass": "neither", "thresholdStable": true, "caseFlag": false }, "geometry": { "type": "Polygon", "coordinates": [ [ [ 2.1656102, 41.4304367 ], [ 2.1651616, 41.4305507 ], [ 2.1645922, 41.4307838 ], [ 2.1641882, 41.4309359 ], [ 2.1640865, 41.4309758 ], [ 2.164311, 41.4307658 ], [ 2.1648387, 41.4303962 ], [ 2.1661475, 41.4296259 ], [ 2.1661473, 41.4296258 ], [ 2.1649656, 41.4289555 ], [ 2.1647994, 41.4288489 ], [ 2.1637838, 41.4282067 ], [ 2.1636317, 41.4280968 ], [ 2.1636879, 41.4280651 ], [ 2.1637977, 41.4280097 ], [ 2.1638735, 41.4279862 ], [ 2.1640156, 41.4279461 ], [ 2.1642202, 41.4279112 ], [ 2.1644304, 41.4278867 ], [ 2.164543, 41.4278696 ], [ 2.1650044, 41.4277995 ], [ 2.1651648, 41.4277752 ], [ 2.166935, 41.4275987 ], [ 2.1672862, 41.4275637 ], [ 2.1674291, 41.4275495 ], [ 2.1678399, 41.4274916 ], [ 2.1697112, 41.427228 ], [ 2.1699806, 41.4271788 ], [ 2.1702278, 41.4271106 ], [ 2.1704524, 41.4270487 ], [ 2.1710091, 41.4268951 ], [ 2.1717811, 41.4266823 ], [ 2.1723541, 41.4265242 ], [ 2.1756736, 41.4256087 ], [ 2.1757876, 41.4255772 ], [ 2.1758953, 41.4255384 ], [ 2.176064, 41.4254505 ], [ 2.1762124, 41.4254549 ], [ 2.1768806, 41.425475 ], [ 2.1773035, 41.4254877 ], [ 2.1772311, 41.4271192 ], [ 2.1772213, 41.4273416 ], [ 2.1772572, 41.4277644 ], [ 2.1772919, 41.4281739 ], [ 2.17849, 41.427986 ], [ 2.1790702, 41.4278949 ], [ 2.1791804, 41.4278777 ], [ 2.1794433, 41.4278364 ], [ 2.1798197, 41.4278215 ], [ 2.1825325, 41.4277143 ], [ 2.1842984, 41.4276445 ], [ 2.1843737, 41.42835 ], [ 2.1841744, 41.4286457 ], [ 2.1841221, 41.4287233 ], [ 2.1837402, 41.4292901 ], [ 2.1830645, 41.4301907 ], [ 2.1830511, 41.4301906 ], [ 2.1828331, 41.4301947 ], [ 2.182778, 41.4301956 ], [ 2.1825789, 41.4301986 ], [ 2.182558, 41.4301989 ], [ 2.1825417, 41.4301991 ], [ 2.1822186, 41.430204 ], [ 2.1820364, 41.4302068 ], [ 2.1817537, 41.430211 ], [ 2.1817422, 41.4302112 ], [ 2.1817356, 41.4302113 ], [ 2.1814079, 41.4302162 ], [ 2.1813025, 41.4302178 ], [ 2.1809343, 41.4302234 ], [ 2.180852, 41.4302246 ], [ 2.1808185, 41.430225 ], [ 2.1808049, 41.4302252 ], [ 2.1807645, 41.4302257 ], [ 2.1804165, 41.4302308 ], [ 2.179924, 41.430238 ], [ 2.1798884, 41.4302385 ], [ 2.179855, 41.430239 ], [ 2.1795127, 41.430244 ], [ 2.1791667, 41.430249 ], [ 2.1790587, 41.4302506 ], [ 2.1790017, 41.4302515 ], [ 2.1789977, 41.4302516 ], [ 2.1781249, 41.4302651 ], [ 2.1781148, 41.4302653 ], [ 2.1773419, 41.430272 ], [ 2.1767211, 41.4302782 ], [ 2.1763783, 41.4302827 ], [ 2.1755895, 41.4302931 ], [ 2.1755286, 41.4302943 ], [ 2.1752071, 41.4303008 ], [ 2.1749653, 41.4303057 ], [ 2.1746831, 41.4303121 ], [ 2.1743787, 41.4303191 ], [ 2.173987, 41.430328 ], [ 2.1728652, 41.430339 ], [ 2.1725282, 41.430339 ], [ 2.1719493, 41.430339 ], [ 2.1719232, 41.4303395 ], [ 2.1695284, 41.4303914 ], [ 2.1692644, 41.4304172 ], [ 2.1689875, 41.4304265 ], [ 2.1683017, 41.4304396 ], [ 2.1674179, 41.4304558 ], [ 2.1672824, 41.430458 ], [ 2.1668557, 41.4304652 ], [ 2.166537, 41.4304702 ], [ 2.1663035, 41.4304761 ], [ 2.1660488, 41.4304056 ], [ 2.1658513, 41.4303984 ], [ 2.1656102, 41.4304367 ] ] ] } },
{ "type": "Feature", "properties": { "id": "45", "name": "Porta", "housing2025": 11581.0, "housing2026": 11594.0, "hutCount": 12, "hutPending": 0, "hutAllRecords": 12, "hutStrictGeometry": 12, "hutBeds": 39.0, "missingBeds": 0, "rent2019": 12.32845508082162, "rentMonth2019": 751.42059369202241, "contracts2019": 539.0, "rent2020": 12.058039752066666, "rentMonth2020": 724.29945679012349, "contracts2020": 405.0, "rent2021": 11.475824501599243, "rentMonth2021": 714.61934545454562, "contracts2021": 550.0, "rent2022": 12.283785243105999, "rentMonth2022": 758.40853107344594, "contracts2022": 531.0, "rent2023": 13.512716158616801, "rentMonth2023": 836.49066339066314, "contracts2023": 407.0, "rent2024": 13.443467499957135, "rentMonth2024": 836.41759459459468, "contracts2024": 370.0, "rent2025": 13.319682920499501, "rentMonth2025": 818.76592145015104, "contracts2025": 331.0, "hutIntensity": 1.0350181128169742, "hutInclusiveIntensity": 1.0350181128169742, "hutStrictIntensity": 1.0350181128169742, "rentChange": 8.4330493971707554, "contractIntensity": 28.58129695190398, "comparable": true, "validRent2025": true, "validRentChange": true, "validContractActivity": true, "qualityFlag": "comparable", "platform2025": 29, "platformEntire2025": 12, "platformIntensity2025": 1.0361799499179691, "overlapClass": "neither", "changeClass": "neither", "thresholdStable": true, "caseFlag": false }, "geometry": { "type": "Polygon", "coordinates": [ [ [ 2.185429, 41.4397041 ], [ 2.1847811, 41.4396268 ], [ 2.1834787, 41.4394716 ], [ 2.1817632, 41.4392655 ], [ 2.1816877, 41.4392564 ], [ 2.1814949, 41.4392461 ], [ 2.1802447, 41.4390932 ], [ 2.1801183, 41.4390771 ], [ 2.1801073, 41.4390757 ], [ 2.1792605, 41.4389679 ], [ 2.1787841, 41.4389057 ], [ 2.1787829, 41.4389056 ], [ 2.1783931, 41.4388547 ], [ 2.178391, 41.4388544 ], [ 2.1765526, 41.4386143 ], [ 2.1763129, 41.4385831 ], [ 2.1763126, 41.4385831 ], [ 2.1748963, 41.4383989 ], [ 2.1748988, 41.4383503 ], [ 2.1748806, 41.4382914 ], [ 2.1748404, 41.4382391 ], [ 2.1747681, 41.4381914 ], [ 2.1746939, 41.4381682 ], [ 2.1746463, 41.4381626 ], [ 2.1745821, 41.4381652 ], [ 2.1745355, 41.4381746 ], [ 2.1744651, 41.4382034 ], [ 2.1742824, 41.4379483 ], [ 2.1741146, 41.4377086 ], [ 2.1740078, 41.4375731 ], [ 2.1739347, 41.4374892 ], [ 2.1738364, 41.4373833 ], [ 2.1737822, 41.4373293 ], [ 2.1735519, 41.4371062 ], [ 2.1730476, 41.4366206 ], [ 2.1728863, 41.436448 ], [ 2.1727445, 41.4362693 ], [ 2.1723702, 41.4357689 ], [ 2.1722221, 41.4355551 ], [ 2.1720513, 41.4353668 ], [ 2.1721469, 41.4351917 ], [ 2.1722431, 41.4350155 ], [ 2.1723354, 41.4348479 ], [ 2.1723437, 41.4348328 ], [ 2.1724428, 41.4346621 ], [ 2.1725939, 41.4343896 ], [ 2.1727546, 41.4340977 ], [ 2.1727905, 41.434029 ], [ 2.172886, 41.4338461 ], [ 2.1729103, 41.4338049 ], [ 2.1730514, 41.4335655 ], [ 2.1731816, 41.4333351 ], [ 2.173186, 41.4333272 ], [ 2.1733216, 41.4330844 ], [ 2.1733534, 41.4330273 ], [ 2.1735322, 41.4326817 ], [ 2.1736976, 41.4324066 ], [ 2.1738188, 41.4321828 ], [ 2.1738435, 41.4321372 ], [ 2.1738757, 41.4320777 ], [ 2.1739054, 41.4320228 ], [ 2.1739338, 41.4319698 ], [ 2.1740537, 41.4317463 ], [ 2.1740808, 41.4316979 ], [ 2.1740873, 41.4316864 ], [ 2.1742187, 41.4314516 ], [ 2.17434, 41.4312338 ], [ 2.174379, 41.4311651 ], [ 2.1744733, 41.4309983 ], [ 2.1746399, 41.4306893 ], [ 2.1746775, 41.4306195 ], [ 2.1746831, 41.4303121 ], [ 2.1749653, 41.4303057 ], [ 2.1752071, 41.4303008 ], [ 2.1755286, 41.4302943 ], [ 2.1755895, 41.4302931 ], [ 2.1763783, 41.4302827 ], [ 2.1767211, 41.4302782 ], [ 2.1773419, 41.430272 ], [ 2.1781148, 41.4302653 ], [ 2.1781249, 41.4302651 ], [ 2.1789977, 41.4302516 ], [ 2.1790017, 41.4302515 ], [ 2.1790587, 41.4302506 ], [ 2.1791667, 41.430249 ], [ 2.1795127, 41.430244 ], [ 2.179855, 41.430239 ], [ 2.1798884, 41.4302385 ], [ 2.179924, 41.430238 ], [ 2.1804165, 41.4302308 ], [ 2.1807645, 41.4302257 ], [ 2.1808049, 41.4302252 ], [ 2.1808185, 41.430225 ], [ 2.180852, 41.4302246 ], [ 2.1809343, 41.4302234 ], [ 2.1813025, 41.4302178 ], [ 2.1814079, 41.4302162 ], [ 2.1817356, 41.4302113 ], [ 2.1817422, 41.4302112 ], [ 2.1817537, 41.430211 ], [ 2.1820364, 41.4302068 ], [ 2.1822186, 41.430204 ], [ 2.1825417, 41.4301991 ], [ 2.182558, 41.4301989 ], [ 2.1825789, 41.4301986 ], [ 2.182778, 41.4301956 ], [ 2.1828331, 41.4301947 ], [ 2.1830511, 41.4301906 ], [ 2.1830645, 41.4301907 ], [ 2.1828768, 41.4304408 ], [ 2.1827865, 41.4306365 ], [ 2.1826724, 41.4312049 ], [ 2.1827515, 41.4317466 ], [ 2.1827625, 41.4317792 ], [ 2.182877, 41.4321195 ], [ 2.183189, 41.433047 ], [ 2.1835625, 41.4341571 ], [ 2.1836515, 41.4344214 ], [ 2.1840668, 41.4356559 ], [ 2.1845099, 41.4369726 ], [ 2.1847285, 41.4376223 ], [ 2.185429, 41.4397041 ] ] ] } },
{ "type": "Feature", "properties": { "id": "46", "name": "el Turó de la Peira", "housing2025": 7069.0, "housing2026": 7073.0, "hutCount": 1, "hutPending": 0, "hutAllRecords": 1, "hutStrictGeometry": 1, "hutBeds": 3.0, "missingBeds": 0, "rent2019": 11.699314863704798, "rentMonth2019": 697.247975, "contracts2019": 400.0, "rent2020": 11.59207748619661, "rentMonth2020": 695.7023, "contracts2020": 300.0, "rent2021": 11.269734699397894, "rentMonth2021": 682.95967088607597, "contracts2021": 395.0, "rent2022": 11.909097129309515, "rentMonth2022": 725.69554597701131, "contracts2022": 348.0, "rent2023": 12.563678179235952, "rentMonth2023": 765.96898181818176, "contracts2023": 275.0, "rent2024": 13.109162208554654, "rentMonth2024": 788.18439215686305, "contracts2024": 255.0, "rent2025": 13.034762001141299, "rentMonth2025": 757.19962962962916, "contracts2025": 243.0, "hutIntensity": 0.14138272303124558, "hutInclusiveIntensity": 0.14138272303124558, "hutStrictIntensity": 0.14138272303124558, "rentChange": 9.4521428418062658, "contractIntensity": 34.375442071014291, "comparable": true, "validRent2025": true, "validRentChange": true, "validContractActivity": true, "qualityFlag": "comparable", "platform2025": 21, "platformEntire2025": 4, "platformIntensity2025": 0.56585089828830104, "overlapClass": "neither", "changeClass": "neither", "thresholdStable": true, "caseFlag": false }, "geometry": { "type": "Polygon", "coordinates": [ [ [ 2.1723437, 41.4348328 ], [ 2.1723354, 41.4348479 ], [ 2.1722431, 41.4350155 ], [ 2.1721469, 41.4351917 ], [ 2.1720513, 41.4353668 ], [ 2.172027, 41.4353408 ], [ 2.1719863, 41.4352973 ], [ 2.1718857, 41.4352141 ], [ 2.1716912, 41.4350867 ], [ 2.1715156, 41.4349964 ], [ 2.1713737, 41.4349356 ], [ 2.1712162, 41.4348862 ], [ 2.171086, 41.4348521 ], [ 2.1708779, 41.4348201 ], [ 2.1708333, 41.4348143 ], [ 2.1708066, 41.4348108 ], [ 2.1707034, 41.4348033 ], [ 2.1705997, 41.434794 ], [ 2.1704841, 41.4347888 ], [ 2.1703909, 41.4347851 ], [ 2.170286, 41.4347861 ], [ 2.1701638, 41.4347925 ], [ 2.1700091, 41.4348038 ], [ 2.169823, 41.4348301 ], [ 2.1696063, 41.4348718 ], [ 2.1694229, 41.4347175 ], [ 2.1692657, 41.4345776 ], [ 2.1692362, 41.434523 ], [ 2.1690186, 41.4340586 ], [ 2.1691202, 41.4340108 ], [ 2.1698316, 41.433676 ], [ 2.1697516, 41.4335771 ], [ 2.1696883, 41.4334976 ], [ 2.1695669, 41.433345 ], [ 2.16956, 41.4333352 ], [ 2.1695261, 41.4332874 ], [ 2.1694201, 41.4333352 ], [ 2.169174, 41.4334463 ], [ 2.1690339, 41.433509 ], [ 2.169031, 41.4335053 ], [ 2.1688128, 41.4332237 ], [ 2.1687814, 41.4332372 ], [ 2.168601, 41.4330085 ], [ 2.1684075, 41.4330608 ], [ 2.1684075, 41.4330608 ], [ 2.1683581, 41.4330647 ], [ 2.1683644, 41.4331116 ], [ 2.1683373, 41.4331163 ], [ 2.1683052, 41.4331218 ], [ 2.1682702, 41.4331277 ], [ 2.1681785, 41.4331986 ], [ 2.1680868, 41.4332694 ], [ 2.1680101, 41.4333243 ], [ 2.168009, 41.4333251 ], [ 2.1679872, 41.4333353 ], [ 2.1679301, 41.4333618 ], [ 2.1677896, 41.4334289 ], [ 2.1676581, 41.4334909 ], [ 2.1675063, 41.4335268 ], [ 2.1671162, 41.4336258 ], [ 2.1667195, 41.4337112 ], [ 2.1666505, 41.433727 ], [ 2.1665814, 41.4337429 ], [ 2.166605, 41.433801 ], [ 2.1666166, 41.4338295 ], [ 2.1666504, 41.4339129 ], [ 2.1666596, 41.4339355 ], [ 2.1666644, 41.4339473 ], [ 2.1665991, 41.4339639 ], [ 2.1665955, 41.4339648 ], [ 2.1663339, 41.4340276 ], [ 2.1660777, 41.4340892 ], [ 2.1660729, 41.4340904 ], [ 2.1657906, 41.4341614 ], [ 2.1657809, 41.4341638 ], [ 2.1657788, 41.4341587 ], [ 2.1657236, 41.434019 ], [ 2.165636, 41.4340397 ], [ 2.1652174, 41.4341361 ], [ 2.1651897, 41.4341428 ], [ 2.1648382, 41.4342269 ], [ 2.1647906, 41.4341169 ], [ 2.1648109, 41.4340902 ], [ 2.1647829, 41.4340172 ], [ 2.1647702, 41.4339874 ], [ 2.1647702, 41.4339874 ], [ 2.1647451, 41.4339282 ], [ 2.1646715, 41.4339459 ], [ 2.1646715, 41.4339459 ], [ 2.1645255, 41.4339809 ], [ 2.1645035, 41.4339862 ], [ 2.164498, 41.4339875 ], [ 2.1644747, 41.4339324 ], [ 2.1644697, 41.4339207 ], [ 2.1644352, 41.4338394 ], [ 2.1644656, 41.4338335 ], [ 2.164539, 41.4338191 ], [ 2.1645421, 41.4338126 ], [ 2.1645421, 41.4338126 ], [ 2.1645485, 41.4337992 ], [ 2.164462, 41.4337334 ], [ 2.1644395, 41.4337068 ], [ 2.1644171, 41.4336802 ], [ 2.1644071, 41.4336752 ], [ 2.1644038, 41.4336743 ], [ 2.1644007, 41.4336734 ], [ 2.1642969, 41.4336556 ], [ 2.1642749, 41.4336539 ], [ 2.1642749, 41.4336539 ], [ 2.1642565, 41.4336525 ], [ 2.1642364, 41.433651 ], [ 2.1642162, 41.4336495 ], [ 2.1641984, 41.4336479 ], [ 2.1641851, 41.4336463 ], [ 2.1641802, 41.4336456 ], [ 2.1641752, 41.4336449 ], [ 2.1641605, 41.4336423 ], [ 2.1641532, 41.4336407 ], [ 2.1641459, 41.4336391 ], [ 2.1641408, 41.4336378 ], [ 2.1641365, 41.4336364 ], [ 2.1641321, 41.4336351 ], [ 2.1641194, 41.4336306 ], [ 2.1641066, 41.4336263 ], [ 2.1640976, 41.4336234 ], [ 2.1640887, 41.4336206 ], [ 2.1640752, 41.4336164 ], [ 2.1640682, 41.4336144 ], [ 2.164065, 41.4336135 ], [ 2.1640573, 41.4336116 ], [ 2.1640531, 41.4336107 ], [ 2.1640457, 41.4336092 ], [ 2.1640399, 41.4336082 ], [ 2.1640369, 41.4336079 ], [ 2.164034, 41.4336076 ], [ 2.1640303, 41.4336073 ], [ 2.1640237, 41.4336075 ], [ 2.1640212, 41.4336077 ], [ 2.1640187, 41.433608 ], [ 2.1640112, 41.4336091 ], [ 2.1640075, 41.4336097 ], [ 2.1640038, 41.4336103 ], [ 2.1639115, 41.4336255 ], [ 2.1638542, 41.4336349 ], [ 2.1637969, 41.4336444 ], [ 2.1638512, 41.4337825 ], [ 2.1638551, 41.4337924 ], [ 2.1638552, 41.4337924 ], [ 2.1638626, 41.4338113 ], [ 2.1638937, 41.433888 ], [ 2.1639099, 41.433928 ], [ 2.1639189, 41.4339502 ], [ 2.1639363, 41.4339929 ], [ 2.1639443, 41.4340127 ], [ 2.1639523, 41.4340325 ], [ 2.1639603, 41.4340522 ], [ 2.1639702, 41.4340766 ], [ 2.163815, 41.4341124 ], [ 2.1635485, 41.4341717 ], [ 2.1634762, 41.4341878 ], [ 2.1631534, 41.4330323 ], [ 2.1631109, 41.4328801 ], [ 2.1631103, 41.4327124 ], [ 2.1631095, 41.432464 ], [ 2.1631425, 41.4323318 ], [ 2.1631588, 41.4322669 ], [ 2.1631915, 41.4321211 ], [ 2.1632312, 41.431977 ], [ 2.1633255, 41.4318218 ], [ 2.1634059, 41.4317008 ], [ 2.1636447, 41.4313877 ], [ 2.1640865, 41.4309758 ], [ 2.1641882, 41.4309359 ], [ 2.1645922, 41.4307838 ], [ 2.1651616, 41.4305507 ], [ 2.1656102, 41.4304367 ], [ 2.1658513, 41.4303984 ], [ 2.1660488, 41.4304056 ], [ 2.1663035, 41.4304761 ], [ 2.166537, 41.4304702 ], [ 2.1668557, 41.4304652 ], [ 2.1672824, 41.430458 ], [ 2.1674179, 41.4304558 ], [ 2.1683017, 41.4304396 ], [ 2.1689875, 41.4304265 ], [ 2.1692644, 41.4304172 ], [ 2.1695284, 41.4303914 ], [ 2.1719232, 41.4303395 ], [ 2.1719493, 41.430339 ], [ 2.1725282, 41.430339 ], [ 2.1728652, 41.430339 ], [ 2.173987, 41.430328 ], [ 2.1743787, 41.4303191 ], [ 2.1746831, 41.4303121 ], [ 2.1746775, 41.4306195 ], [ 2.1746399, 41.4306893 ], [ 2.1744733, 41.4309983 ], [ 2.174379, 41.4311651 ], [ 2.17434, 41.4312338 ], [ 2.1742187, 41.4314516 ], [ 2.1740873, 41.4316864 ], [ 2.1740808, 41.4316979 ], [ 2.1740537, 41.4317463 ], [ 2.1739338, 41.4319698 ], [ 2.1739054, 41.4320228 ], [ 2.1738757, 41.4320777 ], [ 2.1738435, 41.4321372 ], [ 2.1738188, 41.4321828 ], [ 2.1736976, 41.4324066 ], [ 2.1735322, 41.4326817 ], [ 2.1733534, 41.4330273 ], [ 2.1733216, 41.4330844 ], [ 2.173186, 41.4333272 ], [ 2.1731816, 41.4333351 ], [ 2.1730514, 41.4335655 ], [ 2.1729103, 41.4338049 ], [ 2.172886, 41.4338461 ], [ 2.1727905, 41.434029 ], [ 2.1727546, 41.4340977 ], [ 2.1725939, 41.4343896 ], [ 2.1724428, 41.4346621 ], [ 2.1723437, 41.4348328 ] ] ] } },
{ "type": "Feature", "properties": { "id": "47", "name": "Can Peguera", "housing2025": 1047.0, "housing2026": 1047.0, "hutCount": 0, "hutPending": 0, "hutAllRecords": 0, "hutStrictGeometry": 0, "hutBeds": 0.0, "missingBeds": 0, "rent2019": 11.917233468333334, "rentMonth2019": 419.42714285714283, "contracts2019": 7.0, "rent2020": null, "rentMonth2020": 365.56, "contracts2020": 6.0, "rent2021": null, "rentMonth2021": null, "contracts2021": 5.0, "rent2022": null, "rentMonth2022": null, "contracts2022": 5.0, "rent2023": null, "rentMonth2023": null, "contracts2023": 2.0, "rent2024": 12.453981108000001, "rentMonth2024": 545.62, "contracts2024": 11.0, "rent2025": 8.4356955281298998, "rentMonth2025": 395.316666666667, "contracts2025": 15.0, "hutIntensity": 0.0, "hutInclusiveIntensity": 0.0, "hutStrictIntensity": 0.0, "rentChange": null, "contractIntensity": 14.326647564469914, "comparable": true, "validRent2025": false, "validRentChange": false, "validContractActivity": true, "qualityFlag": "price_contract_count_below_30", "platform2025": 2, "platformEntire2025": 0, "platformIntensity2025": 0.0, "overlapClass": "unavailable", "changeClass": "unavailable", "thresholdStable": false, "caseFlag": false }, "geometry": { "type": "Polygon", "coordinates": [ [ [ 2.1655465, 41.4363386 ], [ 2.1648554, 41.4364087 ], [ 2.1647164, 41.4364347 ], [ 2.1645274, 41.4364817 ], [ 2.164491, 41.4364907 ], [ 2.1642312, 41.4365022 ], [ 2.163506, 41.4367909 ], [ 2.1635056, 41.4367904 ], [ 2.1634061, 41.436647 ], [ 2.1633936, 41.4366291 ], [ 2.1633348, 41.4365416 ], [ 2.1642648, 41.4362855 ], [ 2.1642062, 41.436148 ], [ 2.1641754, 41.4360756 ], [ 2.1638025, 41.4352005 ], [ 2.1635811, 41.4345633 ], [ 2.1635778, 41.4345514 ], [ 2.1634762, 41.4341878 ], [ 2.1635485, 41.4341717 ], [ 2.163815, 41.4341124 ], [ 2.1639702, 41.4340766 ], [ 2.1639603, 41.4340522 ], [ 2.1639523, 41.4340325 ], [ 2.1639443, 41.4340127 ], [ 2.1639363, 41.4339929 ], [ 2.1639189, 41.4339502 ], [ 2.1639099, 41.433928 ], [ 2.1638937, 41.433888 ], [ 2.1638626, 41.4338113 ], [ 2.1638552, 41.4337924 ], [ 2.1638551, 41.4337924 ], [ 2.1638512, 41.4337825 ], [ 2.1637969, 41.4336444 ], [ 2.1638542, 41.4336349 ], [ 2.1639115, 41.4336255 ], [ 2.1640038, 41.4336103 ], [ 2.1640075, 41.4336097 ], [ 2.1640112, 41.4336091 ], [ 2.1640187, 41.433608 ], [ 2.1640212, 41.4336077 ], [ 2.1640237, 41.4336075 ], [ 2.1640303, 41.4336073 ], [ 2.164034, 41.4336076 ], [ 2.1640369, 41.4336079 ], [ 2.1640399, 41.4336082 ], [ 2.1640457, 41.4336092 ], [ 2.1640531, 41.4336107 ], [ 2.1640573, 41.4336116 ], [ 2.164065, 41.4336135 ], [ 2.1640682, 41.4336144 ], [ 2.1640752, 41.4336164 ], [ 2.1640887, 41.4336206 ], [ 2.1640976, 41.4336234 ], [ 2.1641066, 41.4336263 ], [ 2.1641194, 41.4336306 ], [ 2.1641321, 41.4336351 ], [ 2.1641365, 41.4336364 ], [ 2.1641408, 41.4336378 ], [ 2.1641459, 41.4336391 ], [ 2.1641532, 41.4336407 ], [ 2.1641605, 41.4336423 ], [ 2.1641752, 41.4336449 ], [ 2.1641802, 41.4336456 ], [ 2.1641851, 41.4336463 ], [ 2.1641984, 41.4336479 ], [ 2.1642162, 41.4336495 ], [ 2.1642364, 41.433651 ], [ 2.1642565, 41.4336525 ], [ 2.1642749, 41.4336539 ], [ 2.1642749, 41.4336539 ], [ 2.1642969, 41.4336556 ], [ 2.1644007, 41.4336734 ], [ 2.1644038, 41.4336743 ], [ 2.1644071, 41.4336752 ], [ 2.1644171, 41.4336802 ], [ 2.1644395, 41.4337068 ], [ 2.164462, 41.4337334 ], [ 2.1645485, 41.4337992 ], [ 2.1645421, 41.4338126 ], [ 2.1645421, 41.4338126 ], [ 2.164539, 41.4338191 ], [ 2.1644656, 41.4338335 ], [ 2.1644352, 41.4338394 ], [ 2.1644697, 41.4339207 ], [ 2.1644747, 41.4339324 ], [ 2.164498, 41.4339875 ], [ 2.1645035, 41.4339862 ], [ 2.1645255, 41.4339809 ], [ 2.1646715, 41.4339459 ], [ 2.1646715, 41.4339459 ], [ 2.1647451, 41.4339282 ], [ 2.1647702, 41.4339874 ], [ 2.1647702, 41.4339874 ], [ 2.1647829, 41.4340172 ], [ 2.1648109, 41.4340902 ], [ 2.1647906, 41.4341169 ], [ 2.1648382, 41.4342269 ], [ 2.1651897, 41.4341428 ], [ 2.1652174, 41.4341361 ], [ 2.165636, 41.4340397 ], [ 2.1657236, 41.434019 ], [ 2.1657788, 41.4341587 ], [ 2.1657809, 41.4341638 ], [ 2.1657906, 41.4341614 ], [ 2.1660729, 41.4340904 ], [ 2.1660777, 41.4340892 ], [ 2.1663339, 41.4340276 ], [ 2.1665955, 41.4339648 ], [ 2.1665991, 41.4339639 ], [ 2.1666644, 41.4339473 ], [ 2.1666596, 41.4339355 ], [ 2.1666504, 41.4339129 ], [ 2.1666166, 41.4338295 ], [ 2.166605, 41.433801 ], [ 2.1665814, 41.4337429 ], [ 2.1666505, 41.433727 ], [ 2.1667195, 41.4337112 ], [ 2.1671162, 41.4336258 ], [ 2.1675063, 41.4335268 ], [ 2.1676581, 41.4334909 ], [ 2.1677896, 41.4334289 ], [ 2.1679301, 41.4333618 ], [ 2.1679872, 41.4333353 ], [ 2.168009, 41.4333251 ], [ 2.1680101, 41.4333243 ], [ 2.1680868, 41.4332694 ], [ 2.1681785, 41.4331986 ], [ 2.1682702, 41.4331277 ], [ 2.1683052, 41.4331218 ], [ 2.1683373, 41.4331163 ], [ 2.1683644, 41.4331116 ], [ 2.1683581, 41.4330647 ], [ 2.1684075, 41.4330608 ], [ 2.1684075, 41.4330608 ], [ 2.168601, 41.4330085 ], [ 2.1687814, 41.4332372 ], [ 2.1688128, 41.4332237 ], [ 2.169031, 41.4335053 ], [ 2.1690339, 41.433509 ], [ 2.169174, 41.4334463 ], [ 2.1694201, 41.4333352 ], [ 2.1695261, 41.4332874 ], [ 2.16956, 41.4333352 ], [ 2.1695669, 41.433345 ], [ 2.1696883, 41.4334976 ], [ 2.1697516, 41.4335771 ], [ 2.1698316, 41.433676 ], [ 2.1691202, 41.4340108 ], [ 2.1690186, 41.4340586 ], [ 2.1692362, 41.434523 ], [ 2.1692657, 41.4345776 ], [ 2.1694229, 41.4347175 ], [ 2.1696063, 41.4348718 ], [ 2.1696063, 41.4348718 ], [ 2.169518, 41.4348934 ], [ 2.1689682, 41.4350384 ], [ 2.1689483, 41.4350437 ], [ 2.1689284, 41.4350489 ], [ 2.1679586, 41.435837 ], [ 2.1678913, 41.4357866 ], [ 2.1678806, 41.4357953 ], [ 2.1678692, 41.4358035 ], [ 2.1678572, 41.4358112 ], [ 2.1678445, 41.4358183 ], [ 2.1678313, 41.4358249 ], [ 2.1678176, 41.4358308 ], [ 2.1678035, 41.4358361 ], [ 2.167789, 41.4358407 ], [ 2.1677741, 41.4358447 ], [ 2.1677589, 41.435848 ], [ 2.1677435, 41.4358505 ], [ 2.1677279, 41.4358524 ], [ 2.1677122, 41.4358536 ], [ 2.1676964, 41.435854 ], [ 2.1676956, 41.435854 ], [ 2.1676937, 41.435854 ], [ 2.1676927, 41.4358539 ], [ 2.1676886, 41.4358539 ], [ 2.1676806, 41.4358537 ], [ 2.1676785, 41.4358536 ], [ 2.1676763, 41.4358534 ], [ 2.1676611, 41.4358531 ], [ 2.1676459, 41.4358527 ], [ 2.1676158, 41.4358523 ], [ 2.1675856, 41.4358525 ], [ 2.1675555, 41.4358535 ], [ 2.1675254, 41.4358552 ], [ 2.1675104, 41.4358565 ], [ 2.1674954, 41.4358577 ], [ 2.1674655, 41.4358608 ], [ 2.1674358, 41.4358647 ], [ 2.1674211, 41.4358669 ], [ 2.1674063, 41.4358692 ], [ 2.1673769, 41.4358745 ], [ 2.1673624, 41.4358775 ], [ 2.1673479, 41.4358804 ], [ 2.167319, 41.4358871 ], [ 2.1672935, 41.4358937 ], [ 2.1663197, 41.436149 ], [ 2.1663122, 41.4361511 ], [ 2.1662702, 41.4361628 ], [ 2.1662682, 41.4361634 ], [ 2.1662673, 41.4361636 ], [ 2.1662329, 41.4361723 ], [ 2.1661934, 41.4361824 ], [ 2.1659369, 41.436251 ], [ 2.1656803, 41.4363195 ], [ 2.1656481, 41.4363281 ], [ 2.1656053, 41.4363396 ], [ 2.1655759, 41.4363391 ], [ 2.1655465, 41.4363386 ] ] ] } },
{ "type": "Feature", "properties": { "id": "48", "name": "la Guineueta", "housing2025": 6801.0, "housing2026": 6801.0, "hutCount": 1, "hutPending": 0, "hutAllRecords": 1, "hutStrictGeometry": 1, "hutBeds": 4.0, "missingBeds": 0, "rent2019": 10.476719579734668, "rentMonth2019": 744.155925925926, "contracts2019": 270.0, "rent2020": 10.558833073936761, "rentMonth2020": 737.89332031250001, "contracts2020": 256.0, "rent2021": 9.7142256170557584, "rentMonth2021": 678.37248148148137, "contracts2021": 270.0, "rent2022": 10.832557457871795, "rentMonth2022": 760.69735636363646, "contracts2022": 275.0, "rent2023": 12.186915336353838, "rentMonth2023": 843.2267857142856, "contracts2023": 196.0, "rent2024": 11.93751269015686, "rentMonth2024": 879.04189320388366, "contracts2024": 206.0, "rent2025": 12.474710766979801, "rentMonth2025": 902.38006410256401, "contracts2025": 156.0, "hutIntensity": 0.14703720041170415, "hutInclusiveIntensity": 0.14703720041170415, "hutStrictIntensity": 0.14703720041170415, "rentChange": 15.159423944847727, "contractIntensity": 22.937803264225849, "comparable": true, "validRent2025": true, "validRentChange": true, "validContractActivity": true, "qualityFlag": "comparable", "platform2025": 10, "platformEntire2025": 4, "platformIntensity2025": 0.5881488016468166, "overlapClass": "neither", "changeClass": "neither", "thresholdStable": true, "caseFlag": false }, "geometry": { "type": "Polygon", "coordinates": [ [ [ 2.1615606, 41.4399499 ], [ 2.161598, 41.4398794 ], [ 2.1616393, 41.4398197 ], [ 2.1616727, 41.4397764 ], [ 2.1617019, 41.4397452 ], [ 2.1617494, 41.4397033 ], [ 2.1618002, 41.4396645 ], [ 2.1618003, 41.4396644 ], [ 2.1617119, 41.4394188 ], [ 2.1616642, 41.4392862 ], [ 2.1617579, 41.439246 ], [ 2.1618356, 41.4391817 ], [ 2.1618788, 41.4391201 ], [ 2.1619377, 41.4390456 ], [ 2.1619498, 41.4390302 ], [ 2.1620216, 41.4389498 ], [ 2.1621205, 41.4388501 ], [ 2.1621727, 41.4388018 ], [ 2.1622752, 41.438713 ], [ 2.1623823, 41.4386273 ], [ 2.1624396, 41.4385855 ], [ 2.1624992, 41.4385454 ], [ 2.1625609, 41.4385071 ], [ 2.1636558, 41.4378621 ], [ 2.1636597, 41.4378598 ], [ 2.1636523, 41.437853 ], [ 2.163632, 41.4378343 ], [ 2.1636191, 41.4378224 ], [ 2.1636065, 41.4378109 ], [ 2.1635988, 41.4378038 ], [ 2.1635984, 41.4378034 ], [ 2.1635973, 41.4378024 ], [ 2.1635972, 41.4378023 ], [ 2.1635964, 41.4378015 ], [ 2.1635691, 41.4377764 ], [ 2.1635452, 41.4377545 ], [ 2.1635321, 41.4377424 ], [ 2.1634836, 41.4376977 ], [ 2.1634588, 41.437675 ], [ 2.1634189, 41.4376367 ], [ 2.1634147, 41.4376326 ], [ 2.1634101, 41.4376282 ], [ 2.1633942, 41.437613 ], [ 2.1633844, 41.4376035 ], [ 2.1633789, 41.4375983 ], [ 2.163365, 41.4375849 ], [ 2.1633401, 41.437561 ], [ 2.1633269, 41.4375484 ], [ 2.1632821, 41.4375062 ], [ 2.1632775, 41.4375019 ], [ 2.1631889, 41.4374192 ], [ 2.1631612, 41.4373933 ], [ 2.1631304, 41.4373645 ], [ 2.1631359, 41.4373616 ], [ 2.1631371, 41.437361 ], [ 2.163155, 41.4373515 ], [ 2.1631953, 41.4373302 ], [ 2.1632019, 41.4373267 ], [ 2.1632088, 41.4373232 ], [ 2.1632393, 41.4373078 ], [ 2.1632295, 41.4372984 ], [ 2.1632163, 41.4372856 ], [ 2.1632131, 41.4372825 ], [ 2.1632506, 41.4372606 ], [ 2.1632826, 41.437242 ], [ 2.1632927, 41.4372361 ], [ 2.1633662, 41.4371932 ], [ 2.1633712, 41.4371903 ], [ 2.1634961, 41.4371175 ], [ 2.1635201, 41.4371036 ], [ 2.1634455, 41.4369949 ], [ 2.163398, 41.4369257 ], [ 2.1633648, 41.4368774 ], [ 2.16335, 41.4368558 ], [ 2.1633123, 41.436801 ], [ 2.163305, 41.4367903 ], [ 2.1632981, 41.4367802 ], [ 2.1632972, 41.436779 ], [ 2.1632888, 41.4367665 ], [ 2.1632753, 41.4367466 ], [ 2.1632566, 41.436719 ], [ 2.1632519, 41.436712 ], [ 2.1632467, 41.4367044 ], [ 2.1632309, 41.436681 ], [ 2.1631677, 41.4365876 ], [ 2.1632169, 41.436574 ], [ 2.1633348, 41.4365416 ], [ 2.1633936, 41.4366291 ], [ 2.1634061, 41.436647 ], [ 2.1635056, 41.4367904 ], [ 2.163506, 41.4367909 ], [ 2.1642312, 41.4365022 ], [ 2.164491, 41.4364907 ], [ 2.1645274, 41.4364817 ], [ 2.1647164, 41.4364347 ], [ 2.1648554, 41.4364087 ], [ 2.1655465, 41.4363386 ], [ 2.1655759, 41.4363391 ], [ 2.1656053, 41.4363396 ], [ 2.1656481, 41.4363281 ], [ 2.1656803, 41.4363195 ], [ 2.1659369, 41.436251 ], [ 2.1661934, 41.4361824 ], [ 2.1662329, 41.4361723 ], [ 2.1662673, 41.4361636 ], [ 2.1662682, 41.4361634 ], [ 2.1662702, 41.4361628 ], [ 2.1663122, 41.4361511 ], [ 2.1663197, 41.436149 ], [ 2.1672935, 41.4358937 ], [ 2.167319, 41.4358871 ], [ 2.1673479, 41.4358804 ], [ 2.1673624, 41.4358775 ], [ 2.1673769, 41.4358745 ], [ 2.1674063, 41.4358692 ], [ 2.1674211, 41.4358669 ], [ 2.1674358, 41.4358647 ], [ 2.1674655, 41.4358608 ], [ 2.1674954, 41.4358577 ], [ 2.1675104, 41.4358565 ], [ 2.1675254, 41.4358552 ], [ 2.1675555, 41.4358535 ], [ 2.1675856, 41.4358525 ], [ 2.1676158, 41.4358523 ], [ 2.1676459, 41.4358527 ], [ 2.1676611, 41.4358531 ], [ 2.1676763, 41.4358534 ], [ 2.1676785, 41.4358536 ], [ 2.1676806, 41.4358537 ], [ 2.1676886, 41.4358539 ], [ 2.1676927, 41.4358539 ], [ 2.1676937, 41.435854 ], [ 2.1676956, 41.435854 ], [ 2.1676964, 41.435854 ], [ 2.1677122, 41.4358536 ], [ 2.1677279, 41.4358524 ], [ 2.1677435, 41.4358505 ], [ 2.1677589, 41.435848 ], [ 2.1677741, 41.4358447 ], [ 2.167789, 41.4358407 ], [ 2.1678035, 41.4358361 ], [ 2.1678176, 41.4358308 ], [ 2.1678313, 41.4358249 ], [ 2.1678445, 41.4358183 ], [ 2.1678572, 41.4358112 ], [ 2.1678692, 41.4358035 ], [ 2.1678806, 41.4357953 ], [ 2.1678913, 41.4357866 ], [ 2.1679586, 41.435837 ], [ 2.1689284, 41.4350489 ], [ 2.1689483, 41.4350437 ], [ 2.1689682, 41.4350384 ], [ 2.169518, 41.4348934 ], [ 2.1696063, 41.4348718 ], [ 2.1696063, 41.4348718 ], [ 2.169823, 41.4348301 ], [ 2.1700091, 41.4348038 ], [ 2.1701638, 41.4347925 ], [ 2.170286, 41.4347861 ], [ 2.1703909, 41.4347851 ], [ 2.1704841, 41.4347888 ], [ 2.1705997, 41.434794 ], [ 2.1707034, 41.4348033 ], [ 2.1708066, 41.4348108 ], [ 2.1708333, 41.4348143 ], [ 2.1708779, 41.4348201 ], [ 2.171086, 41.4348521 ], [ 2.1712162, 41.4348862 ], [ 2.1713737, 41.4349356 ], [ 2.1715156, 41.4349964 ], [ 2.1716912, 41.4350867 ], [ 2.1718857, 41.4352141 ], [ 2.1719863, 41.4352973 ], [ 2.172027, 41.4353408 ], [ 2.1720513, 41.4353668 ], [ 2.1722221, 41.4355551 ], [ 2.1723702, 41.4357689 ], [ 2.1727445, 41.4362693 ], [ 2.1728863, 41.436448 ], [ 2.1730476, 41.4366206 ], [ 2.1735519, 41.4371062 ], [ 2.1737822, 41.4373293 ], [ 2.1738364, 41.4373833 ], [ 2.1739347, 41.4374892 ], [ 2.1740078, 41.4375731 ], [ 2.1741146, 41.4377086 ], [ 2.1742824, 41.4379483 ], [ 2.1744651, 41.4382034 ], [ 2.1745355, 41.4381746 ], [ 2.1745821, 41.4381652 ], [ 2.1746463, 41.4381626 ], [ 2.1746939, 41.4381682 ], [ 2.1747681, 41.4381914 ], [ 2.1748404, 41.4382391 ], [ 2.1748806, 41.4382914 ], [ 2.1748988, 41.4383503 ], [ 2.1748963, 41.4383989 ], [ 2.1748933, 41.4384106 ], [ 2.1748814, 41.4384402 ], [ 2.1748647, 41.438467 ], [ 2.1748373, 41.4384969 ], [ 2.1748033, 41.4385227 ], [ 2.1747638, 41.4385436 ], [ 2.174735, 41.4385544 ], [ 2.1746968, 41.4385641 ], [ 2.1748584, 41.4387348 ], [ 2.1751165, 41.4390151 ], [ 2.1750723, 41.439056 ], [ 2.1749972, 41.4391233 ], [ 2.1746938, 41.4394307 ], [ 2.1742989, 41.4398368 ], [ 2.1742983, 41.4398373 ], [ 2.1742269, 41.4399092 ], [ 2.174207, 41.4399289 ], [ 2.1741872, 41.4399485 ], [ 2.1741754, 41.4399598 ], [ 2.174157, 41.4399764 ], [ 2.1741383, 41.4399928 ], [ 2.1740943, 41.440031 ], [ 2.174072, 41.4400499 ], [ 2.1740493, 41.4400686 ], [ 2.1740367, 41.4400787 ], [ 2.1740176, 41.4400937 ], [ 2.1739983, 41.4401085 ], [ 2.1739695, 41.4401305 ], [ 2.1739404, 41.4401523 ], [ 2.1739116, 41.4401727 ], [ 2.1738823, 41.4401928 ], [ 2.1738454, 41.4402176 ], [ 2.1738268, 41.4402299 ], [ 2.173808, 41.4402421 ], [ 2.1737703, 41.4402663 ], [ 2.1737326, 41.4402905 ], [ 2.1736438, 41.4403453 ], [ 2.1736154, 41.4403666 ], [ 2.1736153, 41.4403667 ], [ 2.1734972, 41.440451 ], [ 2.1733473, 41.4405755 ], [ 2.1732043, 41.4407214 ], [ 2.1730906, 41.4408707 ], [ 2.1729933, 41.4410233 ], [ 2.1729301, 41.4411491 ], [ 2.1728522, 41.4413783 ], [ 2.1728292, 41.4414974 ], [ 2.172827, 41.4415072 ], [ 2.1728147, 41.4415607 ], [ 2.1728087, 41.4415875 ], [ 2.1728058, 41.4416009 ], [ 2.1728031, 41.4416144 ], [ 2.1727978, 41.4416414 ], [ 2.1727925, 41.4416684 ], [ 2.1727855, 41.4417025 ], [ 2.1727578, 41.4418486 ], [ 2.1727342, 41.4419533 ], [ 2.1726817, 41.4420621 ], [ 2.172584, 41.4422026 ], [ 2.1724322, 41.442411 ], [ 2.1722772, 41.4426228 ], [ 2.1721843, 41.4427433 ], [ 2.1721477, 41.4427909 ], [ 2.1720035, 41.4429811 ], [ 2.1718863, 41.4431398 ], [ 2.171759, 41.4433179 ], [ 2.1716475, 41.4432751 ], [ 2.1714113, 41.4431868 ], [ 2.1711547, 41.4430915 ], [ 2.1709168, 41.4430018 ], [ 2.1708333, 41.4429705 ], [ 2.1704721, 41.4428349 ], [ 2.1704386, 41.4428221 ], [ 2.1701383, 41.4427075 ], [ 2.169866, 41.4426049 ], [ 2.1696493, 41.4425171 ], [ 2.1694664, 41.4424348 ], [ 2.1692304, 41.4423216 ], [ 2.1690189, 41.4422326 ], [ 2.1688743, 41.4421769 ], [ 2.168547, 41.442057 ], [ 2.1684486, 41.4420189 ], [ 2.1681431, 41.4419044 ], [ 2.168072, 41.4418781 ], [ 2.1672063, 41.4415763 ], [ 2.1667061, 41.441377 ], [ 2.1655183, 41.4409037 ], [ 2.1636679, 41.4401867 ], [ 2.1635601, 41.4401382 ], [ 2.1634732, 41.4400827 ], [ 2.1633878, 41.4400017 ], [ 2.1633409, 41.4399461 ], [ 2.1632682, 41.4399569 ], [ 2.1632759, 41.4400261 ], [ 2.1632826, 41.4401375 ], [ 2.1632736, 41.4402511 ], [ 2.1632381, 41.4403522 ], [ 2.1624217, 41.4401321 ], [ 2.1615606, 41.4399499 ] ] ] } },
{ "type": "Feature", "properties": { "id": "49", "name": "Canyelles", "housing2025": 2922.0, "housing2026": 2922.0, "hutCount": 2, "hutPending": 0, "hutAllRecords": 2, "hutStrictGeometry": 2, "hutBeds": 15.0, "missingBeds": 0, "rent2019": 9.4868785325882978, "rentMonth2019": 752.08254901960788, "contracts2019": 51.0, "rent2020": 9.6580845067735801, "rentMonth2020": 769.17277777777781, "contracts2020": 54.0, "rent2021": 9.3627666764999997, "rentMonth2021": 746.76897435897445, "contracts2021": 39.0, "rent2022": 9.7222864546000007, "rentMonth2022": 803.39775, "contracts2022": 40.0, "rent2023": 10.760658784441864, "rentMonth2023": 832.46511627906978, "contracts2023": 43.0, "rent2024": 10.324980152090912, "rentMonth2024": 873.36705882352942, "contracts2024": 34.0, "rent2025": 9.9844639872074215, "rentMonth2025": 791.01444444444496, "contracts2025": 36.0, "hutIntensity": 0.68446269678302529, "hutInclusiveIntensity": 0.68446269678302529, "hutStrictIntensity": 0.68446269678302529, "rentChange": 2.6966653763156101, "contractIntensity": 12.320328542094456, "comparable": true, "validRent2025": true, "validRentChange": true, "validContractActivity": true, "qualityFlag": "comparable", "platform2025": 1, "platformEntire2025": 1, "platformIntensity2025": 0.34223134839151265, "overlapClass": "neither", "changeClass": "neither", "thresholdStable": true, "caseFlag": false }, "geometry": { "type": "Polygon", "coordinates": [ [ [ 2.1602114, 41.4503327 ], [ 2.1601852, 41.4503492 ], [ 2.1599981, 41.4504333 ], [ 2.1595616, 41.4505016 ], [ 2.1595599, 41.4505212 ], [ 2.1591095, 41.4505183 ], [ 2.1591309, 41.4504443 ], [ 2.1591813, 41.4503586 ], [ 2.1592125, 41.4503196 ], [ 2.159375, 41.4501906 ], [ 2.1594777, 41.4499613 ], [ 2.1594866, 41.4497677 ], [ 2.1594193, 41.4495969 ], [ 2.1594257, 41.4495018 ], [ 2.1594248, 41.4493947 ], [ 2.1592831, 41.4492665 ], [ 2.1591484, 41.4490743 ], [ 2.159009, 41.4488921 ], [ 2.1589448, 41.4488246 ], [ 2.1589229, 41.4488015 ], [ 2.1587506, 41.4485331 ], [ 2.1586393, 41.4484056 ], [ 2.1583409, 41.4480755 ], [ 2.1580697, 41.4478225 ], [ 2.1579402, 41.4477121 ], [ 2.1577804, 41.4476121 ], [ 2.1576766, 41.4475505 ], [ 2.1576654, 41.4475446 ], [ 2.1575768, 41.4474986 ], [ 2.1574935, 41.4474705 ], [ 2.15734, 41.4474606 ], [ 2.1572062, 41.4474632 ], [ 2.1570955, 41.4474518 ], [ 2.157042, 41.4474326 ], [ 2.1570313, 41.4473979 ], [ 2.157043, 41.4473546 ], [ 2.1570643, 41.447327 ], [ 2.1571172, 41.4472795 ], [ 2.1572514, 41.4472174 ], [ 2.1574238, 41.4471306 ], [ 2.1574693, 41.4470859 ], [ 2.1575167, 41.447019 ], [ 2.1575427, 41.4469493 ], [ 2.1575612, 41.4468542 ], [ 2.1575924, 41.4467129 ], [ 2.1575901, 41.4466085 ], [ 2.1575181, 41.4464931 ], [ 2.1574168, 41.446374 ], [ 2.1573164, 41.4461679 ], [ 2.1572534, 41.4460518 ], [ 2.157211, 41.4460057 ], [ 2.157168, 41.4459925 ], [ 2.1570826, 41.4459617 ], [ 2.1566533, 41.4458818 ], [ 2.1564238, 41.4458348 ], [ 2.1562062, 41.4457877 ], [ 2.1560118, 41.4457776 ], [ 2.1559037, 41.4457782 ], [ 2.1558364, 41.4457654 ], [ 2.1558348, 41.4457651 ], [ 2.1557922, 41.4457487 ], [ 2.1557588, 41.4457323 ], [ 2.1557074, 41.4456886 ], [ 2.1557076, 41.4456521 ], [ 2.1557181, 41.4456082 ], [ 2.155743, 41.4455852 ], [ 2.1557824, 41.4455589 ], [ 2.1558302, 41.4455487 ], [ 2.1559039, 41.4455459 ], [ 2.156028, 41.4455512 ], [ 2.1560614, 41.445549 ], [ 2.1561047, 41.4455436 ], [ 2.1562599, 41.4454975 ], [ 2.1563559, 41.4454579 ], [ 2.1564807, 41.4454131 ], [ 2.1566112, 41.445351 ], [ 2.1567188, 41.4452888 ], [ 2.1568296, 41.4452092 ], [ 2.1569182, 41.4451516 ], [ 2.1569926, 41.4451081 ], [ 2.1571197, 41.4450929 ], [ 2.1573778, 41.445044 ], [ 2.1574723, 41.4450211 ], [ 2.1575265, 41.4449882 ], [ 2.1577074, 41.4448348 ], [ 2.1578366, 41.4447063 ], [ 2.157904, 41.4446186 ], [ 2.15795, 41.4445276 ], [ 2.1579699, 41.4444229 ], [ 2.1579801, 41.444252 ], [ 2.1579909, 41.4442047 ], [ 2.1580315, 41.4441631 ], [ 2.1581708, 41.4440847 ], [ 2.1582941, 41.4439983 ], [ 2.1583389, 41.4439529 ], [ 2.1584079, 41.4438552 ], [ 2.158473, 41.4436947 ], [ 2.158493, 41.4434798 ], [ 2.1585462, 41.4433569 ], [ 2.1586058, 41.4432593 ], [ 2.1586981, 41.443011 ], [ 2.1589275, 41.442713 ], [ 2.1589838, 41.4426307 ], [ 2.1590459, 41.4425186 ], [ 2.1591122, 41.4424343 ], [ 2.1591871, 41.442376 ], [ 2.1594372, 41.442228 ], [ 2.1596977, 41.442123 ], [ 2.1597516, 41.4422138 ], [ 2.159818, 41.4422848 ], [ 2.1599449, 41.4423706 ], [ 2.1599684, 41.4423811 ], [ 2.1599961, 41.4423522 ], [ 2.1600668, 41.4422785 ], [ 2.1600865, 41.4422531 ], [ 2.160109, 41.4422242 ], [ 2.160126, 41.4422024 ], [ 2.1603309, 41.4421344 ], [ 2.1604286, 41.4420989 ], [ 2.1604951, 41.4420693 ], [ 2.1605615, 41.4420397 ], [ 2.1605626, 41.4420392 ], [ 2.1605782, 41.4420322 ], [ 2.1605816, 41.4420307 ], [ 2.1605905, 41.4420268 ], [ 2.1605964, 41.4420242 ], [ 2.1605975, 41.4420236 ], [ 2.1605996, 41.4420227 ], [ 2.1610834, 41.4418073 ], [ 2.1612883, 41.4417161 ], [ 2.1613946, 41.4416687 ], [ 2.1613953, 41.4416684 ], [ 2.1614942, 41.4416256 ], [ 2.1615382, 41.4416065 ], [ 2.1616351, 41.4415645 ], [ 2.1617135, 41.4416312 ], [ 2.162401, 41.4413252 ], [ 2.162401, 41.441325 ], [ 2.162436, 41.4410156 ], [ 2.1623879, 41.4408933 ], [ 2.16237, 41.4407935 ], [ 2.1622806, 41.4407876 ], [ 2.1622122, 41.4407802 ], [ 2.1621176, 41.4407563 ], [ 2.1620418, 41.4407318 ], [ 2.1619612, 41.4407007 ], [ 2.16189, 41.4406646 ], [ 2.161826, 41.4406238 ], [ 2.161764, 41.4405782 ], [ 2.1617051, 41.4405261 ], [ 2.1616494, 41.4404638 ], [ 2.1616072, 41.4403977 ], [ 2.161574, 41.4403343 ], [ 2.1615502, 41.4402714 ], [ 2.1615384, 41.4401995 ], [ 2.1615313, 41.4401386 ], [ 2.1615331, 41.4400802 ], [ 2.1615417, 41.4400131 ], [ 2.1615606, 41.4399499 ], [ 2.1624217, 41.4401321 ], [ 2.1632381, 41.4403522 ], [ 2.1632736, 41.4402511 ], [ 2.1632826, 41.4401375 ], [ 2.1632759, 41.4400261 ], [ 2.1632682, 41.4399569 ], [ 2.1633409, 41.4399461 ], [ 2.1633878, 41.4400017 ], [ 2.1634732, 41.4400827 ], [ 2.1635601, 41.4401382 ], [ 2.1636679, 41.4401867 ], [ 2.1655183, 41.4409037 ], [ 2.1667061, 41.441377 ], [ 2.1672063, 41.4415763 ], [ 2.168072, 41.4418781 ], [ 2.1681431, 41.4419044 ], [ 2.1684486, 41.4420189 ], [ 2.168547, 41.442057 ], [ 2.1688743, 41.4421769 ], [ 2.1690189, 41.4422326 ], [ 2.1692304, 41.4423216 ], [ 2.1694664, 41.4424348 ], [ 2.1696493, 41.4425171 ], [ 2.169866, 41.4426049 ], [ 2.1701383, 41.4427075 ], [ 2.1704386, 41.4428221 ], [ 2.1704721, 41.4428349 ], [ 2.1708333, 41.4429705 ], [ 2.1709168, 41.4430018 ], [ 2.1711547, 41.4430915 ], [ 2.1714113, 41.4431868 ], [ 2.1716475, 41.4432751 ], [ 2.171759, 41.4433179 ], [ 2.1715248, 41.4436611 ], [ 2.1714702, 41.4437401 ], [ 2.1713737, 41.4439261 ], [ 2.1712537, 41.4441678 ], [ 2.1711115, 41.4445207 ], [ 2.1709218, 41.4444667 ], [ 2.1708334, 41.4444415 ], [ 2.1707566, 41.4444196 ], [ 2.1707526, 41.4444185 ], [ 2.1706979, 41.4445273 ], [ 2.1706956, 41.4445319 ], [ 2.1706361, 41.4446501 ], [ 2.1705767, 41.4447684 ], [ 2.1705526, 41.4448167 ], [ 2.1703449, 41.4447649 ], [ 2.169999, 41.4446805 ], [ 2.1699887, 41.4447001 ], [ 2.1699841, 41.444709 ], [ 2.1699692, 41.4447374 ], [ 2.1698702, 41.4449261 ], [ 2.1698463, 41.4449718 ], [ 2.1697713, 41.4451148 ], [ 2.1696624, 41.445324 ], [ 2.1695196, 41.4456025 ], [ 2.1694555, 41.4457213 ], [ 2.1688616, 41.4468558 ], [ 2.1687979, 41.4469774 ], [ 2.1684779, 41.4468984 ], [ 2.1682595, 41.4468445 ], [ 2.1678355, 41.4474476 ], [ 2.1677997, 41.4474988 ], [ 2.1677979, 41.4474977 ], [ 2.167755, 41.4474782 ], [ 2.1676989, 41.4474573 ], [ 2.1676277, 41.4474435 ], [ 2.1675345, 41.4474351 ], [ 2.1670163, 41.4474236 ], [ 2.166954, 41.4474208 ], [ 2.1668766, 41.4474129 ], [ 2.1668282, 41.4474059 ], [ 2.1667719, 41.4473963 ], [ 2.1667166, 41.447382 ], [ 2.1666614, 41.4473624 ], [ 2.1665772, 41.447326 ], [ 2.1664942, 41.4472777 ], [ 2.1664453, 41.4472403 ], [ 2.1664061, 41.4472029 ], [ 2.1663592, 41.4471556 ], [ 2.1663288, 41.4471163 ], [ 2.1663142, 41.4470871 ], [ 2.1663083, 41.4470665 ], [ 2.166306, 41.4470387 ], [ 2.1663093, 41.446962 ], [ 2.1663474, 41.4467642 ], [ 2.1663558, 41.4467023 ], [ 2.1663576, 41.4466563 ], [ 2.1663548, 41.4465967 ], [ 2.16635, 41.4465623 ], [ 2.166339, 41.4465238 ], [ 2.1663271, 41.4464919 ], [ 2.1663066, 41.4464474 ], [ 2.166227, 41.4463244 ], [ 2.1660596, 41.4461252 ], [ 2.16603, 41.4460938 ], [ 2.1660012, 41.4460724 ], [ 2.1659904, 41.4460665 ], [ 2.1659401, 41.4460758 ], [ 2.1658895, 41.4460851 ], [ 2.1655394, 41.4461499 ], [ 2.1638983, 41.4478554 ], [ 2.1639122, 41.4490161 ], [ 2.1640136, 41.4495013 ], [ 2.1640735, 41.4497881 ], [ 2.1640744, 41.4497925 ], [ 2.1640377, 41.4497858 ], [ 2.1638927, 41.4497714 ], [ 2.1637573, 41.4497856 ], [ 2.1636794, 41.4497946 ], [ 2.1635777, 41.4497986 ], [ 2.1634728, 41.449805 ], [ 2.1633807, 41.4498057 ], [ 2.1632558, 41.4497984 ], [ 2.163183, 41.4497904 ], [ 2.1630709, 41.4497775 ], [ 2.1629756, 41.4497681 ], [ 2.1628783, 41.4497779 ], [ 2.1627865, 41.4497893 ], [ 2.1626852, 41.4498265 ], [ 2.1625964, 41.4498796 ], [ 2.1624941, 41.4499298 ], [ 2.1623939, 41.4499865 ], [ 2.1622978, 41.4500527 ], [ 2.1621877, 41.4501164 ], [ 2.16211, 41.4501643 ], [ 2.161995, 41.4502203 ], [ 2.1618605, 41.4502584 ], [ 2.1617247, 41.4502728 ], [ 2.1615327, 41.4502844 ], [ 2.1612953, 41.450305 ], [ 2.1610428, 41.4503275 ], [ 2.1604135, 41.4503396 ], [ 2.1603695, 41.4503206 ], [ 2.1602114, 41.4503327 ] ] ] } },
{ "type": "Feature", "properties": { "id": "50", "name": "les Roquetes", "housing2025": 7149.0, "housing2026": 7148.0, "hutCount": 2, "hutPending": 0, "hutAllRecords": 2, "hutStrictGeometry": 2, "hutBeds": 6.0, "missingBeds": 0, "rent2019": 11.225140740454798, "rentMonth2019": 621.17096899224816, "contracts2019": 258.0, "rent2020": 11.64755506255665, "rentMonth2020": 638.82552036199093, "contracts2020": 221.0, "rent2021": 11.337256937234809, "rentMonth2021": 622.57567567567594, "contracts2021": 259.0, "rent2022": 12.249174816084007, "rentMonth2022": 666.38529411764705, "contracts2022": 272.0, "rent2023": 13.609008895186872, "rentMonth2023": 734.29642512077316, "contracts2023": 207.0, "rent2024": 13.50004182255779, "rentMonth2024": 721.09971563981037, "contracts2024": 211.0, "rent2025": 13.623526494995801, "rentMonth2025": 701.28141935483904, "contracts2025": 155.0, "hutIntensity": 0.27979854504756574, "hutInclusiveIntensity": 0.27979854504756574, "hutStrictIntensity": 0.27979854504756574, "rentChange": 11.219953176822784, "contractIntensity": 21.681354035529445, "comparable": true, "validRent2025": true, "validRentChange": true, "validContractActivity": true, "qualityFlag": "comparable", "platform2025": 12, "platformEntire2025": 7, "platformIntensity2025": 0.97915792418520076, "overlapClass": "neither", "changeClass": "neither", "thresholdStable": true, "caseFlag": false }, "geometry": { "type": "Polygon", "coordinates": [ [ [ 2.1831475, 41.45279 ], [ 2.1831668, 41.4528458 ], [ 2.1831866, 41.45292 ], [ 2.1832134, 41.452994 ], [ 2.1832224, 41.4530178 ], [ 2.1832586, 41.4530757 ], [ 2.1832791, 41.4531128 ], [ 2.1833133, 41.453159 ], [ 2.1833387, 41.4531861 ], [ 2.1833798, 41.4532252 ], [ 2.183408, 41.4532501 ], [ 2.183454, 41.4532827 ], [ 2.1835101, 41.4533144 ], [ 2.1835909, 41.4533533 ], [ 2.1836998, 41.4534047 ], [ 2.1837462, 41.4534405 ], [ 2.1837743, 41.453476 ], [ 2.1838193, 41.4535652 ], [ 2.1838618, 41.453643 ], [ 2.1839083, 41.4537154 ], [ 2.1839538, 41.4537759 ], [ 2.1839971, 41.4538318 ], [ 2.1840466, 41.4538868 ], [ 2.1840948, 41.4539307 ], [ 2.184151, 41.4539841 ], [ 2.1842006, 41.454034 ], [ 2.1842319, 41.4540674 ], [ 2.1842543, 41.4541053 ], [ 2.1842708, 41.4541333 ], [ 2.1842904, 41.4541672 ], [ 2.1842935, 41.4541725 ], [ 2.1843067, 41.4542014 ], [ 2.1843181, 41.4542346 ], [ 2.1843327, 41.4542812 ], [ 2.1843452, 41.4543237 ], [ 2.1843578, 41.4543757 ], [ 2.1843645, 41.4544059 ], [ 2.1843647, 41.4544281 ], [ 2.1843632, 41.4544457 ], [ 2.184361, 41.4544543 ], [ 2.1843556, 41.4544652 ], [ 2.1843479, 41.4544742 ], [ 2.1843475, 41.4544746 ], [ 2.1843377, 41.4544821 ], [ 2.184324, 41.4544905 ], [ 2.1843071, 41.4544967 ], [ 2.1842891, 41.4545003 ], [ 2.1842723, 41.4545003 ], [ 2.1842568, 41.4544966 ], [ 2.1842453, 41.454492 ], [ 2.1842352, 41.4544854 ], [ 2.1842349, 41.454485 ], [ 2.1842223, 41.4544715 ], [ 2.184218, 41.4544642 ], [ 2.1842172, 41.4544591 ], [ 2.1842166, 41.4544548 ], [ 2.1842121, 41.4544234 ], [ 2.1841873, 41.4543539 ], [ 2.1841575, 41.4543024 ], [ 2.184095, 41.4542322 ], [ 2.1840761, 41.4542129 ], [ 2.1840595, 41.4541982 ], [ 2.1839365, 41.4540965 ], [ 2.1838747, 41.4540522 ], [ 2.1837758, 41.4539997 ], [ 2.1836474, 41.453934 ], [ 2.1835437, 41.4538811 ], [ 2.1833981, 41.4538091 ], [ 2.1833552, 41.4537884 ], [ 2.18327, 41.4537593 ], [ 2.1831694, 41.4537303 ], [ 2.1829511, 41.4536715 ], [ 2.1828541, 41.453641 ], [ 2.1827665, 41.4536008 ], [ 2.1826592, 41.4535333 ], [ 2.1825184, 41.4534424 ], [ 2.1823481, 41.4533545 ], [ 2.1822684, 41.4533123 ], [ 2.182183, 41.453246 ], [ 2.1820723, 41.4531394 ], [ 2.1820091, 41.4530696 ], [ 2.1819661, 41.4529857 ], [ 2.1819527, 41.4528836 ], [ 2.1819312, 41.4528361 ], [ 2.1818822, 41.4527951 ], [ 2.1818002, 41.4527627 ], [ 2.1817014, 41.4527511 ], [ 2.1813789, 41.4527389 ], [ 2.1812445, 41.4527262 ], [ 2.181134, 41.4527258 ], [ 2.1811138, 41.4527257 ], [ 2.1811138, 41.4527257 ], [ 2.1810635, 41.4527237 ], [ 2.1810466, 41.452723 ], [ 2.1810068, 41.4527273 ], [ 2.1809805, 41.4527302 ], [ 2.1808914, 41.4527298 ], [ 2.1807937, 41.4527226 ], [ 2.1807563, 41.4527119 ], [ 2.1806915, 41.4526933 ], [ 2.1806081, 41.4526536 ], [ 2.1806067, 41.4526529 ], [ 2.1803461, 41.4524914 ], [ 2.1803268, 41.4524731 ], [ 2.180222, 41.4524629 ], [ 2.1798648, 41.4524471 ], [ 2.1797676, 41.4524192 ], [ 2.1797161, 41.4524044 ], [ 2.1794984, 41.4523449 ], [ 2.1794361, 41.4523044 ], [ 2.1793106, 41.4521833 ], [ 2.1792982, 41.4521713 ], [ 2.1792472, 41.452144 ], [ 2.1792156, 41.4521677 ], [ 2.1792067, 41.4521745 ], [ 2.1791665, 41.4522046 ], [ 2.1789949, 41.4520539 ], [ 2.1789185, 41.4520825 ], [ 2.1788416, 41.4520915 ], [ 2.1787939, 41.4520758 ], [ 2.1782953, 41.451613 ], [ 2.1782024, 41.4515447 ], [ 2.1781727, 41.4515237 ], [ 2.1781513, 41.4515122 ], [ 2.178134, 41.4515042 ], [ 2.1781008, 41.4514917 ], [ 2.1780564, 41.4514782 ], [ 2.178008, 41.4514647 ], [ 2.1779528, 41.451453 ], [ 2.1778856, 41.4514414 ], [ 2.1778326, 41.4514347 ], [ 2.1777815, 41.4514276 ], [ 2.1776969, 41.4514154 ], [ 2.1776209, 41.4514053 ], [ 2.1775234, 41.4513932 ], [ 2.1774449, 41.4513848 ], [ 2.1773416, 41.4513751 ], [ 2.1772469, 41.4513667 ], [ 2.1771564, 41.4513588 ], [ 2.17714, 41.4513571 ], [ 2.1770741, 41.45135 ], [ 2.1770553, 41.4513479 ], [ 2.1770365, 41.4513455 ], [ 2.1770178, 41.4513428 ], [ 2.1769993, 41.4513398 ], [ 2.1769808, 41.4513365 ], [ 2.1769624, 41.4513328 ], [ 2.1769441, 41.4513289 ], [ 2.1769259, 41.4513247 ], [ 2.1769079, 41.4513202 ], [ 2.17689, 41.4513154 ], [ 2.1768722, 41.4513103 ], [ 2.1768569, 41.4513058 ], [ 2.1768416, 41.4513012 ], [ 2.1768263, 41.4512964 ], [ 2.1768112, 41.4512915 ], [ 2.1767962, 41.4512864 ], [ 2.1767812, 41.4512812 ], [ 2.1767664, 41.4512758 ], [ 2.1767516, 41.4512703 ], [ 2.1767369, 41.4512646 ], [ 2.1767224, 41.4512588 ], [ 2.1767079, 41.4512529 ], [ 2.1766953, 41.4512474 ], [ 2.1766829, 41.4512417 ], [ 2.1766705, 41.4512359 ], [ 2.1766583, 41.4512299 ], [ 2.1766462, 41.4512238 ], [ 2.1766342, 41.4512176 ], [ 2.1766224, 41.4512112 ], [ 2.1766106, 41.4512047 ], [ 2.176599, 41.4511981 ], [ 2.1765876, 41.4511914 ], [ 2.1765762, 41.4511845 ], [ 2.1765652, 41.4511776 ], [ 2.1765543, 41.4511705 ], [ 2.1765437, 41.4511632 ], [ 2.1765334, 41.4511556 ], [ 2.1765232, 41.451148 ], [ 2.1765134, 41.4511401 ], [ 2.1765038, 41.4511321 ], [ 2.1764945, 41.4511239 ], [ 2.1764854, 41.4511155 ], [ 2.1764766, 41.4511069 ], [ 2.1764681, 41.4510982 ], [ 2.1764619, 41.4510906 ], [ 2.1764558, 41.451083 ], [ 2.1764498, 41.4510754 ], [ 2.1764438, 41.4510677 ], [ 2.1764379, 41.45106 ], [ 2.1764321, 41.4510523 ], [ 2.1764263, 41.4510445 ], [ 2.1764206, 41.4510367 ], [ 2.176415, 41.4510289 ], [ 2.1764094, 41.451021 ], [ 2.1764039, 41.4510132 ], [ 2.1763781, 41.4509776 ], [ 2.1763539, 41.450945 ], [ 2.1763464, 41.4509364 ], [ 2.1763389, 41.4509279 ], [ 2.1763312, 41.4509194 ], [ 2.1763235, 41.4509109 ], [ 2.1763157, 41.4509025 ], [ 2.1763078, 41.4508941 ], [ 2.1762999, 41.4508858 ], [ 2.1762919, 41.4508775 ], [ 2.1762837, 41.4508692 ], [ 2.1762756, 41.450861 ], [ 2.1762673, 41.4508528 ], [ 2.1762323, 41.4508189 ], [ 2.1761827, 41.4507703 ], [ 2.1761341, 41.4507212 ], [ 2.1760838, 41.4506702 ], [ 2.1760514, 41.4506376 ], [ 2.1760193, 41.4506063 ], [ 2.1760106, 41.4505974 ], [ 2.1760014, 41.4505888 ], [ 2.1759917, 41.4505804 ], [ 2.1759815, 41.4505725 ], [ 2.1759708, 41.4505649 ], [ 2.1759597, 41.4505576 ], [ 2.1759482, 41.4505507 ], [ 2.1759362, 41.4505443 ], [ 2.1759239, 41.4505382 ], [ 2.1759113, 41.4505326 ], [ 2.1758983, 41.4505273 ], [ 2.1758856, 41.4505229 ], [ 2.1758727, 41.4505187 ], [ 2.1758597, 41.4505147 ], [ 2.1758466, 41.450511 ], [ 2.1758334, 41.4505076 ], [ 2.17582, 41.4505044 ], [ 2.1758066, 41.4505014 ], [ 2.175793, 41.4504987 ], [ 2.1757794, 41.4504963 ], [ 2.1757657, 41.4504941 ], [ 2.1757519, 41.4504922 ], [ 2.1757407, 41.4504902 ], [ 2.1757296, 41.4504884 ], [ 2.1757184, 41.4504866 ], [ 2.1757072, 41.4504848 ], [ 2.175696, 41.4504831 ], [ 2.1756849, 41.4504814 ], [ 2.1756736, 41.4504798 ], [ 2.1756624, 41.4504782 ], [ 2.1756512, 41.4504767 ], [ 2.1756399, 41.4504752 ], [ 2.1756287, 41.4504737 ], [ 2.1756151, 41.4504721 ], [ 2.1756014, 41.4504705 ], [ 2.1755878, 41.4504691 ], [ 2.1755742, 41.4504677 ], [ 2.1755605, 41.4504663 ], [ 2.1755468, 41.4504651 ], [ 2.1755331, 41.450464 ], [ 2.1755194, 41.4504629 ], [ 2.1755057, 41.450462 ], [ 2.175492, 41.450461 ], [ 2.1754782, 41.4504602 ], [ 2.1754685, 41.4504599 ], [ 2.1754587, 41.4504597 ], [ 2.175449, 41.4504595 ], [ 2.1754392, 41.4504594 ], [ 2.1754295, 41.4504594 ], [ 2.1754197, 41.4504595 ], [ 2.17541, 41.4504597 ], [ 2.1754002, 41.45046 ], [ 2.1753905, 41.4504603 ], [ 2.1753808, 41.4504608 ], [ 2.1753711, 41.4504613 ], [ 2.1753035, 41.4504663 ], [ 2.175234, 41.4504728 ], [ 2.1751586, 41.4504824 ], [ 2.1750992, 41.4504941 ], [ 2.1750339, 41.4505117 ], [ 2.174966, 41.4505329 ], [ 2.1749105, 41.4505523 ], [ 2.1748984, 41.4505571 ], [ 2.174886, 41.4505614 ], [ 2.1748733, 41.4505652 ], [ 2.1748603, 41.4505684 ], [ 2.1748471, 41.4505711 ], [ 2.1748338, 41.4505733 ], [ 2.1748203, 41.4505748 ], [ 2.1748183, 41.450575 ], [ 2.1748067, 41.4505758 ], [ 2.1747931, 41.4505763 ], [ 2.1747794, 41.4505761 ], [ 2.1747658, 41.4505754 ], [ 2.1747398, 41.4505736 ], [ 2.1747004, 41.4505674 ], [ 2.1746582, 41.4505588 ], [ 2.1746258, 41.4505512 ], [ 2.174588, 41.4505408 ], [ 2.1745197, 41.450522 ], [ 2.1744521, 41.4505026 ], [ 2.174386, 41.4504819 ], [ 2.1743291, 41.4504606 ], [ 2.1742785, 41.4504392 ], [ 2.1742315, 41.450416 ], [ 2.1741787, 41.4503867 ], [ 2.1741124, 41.4503475 ], [ 2.1740558, 41.4503113 ], [ 2.1739837, 41.4502626 ], [ 2.173923, 41.4502213 ], [ 2.1738369, 41.4501635 ], [ 2.1737816, 41.4501252 ], [ 2.1737242, 41.4500847 ], [ 2.1736773, 41.450049 ], [ 2.1736226, 41.4500017 ], [ 2.1735978, 41.4499773 ], [ 2.1735699, 41.4499464 ], [ 2.1735352, 41.4499032 ], [ 2.1734985, 41.4498609 ], [ 2.1734598, 41.4498196 ], [ 2.1734192, 41.4497794 ], [ 2.1733992, 41.4497616 ], [ 2.1733781, 41.4497445 ], [ 2.173356, 41.449728 ], [ 2.173333, 41.4497122 ], [ 2.1733091, 41.4496972 ], [ 2.1732844, 41.449683 ], [ 2.1732589, 41.4496696 ], [ 2.1732329, 41.449657 ], [ 2.1731858, 41.4496367 ], [ 2.173138, 41.4496172 ], [ 2.1730895, 41.4495988 ], [ 2.1730404, 41.4495815 ], [ 2.1730138, 41.4495709 ], [ 2.1729875, 41.4495597 ], [ 2.1729618, 41.4495478 ], [ 2.1729367, 41.4495352 ], [ 2.1729121, 41.449522 ], [ 2.1728882, 41.4495081 ], [ 2.172865, 41.4494936 ], [ 2.1728425, 41.4494786 ], [ 2.1727548, 41.4494151 ], [ 2.1727155, 41.4493855 ], [ 2.172675, 41.449357 ], [ 2.1726333, 41.4493295 ], [ 2.1725903, 41.449303 ], [ 2.172578, 41.4492947 ], [ 2.1725646, 41.449287 ], [ 2.1725503, 41.4492799 ], [ 2.1725351, 41.4492736 ], [ 2.1725191, 41.449268 ], [ 2.1725024, 41.4492634 ], [ 2.1724852, 41.4492598 ], [ 2.1724676, 41.4492572 ], [ 2.1724497, 41.4492556 ], [ 2.1724319, 41.449255 ], [ 2.1724141, 41.4492555 ], [ 2.1723966, 41.4492571 ], [ 2.1723796, 41.4492596 ], [ 2.172363, 41.449263 ], [ 2.1723472, 41.4492672 ], [ 2.1723321, 41.4492722 ], [ 2.1722223, 41.449316 ], [ 2.1721716, 41.4493428 ], [ 2.17212, 41.4493687 ], [ 2.1720675, 41.4493935 ], [ 2.1720141, 41.4494174 ], [ 2.1719494, 41.4494464 ], [ 2.1718833, 41.4494738 ], [ 2.1718159, 41.4494994 ], [ 2.1717475, 41.4495232 ], [ 2.1717246, 41.4495297 ], [ 2.1717007, 41.4495348 ], [ 2.1716762, 41.4495385 ], [ 2.1716512, 41.4495405 ], [ 2.1716262, 41.449541 ], [ 2.1716012, 41.4495399 ], [ 2.1715766, 41.4495373 ], [ 2.1715527, 41.4495332 ], [ 2.1715269, 41.4495272 ], [ 2.1715015, 41.4495203 ], [ 2.1714764, 41.4495126 ], [ 2.1714519, 41.4495039 ], [ 2.1714279, 41.4494944 ], [ 2.1714046, 41.449484 ], [ 2.171382, 41.4494729 ], [ 2.1713602, 41.449461 ], [ 2.1713138, 41.4494303 ], [ 2.1712688, 41.4493984 ], [ 2.1712254, 41.4493653 ], [ 2.1711836, 41.4493311 ], [ 2.1711325, 41.4492905 ], [ 2.1710798, 41.449251 ], [ 2.1710256, 41.4492127 ], [ 2.17097, 41.4491756 ], [ 2.1709201, 41.449145 ], [ 2.1708683, 41.4491161 ], [ 2.1708334, 41.4490985 ], [ 2.1706434, 41.4490137 ], [ 2.1705492, 41.4489676 ], [ 2.1705003, 41.4489388 ], [ 2.1703983, 41.4488728 ], [ 2.1703395, 41.4488317 ], [ 2.1702888, 41.4487976 ], [ 2.1702346, 41.4487641 ], [ 2.1701777, 41.448735 ], [ 2.1701427, 41.4487204 ], [ 2.1701023, 41.4487108 ], [ 2.1700311, 41.4486984 ], [ 2.1698438, 41.4486706 ], [ 2.1697654, 41.448662 ], [ 2.1697082, 41.4486603 ], [ 2.1696685, 41.4486627 ], [ 2.1696259, 41.4486707 ], [ 2.1695651, 41.4486891 ], [ 2.1695217, 41.4487093 ], [ 2.1694614, 41.448738 ], [ 2.1693859, 41.4487831 ], [ 2.1693184, 41.448827 ], [ 2.1692748, 41.4488631 ], [ 2.1692156, 41.4489221 ], [ 2.1691371, 41.4490157 ], [ 2.1691066, 41.4490592 ], [ 2.1690475, 41.4491632 ], [ 2.1689758, 41.4492979 ], [ 2.1689498, 41.4493375 ], [ 2.1688974, 41.4494094 ], [ 2.1688506, 41.449446 ], [ 2.1688009, 41.4494748 ], [ 2.1687539, 41.4494963 ], [ 2.1687017, 41.4495125 ], [ 2.1686474, 41.4495239 ], [ 2.1686028, 41.4495316 ], [ 2.1685631, 41.4495346 ], [ 2.168512, 41.4495363 ], [ 2.1684415, 41.4495344 ], [ 2.1683834, 41.4495313 ], [ 2.1683362, 41.449526 ], [ 2.1682314, 41.4494998 ], [ 2.1680613, 41.4494453 ], [ 2.1678101, 41.4493607 ], [ 2.1677348, 41.449332 ], [ 2.1676972, 41.4493138 ], [ 2.1676653, 41.4492926 ], [ 2.1676379, 41.4492677 ], [ 2.1676119, 41.4492338 ], [ 2.1675903, 41.4491952 ], [ 2.1675738, 41.4491455 ], [ 2.1675651, 41.449103 ], [ 2.1675639, 41.4490613 ], [ 2.1675688, 41.4490209 ], [ 2.167579, 41.4489773 ], [ 2.1675982, 41.4489245 ], [ 2.1676687, 41.4487677 ], [ 2.1677702, 41.4485675 ], [ 2.1677902, 41.4485167 ], [ 2.1678303, 41.4484084 ], [ 2.1679363, 41.4480176 ], [ 2.1679856, 41.4477692 ], [ 2.1679853, 41.4477255 ], [ 2.1679789, 41.4476871 ], [ 2.1679583, 41.4476359 ], [ 2.1679288, 41.4475947 ], [ 2.1678949, 41.44756 ], [ 2.1678487, 41.4475272 ], [ 2.1677997, 41.4474988 ], [ 2.1678355, 41.4474476 ], [ 2.1682595, 41.4468445 ], [ 2.1684779, 41.4468984 ], [ 2.1687979, 41.4469774 ], [ 2.1688616, 41.4468558 ], [ 2.1694555, 41.4457213 ], [ 2.1695196, 41.4456025 ], [ 2.1696624, 41.445324 ], [ 2.1697713, 41.4451148 ], [ 2.1698463, 41.4449718 ], [ 2.1698702, 41.4449261 ], [ 2.1699692, 41.4447374 ], [ 2.1699841, 41.444709 ], [ 2.1699887, 41.4447001 ], [ 2.169999, 41.4446805 ], [ 2.1703449, 41.4447649 ], [ 2.1705526, 41.4448167 ], [ 2.1705767, 41.4447684 ], [ 2.1706361, 41.4446501 ], [ 2.1706956, 41.4445319 ], [ 2.1706979, 41.4445273 ], [ 2.1707526, 41.4444185 ], [ 2.1707566, 41.4444196 ], [ 2.1708334, 41.4444415 ], [ 2.1709218, 41.4444667 ], [ 2.1711115, 41.4445207 ], [ 2.1712537, 41.4441678 ], [ 2.1713737, 41.4439261 ], [ 2.1714702, 41.4437401 ], [ 2.1715248, 41.4436611 ], [ 2.171759, 41.4433179 ], [ 2.1718937, 41.4433695 ], [ 2.1721327, 41.4434624 ], [ 2.172315, 41.4435301 ], [ 2.172425, 41.443571 ], [ 2.172677, 41.4436663 ], [ 2.1732209, 41.4438732 ], [ 2.1734293, 41.4439509 ], [ 2.1736087, 41.4440178 ], [ 2.1737904, 41.4440875 ], [ 2.1739667, 41.4441551 ], [ 2.1742501, 41.4442576 ], [ 2.1746155, 41.4443994 ], [ 2.1751884, 41.4446113 ], [ 2.1752497, 41.4446346 ], [ 2.175354, 41.4446743 ], [ 2.1753808, 41.4446845 ], [ 2.175602, 41.444766 ], [ 2.1758454, 41.4448551 ], [ 2.17608, 41.4449446 ], [ 2.1762094, 41.4449924 ], [ 2.1769301, 41.445232 ], [ 2.1769994, 41.4452527 ], [ 2.1771895, 41.4453095 ], [ 2.1774388, 41.44538 ], [ 2.1777282, 41.4454611 ], [ 2.1782993, 41.4456136 ], [ 2.1785067, 41.4456623 ], [ 2.1785752, 41.4456772 ], [ 2.1786994, 41.4457043 ], [ 2.178948, 41.4457615 ], [ 2.1790494, 41.4457804 ], [ 2.1791067, 41.4457911 ], [ 2.1791667, 41.4458027 ], [ 2.1791708, 41.4458036 ], [ 2.179319, 41.4458346 ], [ 2.1793488, 41.4458408 ], [ 2.1793868, 41.4458481 ], [ 2.1795106, 41.4458701 ], [ 2.1797773, 41.4459952 ], [ 2.1800362, 41.4460498 ], [ 2.1800062, 41.4461479 ], [ 2.1798897, 41.446416 ], [ 2.1803924, 41.447086 ], [ 2.1803278, 41.4471751 ], [ 2.1802896, 41.4472029 ], [ 2.1802083, 41.4472719 ], [ 2.180163, 41.4473183 ], [ 2.1801487, 41.4473345 ], [ 2.1800712, 41.4474164 ], [ 2.1799961, 41.4474978 ], [ 2.1798906, 41.447615 ], [ 2.1798199, 41.4476928 ], [ 2.179739, 41.4477838 ], [ 2.1796577, 41.4478774 ], [ 2.1796338, 41.4478987 ], [ 2.1795799, 41.4479229 ], [ 2.1795386, 41.4479305 ], [ 2.1794221, 41.4479506 ], [ 2.179411, 41.4480061 ], [ 2.1794086, 41.4480182 ], [ 2.1792571, 41.4487766 ], [ 2.1798408, 41.4495493 ], [ 2.1798461, 41.4495563 ], [ 2.179862, 41.4495773 ], [ 2.1799393, 41.4496796 ], [ 2.1801368, 41.4501339 ], [ 2.180209, 41.4502018 ], [ 2.1802986, 41.4502819 ], [ 2.1804181, 41.4503808 ], [ 2.1805449, 41.4504859 ], [ 2.1806229, 41.4505383 ], [ 2.1807542, 41.4506297 ], [ 2.1808734, 41.4507479 ], [ 2.1809341, 41.4508137 ], [ 2.1810203, 41.4508943 ], [ 2.1811366, 41.4509621 ], [ 2.1812356, 41.451005 ], [ 2.1813939, 41.4510691 ], [ 2.1815652, 41.4511493 ], [ 2.1816469, 41.4512041 ], [ 2.181737, 41.4512968 ], [ 2.1818343, 41.4514265 ], [ 2.1819018, 41.451506 ], [ 2.1819778, 41.4515736 ], [ 2.1820815, 41.451644 ], [ 2.1822265, 41.4517214 ], [ 2.1823273, 41.4517833 ], [ 2.1824108, 41.4518499 ], [ 2.1824988, 41.4519229 ], [ 2.1826457, 41.4520213 ], [ 2.182859, 41.4521736 ], [ 2.1829757, 41.4522561 ], [ 2.1830421, 41.4523025 ], [ 2.1830954, 41.4523413 ], [ 2.1831913, 41.4524054 ], [ 2.1831778, 41.452428 ], [ 2.1831652, 41.4524789 ], [ 2.1831363, 41.452552 ], [ 2.1831153, 41.4526284 ], [ 2.1831088, 41.4526645 ], [ 2.1831183, 41.4527102 ], [ 2.1831475, 41.45279 ] ] ] } },
{ "type": "Feature", "properties": { "id": "51", "name": "Verdun", "housing2025": 5964.0, "housing2026": 5965.0, "hutCount": 3, "hutPending": 0, "hutAllRecords": 3, "hutStrictGeometry": 3, "hutBeds": 25.0, "missingBeds": 0, "rent2019": 12.075383913440277, "rentMonth2019": 663.39592334494762, "contracts2019": 287.0, "rent2020": 11.996103574844655, "rentMonth2020": 660.43364055299537, "contracts2020": 217.0, "rent2021": 12.290719020188597, "rentMonth2021": 647.99700854700859, "contracts2021": 234.0, "rent2022": 11.985542470225198, "rentMonth2022": 645.25330882352944, "contracts2022": 272.0, "rent2023": 14.5260301922683, "rentMonth2023": 753.34892523364476, "contracts2023": 214.0, "rent2024": 13.091887269721893, "rentMonth2024": 716.54304597701173, "contracts2024": 174.0, "rent2025": 14.2050751146602, "rentMonth2025": 759.20857142857085, "contracts2025": 161.0, "hutIntensity": 0.50293378038558256, "hutInclusiveIntensity": 0.50293378038558256, "hutStrictIntensity": 0.50293378038558256, "rentChange": 18.518416249817847, "contractIntensity": 26.995305164319248, "comparable": true, "validRent2025": true, "validRentChange": true, "validContractActivity": true, "qualityFlag": "comparable", "platform2025": 9, "platformEntire2025": 3, "platformIntensity2025": 0.50301810865191143, "overlapClass": "neither", "changeClass": "rent", "thresholdStable": true, "caseFlag": false }, "geometry": { "type": "Polygon", "coordinates": [ [ [ 2.1753795, 41.4393007 ], [ 2.1760637, 41.440033 ], [ 2.1761841, 41.4401694 ], [ 2.1761842, 41.4401695 ], [ 2.1766076, 41.4406488 ], [ 2.1771223, 41.4412417 ], [ 2.1771275, 41.4412477 ], [ 2.1773566, 41.4415116 ], [ 2.1776643, 41.4418712 ], [ 2.177835, 41.4421027 ], [ 2.1779751, 41.4423616 ], [ 2.1783594, 41.4432406 ], [ 2.1783604, 41.4432428 ], [ 2.1783932, 41.443318 ], [ 2.1788414, 41.444364 ], [ 2.178844, 41.4443701 ], [ 2.1789062, 41.4445153 ], [ 2.17924, 41.4452656 ], [ 2.1792583, 41.4453067 ], [ 2.1794308, 41.4456945 ], [ 2.1795106, 41.4458701 ], [ 2.1793868, 41.4458481 ], [ 2.1793488, 41.4458408 ], [ 2.179319, 41.4458346 ], [ 2.1791708, 41.4458036 ], [ 2.1791667, 41.4458027 ], [ 2.1791067, 41.4457911 ], [ 2.1790494, 41.4457804 ], [ 2.178948, 41.4457615 ], [ 2.1786994, 41.4457043 ], [ 2.1785752, 41.4456772 ], [ 2.1785067, 41.4456623 ], [ 2.1782993, 41.4456136 ], [ 2.1777282, 41.4454611 ], [ 2.1774388, 41.44538 ], [ 2.1771895, 41.4453095 ], [ 2.1769994, 41.4452527 ], [ 2.1769301, 41.445232 ], [ 2.1762094, 41.4449924 ], [ 2.17608, 41.4449446 ], [ 2.1758454, 41.4448551 ], [ 2.175602, 41.444766 ], [ 2.1753808, 41.4446845 ], [ 2.175354, 41.4446743 ], [ 2.1752497, 41.4446346 ], [ 2.1751884, 41.4446113 ], [ 2.1746155, 41.4443994 ], [ 2.1742501, 41.4442576 ], [ 2.1739667, 41.4441551 ], [ 2.1737904, 41.4440875 ], [ 2.1736087, 41.4440178 ], [ 2.1734293, 41.4439509 ], [ 2.1732209, 41.4438732 ], [ 2.172677, 41.4436663 ], [ 2.172425, 41.443571 ], [ 2.172315, 41.4435301 ], [ 2.1721327, 41.4434624 ], [ 2.1718937, 41.4433695 ], [ 2.171759, 41.4433179 ], [ 2.1718863, 41.4431398 ], [ 2.1720035, 41.4429811 ], [ 2.1721477, 41.4427909 ], [ 2.1721843, 41.4427433 ], [ 2.1722772, 41.4426228 ], [ 2.1724322, 41.442411 ], [ 2.172584, 41.4422026 ], [ 2.1726817, 41.4420621 ], [ 2.1727342, 41.4419533 ], [ 2.1727578, 41.4418486 ], [ 2.1727855, 41.4417025 ], [ 2.1727925, 41.4416684 ], [ 2.1727978, 41.4416414 ], [ 2.1728031, 41.4416144 ], [ 2.1728058, 41.4416009 ], [ 2.1728087, 41.4415875 ], [ 2.1728147, 41.4415607 ], [ 2.172827, 41.4415072 ], [ 2.1728292, 41.4414974 ], [ 2.1728522, 41.4413783 ], [ 2.1729301, 41.4411491 ], [ 2.1729933, 41.4410233 ], [ 2.1730906, 41.4408707 ], [ 2.1732043, 41.4407214 ], [ 2.1733473, 41.4405755 ], [ 2.1734972, 41.440451 ], [ 2.1736153, 41.4403667 ], [ 2.1736154, 41.4403666 ], [ 2.1736438, 41.4403453 ], [ 2.1737326, 41.4402905 ], [ 2.1737703, 41.4402663 ], [ 2.173808, 41.4402421 ], [ 2.1738268, 41.4402299 ], [ 2.1738454, 41.4402176 ], [ 2.1738823, 41.4401928 ], [ 2.1739116, 41.4401727 ], [ 2.1739404, 41.4401523 ], [ 2.1739695, 41.4401305 ], [ 2.1739983, 41.4401085 ], [ 2.1740176, 41.4400937 ], [ 2.1740367, 41.4400787 ], [ 2.1740493, 41.4400686 ], [ 2.174072, 41.4400499 ], [ 2.1740943, 41.440031 ], [ 2.1741383, 41.4399928 ], [ 2.174157, 41.4399764 ], [ 2.1741754, 41.4399598 ], [ 2.1741872, 41.4399485 ], [ 2.174207, 41.4399289 ], [ 2.1742269, 41.4399092 ], [ 2.1742983, 41.4398373 ], [ 2.1742989, 41.4398368 ], [ 2.1746938, 41.4394307 ], [ 2.1749972, 41.4391233 ], [ 2.1750723, 41.439056 ], [ 2.1751165, 41.4390151 ], [ 2.1753795, 41.4393007 ] ] ] } },
{ "type": "Feature", "properties": { "id": "52", "name": "la Prosperitat", "housing2025": 12248.0, "housing2026": 12241.0, "hutCount": 3, "hutPending": 0, "hutAllRecords": 3, "hutStrictGeometry": 3, "hutBeds": 15.0, "missingBeds": 0, "rent2019": 12.018604251100223, "rentMonth2019": 684.40057657657667, "contracts2019": 555.0, "rent2020": 12.433533647504774, "rentMonth2020": 700.87809090909104, "contracts2020": 440.0, "rent2021": 11.837312990731522, "rentMonth2021": 676.48461393596972, "contracts2021": 531.0, "rent2022": 12.575343443577008, "rentMonth2022": 725.39669438669443, "contracts2022": 481.0, "rent2023": 13.945464423113451, "rentMonth2023": 784.91118090452267, "contracts2023": 398.0, "rent2024": 13.930834283456512, "rentMonth2024": 791.60827794561931, "contracts2024": 331.0, "rent2025": 14.417410347796499, "rentMonth2025": 818.59662650602399, "contracts2025": 332.0, "hutIntensity": 0.24507801650191977, "hutInclusiveIntensity": 0.24507801650191977, "hutStrictIntensity": 0.24507801650191977, "rentChange": 14.648243306311826, "contractIntensity": 27.106466361854995, "comparable": true, "validRent2025": true, "validRentChange": true, "validContractActivity": true, "qualityFlag": "comparable", "platform2025": 22, "platformEntire2025": 8, "platformIntensity2025": 0.6531678641410843, "overlapClass": "neither", "changeClass": "neither", "thresholdStable": true, "caseFlag": false }, "geometry": { "type": "Polygon", "coordinates": [ [ [ 2.1763126, 41.4385831 ], [ 2.1763129, 41.4385831 ], [ 2.1765526, 41.4386143 ], [ 2.178391, 41.4388544 ], [ 2.1783931, 41.4388547 ], [ 2.1787829, 41.4389056 ], [ 2.1787841, 41.4389057 ], [ 2.1792605, 41.4389679 ], [ 2.1801073, 41.4390757 ], [ 2.1801183, 41.4390771 ], [ 2.1802447, 41.4390932 ], [ 2.1814949, 41.4392461 ], [ 2.1816877, 41.4392564 ], [ 2.1817632, 41.4392655 ], [ 2.1834787, 41.4394716 ], [ 2.1847811, 41.4396268 ], [ 2.185429, 41.4397041 ], [ 2.1854291, 41.4397043 ], [ 2.1854301, 41.4397072 ], [ 2.1854946, 41.4398991 ], [ 2.1857403, 41.4407376 ], [ 2.1861757, 41.442224 ], [ 2.1862414, 41.4424481 ], [ 2.186452, 41.4431672 ], [ 2.1867197, 41.4439751 ], [ 2.1875383, 41.4464461 ], [ 2.1876622, 41.4468199 ], [ 2.1877097, 41.4469633 ], [ 2.1872982, 41.4469535 ], [ 2.1871011, 41.4469454 ], [ 2.1868506, 41.44692 ], [ 2.1866225, 41.4468881 ], [ 2.186175, 41.4468478 ], [ 2.1848064, 41.4467294 ], [ 2.1847993, 41.4467288 ], [ 2.1834266, 41.4466024 ], [ 2.1823749, 41.4464737 ], [ 2.1823293, 41.4464681 ], [ 2.1814042, 41.4463448 ], [ 2.1813963, 41.4463437 ], [ 2.1804255, 41.4462138 ], [ 2.1800062, 41.4461479 ], [ 2.1800362, 41.4460498 ], [ 2.1797773, 41.4459952 ], [ 2.1795106, 41.4458701 ], [ 2.1794308, 41.4456945 ], [ 2.1792583, 41.4453067 ], [ 2.17924, 41.4452656 ], [ 2.1789062, 41.4445153 ], [ 2.178844, 41.4443701 ], [ 2.1788414, 41.444364 ], [ 2.1783932, 41.443318 ], [ 2.1783604, 41.4432428 ], [ 2.1783594, 41.4432406 ], [ 2.1779751, 41.4423616 ], [ 2.177835, 41.4421027 ], [ 2.1776643, 41.4418712 ], [ 2.1773566, 41.4415116 ], [ 2.1771275, 41.4412477 ], [ 2.1771223, 41.4412417 ], [ 2.1766076, 41.4406488 ], [ 2.1761842, 41.4401695 ], [ 2.1761841, 41.4401694 ], [ 2.1760637, 41.440033 ], [ 2.1753795, 41.4393007 ], [ 2.1751165, 41.4390151 ], [ 2.1748584, 41.4387348 ], [ 2.1746968, 41.4385641 ], [ 2.174735, 41.4385544 ], [ 2.1747638, 41.4385436 ], [ 2.1748033, 41.4385227 ], [ 2.1748373, 41.4384969 ], [ 2.1748647, 41.438467 ], [ 2.1748814, 41.4384402 ], [ 2.1748933, 41.4384106 ], [ 2.1748963, 41.4383989 ], [ 2.1763126, 41.4385831 ] ] ] } },
{ "type": "Feature", "properties": { "id": "53", "name": "la Trinitat Nova", "housing2025": 3471.0, "housing2026": 3471.0, "hutCount": 0, "hutPending": 0, "hutAllRecords": 0, "hutStrictGeometry": 0, "hutBeds": 0.0, "missingBeds": 0, "rent2019": 12.107702720481573, "rentMonth2019": 606.73310344827598, "contracts2019": 116.0, "rent2020": 11.832023495987809, "rentMonth2020": 586.57378048780492, "contracts2020": 82.0, "rent2021": 11.62498405513846, "rentMonth2021": 594.65366412213734, "contracts2021": 131.0, "rent2022": 12.841313210162602, "rentMonth2022": 628.77370967741933, "contracts2022": 124.0, "rent2023": 13.515186161159573, "rentMonth2023": 657.38627659574456, "contracts2023": 94.0, "rent2024": 14.230387610865163, "rentMonth2024": 712.53325842696631, "contracts2024": 89.0, "rent2025": 12.4524467305167, "rentMonth2025": 636.11826923076899, "contracts2025": 52.0, "hutIntensity": 0.0, "hutInclusiveIntensity": 0.0, "hutStrictIntensity": 0.0, "rentChange": -3.0282454238259149, "contractIntensity": 14.9812734082397, "comparable": true, "validRent2025": true, "validRentChange": true, "validContractActivity": true, "qualityFlag": "comparable", "platform2025": 5, "platformEntire2025": 0, "platformIntensity2025": 0.0, "overlapClass": "neither", "changeClass": "neither", "thresholdStable": true, "caseFlag": false }, "geometry": { "type": "Polygon", "coordinates": [ [ [ 2.1887181, 41.4550443 ], [ 2.188675, 41.4552627 ], [ 2.1885567, 41.4556509 ], [ 2.1884091, 41.4559799 ], [ 2.188123, 41.4566296 ], [ 2.1878909, 41.4569069 ], [ 2.1875266, 41.4565863 ], [ 2.1871771, 41.4562901 ], [ 2.1871771, 41.4562901 ], [ 2.1870298, 41.4561859 ], [ 2.186954, 41.4561267 ], [ 2.186915, 41.4560962 ], [ 2.1868908, 41.4560773 ], [ 2.1868696, 41.4560608 ], [ 2.1868695, 41.4560607 ], [ 2.1868571, 41.456051 ], [ 2.186551, 41.4558118 ], [ 2.1864955, 41.4557685 ], [ 2.1864585, 41.4557132 ], [ 2.1864042, 41.4556709 ], [ 2.1863941, 41.4556631 ], [ 2.186394, 41.455663 ], [ 2.1863922, 41.4556616 ], [ 2.1863919, 41.4556614 ], [ 2.1863836, 41.4556549 ], [ 2.1863244, 41.4556088 ], [ 2.1863238, 41.4556084 ], [ 2.1862787, 41.4555743 ], [ 2.1862759, 41.4555723 ], [ 2.1862748, 41.4555714 ], [ 2.1862638, 41.4555631 ], [ 2.1862324, 41.4555394 ], [ 2.18623, 41.4555376 ], [ 2.1862281, 41.4555362 ], [ 2.1862203, 41.4555302 ], [ 2.1861786, 41.4554988 ], [ 2.1861751, 41.4554959 ], [ 2.1861549, 41.4554797 ], [ 2.1861398, 41.4554676 ], [ 2.186133, 41.4554621 ], [ 2.1861285, 41.4554593 ], [ 2.1861285, 41.4554593 ], [ 2.1861284, 41.4554593 ], [ 2.1861282, 41.4554591 ], [ 2.1860984, 41.4554361 ], [ 2.1858218, 41.4553112 ], [ 2.1857171, 41.455264 ], [ 2.1854932, 41.4551628 ], [ 2.1848393, 41.4548708 ], [ 2.1847375, 41.4549759 ], [ 2.184737, 41.4549755 ], [ 2.1847344, 41.4549736 ], [ 2.1847329, 41.4549725 ], [ 2.1847215, 41.454946 ], [ 2.1847197, 41.4549338 ], [ 2.1847148, 41.4549216 ], [ 2.1847023, 41.4549109 ], [ 2.1846944, 41.4549058 ], [ 2.1846764, 41.4548982 ], [ 2.1846396, 41.4548865 ], [ 2.1846129, 41.4548769 ], [ 2.1845907, 41.4548653 ], [ 2.1845701, 41.4548504 ], [ 2.1845505, 41.4548313 ], [ 2.1845322, 41.4548107 ], [ 2.1845064, 41.4547779 ], [ 2.1844683, 41.4547341 ], [ 2.1844335, 41.4547 ], [ 2.1844111, 41.4546797 ], [ 2.1843912, 41.4546622 ], [ 2.1843976, 41.4546571 ], [ 2.1844081, 41.4546449 ], [ 2.1844145, 41.4546344 ], [ 2.1844178, 41.454621 ], [ 2.1844181, 41.4546001 ], [ 2.1844159, 41.4545816 ], [ 2.1844115, 41.4545635 ], [ 2.1844025, 41.4545443 ], [ 2.1843923, 41.4545257 ], [ 2.1843752, 41.4545049 ], [ 2.1843615, 41.4544894 ], [ 2.1843475, 41.4544746 ], [ 2.1843479, 41.4544742 ], [ 2.1843556, 41.4544652 ], [ 2.184361, 41.4544543 ], [ 2.1843632, 41.4544457 ], [ 2.1843647, 41.4544281 ], [ 2.1843645, 41.4544059 ], [ 2.1843578, 41.4543757 ], [ 2.1843452, 41.4543237 ], [ 2.1843327, 41.4542812 ], [ 2.1843181, 41.4542346 ], [ 2.1843067, 41.4542014 ], [ 2.1842935, 41.4541725 ], [ 2.1842904, 41.4541672 ], [ 2.1842708, 41.4541333 ], [ 2.1842543, 41.4541053 ], [ 2.1842319, 41.4540674 ], [ 2.1842006, 41.454034 ], [ 2.184151, 41.4539841 ], [ 2.1840948, 41.4539307 ], [ 2.1840466, 41.4538868 ], [ 2.1839971, 41.4538318 ], [ 2.1839538, 41.4537759 ], [ 2.1839083, 41.4537154 ], [ 2.1838618, 41.453643 ], [ 2.1838193, 41.4535652 ], [ 2.1837743, 41.453476 ], [ 2.1837462, 41.4534405 ], [ 2.1836998, 41.4534047 ], [ 2.1835909, 41.4533533 ], [ 2.1835101, 41.4533144 ], [ 2.183454, 41.4532827 ], [ 2.183408, 41.4532501 ], [ 2.1833798, 41.4532252 ], [ 2.1833387, 41.4531861 ], [ 2.1833133, 41.453159 ], [ 2.1832791, 41.4531128 ], [ 2.1832586, 41.4530757 ], [ 2.1832224, 41.4530178 ], [ 2.1832134, 41.452994 ], [ 2.1831866, 41.45292 ], [ 2.1831668, 41.4528458 ], [ 2.1831475, 41.45279 ], [ 2.1831183, 41.4527102 ], [ 2.1831088, 41.4526645 ], [ 2.1831153, 41.4526284 ], [ 2.1831363, 41.452552 ], [ 2.1831652, 41.4524789 ], [ 2.1831778, 41.452428 ], [ 2.1831913, 41.4524054 ], [ 2.1830954, 41.4523413 ], [ 2.1830421, 41.4523025 ], [ 2.1829757, 41.4522561 ], [ 2.182859, 41.4521736 ], [ 2.1826457, 41.4520213 ], [ 2.1824988, 41.4519229 ], [ 2.1824108, 41.4518499 ], [ 2.1823273, 41.4517833 ], [ 2.1822265, 41.4517214 ], [ 2.1820815, 41.451644 ], [ 2.1819778, 41.4515736 ], [ 2.1819018, 41.451506 ], [ 2.1818343, 41.4514265 ], [ 2.181737, 41.4512968 ], [ 2.1816469, 41.4512041 ], [ 2.1815652, 41.4511493 ], [ 2.1813939, 41.4510691 ], [ 2.1812356, 41.451005 ], [ 2.1811366, 41.4509621 ], [ 2.1810203, 41.4508943 ], [ 2.1809341, 41.4508137 ], [ 2.1808734, 41.4507479 ], [ 2.1807542, 41.4506297 ], [ 2.1806229, 41.4505383 ], [ 2.1805449, 41.4504859 ], [ 2.1804181, 41.4503808 ], [ 2.1802986, 41.4502819 ], [ 2.180209, 41.4502018 ], [ 2.1801368, 41.4501339 ], [ 2.1799393, 41.4496796 ], [ 2.179862, 41.4495773 ], [ 2.1798461, 41.4495563 ], [ 2.1798408, 41.4495493 ], [ 2.1792571, 41.4487766 ], [ 2.1794086, 41.4480182 ], [ 2.179411, 41.4480061 ], [ 2.1794221, 41.4479506 ], [ 2.1795386, 41.4479305 ], [ 2.1795799, 41.4479229 ], [ 2.1796338, 41.4478987 ], [ 2.1796577, 41.4478774 ], [ 2.179739, 41.4477838 ], [ 2.1798199, 41.4476928 ], [ 2.1798906, 41.447615 ], [ 2.1799961, 41.4474978 ], [ 2.1800712, 41.4474164 ], [ 2.1801487, 41.4473345 ], [ 2.180163, 41.4473183 ], [ 2.1802083, 41.4472719 ], [ 2.1802896, 41.4472029 ], [ 2.1803278, 41.4471751 ], [ 2.1803924, 41.447086 ], [ 2.1798897, 41.446416 ], [ 2.1800062, 41.4461479 ], [ 2.1804255, 41.4462138 ], [ 2.1813963, 41.4463437 ], [ 2.1814042, 41.4463448 ], [ 2.1823293, 41.4464681 ], [ 2.1823749, 41.4464737 ], [ 2.1834266, 41.4466024 ], [ 2.1847993, 41.4467288 ], [ 2.1848064, 41.4467294 ], [ 2.186175, 41.4468478 ], [ 2.1866225, 41.4468881 ], [ 2.1868506, 41.44692 ], [ 2.1871011, 41.4469454 ], [ 2.1872982, 41.4469535 ], [ 2.1877097, 41.4469633 ], [ 2.1881938, 41.4484243 ], [ 2.1883375, 41.4488579 ], [ 2.1887115, 41.4501101 ], [ 2.1887992, 41.4506885 ], [ 2.1888475, 41.4515067 ], [ 2.1888833, 41.4520379 ], [ 2.1888986, 41.4526945 ], [ 2.1889115, 41.4532459 ], [ 2.1888221, 41.4541894 ], [ 2.1887755, 41.4548442 ], [ 2.1887181, 41.4550443 ] ] ] } },
{ "type": "Feature", "properties": { "id": "54", "name": "Torre Baró", "housing2025": 1732.0, "housing2026": 1731.0, "hutCount": 0, "hutPending": 0, "hutAllRecords": 0, "hutStrictGeometry": 0, "hutBeds": 0.0, "missingBeds": 0, "rent2019": 7.4635223924097884, "rentMonth2019": 471.76, "contracts2019": 15.0, "rent2020": 8.7568144716153853, "rentMonth2020": 525.894375, "contracts2020": 16.0, "rent2021": 8.8405725219285731, "rentMonth2021": 538.12857142857149, "contracts2021": 14.0, "rent2022": 10.386546869888887, "rentMonth2022": 553.4666666666667, "contracts2022": 12.0, "rent2023": 7.7088993491999984, "rentMonth2023": 494.6825, "contracts2023": 12.0, "rent2024": 5.7189896744199995, "rentMonth2024": 452.65230769230755, "contracts2024": 52.0, "rent2025": 10.3539201744331, "rentMonth2025": 577.48705882352897, "contracts2025": 17.0, "hutIntensity": 0.0, "hutInclusiveIntensity": 0.0, "hutStrictIntensity": 0.0, "rentChange": -0.3141245677172444, "contractIntensity": 9.8152424942263288, "comparable": true, "validRent2025": false, "validRentChange": false, "validContractActivity": true, "qualityFlag": "price_contract_count_below_30", "platform2025": 3, "platformEntire2025": 2, "platformIntensity2025": 1.1547344110854503, "overlapClass": "unavailable", "changeClass": "unavailable", "thresholdStable": false, "caseFlag": false }, "geometry": { "type": "Polygon", "coordinates": [ [ [ 2.1813687, 41.461443 ], [ 2.1809385, 41.4620307 ], [ 2.180666, 41.4624459 ], [ 2.1805686, 41.4625939 ], [ 2.1801449, 41.4624417 ], [ 2.1797965, 41.4623217 ], [ 2.1798023, 41.4623121 ], [ 2.1798296, 41.4622659 ], [ 2.1798572, 41.4622192 ], [ 2.1798808, 41.4621793 ], [ 2.1798886, 41.462166 ], [ 2.1798994, 41.4621477 ], [ 2.1799142, 41.4621225 ], [ 2.1799596, 41.4620447 ], [ 2.1799822, 41.4620061 ], [ 2.1800088, 41.4619641 ], [ 2.180076, 41.4618479 ], [ 2.1800922, 41.461825 ], [ 2.1801182, 41.4617884 ], [ 2.1801427, 41.4617539 ], [ 2.1802506, 41.4615962 ], [ 2.1804757, 41.4612862 ], [ 2.1804846, 41.461274 ], [ 2.1804289, 41.4612496 ], [ 2.1802093, 41.4613331 ], [ 2.1800961, 41.4613301 ], [ 2.1800165, 41.4613245 ], [ 2.1799524, 41.4613116 ], [ 2.1798556, 41.4612791 ], [ 2.1797637, 41.461236 ], [ 2.1796261, 41.4611728 ], [ 2.1795346, 41.4611285 ], [ 2.1795227, 41.4611215 ], [ 2.1793845, 41.4610417 ], [ 2.1791862, 41.4609269 ], [ 2.1791816, 41.4609241 ], [ 2.1791609, 41.4609134 ], [ 2.1791425, 41.4609054 ], [ 2.179118, 41.4608971 ], [ 2.1790821, 41.4608873 ], [ 2.1790463, 41.4608838 ], [ 2.1789972, 41.4608846 ], [ 2.1789696, 41.4608856 ], [ 2.1788856, 41.4608359 ], [ 2.1788825, 41.4607578 ], [ 2.1788794, 41.4606807 ], [ 2.1788759, 41.4605952 ], [ 2.1788759, 41.4605935 ], [ 2.178864, 41.4605864 ], [ 2.1788397, 41.4605731 ], [ 2.1788154, 41.4605599 ], [ 2.1788139, 41.4605612 ], [ 2.1788124, 41.4605625 ], [ 2.1786454, 41.460463 ], [ 2.178647, 41.4604608 ], [ 2.1786475, 41.4604601 ], [ 2.1785577, 41.4604079 ], [ 2.1785594, 41.4604051 ], [ 2.1785144, 41.4603789 ], [ 2.1784693, 41.4603527 ], [ 2.1784425, 41.4603371 ], [ 2.1784448, 41.4603342 ], [ 2.1784471, 41.4603313 ], [ 2.1784492, 41.4603292 ], [ 2.1784542, 41.4603239 ], [ 2.1784668, 41.460311 ], [ 2.1784656, 41.4603105 ], [ 2.1784601, 41.4603076 ], [ 2.1783852, 41.4602687 ], [ 2.1783763, 41.4602777 ], [ 2.1783692, 41.4602849 ], [ 2.1783585, 41.4602957 ], [ 2.17826, 41.4602373 ], [ 2.178243, 41.4602271 ], [ 2.1781126, 41.4601497 ], [ 2.178096, 41.4601398 ], [ 2.1780941, 41.4601387 ], [ 2.1780764, 41.4601277 ], [ 2.1780122, 41.4600903 ], [ 2.1780034, 41.4600852 ], [ 2.1778652, 41.4600046 ], [ 2.1777471, 41.459935 ], [ 2.1776917, 41.459902 ], [ 2.1776859, 41.4598989 ], [ 2.1776849, 41.4598984 ], [ 2.1776834, 41.4598998 ], [ 2.1776194, 41.4598628 ], [ 2.1776187, 41.4598635 ], [ 2.177618, 41.4598642 ], [ 2.1776151, 41.4598623 ], [ 2.1775771, 41.4598373 ], [ 2.1775657, 41.4598279 ], [ 2.1775629, 41.4598257 ], [ 2.1775607, 41.4598239 ], [ 2.1775518, 41.4598165 ], [ 2.1775394, 41.4598065 ], [ 2.1775373, 41.4598082 ], [ 2.1774501, 41.4597353 ], [ 2.1773628, 41.4596625 ], [ 2.1773016, 41.4596061 ], [ 2.1772716, 41.4595825 ], [ 2.1772417, 41.459559 ], [ 2.1771365, 41.459473 ], [ 2.1771365, 41.4594729 ], [ 2.1771331, 41.4594701 ], [ 2.1770873, 41.4594417 ], [ 2.1770415, 41.4594132 ], [ 2.1770258, 41.459405 ], [ 2.1769434, 41.4593621 ], [ 2.1769315, 41.4593559 ], [ 2.1769291, 41.4593547 ], [ 2.1769127, 41.4593462 ], [ 2.1768312, 41.4593042 ], [ 2.1768054, 41.4592868 ], [ 2.1767795, 41.4592695 ], [ 2.1766707, 41.4591889 ], [ 2.1766664, 41.4591857 ], [ 2.1765271, 41.4590854 ], [ 2.1764624, 41.4590378 ], [ 2.1763976, 41.4589903 ], [ 2.1763717, 41.4589723 ], [ 2.1763459, 41.4589543 ], [ 2.1763302, 41.4589458 ], [ 2.1763276, 41.4589443 ], [ 2.1763079, 41.4589375 ], [ 2.1762884, 41.4589327 ], [ 2.1762694, 41.4589304 ], [ 2.1762521, 41.4589304 ], [ 2.1762298, 41.4589318 ], [ 2.1762214, 41.4589339 ], [ 2.176213, 41.4589359 ], [ 2.1762031, 41.4589393 ], [ 2.1761932, 41.4589426 ], [ 2.1761849, 41.4589464 ], [ 2.1761766, 41.4589503 ], [ 2.1761643, 41.4589574 ], [ 2.1761631, 41.4589581 ], [ 2.176149, 41.45897 ], [ 2.1761482, 41.4589708 ], [ 2.1761394, 41.4589814 ], [ 2.1761326, 41.458991 ], [ 2.176128, 41.4590011 ], [ 2.1761268, 41.4590036 ], [ 2.1761243, 41.4590157 ], [ 2.1761236, 41.4590247 ], [ 2.1761126, 41.4590311 ], [ 2.1761019, 41.4590372 ], [ 2.1761004, 41.4590362 ], [ 2.1761002, 41.4590361 ], [ 2.1760996, 41.4590357 ], [ 2.1760721, 41.4590171 ], [ 2.1760273, 41.4589896 ], [ 2.1759795, 41.4589627 ], [ 2.1759362, 41.4589418 ], [ 2.1759162, 41.4589344 ], [ 2.175706, 41.4588971 ], [ 2.1754382, 41.4588496 ], [ 2.17504, 41.4587759 ], [ 2.1745076, 41.458679 ], [ 2.1741332, 41.4584702 ], [ 2.1740649, 41.4585337 ], [ 2.1739841, 41.4586087 ], [ 2.1739069, 41.4586804 ], [ 2.1738889, 41.4586992 ], [ 2.173877, 41.4587117 ], [ 2.173862, 41.4587273 ], [ 2.173861, 41.4587266 ], [ 2.1738603, 41.4587261 ], [ 2.1738591, 41.4587253 ], [ 2.1738361, 41.4587434 ], [ 2.1738407, 41.4587467 ], [ 2.1737483, 41.4588329 ], [ 2.1736161, 41.4589429 ], [ 2.1736161, 41.4589429 ], [ 2.1736161, 41.4589429 ], [ 2.1735443, 41.4590134 ], [ 2.173544, 41.4590137 ], [ 2.1734448, 41.4590994 ], [ 2.1733933, 41.4591439 ], [ 2.1733096, 41.4591409 ], [ 2.1732961, 41.4591405 ], [ 2.1730704, 41.4591326 ], [ 2.1730704, 41.4591326 ], [ 2.1730432, 41.4591316 ], [ 2.171895, 41.4590914 ], [ 2.1717492, 41.4589611 ], [ 2.1715002, 41.4589142 ], [ 2.1712171, 41.4590207 ], [ 2.1711535, 41.4590203 ], [ 2.170835, 41.4590183 ], [ 2.1708345, 41.4590183 ], [ 2.1708335, 41.4591292 ], [ 2.1707683, 41.4591295 ], [ 2.1707565, 41.4591295 ], [ 2.1701988, 41.4591314 ], [ 2.169923, 41.4591324 ], [ 2.1694733, 41.4591246 ], [ 2.1693749, 41.4591229 ], [ 2.1688268, 41.4591134 ], [ 2.1681657, 41.4591019 ], [ 2.16764, 41.4590928 ], [ 2.1668525, 41.4590791 ], [ 2.166823, 41.4590786 ], [ 2.1668222, 41.4590786 ], [ 2.1664389, 41.458708 ], [ 2.1661623, 41.4584654 ], [ 2.1657992, 41.4584163 ], [ 2.1657408, 41.458373 ], [ 2.1656978, 41.4583068 ], [ 2.165687, 41.4582707 ], [ 2.1656701, 41.4581855 ], [ 2.1656479, 41.458108 ], [ 2.1656233, 41.4580285 ], [ 2.1655724, 41.4579856 ], [ 2.1654987, 41.4579213 ], [ 2.1654636, 41.4578495 ], [ 2.1654157, 41.4577796 ], [ 2.1653166, 41.4576899 ], [ 2.1652713, 41.4576142 ], [ 2.1651956, 41.4575112 ], [ 2.1650796, 41.4573344 ], [ 2.1649741, 41.4571461 ], [ 2.1648935, 41.4570508 ], [ 2.1647816, 41.4568891 ], [ 2.1647208, 41.4567984 ], [ 2.1646442, 41.4566956 ], [ 2.1645756, 41.4565869 ], [ 2.164515, 41.4564827 ], [ 2.1644524, 41.45638 ], [ 2.1643388, 41.4561927 ], [ 2.1642956, 41.4561353 ], [ 2.1642288, 41.4560445 ], [ 2.1641687, 41.4557938 ], [ 2.1642668, 41.4556086 ], [ 2.1643007, 41.4554468 ], [ 2.1643258, 41.455357 ], [ 2.1644066, 41.4551156 ], [ 2.1645059, 41.4550104 ], [ 2.1647334, 41.4549429 ], [ 2.1648902, 41.4548396 ], [ 2.1649239, 41.4547705 ], [ 2.1649395, 41.4546658 ], [ 2.1649562, 41.4544825 ], [ 2.1649561, 41.4543345 ], [ 2.1649308, 41.4542264 ], [ 2.1648919, 41.4540456 ], [ 2.1648199, 41.4539281 ], [ 2.1648024, 41.4538555 ], [ 2.1647973, 41.4537722 ], [ 2.1648075, 41.4536966 ], [ 2.1648258, 41.4536321 ], [ 2.1648585, 41.4534736 ], [ 2.1648615, 41.4534027 ], [ 2.164875, 41.4533072 ], [ 2.1648965, 41.4532288 ], [ 2.1649014, 41.4531625 ], [ 2.1648902, 41.4531072 ], [ 2.1648714, 41.4529903 ], [ 2.1648623, 41.4529116 ], [ 2.1648363, 41.4528353 ], [ 2.1648138, 41.4527489 ], [ 2.1648013, 41.4526752 ], [ 2.1648595, 41.4526021 ], [ 2.1649381, 41.452524 ], [ 2.1650335, 41.4524511 ], [ 2.1651596, 41.4523609 ], [ 2.1653327, 41.4522491 ], [ 2.1653929, 41.4521527 ], [ 2.1654479, 41.4520482 ], [ 2.1655139, 41.4519196 ], [ 2.1655685, 41.4517954 ], [ 2.1655753, 41.4517461 ], [ 2.1655926, 41.4516691 ], [ 2.1655979, 41.4515798 ], [ 2.1655843, 41.4515242 ], [ 2.1655559, 41.4514818 ], [ 2.1655055, 41.4514373 ], [ 2.1654263, 41.4513812 ], [ 2.1653738, 41.4513477 ], [ 2.1653104, 41.4513125 ], [ 2.1651397, 41.4512484 ], [ 2.1650753, 41.4512236 ], [ 2.1649633, 41.4511727 ], [ 2.164843, 41.4511154 ], [ 2.1647921, 41.4510932 ], [ 2.1647567, 41.4510609 ], [ 2.1647069, 41.4509566 ], [ 2.1646802, 41.4509115 ], [ 2.1646383, 41.4508534 ], [ 2.1645591, 41.4507783 ], [ 2.1644881, 41.4507208 ], [ 2.1644477, 41.4506891 ], [ 2.1644031, 41.4506354 ], [ 2.1643588, 41.4505691 ], [ 2.1643192, 41.4504714 ], [ 2.1642916, 41.4503864 ], [ 2.1642741, 41.4502996 ], [ 2.1642459, 41.4501831 ], [ 2.1642236, 41.4501033 ], [ 2.1641971, 41.4500266 ], [ 2.1641664, 41.449942 ], [ 2.1641701, 41.4498656 ], [ 2.1641405, 41.4498152 ], [ 2.1641058, 41.4497982 ], [ 2.1640744, 41.4497925 ], [ 2.1640735, 41.4497881 ], [ 2.1640136, 41.4495013 ], [ 2.1639122, 41.4490161 ], [ 2.1638983, 41.4478554 ], [ 2.1655394, 41.4461499 ], [ 2.1658895, 41.4460851 ], [ 2.1659401, 41.4460758 ], [ 2.1659904, 41.4460665 ], [ 2.1660012, 41.4460724 ], [ 2.16603, 41.4460938 ], [ 2.1660596, 41.4461252 ], [ 2.166227, 41.4463244 ], [ 2.1663066, 41.4464474 ], [ 2.1663271, 41.4464919 ], [ 2.166339, 41.4465238 ], [ 2.16635, 41.4465623 ], [ 2.1663548, 41.4465967 ], [ 2.1663576, 41.4466563 ], [ 2.1663558, 41.4467023 ], [ 2.1663474, 41.4467642 ], [ 2.1663093, 41.446962 ], [ 2.166306, 41.4470387 ], [ 2.1663083, 41.4470665 ], [ 2.1663142, 41.4470871 ], [ 2.1663288, 41.4471163 ], [ 2.1663592, 41.4471556 ], [ 2.1664061, 41.4472029 ], [ 2.1664453, 41.4472403 ], [ 2.1664942, 41.4472777 ], [ 2.1665772, 41.447326 ], [ 2.1666614, 41.4473624 ], [ 2.1667166, 41.447382 ], [ 2.1667719, 41.4473963 ], [ 2.1668282, 41.4474059 ], [ 2.1668766, 41.4474129 ], [ 2.166954, 41.4474208 ], [ 2.1670163, 41.4474236 ], [ 2.1675345, 41.4474351 ], [ 2.1676277, 41.4474435 ], [ 2.1676989, 41.4474573 ], [ 2.167755, 41.4474782 ], [ 2.1677979, 41.4474977 ], [ 2.1677997, 41.4474988 ], [ 2.1678487, 41.4475272 ], [ 2.1678949, 41.44756 ], [ 2.1679288, 41.4475947 ], [ 2.1679583, 41.4476359 ], [ 2.1679789, 41.4476871 ], [ 2.1679853, 41.4477255 ], [ 2.1679856, 41.4477692 ], [ 2.1679363, 41.4480176 ], [ 2.1678303, 41.4484084 ], [ 2.1677902, 41.4485167 ], [ 2.1677702, 41.4485675 ], [ 2.1676687, 41.4487677 ], [ 2.1675982, 41.4489245 ], [ 2.167579, 41.4489773 ], [ 2.1675688, 41.4490209 ], [ 2.1675639, 41.4490613 ], [ 2.1675651, 41.449103 ], [ 2.1675738, 41.4491455 ], [ 2.1675903, 41.4491952 ], [ 2.1676119, 41.4492338 ], [ 2.1676379, 41.4492677 ], [ 2.1676653, 41.4492926 ], [ 2.1676972, 41.4493138 ], [ 2.1677348, 41.449332 ], [ 2.1678101, 41.4493607 ], [ 2.1680613, 41.4494453 ], [ 2.1682314, 41.4494998 ], [ 2.1683362, 41.449526 ], [ 2.1683834, 41.4495313 ], [ 2.1684415, 41.4495344 ], [ 2.168512, 41.4495363 ], [ 2.1685631, 41.4495346 ], [ 2.1686028, 41.4495316 ], [ 2.1686474, 41.4495239 ], [ 2.1687017, 41.4495125 ], [ 2.1687539, 41.4494963 ], [ 2.1688009, 41.4494748 ], [ 2.1688506, 41.449446 ], [ 2.1688974, 41.4494094 ], [ 2.1689498, 41.4493375 ], [ 2.1689758, 41.4492979 ], [ 2.1690475, 41.4491632 ], [ 2.1691066, 41.4490592 ], [ 2.1691371, 41.4490157 ], [ 2.1692156, 41.4489221 ], [ 2.1692748, 41.4488631 ], [ 2.1693184, 41.448827 ], [ 2.1693859, 41.4487831 ], [ 2.1694614, 41.448738 ], [ 2.1695217, 41.4487093 ], [ 2.1695651, 41.4486891 ], [ 2.1696259, 41.4486707 ], [ 2.1696685, 41.4486627 ], [ 2.1697082, 41.4486603 ], [ 2.1697654, 41.448662 ], [ 2.1698438, 41.4486706 ], [ 2.1700311, 41.4486984 ], [ 2.1701023, 41.4487108 ], [ 2.1701427, 41.4487204 ], [ 2.1701777, 41.448735 ], [ 2.1702346, 41.4487641 ], [ 2.1702888, 41.4487976 ], [ 2.1703395, 41.4488317 ], [ 2.1703983, 41.4488728 ], [ 2.1705003, 41.4489388 ], [ 2.1705492, 41.4489676 ], [ 2.1706434, 41.4490137 ], [ 2.1708334, 41.4490985 ], [ 2.1708683, 41.4491161 ], [ 2.1709201, 41.449145 ], [ 2.17097, 41.4491756 ], [ 2.1710256, 41.4492127 ], [ 2.1710798, 41.449251 ], [ 2.1711325, 41.4492905 ], [ 2.1711836, 41.4493311 ], [ 2.1712254, 41.4493653 ], [ 2.1712688, 41.4493984 ], [ 2.1713138, 41.4494303 ], [ 2.1713602, 41.449461 ], [ 2.171382, 41.4494729 ], [ 2.1714046, 41.449484 ], [ 2.1714279, 41.4494944 ], [ 2.1714519, 41.4495039 ], [ 2.1714764, 41.4495126 ], [ 2.1715015, 41.4495203 ], [ 2.1715269, 41.4495272 ], [ 2.1715527, 41.4495332 ], [ 2.1715766, 41.4495373 ], [ 2.1716012, 41.4495399 ], [ 2.1716262, 41.449541 ], [ 2.1716512, 41.4495405 ], [ 2.1716762, 41.4495385 ], [ 2.1717007, 41.4495348 ], [ 2.1717246, 41.4495297 ], [ 2.1717475, 41.4495232 ], [ 2.1718159, 41.4494994 ], [ 2.1718833, 41.4494738 ], [ 2.1719494, 41.4494464 ], [ 2.1720141, 41.4494174 ], [ 2.1720675, 41.4493935 ], [ 2.17212, 41.4493687 ], [ 2.1721716, 41.4493428 ], [ 2.1722223, 41.449316 ], [ 2.1723321, 41.4492722 ], [ 2.1723472, 41.4492672 ], [ 2.172363, 41.449263 ], [ 2.1723796, 41.4492596 ], [ 2.1723966, 41.4492571 ], [ 2.1724141, 41.4492555 ], [ 2.1724319, 41.449255 ], [ 2.1724497, 41.4492556 ], [ 2.1724676, 41.4492572 ], [ 2.1724852, 41.4492598 ], [ 2.1725024, 41.4492634 ], [ 2.1725191, 41.449268 ], [ 2.1725351, 41.4492736 ], [ 2.1725503, 41.4492799 ], [ 2.1725646, 41.449287 ], [ 2.172578, 41.4492947 ], [ 2.1725903, 41.449303 ], [ 2.1726333, 41.4493295 ], [ 2.172675, 41.449357 ], [ 2.1727155, 41.4493855 ], [ 2.1727548, 41.4494151 ], [ 2.1728425, 41.4494786 ], [ 2.172865, 41.4494936 ], [ 2.1728882, 41.4495081 ], [ 2.1729121, 41.449522 ], [ 2.1729367, 41.4495352 ], [ 2.1729618, 41.4495478 ], [ 2.1729875, 41.4495597 ], [ 2.1730138, 41.4495709 ], [ 2.1730404, 41.4495815 ], [ 2.1730895, 41.4495988 ], [ 2.173138, 41.4496172 ], [ 2.1731858, 41.4496367 ], [ 2.1732329, 41.449657 ], [ 2.1732589, 41.4496696 ], [ 2.1732844, 41.449683 ], [ 2.1733091, 41.4496972 ], [ 2.173333, 41.4497122 ], [ 2.173356, 41.449728 ], [ 2.1733781, 41.4497445 ], [ 2.1733992, 41.4497616 ], [ 2.1734192, 41.4497794 ], [ 2.1734598, 41.4498196 ], [ 2.1734985, 41.4498609 ], [ 2.1735352, 41.4499032 ], [ 2.1735699, 41.4499464 ], [ 2.1735978, 41.4499773 ], [ 2.1736226, 41.4500017 ], [ 2.1736773, 41.450049 ], [ 2.1737242, 41.4500847 ], [ 2.1737816, 41.4501252 ], [ 2.1738369, 41.4501635 ], [ 2.173923, 41.4502213 ], [ 2.1739837, 41.4502626 ], [ 2.1740558, 41.4503113 ], [ 2.1741124, 41.4503475 ], [ 2.1741787, 41.4503867 ], [ 2.1742315, 41.450416 ], [ 2.1742785, 41.4504392 ], [ 2.1743291, 41.4504606 ], [ 2.174386, 41.4504819 ], [ 2.1744521, 41.4505026 ], [ 2.1745197, 41.450522 ], [ 2.174588, 41.4505408 ], [ 2.1746258, 41.4505512 ], [ 2.1746582, 41.4505588 ], [ 2.1747004, 41.4505674 ], [ 2.1747398, 41.4505736 ], [ 2.1747658, 41.4505754 ], [ 2.1747794, 41.4505761 ], [ 2.1747931, 41.4505763 ], [ 2.1748067, 41.4505758 ], [ 2.1748183, 41.450575 ], [ 2.1748203, 41.4505748 ], [ 2.1748338, 41.4505733 ], [ 2.1748471, 41.4505711 ], [ 2.1748603, 41.4505684 ], [ 2.1748733, 41.4505652 ], [ 2.174886, 41.4505614 ], [ 2.1748984, 41.4505571 ], [ 2.1749105, 41.4505523 ], [ 2.174966, 41.4505329 ], [ 2.1750339, 41.4505117 ], [ 2.1750992, 41.4504941 ], [ 2.1751586, 41.4504824 ], [ 2.175234, 41.4504728 ], [ 2.1753035, 41.4504663 ], [ 2.1753711, 41.4504613 ], [ 2.1753808, 41.4504608 ], [ 2.1753905, 41.4504603 ], [ 2.1754002, 41.45046 ], [ 2.17541, 41.4504597 ], [ 2.1754197, 41.4504595 ], [ 2.1754295, 41.4504594 ], [ 2.1754392, 41.4504594 ], [ 2.175449, 41.4504595 ], [ 2.1754587, 41.4504597 ], [ 2.1754685, 41.4504599 ], [ 2.1754782, 41.4504602 ], [ 2.175492, 41.450461 ], [ 2.1755057, 41.450462 ], [ 2.1755194, 41.4504629 ], [ 2.1755331, 41.450464 ], [ 2.1755468, 41.4504651 ], [ 2.1755605, 41.4504663 ], [ 2.1755742, 41.4504677 ], [ 2.1755878, 41.4504691 ], [ 2.1756014, 41.4504705 ], [ 2.1756151, 41.4504721 ], [ 2.1756287, 41.4504737 ], [ 2.1756399, 41.4504752 ], [ 2.1756512, 41.4504767 ], [ 2.1756624, 41.4504782 ], [ 2.1756736, 41.4504798 ], [ 2.1756849, 41.4504814 ], [ 2.175696, 41.4504831 ], [ 2.1757072, 41.4504848 ], [ 2.1757184, 41.4504866 ], [ 2.1757296, 41.4504884 ], [ 2.1757407, 41.4504902 ], [ 2.1757519, 41.4504922 ], [ 2.1757657, 41.4504941 ], [ 2.1757794, 41.4504963 ], [ 2.175793, 41.4504987 ], [ 2.1758066, 41.4505014 ], [ 2.17582, 41.4505044 ], [ 2.1758334, 41.4505076 ], [ 2.1758466, 41.450511 ], [ 2.1758597, 41.4505147 ], [ 2.1758727, 41.4505187 ], [ 2.1758856, 41.4505229 ], [ 2.1758983, 41.4505273 ], [ 2.1759113, 41.4505326 ], [ 2.1759239, 41.4505382 ], [ 2.1759362, 41.4505443 ], [ 2.1759482, 41.4505507 ], [ 2.1759597, 41.4505576 ], [ 2.1759708, 41.4505649 ], [ 2.1759815, 41.4505725 ], [ 2.1759917, 41.4505804 ], [ 2.1760014, 41.4505888 ], [ 2.1760106, 41.4505974 ], [ 2.1760193, 41.4506063 ], [ 2.1760514, 41.4506376 ], [ 2.1760838, 41.4506702 ], [ 2.1761341, 41.4507212 ], [ 2.1761827, 41.4507703 ], [ 2.1762323, 41.4508189 ], [ 2.1762673, 41.4508528 ], [ 2.1762756, 41.450861 ], [ 2.1762837, 41.4508692 ], [ 2.1762919, 41.4508775 ], [ 2.1762999, 41.4508858 ], [ 2.1763078, 41.4508941 ], [ 2.1763157, 41.4509025 ], [ 2.1763235, 41.4509109 ], [ 2.1763312, 41.4509194 ], [ 2.1763389, 41.4509279 ], [ 2.1763464, 41.4509364 ], [ 2.1763539, 41.450945 ], [ 2.1763781, 41.4509776 ], [ 2.1764039, 41.4510132 ], [ 2.1764094, 41.451021 ], [ 2.176415, 41.4510289 ], [ 2.1764206, 41.4510367 ], [ 2.1764263, 41.4510445 ], [ 2.1764321, 41.4510523 ], [ 2.1764379, 41.45106 ], [ 2.1764438, 41.4510677 ], [ 2.1764498, 41.4510754 ], [ 2.1764558, 41.451083 ], [ 2.1764619, 41.4510906 ], [ 2.1764681, 41.4510982 ], [ 2.1764766, 41.4511069 ], [ 2.1764854, 41.4511155 ], [ 2.1764945, 41.4511239 ], [ 2.1765038, 41.4511321 ], [ 2.1765134, 41.4511401 ], [ 2.1765232, 41.451148 ], [ 2.1765334, 41.4511556 ], [ 2.1765437, 41.4511632 ], [ 2.1765543, 41.4511705 ], [ 2.1765652, 41.4511776 ], [ 2.1765762, 41.4511845 ], [ 2.1765876, 41.4511914 ], [ 2.176599, 41.4511981 ], [ 2.1766106, 41.4512047 ], [ 2.1766224, 41.4512112 ], [ 2.1766342, 41.4512176 ], [ 2.1766462, 41.4512238 ], [ 2.1766583, 41.4512299 ], [ 2.1766705, 41.4512359 ], [ 2.1766829, 41.4512417 ], [ 2.1766953, 41.4512474 ], [ 2.1767079, 41.4512529 ], [ 2.1767224, 41.4512588 ], [ 2.1767369, 41.4512646 ], [ 2.1767516, 41.4512703 ], [ 2.1767664, 41.4512758 ], [ 2.1767812, 41.4512812 ], [ 2.1767962, 41.4512864 ], [ 2.1768112, 41.4512915 ], [ 2.1768263, 41.4512964 ], [ 2.1768416, 41.4513012 ], [ 2.1768569, 41.4513058 ], [ 2.1768722, 41.4513103 ], [ 2.17689, 41.4513154 ], [ 2.1769079, 41.4513202 ], [ 2.1769259, 41.4513247 ], [ 2.1769441, 41.4513289 ], [ 2.1769624, 41.4513328 ], [ 2.1769808, 41.4513365 ], [ 2.1769993, 41.4513398 ], [ 2.1770178, 41.4513428 ], [ 2.1770365, 41.4513455 ], [ 2.1770553, 41.4513479 ], [ 2.1770741, 41.45135 ], [ 2.17714, 41.4513571 ], [ 2.1771564, 41.4513588 ], [ 2.1772469, 41.4513667 ], [ 2.1773416, 41.4513751 ], [ 2.1774449, 41.4513848 ], [ 2.1775234, 41.4513932 ], [ 2.1776209, 41.4514053 ], [ 2.1776969, 41.4514154 ], [ 2.1777815, 41.4514276 ], [ 2.1778326, 41.4514347 ], [ 2.1778856, 41.4514414 ], [ 2.1779528, 41.451453 ], [ 2.178008, 41.4514647 ], [ 2.1780564, 41.4514782 ], [ 2.1781008, 41.4514917 ], [ 2.178134, 41.4515042 ], [ 2.1781513, 41.4515122 ], [ 2.1781727, 41.4515237 ], [ 2.1782024, 41.4515447 ], [ 2.1782953, 41.451613 ], [ 2.1787939, 41.4520758 ], [ 2.1788416, 41.4520915 ], [ 2.1789185, 41.4520825 ], [ 2.1789949, 41.4520539 ], [ 2.1791665, 41.4522046 ], [ 2.1792067, 41.4521745 ], [ 2.1792156, 41.4521677 ], [ 2.1792472, 41.452144 ], [ 2.1792982, 41.4521713 ], [ 2.1793106, 41.4521833 ], [ 2.1794361, 41.4523044 ], [ 2.1794984, 41.4523449 ], [ 2.1797161, 41.4524044 ], [ 2.1797676, 41.4524192 ], [ 2.1798648, 41.4524471 ], [ 2.180222, 41.4524629 ], [ 2.1803268, 41.4524731 ], [ 2.1803461, 41.4524914 ], [ 2.1806067, 41.4526529 ], [ 2.1806081, 41.4526536 ], [ 2.1806915, 41.4526933 ], [ 2.1807563, 41.4527119 ], [ 2.1807937, 41.4527226 ], [ 2.1808914, 41.4527298 ], [ 2.1809805, 41.4527302 ], [ 2.1810068, 41.4527273 ], [ 2.1810466, 41.452723 ], [ 2.1810635, 41.4527237 ], [ 2.1811138, 41.4527257 ], [ 2.1811138, 41.4527257 ], [ 2.181134, 41.4527258 ], [ 2.1812445, 41.4527262 ], [ 2.1813789, 41.4527389 ], [ 2.1817014, 41.4527511 ], [ 2.1818002, 41.4527627 ], [ 2.1818822, 41.4527951 ], [ 2.1819312, 41.4528361 ], [ 2.1819527, 41.4528836 ], [ 2.1819661, 41.4529857 ], [ 2.1820091, 41.4530696 ], [ 2.1820723, 41.4531394 ], [ 2.182183, 41.453246 ], [ 2.1822684, 41.4533123 ], [ 2.1823481, 41.4533545 ], [ 2.1825184, 41.4534424 ], [ 2.1826592, 41.4535333 ], [ 2.1827665, 41.4536008 ], [ 2.1828541, 41.453641 ], [ 2.1829511, 41.4536715 ], [ 2.1831694, 41.4537303 ], [ 2.18327, 41.4537593 ], [ 2.1833552, 41.4537884 ], [ 2.1833981, 41.4538091 ], [ 2.1835437, 41.4538811 ], [ 2.1836474, 41.453934 ], [ 2.1837758, 41.4539997 ], [ 2.1838747, 41.4540522 ], [ 2.1839365, 41.4540965 ], [ 2.1840595, 41.4541982 ], [ 2.1840761, 41.4542129 ], [ 2.184095, 41.4542322 ], [ 2.1841575, 41.4543024 ], [ 2.1841873, 41.4543539 ], [ 2.1842121, 41.4544234 ], [ 2.1842166, 41.4544548 ], [ 2.1842172, 41.4544591 ], [ 2.184218, 41.4544642 ], [ 2.1842223, 41.4544715 ], [ 2.1842349, 41.454485 ], [ 2.1842352, 41.4544854 ], [ 2.1842453, 41.454492 ], [ 2.1842568, 41.4544966 ], [ 2.1842723, 41.4545003 ], [ 2.1842891, 41.4545003 ], [ 2.1843071, 41.4544967 ], [ 2.184324, 41.4544905 ], [ 2.1843377, 41.4544821 ], [ 2.1843475, 41.4544746 ], [ 2.1843615, 41.4544894 ], [ 2.1843752, 41.4545049 ], [ 2.1843923, 41.4545257 ], [ 2.1844025, 41.4545443 ], [ 2.1844115, 41.4545635 ], [ 2.1844159, 41.4545816 ], [ 2.1844181, 41.4546001 ], [ 2.1844178, 41.454621 ], [ 2.1844145, 41.4546344 ], [ 2.1844081, 41.4546449 ], [ 2.1843976, 41.4546571 ], [ 2.1843912, 41.4546622 ], [ 2.1844111, 41.4546797 ], [ 2.1844335, 41.4547 ], [ 2.1844683, 41.4547341 ], [ 2.1845064, 41.4547779 ], [ 2.1845322, 41.4548107 ], [ 2.1845505, 41.4548313 ], [ 2.1845701, 41.4548504 ], [ 2.1845907, 41.4548653 ], [ 2.1846129, 41.4548769 ], [ 2.1846396, 41.4548865 ], [ 2.1846764, 41.4548982 ], [ 2.1846944, 41.4549058 ], [ 2.1847023, 41.4549109 ], [ 2.1847148, 41.4549216 ], [ 2.1847197, 41.4549338 ], [ 2.1847215, 41.454946 ], [ 2.1847329, 41.4549725 ], [ 2.1847344, 41.4549736 ], [ 2.184737, 41.4549755 ], [ 2.1847375, 41.4549759 ], [ 2.1848393, 41.4548708 ], [ 2.1854932, 41.4551628 ], [ 2.1857171, 41.455264 ], [ 2.1858218, 41.4553112 ], [ 2.1860984, 41.4554361 ], [ 2.1861282, 41.4554591 ], [ 2.1861284, 41.4554593 ], [ 2.1861285, 41.4554593 ], [ 2.1861285, 41.4554593 ], [ 2.186133, 41.4554621 ], [ 2.1861398, 41.4554676 ], [ 2.1861549, 41.4554797 ], [ 2.1861751, 41.4554959 ], [ 2.1861786, 41.4554988 ], [ 2.1862203, 41.4555302 ], [ 2.1862281, 41.4555362 ], [ 2.18623, 41.4555376 ], [ 2.1862324, 41.4555394 ], [ 2.1862638, 41.4555631 ], [ 2.1862748, 41.4555714 ], [ 2.1862759, 41.4555723 ], [ 2.1862787, 41.4555743 ], [ 2.1863238, 41.4556084 ], [ 2.1863244, 41.4556088 ], [ 2.1863836, 41.4556549 ], [ 2.1863919, 41.4556614 ], [ 2.1863922, 41.4556616 ], [ 2.186394, 41.455663 ], [ 2.1863941, 41.4556631 ], [ 2.1864042, 41.4556709 ], [ 2.1864585, 41.4557132 ], [ 2.1864955, 41.4557685 ], [ 2.186551, 41.4558118 ], [ 2.1868571, 41.456051 ], [ 2.1868695, 41.4560607 ], [ 2.1868696, 41.4560608 ], [ 2.1868908, 41.4560773 ], [ 2.186915, 41.4560962 ], [ 2.186954, 41.4561267 ], [ 2.1870298, 41.4561859 ], [ 2.1871771, 41.4562901 ], [ 2.1871771, 41.4562901 ], [ 2.1875266, 41.4565863 ], [ 2.1873378, 41.4567711 ], [ 2.1869177, 41.4571501 ], [ 2.1866735, 41.457354 ], [ 2.1856811, 41.4580247 ], [ 2.1845556, 41.4587714 ], [ 2.1834264, 41.4595451 ], [ 2.1830931, 41.4597931 ], [ 2.1825643, 41.4602042 ], [ 2.1821969, 41.4605264 ], [ 2.1817254, 41.4610265 ], [ 2.1813687, 41.461443 ] ] ] } },
{ "type": "Feature", "properties": { "id": "55", "name": "Ciutat Meridiana", "housing2025": 3959.0, "housing2026": 3960.0, "hutCount": 0, "hutPending": 0, "hutAllRecords": 0, "hutStrictGeometry": 0, "hutBeds": 0.0, "missingBeds": 0, "rent2019": 9.6500615719534206, "rentMonth2019": 562.08230158730157, "contracts2019": 126.0, "rent2020": 9.2473715096847879, "rentMonth2020": 539.424347826087, "contracts2020": 92.0, "rent2021": 8.9264384589217389, "rentMonth2021": 526.95304347826095, "contracts2021": 115.0, "rent2022": 9.7034404981153823, "rentMonth2022": 563.88394230769234, "contracts2022": 104.0, "rent2023": 10.389798954991074, "rentMonth2023": 611.71256637168131, "contracts2023": 113.0, "rent2024": 10.725864191476743, "rentMonth2024": 628.1866279069767, "contracts2024": 86.0, "rent2025": 10.196636943455699, "rentMonth2025": 600.77732394366205, "contracts2025": 71.0, "hutIntensity": 0.0, "hutInclusiveIntensity": 0.0, "hutStrictIntensity": 0.0, "rentChange": 5.0826966521421602, "contractIntensity": 17.93382167213943, "comparable": true, "validRent2025": true, "validRentChange": true, "validContractActivity": true, "qualityFlag": "comparable", "platform2025": 2, "platformEntire2025": 0, "platformIntensity2025": 0.0, "overlapClass": "neither", "changeClass": "neither", "thresholdStable": true, "caseFlag": false }, "geometry": { "type": "Polygon", "coordinates": [ [ [ 2.1795908, 41.4640551 ], [ 2.1792983, 41.4643655 ], [ 2.17922, 41.4644485 ], [ 2.1791617, 41.4645103 ], [ 2.1791239, 41.464551 ], [ 2.1788554, 41.4644852 ], [ 2.1786227, 41.4644432 ], [ 2.1784327, 41.4643993 ], [ 2.1781262, 41.4643333 ], [ 2.1778028, 41.4642433 ], [ 2.1774646, 41.4641615 ], [ 2.1772551, 41.4641515 ], [ 2.1770773, 41.464145 ], [ 2.1769576, 41.4641324 ], [ 2.1769205, 41.4640922 ], [ 2.1766185, 41.4640528 ], [ 2.1762512, 41.4639901 ], [ 2.1762107, 41.4639446 ], [ 2.1761728, 41.463928 ], [ 2.1759908, 41.463858 ], [ 2.1757304, 41.463733 ], [ 2.1756215, 41.4637509 ], [ 2.174916, 41.4638522 ], [ 2.174878, 41.4636993 ], [ 2.1747801, 41.4636435 ], [ 2.1745244, 41.463484 ], [ 2.1743521, 41.463484 ], [ 2.1743275, 41.4632295 ], [ 2.1743573, 41.463016 ], [ 2.1743545, 41.4629717 ], [ 2.1742798, 41.4628195 ], [ 2.1742483, 41.4627319 ], [ 2.1741693, 41.4626372 ], [ 2.1740737, 41.4625637 ], [ 2.1739959, 41.4625395 ], [ 2.1738427, 41.4625293 ], [ 2.1737605, 41.4625352 ], [ 2.1737058, 41.4625037 ], [ 2.1734027, 41.4623285 ], [ 2.1729387, 41.4620572 ], [ 2.1726462, 41.4618689 ], [ 2.1725482, 41.4617664 ], [ 2.1723861, 41.4616558 ], [ 2.1721344, 41.4614428 ], [ 2.1719, 41.4612709 ], [ 2.1717491, 41.461205 ], [ 2.17172, 41.4611666 ], [ 2.1716949, 41.4611376 ], [ 2.1716455, 41.4611097 ], [ 2.1715239, 41.4609629 ], [ 2.1714251, 41.4608757 ], [ 2.1714051, 41.460822 ], [ 2.1712235, 41.4612134 ], [ 2.1708205, 41.4610827 ], [ 2.1706418, 41.4610237 ], [ 2.1705001, 41.4609621 ], [ 2.1700189, 41.4608443 ], [ 2.1700119, 41.4607543 ], [ 2.1695489, 41.4606771 ], [ 2.169409, 41.460635 ], [ 2.1692874, 41.4606302 ], [ 2.1690987, 41.4605509 ], [ 2.1684294, 41.46032 ], [ 2.1683182, 41.4602849 ], [ 2.1682963, 41.4603383 ], [ 2.1682827, 41.4603951 ], [ 2.1682675, 41.4604966 ], [ 2.1682584, 41.4606025 ], [ 2.1682629, 41.4606972 ], [ 2.1682073, 41.4607009 ], [ 2.1681438, 41.460704 ], [ 2.1673254, 41.4606803 ], [ 2.1673012, 41.4606188 ], [ 2.1672542, 41.4605072 ], [ 2.1672418, 41.4604723 ], [ 2.1672584, 41.4604151 ], [ 2.1672759, 41.4603548 ], [ 2.1672882, 41.4603191 ], [ 2.1673332, 41.460206 ], [ 2.1673599, 41.4601432 ], [ 2.1673971, 41.4600774 ], [ 2.1674573, 41.4600079 ], [ 2.1675245, 41.4599312 ], [ 2.1673922, 41.4599083 ], [ 2.1673127, 41.4598868 ], [ 2.1672378, 41.4598489 ], [ 2.1671664, 41.4598 ], [ 2.167014, 41.4596351 ], [ 2.1669453, 41.4595096 ], [ 2.1669344, 41.4594923 ], [ 2.1669214, 41.4591745 ], [ 2.1668222, 41.4590786 ], [ 2.166823, 41.4590786 ], [ 2.1668525, 41.4590791 ], [ 2.16764, 41.4590928 ], [ 2.1681657, 41.4591019 ], [ 2.1688268, 41.4591134 ], [ 2.1693749, 41.4591229 ], [ 2.1694733, 41.4591246 ], [ 2.169923, 41.4591324 ], [ 2.1701988, 41.4591314 ], [ 2.1707565, 41.4591295 ], [ 2.1707683, 41.4591295 ], [ 2.1708335, 41.4591292 ], [ 2.1708345, 41.4590183 ], [ 2.170835, 41.4590183 ], [ 2.1711535, 41.4590203 ], [ 2.1712171, 41.4590207 ], [ 2.1715002, 41.4589142 ], [ 2.1717492, 41.4589611 ], [ 2.171895, 41.4590914 ], [ 2.171895, 41.4590914 ], [ 2.1730432, 41.4591316 ], [ 2.1730704, 41.4591326 ], [ 2.1732961, 41.4591405 ], [ 2.1733096, 41.4591409 ], [ 2.1733933, 41.4591439 ], [ 2.1734448, 41.4590994 ], [ 2.173544, 41.4590137 ], [ 2.1735443, 41.4590134 ], [ 2.1736161, 41.4589429 ], [ 2.1736161, 41.4589429 ], [ 2.1736161, 41.4589429 ], [ 2.1737483, 41.4588329 ], [ 2.1738407, 41.4587467 ], [ 2.1738361, 41.4587434 ], [ 2.1738591, 41.4587253 ], [ 2.1738603, 41.4587261 ], [ 2.173861, 41.4587266 ], [ 2.173862, 41.4587273 ], [ 2.173877, 41.4587117 ], [ 2.1738889, 41.4586992 ], [ 2.1739069, 41.4586804 ], [ 2.1739841, 41.4586087 ], [ 2.1740649, 41.4585337 ], [ 2.1741332, 41.4584702 ], [ 2.1745076, 41.458679 ], [ 2.17504, 41.4587759 ], [ 2.1754382, 41.4588496 ], [ 2.175706, 41.4588971 ], [ 2.1759162, 41.4589344 ], [ 2.1759362, 41.4589418 ], [ 2.1759795, 41.4589627 ], [ 2.1760273, 41.4589896 ], [ 2.1760721, 41.4590171 ], [ 2.1760996, 41.4590357 ], [ 2.1761002, 41.4590361 ], [ 2.1761004, 41.4590362 ], [ 2.1761019, 41.4590372 ], [ 2.1761126, 41.4590311 ], [ 2.1761236, 41.4590247 ], [ 2.1761243, 41.4590157 ], [ 2.1761268, 41.4590036 ], [ 2.176128, 41.4590011 ], [ 2.1761326, 41.458991 ], [ 2.1761394, 41.4589814 ], [ 2.1761482, 41.4589708 ], [ 2.176149, 41.45897 ], [ 2.1761631, 41.4589581 ], [ 2.1761643, 41.4589574 ], [ 2.1761766, 41.4589503 ], [ 2.1761849, 41.4589464 ], [ 2.1761932, 41.4589426 ], [ 2.1762031, 41.4589393 ], [ 2.176213, 41.4589359 ], [ 2.1762214, 41.4589339 ], [ 2.1762298, 41.4589318 ], [ 2.1762521, 41.4589304 ], [ 2.1762694, 41.4589304 ], [ 2.1762884, 41.4589327 ], [ 2.1763079, 41.4589375 ], [ 2.1763276, 41.4589443 ], [ 2.1763302, 41.4589458 ], [ 2.1763459, 41.4589543 ], [ 2.1763717, 41.4589723 ], [ 2.1763976, 41.4589903 ], [ 2.1764624, 41.4590378 ], [ 2.1765271, 41.4590854 ], [ 2.1766664, 41.4591857 ], [ 2.1766707, 41.4591889 ], [ 2.1767795, 41.4592695 ], [ 2.1768054, 41.4592868 ], [ 2.1768312, 41.4593042 ], [ 2.1769127, 41.4593462 ], [ 2.1769291, 41.4593547 ], [ 2.1769315, 41.4593559 ], [ 2.1769434, 41.4593621 ], [ 2.1770258, 41.459405 ], [ 2.1770415, 41.4594132 ], [ 2.1770873, 41.4594417 ], [ 2.1771331, 41.4594701 ], [ 2.1771365, 41.4594729 ], [ 2.1771365, 41.459473 ], [ 2.1772417, 41.459559 ], [ 2.1772716, 41.4595825 ], [ 2.1773016, 41.4596061 ], [ 2.1773628, 41.4596625 ], [ 2.1774501, 41.4597353 ], [ 2.1775373, 41.4598082 ], [ 2.1775394, 41.4598065 ], [ 2.1775518, 41.4598165 ], [ 2.1775607, 41.4598239 ], [ 2.1775629, 41.4598257 ], [ 2.1775657, 41.4598279 ], [ 2.1775771, 41.4598373 ], [ 2.1776151, 41.4598623 ], [ 2.177618, 41.4598642 ], [ 2.1776187, 41.4598635 ], [ 2.1776194, 41.4598628 ], [ 2.1776834, 41.4598998 ], [ 2.1776849, 41.4598984 ], [ 2.1776859, 41.4598989 ], [ 2.1776917, 41.459902 ], [ 2.1777471, 41.459935 ], [ 2.1778652, 41.4600046 ], [ 2.1780034, 41.4600852 ], [ 2.1780122, 41.4600903 ], [ 2.1780764, 41.4601277 ], [ 2.1780941, 41.4601387 ], [ 2.178096, 41.4601398 ], [ 2.1781126, 41.4601497 ], [ 2.178243, 41.4602271 ], [ 2.17826, 41.4602373 ], [ 2.1783585, 41.4602957 ], [ 2.1783692, 41.4602849 ], [ 2.1783763, 41.4602777 ], [ 2.1783852, 41.4602687 ], [ 2.1784601, 41.4603076 ], [ 2.1784656, 41.4603105 ], [ 2.1784668, 41.460311 ], [ 2.1784542, 41.4603239 ], [ 2.1784492, 41.4603292 ], [ 2.1784471, 41.4603313 ], [ 2.1784448, 41.4603342 ], [ 2.1784425, 41.4603371 ], [ 2.1784693, 41.4603527 ], [ 2.1785144, 41.4603789 ], [ 2.1785594, 41.4604051 ], [ 2.1785577, 41.4604079 ], [ 2.1786475, 41.4604601 ], [ 2.178647, 41.4604608 ], [ 2.1786454, 41.460463 ], [ 2.1788124, 41.4605625 ], [ 2.1788139, 41.4605612 ], [ 2.1788154, 41.4605599 ], [ 2.1788397, 41.4605731 ], [ 2.178864, 41.4605864 ], [ 2.1788759, 41.4605935 ], [ 2.1788759, 41.4605952 ], [ 2.1788794, 41.4606807 ], [ 2.1788825, 41.4607578 ], [ 2.1788856, 41.4608359 ], [ 2.1789696, 41.4608856 ], [ 2.1789972, 41.4608846 ], [ 2.1790463, 41.4608838 ], [ 2.1790821, 41.4608873 ], [ 2.179118, 41.4608971 ], [ 2.1791425, 41.4609054 ], [ 2.1791609, 41.4609134 ], [ 2.1791816, 41.4609241 ], [ 2.1791862, 41.4609269 ], [ 2.1793845, 41.4610417 ], [ 2.1795227, 41.4611215 ], [ 2.1795346, 41.4611285 ], [ 2.1796261, 41.4611728 ], [ 2.1797637, 41.461236 ], [ 2.1798556, 41.4612791 ], [ 2.1799524, 41.4613116 ], [ 2.1800165, 41.4613245 ], [ 2.1800961, 41.4613301 ], [ 2.1802093, 41.4613331 ], [ 2.1804289, 41.4612496 ], [ 2.1804846, 41.461274 ], [ 2.1804846, 41.461274 ], [ 2.1804757, 41.4612862 ], [ 2.1802506, 41.4615962 ], [ 2.1801427, 41.4617539 ], [ 2.1801182, 41.4617884 ], [ 2.1800922, 41.461825 ], [ 2.180076, 41.4618479 ], [ 2.1800088, 41.4619641 ], [ 2.1799822, 41.4620061 ], [ 2.1799596, 41.4620447 ], [ 2.1799142, 41.4621225 ], [ 2.1798994, 41.4621477 ], [ 2.1798886, 41.462166 ], [ 2.1798808, 41.4621793 ], [ 2.1798572, 41.4622192 ], [ 2.1798296, 41.4622659 ], [ 2.1798023, 41.4623121 ], [ 2.1797965, 41.4623217 ], [ 2.1801449, 41.4624417 ], [ 2.1805686, 41.4625939 ], [ 2.180458, 41.462762 ], [ 2.1799771, 41.4635731 ], [ 2.1795908, 41.4640551 ] ] ] } },
{ "type": "Feature", "properties": { "id": "56", "name": "Vallbona", "housing2025": 842.0, "housing2026": 842.0, "hutCount": 0, "hutPending": 0, "hutAllRecords": 0, "hutStrictGeometry": 0, "hutBeds": 0.0, "missingBeds": 0, "rent2019": 8.0820445826666667, "rentMonth2019": 581.96909090909094, "contracts2019": 11.0, "rent2020": 7.8989860771666658, "rentMonth2020": 584.06444444444446, "contracts2020": 9.0, "rent2021": 5.9576249088571425, "rentMonth2021": 517.89428571428573, "contracts2021": 7.0, "rent2022": 8.0412696075555559, "rentMonth2022": 616.18, "contracts2022": 11.0, "rent2023": null, "rentMonth2023": null, "contracts2023": 5.0, "rent2024": null, "rentMonth2024": null, "contracts2024": 4.0, "rent2025": 10.3953974469428, "rentMonth2025": 697.53777777777805, "contracts2025": 9.0, "hutIntensity": 0.0, "hutInclusiveIntensity": 0.0, "hutStrictIntensity": 0.0, "rentChange": 29.275574060784027, "contractIntensity": 10.688836104513063, "comparable": true, "validRent2025": false, "validRentChange": false, "validContractActivity": true, "qualityFlag": "price_contract_count_below_30", "platform2025": 0, "platformEntire2025": 0, "platformIntensity2025": 0.0, "overlapClass": "unavailable", "changeClass": "unavailable", "thresholdStable": false, "caseFlag": false }, "geometry": { "type": "Polygon", "coordinates": [ [ [ 2.184065, 41.4682976 ], [ 2.1837854, 41.4682965 ], [ 2.183623, 41.468275 ], [ 2.1834709, 41.468227 ], [ 2.183101, 41.4681635 ], [ 2.1826739, 41.4680522 ], [ 2.1823889, 41.4679965 ], [ 2.1820221, 41.467952 ], [ 2.1818919, 41.4679135 ], [ 2.1816873, 41.4678431 ], [ 2.1806928, 41.4676732 ], [ 2.1805105, 41.4676587 ], [ 2.1797943, 41.4676187 ], [ 2.1794133, 41.467594 ], [ 2.1786949, 41.4681842 ], [ 2.1786403, 41.4679468 ], [ 2.1786059, 41.467688 ], [ 2.1786097, 41.4674205 ], [ 2.1786714, 41.4670844 ], [ 2.1787888, 41.4668003 ], [ 2.1789356, 41.4665347 ], [ 2.1791667, 41.4662139 ], [ 2.1793357, 41.4660239 ], [ 2.1794656, 41.4658777 ], [ 2.1798443, 41.4655056 ], [ 2.1801373, 41.4652691 ], [ 2.1804212, 41.4650885 ], [ 2.1807119, 41.4649403 ], [ 2.1802537, 41.4648279 ], [ 2.1791239, 41.464551 ], [ 2.1791617, 41.4645103 ], [ 2.17922, 41.4644485 ], [ 2.1792983, 41.4643655 ], [ 2.1795908, 41.4640551 ], [ 2.1799771, 41.4635731 ], [ 2.180458, 41.462762 ], [ 2.1805686, 41.4625939 ], [ 2.180666, 41.4624459 ], [ 2.1809385, 41.4620307 ], [ 2.1813687, 41.461443 ], [ 2.1817254, 41.4610265 ], [ 2.1821969, 41.4605264 ], [ 2.1825643, 41.4602042 ], [ 2.1830931, 41.4597931 ], [ 2.1834264, 41.4595451 ], [ 2.1845556, 41.4587714 ], [ 2.1856811, 41.4580247 ], [ 2.1866735, 41.457354 ], [ 2.1869177, 41.4571501 ], [ 2.1873378, 41.4567711 ], [ 2.1875266, 41.4565863 ], [ 2.1878909, 41.4569069 ], [ 2.1884144, 41.4570976 ], [ 2.1884146, 41.4570977 ], [ 2.1887908, 41.4573041 ], [ 2.1887763, 41.457319 ], [ 2.1887699, 41.4573262 ], [ 2.1887561, 41.4573406 ], [ 2.188741, 41.4573571 ], [ 2.1887369, 41.4573617 ], [ 2.188567, 41.4575829 ], [ 2.1885279, 41.4576303 ], [ 2.1884757, 41.4576916 ], [ 2.1884225, 41.4577673 ], [ 2.188304, 41.4579534 ], [ 2.1882251, 41.4580762 ], [ 2.1881665, 41.4581708 ], [ 2.1881162, 41.4582505 ], [ 2.1881125, 41.4582561 ], [ 2.1880893, 41.4582911 ], [ 2.1880892, 41.4582913 ], [ 2.1880715, 41.458318 ], [ 2.188064, 41.4583334 ], [ 2.1880536, 41.4583548 ], [ 2.1880248, 41.4584141 ], [ 2.1879848, 41.4585212 ], [ 2.1879428, 41.4586247 ], [ 2.1879357, 41.4586496 ], [ 2.1879291, 41.4586629 ], [ 2.1879067, 41.4587196 ], [ 2.187885, 41.4587746 ], [ 2.1878727, 41.4588108 ], [ 2.1878455, 41.4588901 ], [ 2.187824, 41.4589449 ], [ 2.1877935, 41.4590224 ], [ 2.1877896, 41.4590325 ], [ 2.1877435, 41.4591497 ], [ 2.187719, 41.4592331 ], [ 2.1876974, 41.4593434 ], [ 2.1876948, 41.4593565 ], [ 2.1876782, 41.4594414 ], [ 2.1876633, 41.4595139 ], [ 2.187648, 41.4595881 ], [ 2.1876365, 41.459644 ], [ 2.1876318, 41.4597024 ], [ 2.1876243, 41.4597606 ], [ 2.187615, 41.4598323 ], [ 2.187601, 41.4599415 ], [ 2.1875978, 41.4599735 ], [ 2.1875953, 41.459998 ], [ 2.1875856, 41.4600946 ], [ 2.1875403, 41.4605824 ], [ 2.1875335, 41.460656 ], [ 2.1875277, 41.460718 ], [ 2.1874732, 41.4613053 ], [ 2.1874711, 41.4613282 ], [ 2.1874622, 41.4614235 ], [ 2.187438, 41.4616842 ], [ 2.1874022, 41.4620696 ], [ 2.1874009, 41.462082 ], [ 2.1874223, 41.4620817 ], [ 2.1874445, 41.4620814 ], [ 2.1876413, 41.4621196 ], [ 2.18764, 41.4621306 ], [ 2.1874537, 41.4637956 ], [ 2.1873802, 41.4644799 ], [ 2.1871816, 41.4662865 ], [ 2.187111, 41.4671062 ], [ 2.1870605, 41.4677168 ], [ 2.1858026, 41.4677576 ], [ 2.1857382, 41.467761 ], [ 2.185382, 41.4677951 ], [ 2.1845831, 41.4681967 ], [ 2.1844219, 41.4682455 ], [ 2.1841691, 41.4682836 ], [ 2.184065, 41.4682976 ] ] ] } },
{ "type": "Feature", "properties": { "id": "57", "name": "la Trinitat Vella", "housing2025": 4371.0, "housing2026": 4368.0, "hutCount": 5, "hutPending": 0, "hutAllRecords": 5, "hutStrictGeometry": 5, "hutBeds": 17.0, "missingBeds": 0, "rent2019": 10.114536073770379, "rentMonth2019": 602.87550632911393, "contracts2019": 158.0, "rent2020": 10.856505266343747, "rentMonth2020": 639.68223880597009, "contracts2020": 134.0, "rent2021": 10.306701923563294, "rentMonth2021": 606.89700598802392, "contracts2021": 167.0, "rent2022": 10.968273048409715, "rentMonth2022": 646.4586, "contracts2022": 150.0, "rent2023": 12.526387540357147, "rentMonth2023": 714.3222047244094, "contracts2023": 127.0, "rent2024": 11.119637402888891, "rentMonth2024": 658.2155244755246, "contracts2024": 143.0, "rent2025": 12.909794810737401, "rentMonth2025": 681.8512, "contracts2025": 75.0, "hutIntensity": 1.1446886446886446, "hutInclusiveIntensity": 1.1446886446886446, "hutStrictIntensity": 1.1446886446886446, "rentChange": 17.701253002715745, "contractIntensity": 17.158544955387782, "comparable": true, "validRent2025": true, "validRentChange": true, "validContractActivity": true, "qualityFlag": "comparable", "platform2025": 3, "platformEntire2025": 0, "platformIntensity2025": 0.0, "overlapClass": "neither", "changeClass": "rent", "thresholdStable": true, "caseFlag": false }, "geometry": { "type": "Polygon", "coordinates": [ [ [ 2.1876413, 41.4621196 ], [ 2.1874445, 41.4620814 ], [ 2.1874223, 41.4620817 ], [ 2.1874009, 41.462082 ], [ 2.1874022, 41.4620696 ], [ 2.187438, 41.4616842 ], [ 2.1874622, 41.4614235 ], [ 2.1874711, 41.4613282 ], [ 2.1874732, 41.4613053 ], [ 2.1875277, 41.460718 ], [ 2.1875335, 41.460656 ], [ 2.1875403, 41.4605824 ], [ 2.1875856, 41.4600946 ], [ 2.1875953, 41.459998 ], [ 2.1875978, 41.4599735 ], [ 2.187601, 41.4599415 ], [ 2.187615, 41.4598323 ], [ 2.1876243, 41.4597606 ], [ 2.1876318, 41.4597024 ], [ 2.1876365, 41.459644 ], [ 2.187648, 41.4595881 ], [ 2.1876633, 41.4595139 ], [ 2.1876782, 41.4594414 ], [ 2.1876948, 41.4593565 ], [ 2.1876974, 41.4593434 ], [ 2.187719, 41.4592331 ], [ 2.1877435, 41.4591497 ], [ 2.1877896, 41.4590325 ], [ 2.1877935, 41.4590224 ], [ 2.187824, 41.4589449 ], [ 2.1878455, 41.4588901 ], [ 2.1878727, 41.4588108 ], [ 2.187885, 41.4587746 ], [ 2.1879067, 41.4587196 ], [ 2.1879291, 41.4586629 ], [ 2.1879357, 41.4586496 ], [ 2.1879428, 41.4586247 ], [ 2.1879848, 41.4585212 ], [ 2.1880248, 41.4584141 ], [ 2.1880536, 41.4583548 ], [ 2.188064, 41.4583334 ], [ 2.1880715, 41.458318 ], [ 2.1880892, 41.4582913 ], [ 2.1880893, 41.4582911 ], [ 2.1881125, 41.4582561 ], [ 2.1881162, 41.4582505 ], [ 2.1881665, 41.4581708 ], [ 2.1882251, 41.4580762 ], [ 2.188304, 41.4579534 ], [ 2.1884225, 41.4577673 ], [ 2.1884757, 41.4576916 ], [ 2.1885279, 41.4576303 ], [ 2.188567, 41.4575829 ], [ 2.1887369, 41.4573617 ], [ 2.188741, 41.4573571 ], [ 2.1887561, 41.4573406 ], [ 2.1887699, 41.4573262 ], [ 2.1887763, 41.457319 ], [ 2.1887908, 41.4573041 ], [ 2.1884146, 41.4570977 ], [ 2.1884144, 41.4570976 ], [ 2.1878909, 41.4569069 ], [ 2.188123, 41.4566296 ], [ 2.1884091, 41.4559799 ], [ 2.1885567, 41.4556509 ], [ 2.188675, 41.4552627 ], [ 2.1887181, 41.4550443 ], [ 2.1887755, 41.4548442 ], [ 2.1888221, 41.4541894 ], [ 2.1889115, 41.4532459 ], [ 2.1888986, 41.4526945 ], [ 2.1888833, 41.4520379 ], [ 2.1888475, 41.4515067 ], [ 2.1887992, 41.4506885 ], [ 2.1887115, 41.4501101 ], [ 2.1883375, 41.4488579 ], [ 2.1881938, 41.4484243 ], [ 2.1877097, 41.4469633 ], [ 2.1895179, 41.4469474 ], [ 2.1895237, 41.4468027 ], [ 2.1904805, 41.4468038 ], [ 2.1904666, 41.4469512 ], [ 2.1910945, 41.4469542 ], [ 2.1923085, 41.4469871 ], [ 2.1925686, 41.4470118 ], [ 2.1926995, 41.4470284 ], [ 2.1927821, 41.4470483 ], [ 2.192931, 41.4470887 ], [ 2.1930543, 41.4471354 ], [ 2.1931851, 41.4471903 ], [ 2.1934435, 41.4473139 ], [ 2.1937994, 41.4474837 ], [ 2.1940034, 41.4475618 ], [ 2.1942168, 41.4476223 ], [ 2.1944578, 41.4476689 ], [ 2.1945924, 41.4476812 ], [ 2.1947069, 41.4476878 ], [ 2.1949608, 41.4476881 ], [ 2.1954225, 41.4476601 ], [ 2.1958042, 41.4476614 ], [ 2.1962413, 41.4477068 ], [ 2.1965406, 41.4477728 ], [ 2.1968029, 41.4478625 ], [ 2.1969361, 41.4479236 ], [ 2.196801, 41.4474932 ], [ 2.1967907, 41.4474601 ], [ 2.1969985, 41.4475338 ], [ 2.1972009, 41.4476057 ], [ 2.197695, 41.4477779 ], [ 2.1981402, 41.4479277 ], [ 2.2002559, 41.4486519 ], [ 2.2013189, 41.4490098 ], [ 2.2007015, 41.449621 ], [ 2.2001772, 41.4501365 ], [ 2.199573, 41.4507249 ], [ 2.1991813, 41.4510671 ], [ 2.1984765, 41.4516693 ], [ 2.1981061, 41.4519809 ], [ 2.1977126, 41.4522759 ], [ 2.1969935, 41.4527853 ], [ 2.1952775, 41.4539895 ], [ 2.1946907, 41.4544046 ], [ 2.1945062, 41.4545351 ], [ 2.1938003, 41.4550451 ], [ 2.1923281, 41.4561048 ], [ 2.1917056, 41.4565548 ], [ 2.1913113, 41.4568512 ], [ 2.1909557, 41.4571391 ], [ 2.1906166, 41.4574331 ], [ 2.1901483, 41.4578741 ], [ 2.1897866, 41.458219 ], [ 2.1893654, 41.4586386 ], [ 2.1890145, 41.4590387 ], [ 2.1888347, 41.4592666 ], [ 2.188609, 41.4595835 ], [ 2.1884595, 41.4598174 ], [ 2.1883285, 41.460045 ], [ 2.1881988, 41.4602926 ], [ 2.1880561, 41.4605986 ], [ 2.1879614, 41.4608323 ], [ 2.1878732, 41.461079 ], [ 2.1877979, 41.4613098 ], [ 2.187717, 41.4616175 ], [ 2.1876812, 41.4618017 ], [ 2.1876465, 41.4620785 ], [ 2.1876413, 41.4621196 ] ] ] } },
{ "type": "Feature", "properties": { "id": "58", "name": "Baró de Viver", "housing2025": 1112.0, "housing2026": 1112.0, "hutCount": 0, "hutPending": 0, "hutAllRecords": 0, "hutStrictGeometry": 0, "hutBeds": 0.0, "missingBeds": 0, "rent2019": 6.5097193177065531, "rentMonth2019": 486.2, "contracts2019": 9.0, "rent2020": 7.518427433, "rentMonth2020": 581.90076923076924, "contracts2020": 13.0, "rent2021": 8.0067623786666662, "rentMonth2021": 556.6922222222222, "contracts2021": 18.0, "rent2022": 6.120076037833333, "rentMonth2022": 615.97857142857151, "contracts2022": 7.0, "rent2023": 9.2345084332999985, "rentMonth2023": 699.5, "contracts2023": 10.0, "rent2024": 7.7562973924999996, "rentMonth2024": 524.2975, "contracts2024": 8.0, "rent2025": 8.4454822272608094, "rentMonth2025": 554.772, "contracts2025": 15.0, "hutIntensity": 0.0, "hutInclusiveIntensity": 0.0, "hutStrictIntensity": 0.0, "rentChange": 37.996361075453741, "contractIntensity": 13.489208633093526, "comparable": true, "validRent2025": false, "validRentChange": false, "validContractActivity": true, "qualityFlag": "price_contract_count_below_30", "platform2025": 0, "platformEntire2025": 0, "platformIntensity2025": 0.0, "overlapClass": "unavailable", "changeClass": "unavailable", "thresholdStable": false, "caseFlag": false }, "geometry": { "type": "Polygon", "coordinates": [ [ [ 2.196642, 41.4425659 ], [ 2.1997128, 41.4428102 ], [ 2.1993467, 41.4447763 ], [ 2.1993005, 41.4450385 ], [ 2.1994284, 41.4451041 ], [ 2.2017356, 41.4462602 ], [ 2.2019589, 41.4463281 ], [ 2.2028335, 41.4467531 ], [ 2.2033182, 41.4469896 ], [ 2.2032108, 41.4471033 ], [ 2.2019867, 41.4483462 ], [ 2.2019422, 41.4483914 ], [ 2.2018297, 41.4485043 ], [ 2.2013189, 41.4490098 ], [ 2.2002559, 41.4486519 ], [ 2.1981402, 41.4479277 ], [ 2.197695, 41.4477779 ], [ 2.1972009, 41.4476057 ], [ 2.1971645, 41.4474862 ], [ 2.1970431, 41.4470874 ], [ 2.1970216, 41.4470167 ], [ 2.1969362, 41.4467364 ], [ 2.1969168, 41.4466727 ], [ 2.1966981, 41.4459545 ], [ 2.1966169, 41.4456879 ], [ 2.1965894, 41.4456023 ], [ 2.1964749, 41.4452468 ], [ 2.1963266, 41.4447862 ], [ 2.1962529, 41.4445452 ], [ 2.1961726, 41.4442827 ], [ 2.1961403, 41.4441771 ], [ 2.1960874, 41.444016 ], [ 2.1960347, 41.443856 ], [ 2.1960277, 41.4438345 ], [ 2.1959221, 41.4435136 ], [ 2.1958582, 41.4433122 ], [ 2.1956337, 41.4426045 ], [ 2.1955973, 41.4424897 ], [ 2.196642, 41.4425659 ] ] ] } },
{ "type": "Feature", "properties": { "id": "59", "name": "el Bon Pastor", "housing2025": 5461.0, "housing2026": 5304.0, "hutCount": 1, "hutPending": 1, "hutAllRecords": 2, "hutStrictGeometry": 1, "hutBeds": 4.0, "missingBeds": 0, "rent2019": 10.501272183050784, "rentMonth2019": 685.57177215189881, "contracts2019": 158.0, "rent2020": 11.884288904083339, "rentMonth2020": 726.61241379310354, "contracts2020": 174.0, "rent2021": 10.825398477248443, "rentMonth2021": 683.3613333333335, "contracts2021": 165.0, "rent2022": 11.535129601240506, "rentMonth2022": 741.06503067484653, "contracts2022": 163.0, "rent2023": 10.901467438128492, "rentMonth2023": 724.88740331491715, "contracts2023": 181.0, "rent2024": 10.492830566454019, "rentMonth2024": 713.2615, "contracts2024": 180.0, "rent2025": 11.361329545432, "rentMonth2025": 765.54390728476801, "contracts2025": 151.0, "hutIntensity": 0.18853695324283559, "hutInclusiveIntensity": 0.37707390648567118, "hutStrictIntensity": 0.18853695324283559, "rentChange": -1.5067022375701344, "contractIntensity": 27.650613440761767, "comparable": true, "validRent2025": true, "validRentChange": true, "validContractActivity": true, "qualityFlag": "pending_registry_records_retained_in_audit", "platform2025": 10, "platformEntire2025": 5, "platformIntensity2025": 0.91558322651529023, "overlapClass": "neither", "changeClass": "neither", "thresholdStable": true, "caseFlag": false }, "geometry": { "type": "Polygon", "coordinates": [ [ [ 2.2095454, 41.4332364 ], [ 2.2096049, 41.4332536 ], [ 2.2097529, 41.4332727 ], [ 2.209887, 41.4332816 ], [ 2.2099263, 41.4332962 ], [ 2.2107592, 41.4334303 ], [ 2.2106637, 41.4335991 ], [ 2.2104594, 41.4339673 ], [ 2.2103046, 41.4342484 ], [ 2.2101665, 41.434518 ], [ 2.2100972, 41.4346617 ], [ 2.20998, 41.4349109 ], [ 2.2098876, 41.435117 ], [ 2.2098049, 41.4353118 ], [ 2.2097463, 41.4354585 ], [ 2.2097066, 41.435555 ], [ 2.2096271, 41.4357593 ], [ 2.2095378, 41.4360099 ], [ 2.2094763, 41.436192 ], [ 2.2094109, 41.4363859 ], [ 2.2086254, 41.4391901 ], [ 2.2086181, 41.4392171 ], [ 2.2084683, 41.4397703 ], [ 2.208401, 41.4399963 ], [ 2.2083468, 41.4401645 ], [ 2.2082904, 41.4403322 ], [ 2.2082256, 41.4405152 ], [ 2.2081565, 41.4406974 ], [ 2.2080939, 41.4408526 ], [ 2.2079907, 41.4410962 ], [ 2.2079516, 41.4411848 ], [ 2.2079111, 41.4412731 ], [ 2.2078303, 41.4414422 ], [ 2.2077496, 41.4416038 ], [ 2.2076624, 41.4417736 ], [ 2.2076157, 41.4418626 ], [ 2.2075677, 41.4419512 ], [ 2.2074705, 41.4421231 ], [ 2.2073724, 41.4422899 ], [ 2.2073222, 41.4423729 ], [ 2.2071941, 41.4425765 ], [ 2.2070631, 41.4427792 ], [ 2.2069434, 41.4429621 ], [ 2.2068346, 41.4431161 ], [ 2.206298, 41.4438076 ], [ 2.206133, 41.4440002 ], [ 2.2058813, 41.444283 ], [ 2.2056055, 41.4445777 ], [ 2.2053092, 41.4448906 ], [ 2.2049883, 41.4452268 ], [ 2.2041084, 41.4461558 ], [ 2.2038635, 41.4464162 ], [ 2.2034114, 41.4468909 ], [ 2.2033182, 41.4469896 ], [ 2.2028335, 41.4467531 ], [ 2.2019589, 41.4463281 ], [ 2.2017356, 41.4462602 ], [ 2.1994284, 41.4451041 ], [ 2.1993005, 41.4450385 ], [ 2.1993467, 41.4447763 ], [ 2.1997128, 41.4428102 ], [ 2.196642, 41.4425659 ], [ 2.1955973, 41.4424897 ], [ 2.1955973, 41.4424897 ], [ 2.1954938, 41.4421636 ], [ 2.1953354, 41.4416642 ], [ 2.1952191, 41.4412693 ], [ 2.1951425, 41.440994 ], [ 2.1949754, 41.4403944 ], [ 2.1949074, 41.4401756 ], [ 2.1947995, 41.4398283 ], [ 2.1947539, 41.4396456 ], [ 2.1947285, 41.4395843 ], [ 2.1947129, 41.4395217 ], [ 2.1946575, 41.4392997 ], [ 2.1946185, 41.4391789 ], [ 2.1945801, 41.4390632 ], [ 2.1944694, 41.438618 ], [ 2.1944294, 41.4384982 ], [ 2.1944098, 41.4384128 ], [ 2.194398, 41.4383611 ], [ 2.1943707, 41.4382137 ], [ 2.1942498, 41.437691 ], [ 2.194241, 41.437653 ], [ 2.1942123, 41.4375343 ], [ 2.1942049, 41.4375034 ], [ 2.1942044, 41.437501 ], [ 2.19417, 41.4373276 ], [ 2.1941313, 41.4371029 ], [ 2.1940996, 41.4368699 ], [ 2.1940718, 41.4365691 ], [ 2.1940705, 41.4364607 ], [ 2.1940685, 41.4364263 ], [ 2.1940656, 41.4363661 ], [ 2.1940686, 41.4362718 ], [ 2.1940719, 41.4361342 ], [ 2.1940916, 41.4358217 ], [ 2.1940977, 41.4357741 ], [ 2.1941786, 41.4352696 ], [ 2.19418, 41.4352427 ], [ 2.194187, 41.4351144 ], [ 2.1941179, 41.4349008 ], [ 2.1940517, 41.4346959 ], [ 2.1941262, 41.4345556 ], [ 2.194271, 41.4343099 ], [ 2.1948595, 41.4335868 ], [ 2.1953329, 41.4328517 ], [ 2.1954729, 41.4326523 ], [ 2.1956326, 41.4323488 ], [ 2.1958349, 41.43194 ], [ 2.1961164, 41.4313848 ], [ 2.196203, 41.4311726 ], [ 2.1962725, 41.4309451 ], [ 2.1963148, 41.430728 ], [ 2.1963286, 41.4306486 ], [ 2.1963401, 41.4305884 ], [ 2.1963556, 41.4304995 ], [ 2.1963708, 41.4304029 ], [ 2.1963822, 41.4303107 ], [ 2.1963912, 41.4302181 ], [ 2.1963994, 41.4301013 ], [ 2.1964033, 41.4300026 ], [ 2.1964058, 41.4298797 ], [ 2.1964035, 41.4297306 ], [ 2.1963873, 41.4292383 ], [ 2.1962884, 41.4282408 ], [ 2.1962733, 41.4280548 ], [ 2.1962065, 41.4276903 ], [ 2.1961232, 41.4274291 ], [ 2.1959341, 41.4269311 ], [ 2.1959341, 41.426931 ], [ 2.1959288, 41.426918 ], [ 2.1964253, 41.4266617 ], [ 2.1964263, 41.4266648 ], [ 2.1964267, 41.4266659 ], [ 2.1964269, 41.4266666 ], [ 2.1964279, 41.4266699 ], [ 2.1964316, 41.4266813 ], [ 2.1964529, 41.426748 ], [ 2.1964678, 41.4267948 ], [ 2.1964883, 41.4268591 ], [ 2.1965489, 41.4270491 ], [ 2.1965997, 41.4272084 ], [ 2.1966226, 41.4272802 ], [ 2.1966766, 41.4273914 ], [ 2.1969559, 41.4279669 ], [ 2.1971262, 41.4284763 ], [ 2.1972146, 41.4287484 ], [ 2.1972885, 41.4288811 ], [ 2.1973195, 41.4289368 ], [ 2.1975712, 41.4292097 ], [ 2.1981096, 41.4296268 ], [ 2.1983994, 41.4298214 ], [ 2.1986707, 41.4299378 ], [ 2.1986867, 41.4299447 ], [ 2.1987005, 41.4299494 ], [ 2.198943, 41.4300322 ], [ 2.1991718, 41.4300831 ], [ 2.1992928, 41.4300982 ], [ 2.199495, 41.4301233 ], [ 2.1999005, 41.430162 ], [ 2.2002349, 41.4301763 ], [ 2.2006855, 41.4301595 ], [ 2.2011048, 41.4300873 ], [ 2.2015273, 41.4299928 ], [ 2.2019459, 41.4298605 ], [ 2.202145, 41.4297886 ], [ 2.2021789, 41.4297764 ], [ 2.2023568, 41.4297121 ], [ 2.2024795, 41.4296665 ], [ 2.2026849, 41.42959 ], [ 2.2029839, 41.4294786 ], [ 2.2051768, 41.4284501 ], [ 2.2065903, 41.4277871 ], [ 2.2070242, 41.4275836 ], [ 2.2072973, 41.4279112 ], [ 2.2073519, 41.4279767 ], [ 2.2072785, 41.4280117 ], [ 2.2073611, 41.4281066 ], [ 2.2073434, 41.428115 ], [ 2.2073287, 41.4282378 ], [ 2.2072899, 41.4284359 ], [ 2.2072736, 41.4286547 ], [ 2.2072753, 41.4287874 ], [ 2.2071387, 41.428854 ], [ 2.2073238, 41.4290682 ], [ 2.2072492, 41.4291047 ], [ 2.20701, 41.4296793 ], [ 2.2069209, 41.4299129 ], [ 2.2070076, 41.4300137 ], [ 2.2065403, 41.4302424 ], [ 2.2067967, 41.4305371 ], [ 2.2067239, 41.430573 ], [ 2.2066726, 41.430581 ], [ 2.2064831, 41.4310807 ], [ 2.2063661, 41.4315372 ], [ 2.2061712, 41.4322712 ], [ 2.2064708, 41.4326407 ], [ 2.2067855, 41.4327421 ], [ 2.2072624, 41.4328957 ], [ 2.2072774, 41.4328882 ], [ 2.2074318, 41.432948 ], [ 2.2074785, 41.4329527 ], [ 2.2077196, 41.4330316 ], [ 2.2080169, 41.4331179 ], [ 2.2080414, 41.4331309 ], [ 2.2081931, 41.4331444 ], [ 2.2084071, 41.4331758 ], [ 2.2085523, 41.4331612 ], [ 2.2095454, 41.4332364 ] ] ] } },
{ "type": "Feature", "properties": { "id": "60", "name": "Sant Andreu", "housing2025": 29646.0, "housing2026": 29872.0, "hutCount": 32, "hutPending": 0, "hutAllRecords": 32, "hutStrictGeometry": 32, "hutBeds": 192.0, "missingBeds": 0, "rent2019": 12.474876968176012, "rentMonth2019": 805.28830287206256, "contracts2019": 1149.0, "rent2020": 12.50038503614695, "rentMonth2020": 810.03489707475603, "contracts2020": 923.0, "rent2021": 11.889053776784785, "rentMonth2021": 766.64684809098321, "contracts2021": 1231.0, "rent2022": 12.650506722975292, "rentMonth2022": 821.23158514492764, "contracts2022": 1104.0, "rent2023": 13.960037435321947, "rentMonth2023": 910.97346043956043, "contracts2023": 910.0, "rent2024": 13.917096299574064, "rentMonth2024": 923.52307589880195, "contracts2024": 751.0, "rent2025": 14.6178349624311, "rentMonth2025": 880.33085185185405, "contracts2025": 810.0, "hutIntensity": 1.0712372790573113, "hutInclusiveIntensity": 1.0712372790573113, "hutStrictIntensity": 1.0712372790573113, "rentChange": 15.551378948977867, "contractIntensity": 27.3224043715847, "comparable": true, "validRent2025": true, "validRentChange": true, "validContractActivity": true, "qualityFlag": "comparable", "platform2025": 90, "platformEntire2025": 40, "platformIntensity2025": 1.3492545368683801, "overlapClass": "neither", "changeClass": "neither", "thresholdStable": true, "caseFlag": false }, "geometry": { "type": "Polygon", "coordinates": [ [ [ 2.1969361, 41.4479236 ], [ 2.1968029, 41.4478625 ], [ 2.1965406, 41.4477728 ], [ 2.1962413, 41.4477068 ], [ 2.1958042, 41.4476614 ], [ 2.1954225, 41.4476601 ], [ 2.1949608, 41.4476881 ], [ 2.1947069, 41.4476878 ], [ 2.1945924, 41.4476812 ], [ 2.1944578, 41.4476689 ], [ 2.1942168, 41.4476223 ], [ 2.1940034, 41.4475618 ], [ 2.1937994, 41.4474837 ], [ 2.1934435, 41.4473139 ], [ 2.1931851, 41.4471903 ], [ 2.1930543, 41.4471354 ], [ 2.192931, 41.4470887 ], [ 2.1927821, 41.4470483 ], [ 2.1926995, 41.4470284 ], [ 2.1925686, 41.4470118 ], [ 2.1923085, 41.4469871 ], [ 2.1910945, 41.4469542 ], [ 2.1904666, 41.4469512 ], [ 2.1904805, 41.4468038 ], [ 2.1895237, 41.4468027 ], [ 2.1895179, 41.4469474 ], [ 2.1877097, 41.4469633 ], [ 2.1876622, 41.4468199 ], [ 2.1875383, 41.4464461 ], [ 2.1867197, 41.4439751 ], [ 2.186452, 41.4431672 ], [ 2.1862414, 41.4424481 ], [ 2.1861757, 41.442224 ], [ 2.1857403, 41.4407376 ], [ 2.1854946, 41.4398991 ], [ 2.1854301, 41.4397072 ], [ 2.1854291, 41.4397043 ], [ 2.185429, 41.4397041 ], [ 2.1847285, 41.4376223 ], [ 2.1845099, 41.4369726 ], [ 2.1840668, 41.4356559 ], [ 2.1836515, 41.4344214 ], [ 2.1835625, 41.4341571 ], [ 2.183189, 41.433047 ], [ 2.182877, 41.4321195 ], [ 2.1827625, 41.4317792 ], [ 2.1827515, 41.4317466 ], [ 2.1826724, 41.4312049 ], [ 2.1827865, 41.4306365 ], [ 2.1828768, 41.4304408 ], [ 2.1830645, 41.4301907 ], [ 2.1837402, 41.4292901 ], [ 2.1841221, 41.4287233 ], [ 2.1841744, 41.4286457 ], [ 2.1841998, 41.4286455 ], [ 2.1844977, 41.4286479 ], [ 2.1847809, 41.4286502 ], [ 2.1855489, 41.4286426 ], [ 2.1859885, 41.4286364 ], [ 2.1860072, 41.4286361 ], [ 2.1864903, 41.4286322 ], [ 2.1870133, 41.4286269 ], [ 2.1872876, 41.4286239 ], [ 2.1877106, 41.4286025 ], [ 2.1879116, 41.428525 ], [ 2.1880401, 41.4284706 ], [ 2.1883938, 41.4282991 ], [ 2.1887474, 41.428117 ], [ 2.1888966, 41.428055 ], [ 2.1889901, 41.4280248 ], [ 2.1892255, 41.4279674 ], [ 2.1892626, 41.4279583 ], [ 2.1893736, 41.4279382 ], [ 2.1902199, 41.4277587 ], [ 2.1903313, 41.4277367 ], [ 2.1903537, 41.4277319 ], [ 2.1903753, 41.4277279 ], [ 2.1903971, 41.4277246 ], [ 2.190419, 41.427722 ], [ 2.1904396, 41.4277201 ], [ 2.1907122, 41.4277164 ], [ 2.1907312, 41.4277163 ], [ 2.1908758, 41.4277174 ], [ 2.1909887, 41.4277214 ], [ 2.1911644, 41.4277392 ], [ 2.1915449, 41.4277653 ], [ 2.1918211, 41.4277966 ], [ 2.1924284, 41.4278757 ], [ 2.1936182, 41.4281813 ], [ 2.1936189, 41.4281814 ], [ 2.1939147, 41.4281969 ], [ 2.1939236, 41.4279111 ], [ 2.1939532, 41.4278565 ], [ 2.1942024, 41.4277404 ], [ 2.1944286, 41.427637 ], [ 2.1948788, 41.4274311 ], [ 2.1952674, 41.427257 ], [ 2.195638, 41.4270828 ], [ 2.1959288, 41.426918 ], [ 2.1959341, 41.426931 ], [ 2.1959341, 41.4269311 ], [ 2.1961232, 41.4274291 ], [ 2.1962065, 41.4276903 ], [ 2.1962733, 41.4280548 ], [ 2.1962884, 41.4282408 ], [ 2.1963873, 41.4292383 ], [ 2.1964035, 41.4297306 ], [ 2.1964058, 41.4298797 ], [ 2.1964033, 41.4300026 ], [ 2.1963994, 41.4301013 ], [ 2.1963912, 41.4302181 ], [ 2.1963822, 41.4303107 ], [ 2.1963708, 41.4304029 ], [ 2.1963556, 41.4304995 ], [ 2.1963401, 41.4305884 ], [ 2.1963286, 41.4306486 ], [ 2.1963148, 41.430728 ], [ 2.1962725, 41.4309451 ], [ 2.196203, 41.4311726 ], [ 2.1961164, 41.4313848 ], [ 2.1958349, 41.43194 ], [ 2.1956326, 41.4323488 ], [ 2.1954729, 41.4326523 ], [ 2.1953329, 41.4328517 ], [ 2.1948595, 41.4335868 ], [ 2.194271, 41.4343099 ], [ 2.1941262, 41.4345556 ], [ 2.1940517, 41.4346959 ], [ 2.1941179, 41.4349008 ], [ 2.194187, 41.4351144 ], [ 2.19418, 41.4352427 ], [ 2.1941786, 41.4352696 ], [ 2.1940977, 41.4357741 ], [ 2.1940916, 41.4358217 ], [ 2.1940719, 41.4361342 ], [ 2.1940686, 41.4362718 ], [ 2.1940656, 41.4363661 ], [ 2.1940685, 41.4364263 ], [ 2.1940705, 41.4364607 ], [ 2.1940718, 41.4365691 ], [ 2.1940996, 41.4368699 ], [ 2.1941313, 41.4371029 ], [ 2.19417, 41.4373276 ], [ 2.1942044, 41.437501 ], [ 2.1942049, 41.4375034 ], [ 2.1942123, 41.4375343 ], [ 2.194241, 41.437653 ], [ 2.1942498, 41.437691 ], [ 2.1943707, 41.4382137 ], [ 2.194398, 41.4383611 ], [ 2.1944098, 41.4384128 ], [ 2.1944294, 41.4384982 ], [ 2.1944694, 41.438618 ], [ 2.1945801, 41.4390632 ], [ 2.1946185, 41.4391789 ], [ 2.1946575, 41.4392997 ], [ 2.1947129, 41.4395217 ], [ 2.1947285, 41.4395843 ], [ 2.1947539, 41.4396456 ], [ 2.1947995, 41.4398283 ], [ 2.1949074, 41.4401756 ], [ 2.1949754, 41.4403944 ], [ 2.1951425, 41.440994 ], [ 2.1952191, 41.4412693 ], [ 2.1953354, 41.4416642 ], [ 2.1954938, 41.4421636 ], [ 2.1955973, 41.4424897 ], [ 2.1955973, 41.4424897 ], [ 2.1956337, 41.4426045 ], [ 2.1958582, 41.4433122 ], [ 2.1959221, 41.4435136 ], [ 2.1960277, 41.4438345 ], [ 2.1960347, 41.443856 ], [ 2.1960874, 41.444016 ], [ 2.1961403, 41.4441771 ], [ 2.1961726, 41.4442827 ], [ 2.1962529, 41.4445452 ], [ 2.1963266, 41.4447862 ], [ 2.1964749, 41.4452468 ], [ 2.1965894, 41.4456023 ], [ 2.1966169, 41.4456879 ], [ 2.1966981, 41.4459545 ], [ 2.1969168, 41.4466727 ], [ 2.1969362, 41.4467364 ], [ 2.1970216, 41.4470167 ], [ 2.1970431, 41.4470874 ], [ 2.1971645, 41.4474862 ], [ 2.1972009, 41.4476057 ], [ 2.1969985, 41.4475338 ], [ 2.1967907, 41.4474601 ], [ 2.196801, 41.4474932 ], [ 2.1969361, 41.4479236 ] ] ] } },
{ "type": "Feature", "properties": { "id": "61", "name": "la Sagrera", "housing2025": 14037.0, "housing2026": 14047.0, "hutCount": 24, "hutPending": 1, "hutAllRecords": 25, "hutStrictGeometry": 24, "hutBeds": 173.0, "missingBeds": 0, "rent2019": 12.645462151536179, "rentMonth2019": 817.34831428571454, "contracts2019": 700.0, "rent2020": 12.399219424251562, "rentMonth2020": 783.8934012219961, "contracts2020": 491.0, "rent2021": 11.981837647193505, "rentMonth2021": 768.29255474452555, "contracts2021": 822.0, "rent2022": 12.892733888676515, "rentMonth2022": 865.52683772538171, "contracts2022": 721.0, "rent2023": 14.543834816578633, "rentMonth2023": 968.2132667876582, "contracts2023": 551.0, "rent2024": 14.431266746275073, "rentMonth2024": 1009.783326996198, "contracts2024": 526.0, "rent2025": 14.083955469871601, "rentMonth2025": 979.19625730994085, "contracts2025": 513.0, "hutIntensity": 1.708549868299281, "hutInclusiveIntensity": 1.7797394461450844, "hutStrictIntensity": 1.708549868299281, "rentChange": 9.2394800938326647, "contractIntensity": 36.546270570634753, "comparable": true, "validRent2025": true, "validRentChange": true, "validContractActivity": true, "qualityFlag": "pending_registry_records_retained_in_audit", "platform2025": 50, "platformEntire2025": 34, "platformIntensity2025": 2.4221699793403149, "overlapClass": "neither", "changeClass": "neither", "thresholdStable": true, "caseFlag": false }, "geometry": { "type": "Polygon", "coordinates": [ [ [ 2.1847809, 41.4286502 ], [ 2.1844977, 41.4286479 ], [ 2.1841998, 41.4286455 ], [ 2.1841744, 41.4286457 ], [ 2.1843737, 41.42835 ], [ 2.1842984, 41.4276445 ], [ 2.1842027, 41.4267903 ], [ 2.1841944, 41.4254376 ], [ 2.1842046, 41.4247193 ], [ 2.1840953, 41.424066 ], [ 2.1839444, 41.4231634 ], [ 2.183938, 41.4226589 ], [ 2.1845334, 41.4222069 ], [ 2.1854761, 41.4214894 ], [ 2.1868146, 41.4204646 ], [ 2.1868149, 41.4204644 ], [ 2.1869202, 41.4203866 ], [ 2.1872183, 41.4201665 ], [ 2.1890013, 41.4188099 ], [ 2.1901081, 41.4179622 ], [ 2.1912499, 41.4170766 ], [ 2.1914339, 41.4169408 ], [ 2.1914151, 41.4167139 ], [ 2.191351, 41.4162952 ], [ 2.1912066, 41.4157789 ], [ 2.191109, 41.4155427 ], [ 2.1923679, 41.4145809 ], [ 2.1924144, 41.4145454 ], [ 2.1933576, 41.4152523 ], [ 2.1935435, 41.415397 ], [ 2.1933267, 41.4159318 ], [ 2.1932899, 41.4160564 ], [ 2.1932343, 41.4163155 ], [ 2.193233, 41.4164725 ], [ 2.193247, 41.4166402 ], [ 2.1932935, 41.4168024 ], [ 2.1934199, 41.4171536 ], [ 2.1934682, 41.4172878 ], [ 2.1934863, 41.4173383 ], [ 2.19391, 41.4184835 ], [ 2.1940332, 41.4188163 ], [ 2.1949993, 41.4217298 ], [ 2.1952187, 41.4223914 ], [ 2.1952384, 41.4223879 ], [ 2.1954874, 41.4223437 ], [ 2.1955322, 41.4224542 ], [ 2.1955388, 41.4224722 ], [ 2.1955406, 41.422477 ], [ 2.1955425, 41.4224822 ], [ 2.1955818, 41.4225888 ], [ 2.1955946, 41.4226235 ], [ 2.1955949, 41.4226244 ], [ 2.1955957, 41.4226266 ], [ 2.195601, 41.4226409 ], [ 2.1956036, 41.4226481 ], [ 2.1956045, 41.4226505 ], [ 2.1956003, 41.4226684 ], [ 2.1955976, 41.4226799 ], [ 2.1956289, 41.4228664 ], [ 2.1956586, 41.4230433 ], [ 2.1956694, 41.4231075 ], [ 2.1956882, 41.4232196 ], [ 2.1956962, 41.423267 ], [ 2.1957082, 41.423339 ], [ 2.1957159, 41.4233843 ], [ 2.1957199, 41.4234083 ], [ 2.1957663, 41.4236849 ], [ 2.1957717, 41.4237173 ], [ 2.1957746, 41.4237341 ], [ 2.1958014, 41.4238942 ], [ 2.1958028, 41.4239026 ], [ 2.195808, 41.4239335 ], [ 2.1958265, 41.4240437 ], [ 2.1958488, 41.4241769 ], [ 2.1958663, 41.4242813 ], [ 2.1958902, 41.4244241 ], [ 2.1959004, 41.4244427 ], [ 2.1959073, 41.4244551 ], [ 2.1959159, 41.424484 ], [ 2.1959369, 41.4245546 ], [ 2.1959613, 41.4246368 ], [ 2.1959776, 41.4246908 ], [ 2.1960402, 41.4248975 ], [ 2.1960565, 41.4249553 ], [ 2.1960589, 41.424964 ], [ 2.1960694, 41.4250013 ], [ 2.196076, 41.4250251 ], [ 2.1960844, 41.4250547 ], [ 2.1960846, 41.4250556 ], [ 2.1960863, 41.4250617 ], [ 2.1960925, 41.4250836 ], [ 2.1961022, 41.4251185 ], [ 2.1961585, 41.4253195 ], [ 2.1961854, 41.4254109 ], [ 2.1961919, 41.4254328 ], [ 2.1962215, 41.4255333 ], [ 2.1962274, 41.425553 ], [ 2.1962279, 41.4255549 ], [ 2.1963297, 41.4259155 ], [ 2.1963313, 41.4259211 ], [ 2.1963316, 41.4259224 ], [ 2.1964102, 41.4262005 ], [ 2.1964396, 41.4263049 ], [ 2.1964436, 41.4263188 ], [ 2.1964473, 41.4263321 ], [ 2.1965251, 41.4265092 ], [ 2.1965366, 41.4265483 ], [ 2.1965373, 41.4265508 ], [ 2.196538, 41.4265529 ], [ 2.196539, 41.4265565 ], [ 2.1965391, 41.4265567 ], [ 2.1965399, 41.4265597 ], [ 2.1965402, 41.4265606 ], [ 2.1965406, 41.4265619 ], [ 2.1965408, 41.4265628 ], [ 2.1965411, 41.4265636 ], [ 2.1965414, 41.4265648 ], [ 2.1965414, 41.4265648 ], [ 2.1965447, 41.426576 ], [ 2.196546, 41.4265806 ], [ 2.196548, 41.4265872 ], [ 2.1965066, 41.4266123 ], [ 2.1964253, 41.4266617 ], [ 2.1959288, 41.426918 ], [ 2.195638, 41.4270828 ], [ 2.1952674, 41.427257 ], [ 2.1948788, 41.4274311 ], [ 2.1944286, 41.427637 ], [ 2.1942024, 41.4277404 ], [ 2.1939532, 41.4278565 ], [ 2.1939236, 41.4279111 ], [ 2.1939147, 41.4281969 ], [ 2.1936189, 41.4281814 ], [ 2.1936182, 41.4281813 ], [ 2.1924284, 41.4278757 ], [ 2.1918211, 41.4277966 ], [ 2.1915449, 41.4277653 ], [ 2.1911644, 41.4277392 ], [ 2.1909887, 41.4277214 ], [ 2.1908758, 41.4277174 ], [ 2.1907312, 41.4277163 ], [ 2.1907122, 41.4277164 ], [ 2.1904396, 41.4277201 ], [ 2.190419, 41.427722 ], [ 2.1903971, 41.4277246 ], [ 2.1903753, 41.4277279 ], [ 2.1903537, 41.4277319 ], [ 2.1903313, 41.4277367 ], [ 2.1902199, 41.4277587 ], [ 2.1893736, 41.4279382 ], [ 2.1892626, 41.4279583 ], [ 2.1892255, 41.4279674 ], [ 2.1889901, 41.4280248 ], [ 2.1888966, 41.428055 ], [ 2.1887474, 41.428117 ], [ 2.1883938, 41.4282991 ], [ 2.1880401, 41.4284706 ], [ 2.1879116, 41.428525 ], [ 2.1877106, 41.4286025 ], [ 2.1872876, 41.4286239 ], [ 2.1870133, 41.4286269 ], [ 2.1864903, 41.4286322 ], [ 2.1860072, 41.4286361 ], [ 2.1859885, 41.4286364 ], [ 2.1855489, 41.4286426 ], [ 2.1847809, 41.4286502 ] ] ] } },
{ "type": "Feature", "properties": { "id": "62", "name": "el Congrés i els Indians", "housing2025": 7141.0, "housing2026": 7146.0, "hutCount": 6, "hutPending": 0, "hutAllRecords": 6, "hutStrictGeometry": 6, "hutBeds": 29.0, "missingBeds": 0, "rent2019": 12.067316586764914, "rentMonth2019": 793.42722560975619, "contracts2019": 328.0, "rent2020": 12.516271443092004, "rentMonth2020": 804.9496212121212, "contracts2020": 264.0, "rent2021": 11.68448480303846, "rentMonth2021": 775.45964912280692, "contracts2021": 399.0, "rent2022": 12.45548468352526, "rentMonth2022": 830.64767741935509, "contracts2022": 310.0, "rent2023": 14.018520946184692, "rentMonth2023": 924.38308943089407, "contracts2023": 246.0, "rent2024": 14.608531232436851, "rentMonth2024": 945.32010050251267, "contracts2024": 199.0, "rent2025": 14.202964014037599, "rentMonth2025": 898.31798206277995, "contracts2025": 223.0, "hutIntensity": 0.83963056255247692, "hutInclusiveIntensity": 0.83963056255247692, "hutStrictIntensity": 0.83963056255247692, "rentChange": 14.029797915642028, "contractIntensity": 31.228119311020865, "comparable": true, "validRent2025": true, "validRentChange": true, "validContractActivity": true, "qualityFlag": "comparable", "platform2025": 57, "platformEntire2025": 19, "platformIntensity2025": 2.6606917798627645, "overlapClass": "neither", "changeClass": "neither", "thresholdStable": true, "caseFlag": false }, "geometry": { "type": "Polygon", "coordinates": [ [ [ 2.1808334, 41.4194611 ], [ 2.1810891, 41.4196499 ], [ 2.1811942, 41.4197276 ], [ 2.1816569, 41.4200798 ], [ 2.182061, 41.4203829 ], [ 2.182222, 41.4205003 ], [ 2.1833323, 41.4213236 ], [ 2.1834443, 41.4214067 ], [ 2.1839266, 41.4217587 ], [ 2.183938, 41.4226589 ], [ 2.1839444, 41.4231634 ], [ 2.1840953, 41.424066 ], [ 2.1842046, 41.4247193 ], [ 2.1841944, 41.4254376 ], [ 2.1842027, 41.4267903 ], [ 2.1842984, 41.4276445 ], [ 2.1825325, 41.4277143 ], [ 2.1798197, 41.4278215 ], [ 2.1794433, 41.4278364 ], [ 2.1791804, 41.4278777 ], [ 2.1790702, 41.4278949 ], [ 2.17849, 41.427986 ], [ 2.1772919, 41.4281739 ], [ 2.1772572, 41.4277644 ], [ 2.1772213, 41.4273416 ], [ 2.1772311, 41.4271192 ], [ 2.1773035, 41.4254877 ], [ 2.1768806, 41.425475 ], [ 2.1762124, 41.4254549 ], [ 2.176064, 41.4254505 ], [ 2.1762201, 41.4253263 ], [ 2.1765322, 41.4249925 ], [ 2.1765428, 41.424981 ], [ 2.1769687, 41.4245182 ], [ 2.1782472, 41.423129 ], [ 2.1786122, 41.4227323 ], [ 2.1789718, 41.4223416 ], [ 2.1797605, 41.4214845 ], [ 2.1803376, 41.4208574 ], [ 2.1804702, 41.4207134 ], [ 2.1806265, 41.4205208 ], [ 2.1806583, 41.4204817 ], [ 2.1807461, 41.4203545 ], [ 2.1807956, 41.4202367 ], [ 2.1808348, 41.4200338 ], [ 2.1808275, 41.4198361 ], [ 2.1807256, 41.4193815 ], [ 2.1808334, 41.4194611 ] ] ] } },
{ "type": "Feature", "properties": { "id": "63", "name": "Navas", "housing2025": 10474.0, "housing2026": 10486.0, "hutCount": 24, "hutPending": 0, "hutAllRecords": 24, "hutStrictGeometry": 24, "hutBeds": 115.0, "missingBeds": 0, "rent2019": 12.426713511487884, "rentMonth2019": 853.360618336887, "contracts2019": 469.0, "rent2020": 12.668060270894255, "rentMonth2020": 864.07182819383274, "contracts2020": 454.0, "rent2021": 11.884037627933084, "rentMonth2021": 820.30460595446539, "contracts2021": 571.0, "rent2022": 12.649498782912758, "rentMonth2022": 884.2131779661014, "contracts2022": 472.0, "rent2023": 14.454758450560355, "rentMonth2023": 974.31435233160607, "contracts2023": 386.0, "rent2024": 14.342377921650485, "rentMonth2024": 989.81012307692367, "contracts2024": 325.0, "rent2025": 14.692285043043301, "rentMonth2025": 980.12777070063692, "contracts2025": 314.0, "hutIntensity": 2.2887659736791912, "hutInclusiveIntensity": 2.2887659736791912, "hutStrictIntensity": 2.2887659736791912, "rentChange": 16.149147845209377, "contractIntensity": 29.978995608172617, "comparable": true, "validRent2025": true, "validRentChange": true, "validContractActivity": true, "qualityFlag": "comparable", "platform2025": 68, "platformEntire2025": 30, "platformIntensity2025": 2.8642352491884666, "overlapClass": "neither", "changeClass": "rent", "thresholdStable": true, "caseFlag": false }, "geometry": { "type": "Polygon", "coordinates": [ [ [ 2.1890013, 41.4188099 ], [ 2.1872183, 41.4201665 ], [ 2.1869202, 41.4203866 ], [ 2.1868149, 41.4204644 ], [ 2.1868146, 41.4204646 ], [ 2.1854761, 41.4214894 ], [ 2.1845334, 41.4222069 ], [ 2.183938, 41.4226589 ], [ 2.1839266, 41.4217587 ], [ 2.1834443, 41.4214067 ], [ 2.1833323, 41.4213236 ], [ 2.182222, 41.4205003 ], [ 2.182061, 41.4203829 ], [ 2.1816569, 41.4200798 ], [ 2.1811942, 41.4197276 ], [ 2.1810891, 41.4196499 ], [ 2.1808334, 41.4194611 ], [ 2.1807256, 41.4193815 ], [ 2.1805629, 41.4186555 ], [ 2.180504, 41.4183929 ], [ 2.1804908, 41.4183341 ], [ 2.1803949, 41.4174822 ], [ 2.1804045, 41.4163735 ], [ 2.1804844, 41.4158318 ], [ 2.1822075, 41.4171009 ], [ 2.1829577, 41.4176534 ], [ 2.183361, 41.4179505 ], [ 2.1844209, 41.4171537 ], [ 2.1851285, 41.4166217 ], [ 2.1854346, 41.4163915 ], [ 2.1862706, 41.415763 ], [ 2.1869026, 41.4152878 ], [ 2.1877006, 41.4146879 ], [ 2.1880014, 41.4144617 ], [ 2.189034, 41.4136775 ], [ 2.1901508, 41.4145392 ], [ 2.190155, 41.4145424 ], [ 2.1909775, 41.4151684 ], [ 2.191109, 41.4155426 ], [ 2.191109, 41.4155427 ], [ 2.1912066, 41.4157789 ], [ 2.191351, 41.4162952 ], [ 2.1914151, 41.4167139 ], [ 2.1914339, 41.4169408 ], [ 2.1912499, 41.4170766 ], [ 2.1901081, 41.4179622 ], [ 2.1890013, 41.4188099 ] ] ] } },
{ "type": "Feature", "properties": { "id": "64", "name": "el Camp de l'Arpa del Clot", "housing2025": 20205.0, "housing2026": 20198.0, "hutCount": 295, "hutPending": 0, "hutAllRecords": 295, "hutStrictGeometry": 295, "hutBeds": 1509.0, "missingBeds": 0, "rent2019": 13.541243796410017, "rentMonth2019": 855.99569124423988, "contracts2019": 1302.0, "rent2020": 13.573541111275508, "rentMonth2020": 862.82697282099355, "contracts2020": 1067.0, "rent2021": 12.995535171707012, "rentMonth2021": 820.02357541899482, "contracts2021": 1432.0, "rent2022": 14.143477365962092, "rentMonth2022": 894.07951096121405, "contracts2022": 1186.0, "rent2023": 15.763083502801992, "rentMonth2023": 982.47713646532463, "contracts2023": 894.0, "rent2024": 15.64902092860501, "rentMonth2024": 982.72396396396402, "contracts2024": 777.0, "rent2025": 15.9923274786573, "rentMonth2025": 981.6203062583221, "contracts2025": 751.0, "hutIntensity": 14.605406475888701, "hutInclusiveIntensity": 14.605406475888701, "hutStrictIntensity": 14.605406475888701, "rentChange": 13.072104298372045, "contractIntensity": 37.169017569908441, "comparable": true, "validRent2025": true, "validRentChange": true, "validContractActivity": true, "qualityFlag": "comparable", "platform2025": 291, "platformEntire2025": 196, "platformIntensity2025": 9.7005691660480071, "overlapClass": "tourism", "changeClass": "tourism", "thresholdStable": false, "caseFlag": false }, "geometry": { "type": "Polygon", "coordinates": [ [ [ 2.1845313, 41.406912 ], [ 2.1851001, 41.4073296 ], [ 2.1852477, 41.4074379 ], [ 2.1857338, 41.4077958 ], [ 2.1867229, 41.4085425 ], [ 2.1868605, 41.4086474 ], [ 2.18689, 41.4119229 ], [ 2.1868915, 41.4120934 ], [ 2.1868924, 41.4121908 ], [ 2.1868926, 41.4122094 ], [ 2.1868962, 41.412716 ], [ 2.1868996, 41.4132762 ], [ 2.1869004, 41.4134255 ], [ 2.1869018, 41.4137003 ], [ 2.1869022, 41.4138997 ], [ 2.1869023, 41.4139168 ], [ 2.1869031, 41.4142949 ], [ 2.1869033, 41.414343 ], [ 2.1869062, 41.4150203 ], [ 2.1869026, 41.4152878 ], [ 2.1862706, 41.415763 ], [ 2.1854346, 41.4163915 ], [ 2.1851285, 41.4166217 ], [ 2.1844209, 41.4171537 ], [ 2.183361, 41.4179505 ], [ 2.1829577, 41.4176534 ], [ 2.1822075, 41.4171009 ], [ 2.1804844, 41.4158318 ], [ 2.1801887, 41.4156081 ], [ 2.1789887, 41.4147003 ], [ 2.1788234, 41.4145752 ], [ 2.1767589, 41.4130133 ], [ 2.1766429, 41.4129255 ], [ 2.1754678, 41.4120364 ], [ 2.176594, 41.4111831 ], [ 2.176893, 41.4109566 ], [ 2.1771533, 41.4107594 ], [ 2.1774633, 41.4105245 ], [ 2.1777235, 41.4103273 ], [ 2.1788798, 41.4094495 ], [ 2.1800193, 41.4085877 ], [ 2.1811163, 41.4077564 ], [ 2.1822521, 41.4068937 ], [ 2.1831025, 41.4062512 ], [ 2.1833826, 41.4060389 ], [ 2.1845313, 41.406912 ] ] ] } },
{ "type": "Feature", "properties": { "id": "65", "name": "el Clot", "housing2025": 12620.0, "housing2026": 12619.0, "hutCount": 52, "hutPending": 0, "hutAllRecords": 52, "hutStrictGeometry": 52, "hutBeds": 267.0, "missingBeds": 0, "rent2019": 13.24594657998683, "rentMonth2019": 856.54208333333349, "contracts2019": 648.0, "rent2020": 13.346723093321774, "rentMonth2020": 872.0920572450807, "contracts2020": 559.0, "rent2021": 12.882361298247163, "rentMonth2021": 825.67410884353717, "contracts2021": 735.0, "rent2022": 13.625715053753668, "rentMonth2022": 904.06231560891922, "contracts2022": 583.0, "rent2023": 15.40462450527839, "rentMonth2023": 1031.80082278481, "contracts2023": 474.0, "rent2024": 15.57319084535038, "rentMonth2024": 1032.6663209876544, "contracts2024": 405.0, "rent2025": 15.6496951072948, "rentMonth2025": 966.254373464374, "contracts2025": 407.0, "hutIntensity": 4.1207702670576118, "hutInclusiveIntensity": 4.1207702670576118, "hutStrictIntensity": 4.1207702670576118, "rentChange": 14.854119916323638, "contractIntensity": 32.250396196513471, "comparable": true, "validRent2025": true, "validRentChange": true, "validContractActivity": true, "qualityFlag": "comparable", "platform2025": 97, "platformEntire2025": 43, "platformIntensity2025": 3.4072900158478605, "overlapClass": "neither", "changeClass": "neither", "thresholdStable": true, "caseFlag": false }, "geometry": { "type": "Polygon", "coordinates": [ [ [ 2.1924144, 41.4145454 ], [ 2.1923679, 41.4145809 ], [ 2.191109, 41.4155427 ], [ 2.191109, 41.4155426 ], [ 2.1909775, 41.4151684 ], [ 2.190155, 41.4145424 ], [ 2.1901508, 41.4145392 ], [ 2.189034, 41.4136775 ], [ 2.1880014, 41.4144617 ], [ 2.1877006, 41.4146879 ], [ 2.1869026, 41.4152878 ], [ 2.1869062, 41.4150203 ], [ 2.1869033, 41.414343 ], [ 2.1869031, 41.4142949 ], [ 2.1869023, 41.4139168 ], [ 2.1869022, 41.4138997 ], [ 2.1869018, 41.4137003 ], [ 2.1869004, 41.4134255 ], [ 2.1868996, 41.4132762 ], [ 2.1868962, 41.412716 ], [ 2.1868926, 41.4122094 ], [ 2.1868924, 41.4121908 ], [ 2.1868915, 41.4120934 ], [ 2.18689, 41.4119229 ], [ 2.1868605, 41.4086474 ], [ 2.1867229, 41.4085425 ], [ 2.1857338, 41.4077958 ], [ 2.1852477, 41.4074379 ], [ 2.1851001, 41.4073296 ], [ 2.1845313, 41.406912 ], [ 2.1833826, 41.4060389 ], [ 2.1849453, 41.4048546 ], [ 2.1856693, 41.4043058 ], [ 2.1860148, 41.4040481 ], [ 2.1861673, 41.4041545 ], [ 2.1861905, 41.4041669 ], [ 2.1863409, 41.4042471 ], [ 2.1865314, 41.4043308 ], [ 2.1867105, 41.4043864 ], [ 2.1869139, 41.4044194 ], [ 2.1870896, 41.404435 ], [ 2.1870908, 41.4044349 ], [ 2.1873036, 41.4044016 ], [ 2.1873292, 41.4043944 ], [ 2.1875, 41.4043461 ], [ 2.1876188, 41.4043125 ], [ 2.1877771, 41.404239 ], [ 2.1878515, 41.4041965 ], [ 2.1878987, 41.4041696 ], [ 2.1879132, 41.4041587 ], [ 2.1879599, 41.404194 ], [ 2.1882799, 41.4044361 ], [ 2.1885097, 41.4046086 ], [ 2.1886018, 41.4046777 ], [ 2.1900726, 41.4057813 ], [ 2.19142, 41.4067953 ], [ 2.1914257, 41.4067995 ], [ 2.1925451, 41.4076532 ], [ 2.1925455, 41.4076535 ], [ 2.1932592, 41.4081851 ], [ 2.194802, 41.4093313 ], [ 2.1970798, 41.4110373 ], [ 2.197037, 41.411071 ], [ 2.1969608, 41.4111311 ], [ 2.1968414, 41.4112186 ], [ 2.1966766, 41.4113422 ], [ 2.1966304, 41.4113769 ], [ 2.1965892, 41.4114076 ], [ 2.1964368, 41.4115215 ], [ 2.1961679, 41.411723 ], [ 2.1958347, 41.4119732 ], [ 2.1952488, 41.4124179 ], [ 2.1951346, 41.4125011 ], [ 2.194985, 41.4126098 ], [ 2.1947792, 41.4127676 ], [ 2.1946746, 41.4128433 ], [ 2.1946619, 41.4128525 ], [ 2.1945612, 41.4129258 ], [ 2.1944219, 41.4130346 ], [ 2.1942264, 41.4131825 ], [ 2.1940455, 41.4133195 ], [ 2.1938948, 41.4134332 ], [ 2.1937421, 41.413552 ], [ 2.1935485, 41.4136933 ], [ 2.1924144, 41.4145454 ] ] ] } },
{ "type": "Feature", "properties": { "id": "66", "name": "el Parc i la Llacuna del Poblenou", "housing2025": 7910.0, "housing2026": 7925.0, "hutCount": 101, "hutPending": 1, "hutAllRecords": 102, "hutStrictGeometry": 101, "hutBeds": 524.0, "missingBeds": 0, "rent2019": 15.015566029766919, "rentMonth2019": 1014.724459770115, "contracts2019": 435.0, "rent2020": 14.332802815040129, "rentMonth2020": 974.31973770491811, "contracts2020": 305.0, "rent2021": 14.272644336265882, "rentMonth2021": 972.11867881548972, "contracts2021": 439.0, "rent2022": 15.896862868284961, "rentMonth2022": 1150.1721596244131, "contracts2022": 426.0, "rent2023": 17.253219078700692, "rentMonth2023": 1238.0689836065576, "contracts2023": 305.0, "rent2024": 16.861980884162598, "rentMonth2024": 1161.6616988416984, "contracts2024": 259.0, "rent2025": 18.209710556139001, "rentMonth2025": 1258.1155454545501, "contracts2025": 220.0, "hutIntensity": 12.74447949526814, "hutInclusiveIntensity": 12.870662460567823, "hutStrictIntensity": 12.74447949526814, "rentChange": 14.549082463737474, "contractIntensity": 27.812895069532239, "comparable": true, "validRent2025": true, "validRentChange": true, "validContractActivity": true, "qualityFlag": "pending_registry_records_retained_in_audit", "platform2025": 176, "platformEntire2025": 125, "platformIntensity2025": 15.802781289506953, "overlapClass": "both", "changeClass": "tourism", "thresholdStable": false, "caseFlag": false }, "geometry": { "type": "Polygon", "coordinates": [ [ [ 2.1937911, 41.4050086 ], [ 2.1936369, 41.4051249 ], [ 2.1926799, 41.4058565 ], [ 2.1915986, 41.4066688 ], [ 2.1914257, 41.4067995 ], [ 2.19142, 41.4067953 ], [ 2.1900726, 41.4057813 ], [ 2.1886018, 41.4046777 ], [ 2.1885097, 41.4046086 ], [ 2.1882799, 41.4044361 ], [ 2.1879599, 41.404194 ], [ 2.1879132, 41.4041587 ], [ 2.1878987, 41.4041696 ], [ 2.1878515, 41.4041965 ], [ 2.1877771, 41.404239 ], [ 2.1876188, 41.4043125 ], [ 2.1875, 41.4043461 ], [ 2.1873292, 41.4043944 ], [ 2.1873036, 41.4044016 ], [ 2.1870908, 41.4044349 ], [ 2.1870896, 41.404435 ], [ 2.1869139, 41.4044194 ], [ 2.1867105, 41.4043864 ], [ 2.1865314, 41.4043308 ], [ 2.1863409, 41.4042471 ], [ 2.1861905, 41.4041669 ], [ 2.1861673, 41.4041545 ], [ 2.1860148, 41.4040481 ], [ 2.1856693, 41.4043058 ], [ 2.1855901, 41.4042466 ], [ 2.1846085, 41.4035124 ], [ 2.184527, 41.4034515 ], [ 2.1849636, 41.4031206 ], [ 2.1849668, 41.4031182 ], [ 2.1851753, 41.4029602 ], [ 2.1857367, 41.4025347 ], [ 2.1858635, 41.4024386 ], [ 2.1867385, 41.4017754 ], [ 2.1868955, 41.4016564 ], [ 2.1868955, 41.4016545 ], [ 2.1868919, 41.4008674 ], [ 2.186887, 41.3997553 ], [ 2.1868857, 41.399467 ], [ 2.1868802, 41.3982421 ], [ 2.1868729, 41.3966179 ], [ 2.186866, 41.3950711 ], [ 2.1868655, 41.3949684 ], [ 2.1868195, 41.3949588 ], [ 2.1867766, 41.3949429 ], [ 2.1867384, 41.3949213 ], [ 2.1867283, 41.3949131 ], [ 2.1867061, 41.3948948 ], [ 2.1866809, 41.3948642 ], [ 2.1866637, 41.3948306 ], [ 2.186655, 41.3947952 ], [ 2.1866552, 41.3947593 ], [ 2.1866643, 41.3947239 ], [ 2.1866818, 41.3946905 ], [ 2.1867073, 41.3946601 ], [ 2.1867317, 41.3946395 ], [ 2.1858111, 41.3939583 ], [ 2.1846752, 41.3931178 ], [ 2.1838845, 41.3925327 ], [ 2.1835273, 41.3922684 ], [ 2.182381, 41.3914201 ], [ 2.1834514, 41.390612 ], [ 2.1845856, 41.3897555 ], [ 2.1867697, 41.3913926 ], [ 2.1869841, 41.3912303 ], [ 2.187181, 41.3910813 ], [ 2.1872692, 41.3910145 ], [ 2.1875, 41.3908398 ], [ 2.1878953, 41.3905407 ], [ 2.1891195, 41.391456 ], [ 2.1902256, 41.3922734 ], [ 2.1914008, 41.3931106 ], [ 2.1925276, 41.393924 ], [ 2.194968, 41.3956854 ], [ 2.1960354, 41.396462 ], [ 2.194921, 41.3973014 ], [ 2.19388, 41.3980937 ], [ 2.1940095, 41.3982506 ], [ 2.1941639, 41.3984376 ], [ 2.1942179, 41.3985031 ], [ 2.1947538, 41.3991614 ], [ 2.1954374, 41.4000011 ], [ 2.1956222, 41.400227 ], [ 2.1956291, 41.4002354 ], [ 2.1964883, 41.4012815 ], [ 2.1967682, 41.4016342 ], [ 2.1970258, 41.4019415 ], [ 2.1973303, 41.4023147 ], [ 2.1973344, 41.4023202 ], [ 2.1960913, 41.4032691 ], [ 2.195451, 41.4037501 ], [ 2.1952046, 41.4039363 ], [ 2.1949512, 41.4041335 ], [ 2.1937911, 41.4050086 ] ] ] } },
{ "type": "Feature", "properties": { "id": "67", "name": "la Vila Olímpica del Poblenou", "housing2025": 4725.0, "housing2026": 4751.0, "hutCount": 105, "hutPending": 0, "hutAllRecords": 105, "hutStrictGeometry": 105, "hutBeds": 704.0, "missingBeds": 0, "rent2019": 17.547806830599498, "rentMonth2019": 1361.6516666666669, "contracts2019": 264.0, "rent2020": 17.656044704791043, "rentMonth2020": 1376.5930392156861, "contracts2020": 204.0, "rent2021": 16.762442255041197, "rentMonth2021": 1308.9266542750927, "contracts2021": 269.0, "rent2022": 19.105777159678055, "rentMonth2022": 1426.2726923076923, "contracts2022": 208.0, "rent2023": 20.38012328039374, "rentMonth2023": 1495.5472289156626, "contracts2023": 166.0, "rent2024": 21.87199817851748, "rentMonth2024": 1677.1723809523808, "contracts2024": 147.0, "rent2025": 20.8162064021469, "rentMonth2025": 1613.3553571428599, "contracts2025": 168.0, "hutIntensity": 22.100610397810986, "hutInclusiveIntensity": 22.100610397810986, "hutStrictIntensity": 22.100610397810986, "rentChange": 8.952419093836351, "contractIntensity": 35.555555555555557, "comparable": true, "validRent2025": true, "validRentChange": true, "validContractActivity": true, "qualityFlag": "comparable", "platform2025": 146, "platformEntire2025": 124, "platformIntensity2025": 26.243386243386244, "overlapClass": "both", "changeClass": "tourism", "thresholdStable": true, "caseFlag": false }, "geometry": { "type": "Polygon", "coordinates": [ [ [ 2.1998069, 41.3936218 ], [ 2.1983256, 41.3947492 ], [ 2.197196, 41.3955966 ], [ 2.1960354, 41.396462 ], [ 2.194968, 41.3956854 ], [ 2.1925276, 41.393924 ], [ 2.1914008, 41.3931106 ], [ 2.1902256, 41.3922734 ], [ 2.1891195, 41.391456 ], [ 2.1878953, 41.3905407 ], [ 2.1881785, 41.3903264 ], [ 2.1884695, 41.3901056 ], [ 2.1887385, 41.3899015 ], [ 2.189077, 41.3896468 ], [ 2.1890771, 41.3896468 ], [ 2.189149, 41.3895927 ], [ 2.1894397, 41.389374 ], [ 2.189719, 41.3891639 ], [ 2.1904962, 41.3885792 ], [ 2.1906755, 41.3884443 ], [ 2.1912337, 41.3880243 ], [ 2.1914175, 41.3878814 ], [ 2.1914854, 41.3878311 ], [ 2.1914881, 41.3878331 ], [ 2.1918413, 41.3875619 ], [ 2.1919209, 41.3875007 ], [ 2.1920499, 41.3874066 ], [ 2.1920465, 41.3874041 ], [ 2.192399, 41.3871365 ], [ 2.1923982, 41.3871355 ], [ 2.1925613, 41.3870124 ], [ 2.1926029, 41.3869804 ], [ 2.1926776, 41.3869227 ], [ 2.1927459, 41.3868695 ], [ 2.1928437, 41.3867949 ], [ 2.1928815, 41.3867663 ], [ 2.1929078, 41.3867446 ], [ 2.1929086, 41.3867459 ], [ 2.1929446, 41.3867186 ], [ 2.1929975, 41.3866789 ], [ 2.1930612, 41.3866309 ], [ 2.1930789, 41.3866177 ], [ 2.1931034, 41.3865995 ], [ 2.1933298, 41.3864307 ], [ 2.1933447, 41.3864196 ], [ 2.1933584, 41.3864094 ], [ 2.1933623, 41.3864065 ], [ 2.1934753, 41.3863168 ], [ 2.1934772, 41.3863153 ], [ 2.1935727, 41.3862395 ], [ 2.1935999, 41.3862596 ], [ 2.1957546, 41.3878524 ], [ 2.1958062, 41.3878134 ], [ 2.1958026, 41.3877858 ], [ 2.1958026, 41.3877488 ], [ 2.1958146, 41.3876963 ], [ 2.1958379, 41.3876481 ], [ 2.1958649, 41.3876124 ], [ 2.1959064, 41.3875708 ], [ 2.1959494, 41.3875383 ], [ 2.1959978, 41.3875117 ], [ 2.196058, 41.3874884 ], [ 2.1961111, 41.3874717 ], [ 2.1961727, 41.3874586 ], [ 2.1962288, 41.3874542 ], [ 2.196314, 41.3874541 ], [ 2.1963753, 41.3874565 ], [ 2.1964197, 41.3874657 ], [ 2.1980003, 41.3862796 ], [ 2.1997222, 41.3849874 ], [ 2.1997606, 41.3850144 ], [ 2.1998419, 41.3850745 ], [ 2.1999096, 41.385128 ], [ 2.1999861, 41.3851924 ], [ 2.1999502, 41.3852394 ], [ 2.1999133, 41.3852101 ], [ 2.1997622, 41.3853242 ], [ 2.1998367, 41.3853833 ], [ 2.1995884, 41.3857012 ], [ 2.1994221, 41.3855798 ], [ 2.1992879, 41.3856796 ], [ 2.199489, 41.3858324 ], [ 2.1983133, 41.3867184 ], [ 2.1984302, 41.3868085 ], [ 2.1983125, 41.3868952 ], [ 2.1990786, 41.3874738 ], [ 2.1993802, 41.3876987 ], [ 2.1996677, 41.3879169 ], [ 2.1999741, 41.388145 ], [ 2.2002207, 41.3883324 ], [ 2.2003414, 41.3882437 ], [ 2.2004575, 41.3883329 ], [ 2.2019635, 41.3871976 ], [ 2.2001965, 41.3858681 ], [ 2.2008358, 41.3853852 ], [ 2.2011249, 41.3855996 ], [ 2.2009854, 41.3857044 ], [ 2.2010364, 41.385742 ], [ 2.2011742, 41.3856387 ], [ 2.2014092, 41.3858153 ], [ 2.2012038, 41.3859726 ], [ 2.2016624, 41.3863181 ], [ 2.202097, 41.3866442 ], [ 2.2021476, 41.3866057 ], [ 2.2021876, 41.386636 ], [ 2.2021381, 41.3866742 ], [ 2.2023972, 41.3868714 ], [ 2.2026034, 41.3867155 ], [ 2.2025152, 41.3866482 ], [ 2.2025337, 41.3866343 ], [ 2.2026224, 41.3867011 ], [ 2.2027453, 41.3866081 ], [ 2.2026418, 41.3864712 ], [ 2.2025512, 41.3865129 ], [ 2.2025147, 41.3864646 ], [ 2.2026069, 41.3864251 ], [ 2.202466, 41.3862468 ], [ 2.2023367, 41.3860902 ], [ 2.2022063, 41.3859418 ], [ 2.2019299, 41.3856425 ], [ 2.2017962, 41.3855064 ], [ 2.2016509, 41.3853623 ], [ 2.2013949, 41.3851244 ], [ 2.2012714, 41.3850139 ], [ 2.2010073, 41.3847877 ], [ 2.2007496, 41.3845815 ], [ 2.2005049, 41.384397 ], [ 2.2003846, 41.3843147 ], [ 2.2002674, 41.3842407 ], [ 2.2001637, 41.3841785 ], [ 2.2000338, 41.3841058 ], [ 2.199896, 41.3841514 ], [ 2.1994715, 41.3839528 ], [ 2.1994494, 41.3839383 ], [ 2.1994392, 41.3839303 ], [ 2.1994291, 41.3839224 ], [ 2.1994188, 41.3839118 ], [ 2.1994154, 41.3839084 ], [ 2.1994035, 41.3838932 ], [ 2.199399, 41.3838858 ], [ 2.1993716, 41.3838922 ], [ 2.1992619, 41.3838564 ], [ 2.1991077, 41.3837903 ], [ 2.1989803, 41.3837213 ], [ 2.1988666, 41.383669 ], [ 2.1988598, 41.383661 ], [ 2.1988589, 41.3836264 ], [ 2.1988703, 41.3836074 ], [ 2.1990078, 41.3835031 ], [ 2.1991982, 41.3834514 ], [ 2.1994028, 41.3833627 ], [ 2.1994182, 41.3833611 ], [ 2.1995583, 41.3833525 ], [ 2.1997765, 41.3833525 ], [ 2.19985, 41.3833793 ], [ 2.2000564, 41.3834713 ], [ 2.2001156, 41.3835073 ], [ 2.2002349, 41.3836205 ], [ 2.200322, 41.3836618 ], [ 2.2005438, 41.3837347 ], [ 2.2005883, 41.3838368 ], [ 2.2006555, 41.383847 ], [ 2.2006694, 41.3838576 ], [ 2.2006336, 41.3839057 ], [ 2.2005942, 41.3839749 ], [ 2.2005827, 41.3839771 ], [ 2.2005287, 41.3839842 ], [ 2.2005085, 41.3839796 ], [ 2.2004539, 41.3839637 ], [ 2.2003693, 41.3839244 ], [ 2.2003318, 41.3838567 ], [ 2.2002558, 41.383806 ], [ 2.2001469, 41.3837873 ], [ 2.1999965, 41.3837212 ], [ 2.1998652, 41.3836615 ], [ 2.1998215, 41.3836308 ], [ 2.1997791, 41.3835991 ], [ 2.1997118, 41.3835801 ], [ 2.1996569, 41.3835872 ], [ 2.1996033, 41.3835842 ], [ 2.1995761, 41.3835759 ], [ 2.1995304, 41.3835766 ], [ 2.1995016, 41.3835906 ], [ 2.1995164, 41.3836216 ], [ 2.1995139, 41.3836306 ], [ 2.199504, 41.3836434 ], [ 2.1995102, 41.3836549 ], [ 2.19952, 41.3836516 ], [ 2.1995238, 41.3836503 ], [ 2.1995274, 41.3836493 ], [ 2.199538, 41.3836464 ], [ 2.1995526, 41.3836432 ], [ 2.1995676, 41.3836407 ], [ 2.1995829, 41.3836389 ], [ 2.199593, 41.3836382 ], [ 2.1995984, 41.3836379 ], [ 2.1996037, 41.3836378 ], [ 2.199614, 41.3836377 ], [ 2.1996296, 41.3836382 ], [ 2.1996451, 41.3836396 ], [ 2.1996603, 41.3836417 ], [ 2.1996752, 41.3836446 ], [ 2.1996898, 41.3836481 ], [ 2.1997038, 41.3836523 ], [ 2.1997149, 41.3836564 ], [ 2.1997172, 41.3836572 ], [ 2.19973, 41.3836625 ], [ 2.1997333, 41.3836641 ], [ 2.1997343, 41.3836645 ], [ 2.1997408, 41.3836676 ], [ 2.199754, 41.3836737 ], [ 2.1998338, 41.3837133 ], [ 2.1998903, 41.3837414 ], [ 2.2000182, 41.3838057 ], [ 2.2001455, 41.3838697 ], [ 2.2002505, 41.3839285 ], [ 2.2002863, 41.3839485 ], [ 2.2004044, 41.3840193 ], [ 2.2005116, 41.3840836 ], [ 2.2006256, 41.3841583 ], [ 2.2007327, 41.3842317 ], [ 2.200855, 41.3843222 ], [ 2.2010746, 41.3844925 ], [ 2.2012926, 41.3846686 ], [ 2.2014574, 41.3848077 ], [ 2.2016581, 41.3849841 ], [ 2.2018621, 41.385173 ], [ 2.2019682, 41.3852754 ], [ 2.2021387, 41.3854457 ], [ 2.2023154, 41.3856323 ], [ 2.2024003, 41.3857271 ], [ 2.2027318, 41.3861095 ], [ 2.2027839, 41.3861733 ], [ 2.2029054, 41.38633 ], [ 2.2031426, 41.386652 ], [ 2.2032995, 41.3868802 ], [ 2.2034386, 41.3870972 ], [ 2.2036207, 41.3874166 ], [ 2.2030546, 41.3878398 ], [ 2.2030571, 41.3878417 ], [ 2.2031272, 41.3878704 ], [ 2.2032508, 41.3879243 ], [ 2.2032599, 41.3879306 ], [ 2.203271, 41.3879429 ], [ 2.2032748, 41.3879646 ], [ 2.2033798, 41.3880581 ], [ 2.2033944, 41.3880734 ], [ 2.2034267, 41.3880996 ], [ 2.203423, 41.3881354 ], [ 2.2033899, 41.3881591 ], [ 2.2033475, 41.3881589 ], [ 2.2033164, 41.3881333 ], [ 2.2033145, 41.3880972 ], [ 2.2032239, 41.3880521 ], [ 2.203134, 41.3879751 ], [ 2.2030307, 41.3879196 ], [ 2.2030076, 41.3878786 ], [ 2.2030051, 41.3878768 ], [ 2.202991, 41.3878873 ], [ 2.202917, 41.3878305 ], [ 2.2029461, 41.38781 ], [ 2.2028331, 41.3876536 ], [ 2.2028186, 41.3876642 ], [ 2.2027782, 41.3876956 ], [ 2.2027696, 41.3876895 ], [ 2.2027514, 41.3877034 ], [ 2.2014918, 41.388654 ], [ 2.2015188, 41.3887584 ], [ 2.2015607, 41.3888345 ], [ 2.2016658, 41.3891657 ], [ 2.2018465, 41.3895187 ], [ 2.2020749, 41.3897954 ], [ 2.2025605, 41.3902151 ], [ 2.202996, 41.3904978 ], [ 2.2035457, 41.3907842 ], [ 2.203891, 41.3909159 ], [ 2.2044208, 41.3910806 ], [ 2.2047468, 41.3911115 ], [ 2.2047606, 41.3911025 ], [ 2.2047656, 41.3910977 ], [ 2.2047709, 41.3910928 ], [ 2.2047936, 41.3910759 ], [ 2.2048306, 41.3910492 ], [ 2.2048497, 41.3910355 ], [ 2.2048845, 41.3910063 ], [ 2.2049059, 41.3909885 ], [ 2.204919, 41.3909785 ], [ 2.2049254, 41.3909753 ], [ 2.2049351, 41.3909721 ], [ 2.2049534, 41.3909682 ], [ 2.2049652, 41.3909663 ], [ 2.2049752, 41.3909666 ], [ 2.2049846, 41.3909684 ], [ 2.2049897, 41.3909703 ], [ 2.2049928, 41.3909775 ], [ 2.2057592, 41.390392 ], [ 2.2058905, 41.3904911 ], [ 2.2053703, 41.3908851 ], [ 2.2053777, 41.3908932 ], [ 2.2053786, 41.3908993 ], [ 2.2053787, 41.390909 ], [ 2.2053733, 41.3909186 ], [ 2.2053596, 41.3909279 ], [ 2.2053442, 41.3909354 ], [ 2.2053167, 41.3909587 ], [ 2.2052812, 41.3909871 ], [ 2.2052392, 41.3910202 ], [ 2.2052184, 41.3910381 ], [ 2.2051793, 41.3910756 ], [ 2.205159, 41.3910939 ], [ 2.2051482, 41.3911026 ], [ 2.205122, 41.3911225 ], [ 2.2050686, 41.3911615 ], [ 2.2049617, 41.3912377 ], [ 2.204889, 41.3912949 ], [ 2.2048489, 41.3913248 ], [ 2.204831, 41.3913376 ], [ 2.2048153, 41.3913497 ], [ 2.2048017, 41.3913584 ], [ 2.2047872, 41.3913653 ], [ 2.2047649, 41.3913734 ], [ 2.2047337, 41.3913848 ], [ 2.2046918, 41.3913989 ], [ 2.2045674, 41.3914931 ], [ 2.2048225, 41.3916834 ], [ 2.204853, 41.3916602 ], [ 2.2048806, 41.3916259 ], [ 2.204902, 41.3916017 ], [ 2.2049451, 41.3915643 ], [ 2.2049927, 41.3915241 ], [ 2.2050551, 41.3914719 ], [ 2.205095, 41.3914403 ], [ 2.2051355, 41.3914094 ], [ 2.2051535, 41.3913964 ], [ 2.2051702, 41.3913772 ], [ 2.2051843, 41.3913649 ], [ 2.2052075, 41.3913502 ], [ 2.2052254, 41.3913413 ], [ 2.2052318, 41.3913351 ], [ 2.2052457, 41.3913166 ], [ 2.2053525, 41.3912311 ], [ 2.2054327, 41.3911689 ], [ 2.2054599, 41.391147 ], [ 2.2055095, 41.3911087 ], [ 2.2055401, 41.3910877 ], [ 2.2055584, 41.3910797 ], [ 2.2055684, 41.391078 ], [ 2.2055814, 41.3910774 ], [ 2.2055939, 41.3910771 ], [ 2.2056127, 41.3910818 ], [ 2.2061421, 41.3906787 ], [ 2.206271, 41.3907748 ], [ 2.2057292, 41.3911848 ], [ 2.2057312, 41.3911859 ], [ 2.2057491, 41.3911831 ], [ 2.2057503, 41.3911832 ], [ 2.2057519, 41.3911846 ], [ 2.2057535, 41.3911927 ], [ 2.2057581, 41.3912097 ], [ 2.2057583, 41.3912142 ], [ 2.2057557, 41.3912233 ], [ 2.2057512, 41.3912307 ], [ 2.2057484, 41.391234 ], [ 2.2057433, 41.3912386 ], [ 2.2057212, 41.3912521 ], [ 2.2057048, 41.3912654 ], [ 2.2056785, 41.3912864 ], [ 2.2056604, 41.3913033 ], [ 2.205657, 41.3913057 ], [ 2.2056492, 41.3913094 ], [ 2.2056325, 41.391316 ], [ 2.2056254, 41.3913204 ], [ 2.2055983, 41.3913446 ], [ 2.2055806, 41.391359 ], [ 2.205563, 41.391373 ], [ 2.2055563, 41.3913794 ], [ 2.2055483, 41.3913885 ], [ 2.205544, 41.3913929 ], [ 2.2055332, 41.3914027 ], [ 2.2055274, 41.3914072 ], [ 2.2055133, 41.3914167 ], [ 2.2055014, 41.3914251 ], [ 2.2054893, 41.3914332 ], [ 2.2054748, 41.3914438 ], [ 2.2054747, 41.3914439 ], [ 2.2050488, 41.3917637 ], [ 2.2049896, 41.3918081 ], [ 2.2046726, 41.3920461 ], [ 2.2046541, 41.3920599 ], [ 2.2043391, 41.3918193 ], [ 2.2038667, 41.392196 ], [ 2.2035492, 41.3924418 ], [ 2.2032933, 41.3926375 ], [ 2.2031006, 41.3927862 ], [ 2.2030161, 41.3928514 ], [ 2.2030099, 41.3928562 ], [ 2.2029197, 41.3929246 ], [ 2.2027357, 41.3930643 ], [ 2.2025612, 41.3931991 ], [ 2.2023814, 41.3933371 ], [ 2.2022017, 41.393473 ], [ 2.2020298, 41.3936046 ], [ 2.2018786, 41.3937253 ], [ 2.201684, 41.3938693 ], [ 2.201435, 41.3940594 ], [ 2.2011817, 41.3942547 ], [ 2.2009032, 41.3944565 ], [ 2.199884, 41.3935621 ], [ 2.1998069, 41.3936218 ] ] ] } },
{ "type": "Feature", "properties": { "id": "68", "name": "el Poblenou", "housing2025": 17367.0, "housing2026": 17390.0, "hutCount": 457, "hutPending": 2, "hutAllRecords": 459, "hutStrictGeometry": 457, "hutBeds": 2401.0, "missingBeds": 1, "rent2019": 15.083231195188253, "rentMonth2019": 1004.7234905660374, "contracts2019": 1060.0, "rent2020": 14.91812146950517, "rentMonth2020": 1002.8200235571262, "contracts2020": 849.0, "rent2021": 14.330951855513788, "rentMonth2021": 945.85897835497826, "contracts2021": 1155.0, "rent2022": 16.508805449129053, "rentMonth2022": 1079.9065424430639, "contracts2022": 966.0, "rent2023": 17.775289594271463, "rentMonth2023": 1172.8342875000003, "contracts2023": 800.0, "rent2024": 18.113000967156783, "rentMonth2024": 1211.7472134038806, "contracts2024": 567.0, "rent2025": 18.286585932800701, "rentMonth2025": 1189.53124792013, "contracts2025": 601.0, "hutIntensity": 26.279470960322023, "hutInclusiveIntensity": 26.394479585968948, "hutStrictIntensity": 26.279470960322023, "rentChange": 10.768680321236923, "contractIntensity": 34.605861691714168, "comparable": true, "validRent2025": true, "validRentChange": true, "validContractActivity": true, "qualityFlag": "pending_registry_records_retained_in_audit", "platform2025": 486, "platformEntire2025": 386, "platformIntensity2025": 22.22606092013589, "overlapClass": "both", "changeClass": "tourism", "thresholdStable": true, "caseFlag": false }, "geometry": { "type": "Polygon", "coordinates": [ [ [ 2.2092128, 41.3964255 ], [ 2.2091847, 41.3964469 ], [ 2.2091789, 41.3964513 ], [ 2.2091091, 41.3965001 ], [ 2.2093574, 41.3966821 ], [ 2.2097425, 41.3968992 ], [ 2.2100639, 41.3970225 ], [ 2.2104472, 41.3971525 ], [ 2.2105003, 41.3972241 ], [ 2.2107715, 41.3975948 ], [ 2.2108166, 41.3976564 ], [ 2.2108013, 41.3976675 ], [ 2.2107921, 41.3976742 ], [ 2.2107874, 41.3976776 ], [ 2.2107754, 41.3976863 ], [ 2.2107713, 41.3976893 ], [ 2.210771, 41.3976895 ], [ 2.2107667, 41.3976926 ], [ 2.2107263, 41.397722 ], [ 2.2106862, 41.3977511 ], [ 2.21062, 41.3977992 ], [ 2.2105582, 41.3978441 ], [ 2.2105185, 41.3978729 ], [ 2.2105049, 41.3978828 ], [ 2.2103358, 41.3980057 ], [ 2.2103278, 41.3980115 ], [ 2.2102893, 41.3980395 ], [ 2.210061, 41.3982054 ], [ 2.2098351, 41.3983695 ], [ 2.2098183, 41.3983817 ], [ 2.2098043, 41.3983919 ], [ 2.2097849, 41.398406 ], [ 2.2097696, 41.3984171 ], [ 2.2097693, 41.3984173 ], [ 2.2097662, 41.3984196 ], [ 2.2095852, 41.3985511 ], [ 2.2092945, 41.398648 ], [ 2.2085343, 41.3991962 ], [ 2.2083573, 41.399322 ], [ 2.2082175, 41.3994244 ], [ 2.2077866, 41.3997379 ], [ 2.2077842, 41.3997397 ], [ 2.2070568, 41.4002838 ], [ 2.2068777, 41.4004122 ], [ 2.2069897, 41.4005062 ], [ 2.2078684, 41.4012137 ], [ 2.2089257, 41.4020786 ], [ 2.2098901, 41.4028667 ], [ 2.2100088, 41.4029639 ], [ 2.2092251, 41.4035612 ], [ 2.2084966, 41.4041063 ], [ 2.2073813, 41.4049632 ], [ 2.2067147, 41.4054743 ], [ 2.2064858, 41.4056498 ], [ 2.206195, 41.4058744 ], [ 2.2051224, 41.4066913 ], [ 2.2042347, 41.4073616 ], [ 2.2038078, 41.4076784 ], [ 2.2020728, 41.4072485 ], [ 2.1988123, 41.4064325 ], [ 2.1975277, 41.4061074 ], [ 2.1963304, 41.4058042 ], [ 2.1963303, 41.4058041 ], [ 2.1955238, 41.4055997 ], [ 2.1955236, 41.4055997 ], [ 2.1936369, 41.4051249 ], [ 2.1937911, 41.4050086 ], [ 2.1949512, 41.4041335 ], [ 2.1952046, 41.4039363 ], [ 2.195451, 41.4037501 ], [ 2.1960913, 41.4032691 ], [ 2.1973344, 41.4023202 ], [ 2.1973303, 41.4023147 ], [ 2.1970258, 41.4019415 ], [ 2.1967682, 41.4016342 ], [ 2.1964883, 41.4012815 ], [ 2.1956291, 41.4002354 ], [ 2.1956222, 41.400227 ], [ 2.1954374, 41.4000011 ], [ 2.1947538, 41.3991614 ], [ 2.1942179, 41.3985031 ], [ 2.1941639, 41.3984376 ], [ 2.1940095, 41.3982506 ], [ 2.19388, 41.3980937 ], [ 2.194921, 41.3973014 ], [ 2.1960354, 41.396462 ], [ 2.197196, 41.3955966 ], [ 2.1983256, 41.3947492 ], [ 2.1998069, 41.3936218 ], [ 2.199884, 41.3935621 ], [ 2.2009032, 41.3944565 ], [ 2.2011817, 41.3942547 ], [ 2.201435, 41.3940594 ], [ 2.201684, 41.3938693 ], [ 2.2018786, 41.3937253 ], [ 2.2020298, 41.3936046 ], [ 2.2022017, 41.393473 ], [ 2.2023814, 41.3933371 ], [ 2.2025612, 41.3931991 ], [ 2.2027357, 41.3930643 ], [ 2.2029197, 41.3929246 ], [ 2.2030099, 41.3928562 ], [ 2.2030161, 41.3928514 ], [ 2.2031006, 41.3927862 ], [ 2.2032933, 41.3926375 ], [ 2.2035492, 41.3924418 ], [ 2.2038667, 41.392196 ], [ 2.2043391, 41.3918193 ], [ 2.2046541, 41.3920599 ], [ 2.2046726, 41.3920461 ], [ 2.2049896, 41.3918081 ], [ 2.2050488, 41.3917637 ], [ 2.2054747, 41.3914439 ], [ 2.2054748, 41.3914438 ], [ 2.2055099, 41.3915481 ], [ 2.2056762, 41.3918233 ], [ 2.2063643, 41.3928006 ], [ 2.20703, 41.3936182 ], [ 2.2076312, 41.394272 ], [ 2.2077187, 41.3943521 ], [ 2.2082026, 41.3947949 ], [ 2.2085402, 41.39504 ], [ 2.2089036, 41.3952471 ], [ 2.2094347, 41.3954755 ], [ 2.2100651, 41.3956458 ], [ 2.2100665, 41.3956435 ], [ 2.2100881, 41.3956281 ], [ 2.2101122, 41.3956082 ], [ 2.2101324, 41.395593 ], [ 2.2101596, 41.395574 ], [ 2.2101837, 41.3955569 ], [ 2.2102094, 41.3955371 ], [ 2.2102349, 41.3955147 ], [ 2.2102621, 41.3954938 ], [ 2.2102897, 41.3954735 ], [ 2.2103171, 41.3954527 ], [ 2.2103388, 41.3954354 ], [ 2.2103629, 41.395418 ], [ 2.2103897, 41.3953977 ], [ 2.2104129, 41.39538 ], [ 2.2104387, 41.3953612 ], [ 2.2104599, 41.3953472 ], [ 2.2104868, 41.395328 ], [ 2.2105153, 41.395309 ], [ 2.2105346, 41.3952977 ], [ 2.2105462, 41.3952859 ], [ 2.2105613, 41.3952698 ], [ 2.2105853, 41.3952518 ], [ 2.2106133, 41.3952329 ], [ 2.2106437, 41.3952129 ], [ 2.2106713, 41.3951935 ], [ 2.2106955, 41.3951764 ], [ 2.2107294, 41.3951554 ], [ 2.2107461, 41.3951454 ], [ 2.2107607, 41.3951402 ], [ 2.2107705, 41.3951418 ], [ 2.2107784, 41.3951545 ], [ 2.2113176, 41.3947417 ], [ 2.2114483, 41.3948386 ], [ 2.2109116, 41.3952453 ], [ 2.2109112, 41.3952455 ], [ 2.2109109, 41.3952458 ], [ 2.2109064, 41.3952492 ], [ 2.2108274, 41.3953094 ], [ 2.2109333, 41.3953891 ], [ 2.2100908, 41.39603 ], [ 2.2100056, 41.3959667 ], [ 2.2099677, 41.3959384 ], [ 2.2096618, 41.396173 ], [ 2.2096026, 41.3961288 ], [ 2.2092128, 41.3964255 ] ] ] } },
{ "type": "Feature", "properties": { "id": "69", "name": "Diagonal Mar i el Front Marítim del Poblenou", "housing2025": 6429.0, "housing2026": 6428.0, "hutCount": 127, "hutPending": 1, "hutAllRecords": 128, "hutStrictGeometry": 127, "hutBeds": 1025.0, "missingBeds": 0, "rent2019": 17.261527510142248, "rentMonth2019": 1372.3819003115259, "contracts2019": 321.0, "rent2020": 16.664812541432543, "rentMonth2020": 1171.5740625000001, "contracts2020": 320.0, "rent2021": 15.664649052924586, "rentMonth2021": 1045.1782217090081, "contracts2021": 433.0, "rent2022": 17.243561124458321, "rentMonth2022": 1247.4966780821919, "contracts2022": 292.0, "rent2023": 18.81057428732489, "rentMonth2023": 1325.1844715447155, "contracts2023": 615.0, "rent2024": 19.62908748996843, "rentMonth2024": 1359.489711934156, "contracts2024": 243.0, "rent2025": 22.386218292803999, "rentMonth2025": 1731.7062980769199, "contracts2025": 208.0, "hutIntensity": 19.757311761045425, "hutInclusiveIntensity": 19.912881144990667, "hutStrictIntensity": 19.757311761045425, "rentChange": 29.823637537673807, "contractIntensity": 32.353398662311399, "comparable": true, "validRent2025": true, "validRentChange": true, "validContractActivity": true, "qualityFlag": "pending_registry_records_retained_in_audit", "platform2025": 144, "platformEntire2025": 116, "platformIntensity2025": 18.043241561673668, "overlapClass": "both", "changeClass": "both", "thresholdStable": true, "caseFlag": false }, "geometry": { "type": "Polygon", "coordinates": [ [ [ 2.2130255, 41.4109347 ], [ 2.2118971, 41.4117981 ], [ 2.2107852, 41.4109562 ], [ 2.2096256, 41.4100964 ], [ 2.2085509, 41.4092581 ], [ 2.2077738, 41.4086727 ], [ 2.2071928, 41.4085278 ], [ 2.2054857, 41.4081015 ], [ 2.2038078, 41.4076784 ], [ 2.2042347, 41.4073616 ], [ 2.2051224, 41.4066913 ], [ 2.206195, 41.4058744 ], [ 2.2064858, 41.4056498 ], [ 2.2067147, 41.4054743 ], [ 2.2073813, 41.4049632 ], [ 2.2084966, 41.4041063 ], [ 2.2092251, 41.4035612 ], [ 2.2100088, 41.4029639 ], [ 2.2098901, 41.4028667 ], [ 2.2089257, 41.4020786 ], [ 2.2078684, 41.4012137 ], [ 2.2069897, 41.4005062 ], [ 2.2068777, 41.4004122 ], [ 2.2070568, 41.4002838 ], [ 2.2077842, 41.3997397 ], [ 2.2077866, 41.3997379 ], [ 2.2082175, 41.3994244 ], [ 2.2083573, 41.399322 ], [ 2.2085343, 41.3991962 ], [ 2.2092945, 41.398648 ], [ 2.2095852, 41.3985511 ], [ 2.2097662, 41.3984196 ], [ 2.2097693, 41.3984173 ], [ 2.2097696, 41.3984171 ], [ 2.2097849, 41.398406 ], [ 2.2098043, 41.3983919 ], [ 2.2098183, 41.3983817 ], [ 2.2098351, 41.3983695 ], [ 2.210061, 41.3982054 ], [ 2.2102893, 41.3980395 ], [ 2.2103278, 41.3980115 ], [ 2.2103358, 41.3980057 ], [ 2.2105049, 41.3978828 ], [ 2.2105185, 41.3978729 ], [ 2.2105582, 41.3978441 ], [ 2.21062, 41.3977992 ], [ 2.2106862, 41.3977511 ], [ 2.2107263, 41.397722 ], [ 2.2107667, 41.3976926 ], [ 2.210771, 41.3976895 ], [ 2.2107713, 41.3976893 ], [ 2.2107754, 41.3976863 ], [ 2.2107874, 41.3976776 ], [ 2.2107921, 41.3976742 ], [ 2.2108013, 41.3976675 ], [ 2.2108166, 41.3976564 ], [ 2.2107715, 41.3975948 ], [ 2.2105003, 41.3972241 ], [ 2.2104472, 41.3971525 ], [ 2.2100639, 41.3970225 ], [ 2.2097425, 41.3968992 ], [ 2.2093574, 41.3966821 ], [ 2.2091091, 41.3965001 ], [ 2.2091789, 41.3964513 ], [ 2.2091847, 41.3964469 ], [ 2.2092128, 41.3964255 ], [ 2.2096026, 41.3961288 ], [ 2.2096618, 41.396173 ], [ 2.2099677, 41.3959384 ], [ 2.2100056, 41.3959667 ], [ 2.2100908, 41.39603 ], [ 2.2109333, 41.3953891 ], [ 2.2108274, 41.3953094 ], [ 2.2109064, 41.3952492 ], [ 2.2109109, 41.3952458 ], [ 2.2109112, 41.3952455 ], [ 2.2109116, 41.3952453 ], [ 2.2111273, 41.3954072 ], [ 2.2112525, 41.395311 ], [ 2.2113092, 41.395353 ], [ 2.2117179, 41.3950382 ], [ 2.2118488, 41.3951342 ], [ 2.2113181, 41.3955406 ], [ 2.2113246, 41.3955464 ], [ 2.211328, 41.395553 ], [ 2.2113248, 41.3955646 ], [ 2.2113081, 41.3955784 ], [ 2.2112932, 41.3955887 ], [ 2.2112792, 41.3955973 ], [ 2.2112574, 41.3956133 ], [ 2.2112378, 41.3956293 ], [ 2.2112181, 41.3956469 ], [ 2.2112004, 41.3956645 ], [ 2.2111851, 41.3956792 ], [ 2.211167, 41.3956925 ], [ 2.2111601, 41.3956973 ], [ 2.2111424, 41.3957119 ], [ 2.2111199, 41.3957324 ], [ 2.2111013, 41.3957488 ], [ 2.2110829, 41.3957632 ], [ 2.2110647, 41.3957747 ], [ 2.2110496, 41.3957888 ], [ 2.2110331, 41.3958025 ], [ 2.2110111, 41.3958168 ], [ 2.2109916, 41.3958304 ], [ 2.2109858, 41.3958352 ], [ 2.2109498, 41.3958622 ], [ 2.210932, 41.3958758 ], [ 2.2109121, 41.3958887 ], [ 2.2108961, 41.3958997 ], [ 2.2108786, 41.3959129 ], [ 2.2108636, 41.3959251 ], [ 2.2108414, 41.3959409 ], [ 2.2108221, 41.3959548 ], [ 2.2108046, 41.3959694 ], [ 2.2107866, 41.3959839 ], [ 2.2107654, 41.3960022 ], [ 2.2107451, 41.3960188 ], [ 2.2107353, 41.396027 ], [ 2.2111124, 41.3967767 ], [ 2.2115377, 41.3973088 ], [ 2.2115602, 41.3973638 ], [ 2.2116411, 41.3974673 ], [ 2.2120111, 41.3978198 ], [ 2.2121186, 41.397954 ], [ 2.2128018, 41.398583 ], [ 2.2132327, 41.3988984 ], [ 2.2136356, 41.3991386 ], [ 2.2140708, 41.3992908 ], [ 2.2143989, 41.3993521 ], [ 2.2144068, 41.3993472 ], [ 2.214426, 41.3993353 ], [ 2.2144441, 41.3993251 ], [ 2.214463, 41.3993195 ], [ 2.2144796, 41.3993105 ], [ 2.2144944, 41.399299 ], [ 2.2145055, 41.3992872 ], [ 2.214519, 41.3992763 ], [ 2.2145343, 41.3992613 ], [ 2.214546, 41.3992477 ], [ 2.2145578, 41.3992349 ], [ 2.214569, 41.3992237 ], [ 2.2145823, 41.399213 ], [ 2.2145975, 41.3992069 ], [ 2.2146239, 41.3991895 ], [ 2.2146452, 41.3991723 ], [ 2.2146636, 41.3991585 ], [ 2.2146804, 41.3991478 ], [ 2.2147008, 41.399135 ], [ 2.2147198, 41.3991232 ], [ 2.2147388, 41.3991115 ], [ 2.214758, 41.3990995 ], [ 2.2147803, 41.3990852 ], [ 2.2148004, 41.3990678 ], [ 2.2148149, 41.3990526 ], [ 2.2148254, 41.3990386 ], [ 2.2148385, 41.399025 ], [ 2.214852, 41.3990158 ], [ 2.2148708, 41.399004 ], [ 2.2149129, 41.3989769 ], [ 2.2149296, 41.3989652 ], [ 2.2149458, 41.3989566 ], [ 2.2149645, 41.3989581 ], [ 2.2149806, 41.3989525 ], [ 2.2149958, 41.3989439 ], [ 2.2149951, 41.3989352 ], [ 2.2149923, 41.3989268 ], [ 2.214996, 41.3989135 ], [ 2.2150007, 41.3989011 ], [ 2.2150062, 41.3988866 ], [ 2.2150134, 41.3988683 ], [ 2.2150197, 41.398853 ], [ 2.2150319, 41.3988447 ], [ 2.2150451, 41.3988393 ], [ 2.2150603, 41.398832 ], [ 2.2150741, 41.3988279 ], [ 2.2150851, 41.3988158 ], [ 2.2150967, 41.3988047 ], [ 2.2151106, 41.3987945 ], [ 2.2151235, 41.3987866 ], [ 2.2151312, 41.398775 ], [ 2.2151358, 41.3987597 ], [ 2.2151499, 41.3987439 ], [ 2.2151634, 41.3987355 ], [ 2.2151801, 41.3987302 ], [ 2.215194, 41.3987275 ], [ 2.2151972, 41.3987204 ], [ 2.2152037, 41.3987122 ], [ 2.2152147, 41.398708 ], [ 2.2152237, 41.3987107 ], [ 2.2152372, 41.3987133 ], [ 2.2152501, 41.3987086 ], [ 2.2152649, 41.3987019 ], [ 2.2152812, 41.3986937 ], [ 2.2152957, 41.3986842 ], [ 2.2153088, 41.398674 ], [ 2.215323, 41.3986617 ], [ 2.2153381, 41.3986519 ], [ 2.2153628, 41.3986414 ], [ 2.2153901, 41.3986338 ], [ 2.215419, 41.3986201 ], [ 2.2154586, 41.3985956 ], [ 2.2154805, 41.3985822 ], [ 2.2155059, 41.3985766 ], [ 2.2155304, 41.3985731 ], [ 2.2155517, 41.3985761 ], [ 2.2155723, 41.3985848 ], [ 2.2155878, 41.3985953 ], [ 2.2155987, 41.3986084 ], [ 2.2155984, 41.3986222 ], [ 2.2155903, 41.3986369 ], [ 2.2155798, 41.3986502 ], [ 2.2155494, 41.3986729 ], [ 2.2155183, 41.3986938 ], [ 2.2154693, 41.3987248 ], [ 2.2154353, 41.3987462 ], [ 2.2154189, 41.3987575 ], [ 2.2154065, 41.3987729 ], [ 2.215399, 41.3987898 ], [ 2.2153873, 41.3988078 ], [ 2.2153669, 41.398825 ], [ 2.2153448, 41.3988406 ], [ 2.215337, 41.3988564 ], [ 2.2153674, 41.3988854 ], [ 2.2153963, 41.3989073 ], [ 2.2153964, 41.3989073 ], [ 2.2154213, 41.3989248 ], [ 2.2154381, 41.3989198 ], [ 2.2154599, 41.3989141 ], [ 2.2154889, 41.3989019 ], [ 2.2155034, 41.3988919 ], [ 2.2155176, 41.3988799 ], [ 2.2155331, 41.3988677 ], [ 2.215549, 41.3988574 ], [ 2.2155656, 41.3988472 ], [ 2.2155835, 41.3988375 ], [ 2.2156026, 41.3988283 ], [ 2.2156205, 41.3988205 ], [ 2.2156358, 41.3988096 ], [ 2.2156523, 41.3987999 ], [ 2.2156734, 41.3987966 ], [ 2.2157019, 41.3988099 ], [ 2.2157134, 41.39882 ], [ 2.2157197, 41.3988375 ], [ 2.2157181, 41.3988553 ], [ 2.215715, 41.3988743 ], [ 2.2157086, 41.3988938 ], [ 2.2157005, 41.3989123 ], [ 2.2156866, 41.3989284 ], [ 2.2156742, 41.3989423 ], [ 2.2156611, 41.3989546 ], [ 2.2156501, 41.3989692 ], [ 2.2156394, 41.3989844 ], [ 2.2156247, 41.3989969 ], [ 2.2156102, 41.3990099 ], [ 2.2155967, 41.3990209 ], [ 2.2155802, 41.3990323 ], [ 2.2155617, 41.3990432 ], [ 2.2155418, 41.3990507 ], [ 2.215522, 41.3990563 ], [ 2.2155039, 41.3990641 ], [ 2.2154863, 41.3990718 ], [ 2.2154646, 41.3990812 ], [ 2.2153997, 41.3991167 ], [ 2.2153888, 41.3991246 ], [ 2.2153741, 41.3991339 ], [ 2.21536, 41.3991426 ], [ 2.2153303, 41.3991613 ], [ 2.2153155, 41.3991769 ], [ 2.2153056, 41.3991917 ], [ 2.2152961, 41.399207 ], [ 2.215284, 41.3992209 ], [ 2.2152683, 41.3992318 ], [ 2.2152544, 41.3992415 ], [ 2.2152368, 41.3992525 ], [ 2.2152177, 41.3992625 ], [ 2.2151994, 41.3992697 ], [ 2.2151801, 41.3992772 ], [ 2.2151627, 41.3992848 ], [ 2.2151456, 41.3992952 ], [ 2.2151314, 41.3993066 ], [ 2.2151169, 41.3993191 ], [ 2.2151054, 41.3993288 ], [ 2.2150988, 41.3993388 ], [ 2.2150904, 41.3993501 ], [ 2.2150847, 41.3993578 ], [ 2.215082, 41.3993604 ], [ 2.2150752, 41.3993648 ], [ 2.215069, 41.3993685 ], [ 2.2150586, 41.3993758 ], [ 2.2150528, 41.3993805 ], [ 2.2150426, 41.3993907 ], [ 2.2150324, 41.3994035 ], [ 2.2150167, 41.3994127 ], [ 2.2150076, 41.3994239 ], [ 2.2149975, 41.3994332 ], [ 2.2149832, 41.3994406 ], [ 2.2149757, 41.3994467 ], [ 2.2149625, 41.3994545 ], [ 2.2149467, 41.3994617 ], [ 2.2149407, 41.3994662 ], [ 2.2149304, 41.3994763 ], [ 2.2149278, 41.3994793 ], [ 2.2149235, 41.3994854 ], [ 2.2149193, 41.3994896 ], [ 2.214915, 41.3994921 ], [ 2.2149049, 41.3994959 ], [ 2.2148977, 41.399499 ], [ 2.2148808, 41.3995092 ], [ 2.2148687, 41.399522 ], [ 2.2148637, 41.3995249 ], [ 2.214852, 41.3995295 ], [ 2.2148443, 41.3995338 ], [ 2.214828, 41.3995481 ], [ 2.2148102, 41.3995617 ], [ 2.2147914, 41.3995755 ], [ 2.2147829, 41.3995821 ], [ 2.214762, 41.3995992 ], [ 2.2147575, 41.399604 ], [ 2.21475, 41.3996142 ], [ 2.2147398, 41.3996283 ], [ 2.2147335, 41.3996348 ], [ 2.2147288, 41.3996386 ], [ 2.2147182, 41.3996456 ], [ 2.2147026, 41.3996541 ], [ 2.2146571, 41.3996767 ], [ 2.2146571, 41.3996767 ], [ 2.2146423, 41.3996857 ], [ 2.2146361, 41.3996912 ], [ 2.2146306, 41.3996998 ], [ 2.2146251, 41.3997121 ], [ 2.2146193, 41.3997188 ], [ 2.2146144, 41.3997226 ], [ 2.214607, 41.3997268 ], [ 2.214603, 41.3997285 ], [ 2.2145635, 41.3997435 ], [ 2.214562, 41.399744 ], [ 2.2149213, 41.4004756 ], [ 2.215295, 41.4010494 ], [ 2.2157127, 41.4015531 ], [ 2.2161479, 41.4019505 ], [ 2.2166141, 41.4022801 ], [ 2.2171703, 41.4025424 ], [ 2.2173408, 41.4025928 ], [ 2.2173426, 41.4025917 ], [ 2.2173649, 41.402576 ], [ 2.2173649, 41.402576 ], [ 2.2173824, 41.4025649 ], [ 2.2174038, 41.4025491 ], [ 2.2174255, 41.4025327 ], [ 2.2174506, 41.4025157 ], [ 2.2174697, 41.4025056 ], [ 2.2174801, 41.4025025 ], [ 2.2174829, 41.4024983 ], [ 2.217483, 41.4024909 ], [ 2.2174895, 41.4024877 ], [ 2.2174967, 41.4024835 ], [ 2.2175041, 41.4024846 ], [ 2.2175064, 41.4024833 ], [ 2.2175134, 41.4024761 ], [ 2.2175211, 41.4024707 ], [ 2.2175305, 41.4024656 ], [ 2.2175397, 41.402461 ], [ 2.2175414, 41.4024582 ], [ 2.217555, 41.4024481 ], [ 2.2175847, 41.4024293 ], [ 2.2176082, 41.4024122 ], [ 2.217642, 41.4023889 ], [ 2.2176587, 41.4023804 ], [ 2.2176673, 41.4023712 ], [ 2.2176746, 41.4023671 ], [ 2.2176827, 41.4023658 ], [ 2.2176965, 41.4023539 ], [ 2.2177122, 41.4023423 ], [ 2.2177241, 41.4023354 ], [ 2.2177289, 41.4023329 ], [ 2.2177445, 41.4023212 ], [ 2.2177634, 41.4023092 ], [ 2.2177827, 41.4022987 ], [ 2.2177974, 41.4022875 ], [ 2.2178113, 41.4022786 ], [ 2.2178215, 41.4022752 ], [ 2.217825, 41.4022689 ], [ 2.2178328, 41.4022664 ], [ 2.2178409, 41.4022645 ], [ 2.2178433, 41.4022595 ], [ 2.2178618, 41.4022456 ], [ 2.2178719, 41.4022425 ], [ 2.2178753, 41.4022402 ], [ 2.2178783, 41.4022338 ], [ 2.2178956, 41.4022216 ], [ 2.2179133, 41.4022088 ], [ 2.2179423, 41.4021893 ], [ 2.2179698, 41.4021715 ], [ 2.2179889, 41.40216 ], [ 2.2180195, 41.4021434 ], [ 2.2180395, 41.4021354 ], [ 2.218057, 41.4021287 ], [ 2.2180722, 41.4021149 ], [ 2.2180901, 41.4021007 ], [ 2.2181103, 41.4020847 ], [ 2.2181248, 41.4020727 ], [ 2.2181373, 41.4020669 ], [ 2.2181488, 41.4020652 ], [ 2.2181653, 41.4020596 ], [ 2.2181826, 41.4020498 ], [ 2.2182038, 41.402037 ], [ 2.2182144, 41.4020315 ], [ 2.2182232, 41.4020247 ], [ 2.2182331, 41.4020074 ], [ 2.2182357, 41.401995 ], [ 2.2182444, 41.4019886 ], [ 2.2182578, 41.4019843 ], [ 2.2182671, 41.4019755 ], [ 2.2182731, 41.4019645 ], [ 2.2182799, 41.4019616 ], [ 2.2182871, 41.4019524 ], [ 2.2183041, 41.4019359 ], [ 2.218319, 41.4019257 ], [ 2.2183419, 41.4019184 ], [ 2.2183575, 41.4019073 ], [ 2.2183732, 41.4018868 ], [ 2.2183877, 41.4018693 ], [ 2.2184, 41.4018553 ], [ 2.2184044, 41.401847 ], [ 2.218417, 41.4018345 ], [ 2.2184325, 41.4018234 ], [ 2.2184406, 41.4018246 ], [ 2.2184503, 41.4018235 ], [ 2.2184624, 41.4018119 ], [ 2.2184751, 41.4018011 ], [ 2.2184853, 41.4017994 ], [ 2.2184927, 41.4018026 ], [ 2.2184985, 41.4017981 ], [ 2.2185023, 41.401785 ], [ 2.2185058, 41.4017715 ], [ 2.2185212, 41.4017585 ], [ 2.21854, 41.4017483 ], [ 2.2185572, 41.4017422 ], [ 2.2185641, 41.4017353 ], [ 2.2185794, 41.4017336 ], [ 2.2185916, 41.4017309 ], [ 2.2186034, 41.4017243 ], [ 2.2186067, 41.4017195 ], [ 2.2186153, 41.401701 ], [ 2.2186232, 41.4016845 ], [ 2.2186367, 41.4016711 ], [ 2.2186544, 41.4016552 ], [ 2.2186694, 41.4016385 ], [ 2.2186743, 41.4016308 ], [ 2.2186879, 41.4016205 ], [ 2.2187082, 41.4016002 ], [ 2.2187276, 41.4015848 ], [ 2.2187489, 41.4015672 ], [ 2.2187663, 41.4015527 ], [ 2.2187779, 41.4015406 ], [ 2.2187905, 41.4015365 ], [ 2.2188056, 41.4015382 ], [ 2.2188159, 41.4015441 ], [ 2.2188235, 41.4015509 ], [ 2.2188315, 41.4015499 ], [ 2.2188385, 41.4015444 ], [ 2.2188513, 41.4015355 ], [ 2.218866, 41.4015331 ], [ 2.2188843, 41.4015274 ], [ 2.2188919, 41.4015217 ], [ 2.2189098, 41.4015157 ], [ 2.2189396, 41.4015072 ], [ 2.2189432, 41.4015091 ], [ 2.2189471, 41.4015145 ], [ 2.2189437, 41.4015219 ], [ 2.2189264, 41.401538 ], [ 2.218891, 41.4015649 ], [ 2.2188519, 41.4015938 ], [ 2.2187961, 41.4016383 ], [ 2.2187433, 41.4016852 ], [ 2.2187027, 41.4017239 ], [ 2.2186619, 41.4017626 ], [ 2.2186178, 41.4018006 ], [ 2.2185771, 41.4018316 ], [ 2.2185368, 41.4018642 ], [ 2.2184985, 41.4018963 ], [ 2.2184481, 41.4019411 ], [ 2.2184115, 41.4019756 ], [ 2.2183954, 41.4019961 ], [ 2.2183824, 41.4020127 ], [ 2.2183674, 41.4020135 ], [ 2.2183644, 41.4020178 ], [ 2.2183609, 41.4020283 ], [ 2.2183427, 41.4020438 ], [ 2.2183355, 41.4020568 ], [ 2.2183241, 41.4020752 ], [ 2.2183265, 41.4020842 ], [ 2.2183387, 41.4020862 ], [ 2.2183509, 41.4020885 ], [ 2.2183479, 41.4020953 ], [ 2.2183351, 41.402096 ], [ 2.2183189, 41.4020999 ], [ 2.2183084, 41.4021245 ], [ 2.2182864, 41.4021425 ], [ 2.2182555, 41.4021666 ], [ 2.2182336, 41.4021771 ], [ 2.2182164, 41.4021945 ], [ 2.2181917, 41.4022122 ], [ 2.2181725, 41.4022222 ], [ 2.218103, 41.4022727 ], [ 2.2180746, 41.4022875 ], [ 2.2180403, 41.4023114 ], [ 2.2179982, 41.4023466 ], [ 2.2179448, 41.4023884 ], [ 2.2179149, 41.4024108 ], [ 2.2178826, 41.4024327 ], [ 2.2178459, 41.4024554 ], [ 2.2178162, 41.402468 ], [ 2.2177923, 41.4024822 ], [ 2.2177589, 41.4024989 ], [ 2.217736, 41.4025119 ], [ 2.2177177, 41.4025231 ], [ 2.2177062, 41.4025236 ], [ 2.2176979, 41.4025331 ], [ 2.2176955, 41.4025481 ], [ 2.2176843, 41.4025619 ], [ 2.2176621, 41.4025715 ], [ 2.217636, 41.4025832 ], [ 2.2176088, 41.4025939 ], [ 2.2175899, 41.4026055 ], [ 2.2175813, 41.4026149 ], [ 2.2175697, 41.4026183 ], [ 2.2175652, 41.4026246 ], [ 2.2175594, 41.4026417 ], [ 2.2175417, 41.4026599 ], [ 2.2175243, 41.402673 ], [ 2.217496, 41.4026887 ], [ 2.2174752, 41.402701 ], [ 2.2174543, 41.4027176 ], [ 2.217429, 41.4027311 ], [ 2.2174004, 41.4027452 ], [ 2.2173883, 41.4027587 ], [ 2.2173729, 41.4027732 ], [ 2.2173479, 41.4027931 ], [ 2.217328, 41.4028037 ], [ 2.2173078, 41.4028118 ], [ 2.217291, 41.4028229 ], [ 2.2172801, 41.4028355 ], [ 2.2172602, 41.4028528 ], [ 2.217243, 41.4028598 ], [ 2.2172203, 41.4028735 ], [ 2.2171832, 41.4028965 ], [ 2.2171605, 41.402912 ], [ 2.2171539, 41.4029244 ], [ 2.2171512, 41.4029398 ], [ 2.2175649, 41.4035292 ], [ 2.2180007, 41.4039957 ], [ 2.218494, 41.4043827 ], [ 2.2188703, 41.4046033 ], [ 2.2192161, 41.4047803 ], [ 2.2198696, 41.4050179 ], [ 2.2199974, 41.4050488 ], [ 2.2201929, 41.4051399 ], [ 2.2203073, 41.405153 ], [ 2.2202796, 41.4051759 ], [ 2.2200819, 41.4053385 ], [ 2.2200904, 41.4053475 ], [ 2.220157, 41.4054178 ], [ 2.2201681, 41.4054294 ], [ 2.2201888, 41.4054514 ], [ 2.2201919, 41.4054547 ], [ 2.2202422, 41.4055077 ], [ 2.2202522, 41.4055182 ], [ 2.2202689, 41.4055359 ], [ 2.2202766, 41.405544 ], [ 2.2199979, 41.4057536 ], [ 2.2199401, 41.4057971 ], [ 2.2198842, 41.4058392 ], [ 2.2197633, 41.4059302 ], [ 2.219641, 41.4060221 ], [ 2.2196343, 41.4060272 ], [ 2.2195845, 41.4060647 ], [ 2.2195584, 41.4060843 ], [ 2.2196213, 41.4061317 ], [ 2.2196265, 41.4061356 ], [ 2.219518, 41.4062159 ], [ 2.2194945, 41.4062333 ], [ 2.2194099, 41.406296 ], [ 2.2192215, 41.4062845 ], [ 2.2187129, 41.4066631 ], [ 2.2188029, 41.4067301 ], [ 2.2189933, 41.406875 ], [ 2.2193746, 41.4071767 ], [ 2.2194966, 41.4072796 ], [ 2.2196838, 41.4074461 ], [ 2.2198144, 41.4075684 ], [ 2.2199511, 41.4077032 ], [ 2.2201961, 41.4079639 ], [ 2.2204947, 41.4083182 ], [ 2.2207731, 41.4086931 ], [ 2.2209538, 41.4089851 ], [ 2.221081, 41.4091968 ], [ 2.221081, 41.4091968 ], [ 2.2210803, 41.4091972 ], [ 2.2210801, 41.4091973 ], [ 2.2210799, 41.4091975 ], [ 2.2210791, 41.409198 ], [ 2.2210772, 41.4091991 ], [ 2.2210747, 41.4092006 ], [ 2.2210736, 41.4092013 ], [ 2.2210672, 41.4092053 ], [ 2.2210608, 41.4092094 ], [ 2.2210545, 41.4092136 ], [ 2.2210482, 41.4092178 ], [ 2.2210421, 41.409222 ], [ 2.2210401, 41.4092234 ], [ 2.2210377, 41.409225 ], [ 2.2210368, 41.4092257 ], [ 2.2210359, 41.4092263 ], [ 2.2210299, 41.4092307 ], [ 2.2210239, 41.4092351 ], [ 2.2210179, 41.4092395 ], [ 2.2210136, 41.4092428 ], [ 2.2209949, 41.4092573 ], [ 2.2209905, 41.4092608 ], [ 2.2209868, 41.4092639 ], [ 2.22095, 41.4092938 ], [ 2.2209482, 41.4092953 ], [ 2.2209456, 41.4092974 ], [ 2.2209452, 41.4092977 ], [ 2.2209451, 41.4092978 ], [ 2.2209448, 41.409298 ], [ 2.2209445, 41.4092983 ], [ 2.2209444, 41.4092983 ], [ 2.2209441, 41.4092986 ], [ 2.2209435, 41.4092991 ], [ 2.2209332, 41.4093075 ], [ 2.2209305, 41.4093096 ], [ 2.2209301, 41.40931 ], [ 2.2209268, 41.4093126 ], [ 2.2209261, 41.4093136 ], [ 2.220926, 41.4093137 ], [ 2.2209253, 41.4093146 ], [ 2.2209245, 41.4093156 ], [ 2.2209241, 41.4093162 ], [ 2.2209239, 41.4093164 ], [ 2.2209239, 41.4093165 ], [ 2.2209225, 41.4093182 ], [ 2.220879, 41.409374 ], [ 2.2208542, 41.4094054 ], [ 2.2208483, 41.4094144 ], [ 2.2208425, 41.4094231 ], [ 2.2208423, 41.4094234 ], [ 2.2208412, 41.4094257 ], [ 2.2208336, 41.4094413 ], [ 2.2207349, 41.4096442 ], [ 2.2206612, 41.4097955 ], [ 2.2206531, 41.4098122 ], [ 2.2206507, 41.4098171 ], [ 2.2206361, 41.4098472 ], [ 2.2206665, 41.4098802 ], [ 2.2207211, 41.4099396 ], [ 2.2191786, 41.4107431 ], [ 2.2189764, 41.4108603 ], [ 2.2189743, 41.4108615 ], [ 2.2192064, 41.4111096 ], [ 2.2190519, 41.4112079 ], [ 2.218946, 41.4113227 ], [ 2.2189271, 41.4114085 ], [ 2.2144251, 41.4103048 ], [ 2.2139888, 41.4102101 ], [ 2.2130255, 41.4109347 ] ] ] } },
{ "type": "Feature", "properties": { "id": "70", "name": "el Besòs i el Maresme", "housing2025": 10145.0, "housing2026": 10157.0, "hutCount": 32, "hutPending": 0, "hutAllRecords": 32, "hutStrictGeometry": 32, "hutBeds": 183.0, "missingBeds": 0, "rent2019": 11.340307426362951, "rentMonth2019": 738.08004705882331, "contracts2019": 425.0, "rent2020": 11.910099374483543, "rentMonth2020": 752.38053968253973, "contracts2020": 315.0, "rent2021": 11.344425751119289, "rentMonth2021": 710.36856435643551, "contracts2021": 404.0, "rent2022": 12.125857090019238, "rentMonth2022": 778.66873015873011, "contracts2022": 378.0, "rent2023": 12.494455585090034, "rentMonth2023": 779.66476635514027, "contracts2023": 321.0, "rent2024": 13.439993828442304, "rentMonth2024": 841.6782938388626, "contracts2024": 211.0, "rent2025": 13.159184681715001, "rentMonth2025": 756.21568093385201, "contracts2025": 257.0, "hutIntensity": 3.150536575760559, "hutInclusiveIntensity": 3.150536575760559, "hutStrictIntensity": 3.150536575760559, "rentChange": 8.5216870364264174, "contractIntensity": 25.332676195170034, "comparable": true, "validRent2025": true, "validRentChange": true, "validContractActivity": true, "qualityFlag": "comparable", "platform2025": 118, "platformEntire2025": 73, "platformIntensity2025": 7.1956628881222278, "overlapClass": "neither", "changeClass": "neither", "thresholdStable": true, "caseFlag": false }, "geometry": { "type": "Polygon", "coordinates": [ [ [ 2.2112789, 41.421671 ], [ 2.2105592, 41.4211348 ], [ 2.2097544, 41.4205288 ], [ 2.2096738, 41.4204686 ], [ 2.2087536, 41.419779 ], [ 2.2084188, 41.4195299 ], [ 2.2098254, 41.4184722 ], [ 2.2098266, 41.4184714 ], [ 2.2096668, 41.4182691 ], [ 2.2094999, 41.418074 ], [ 2.2092573, 41.4177714 ], [ 2.2090853, 41.4175591 ], [ 2.2089752, 41.4174092 ], [ 2.2089743, 41.4174081 ], [ 2.2088238, 41.4172196 ], [ 2.2084707, 41.4167769 ], [ 2.2083823, 41.4166686 ], [ 2.2081152, 41.4163413 ], [ 2.2080958, 41.416317 ], [ 2.2077991, 41.415945 ], [ 2.2072816, 41.4153093 ], [ 2.2072727, 41.4152983 ], [ 2.2085231, 41.4143354 ], [ 2.2090933, 41.4139105 ], [ 2.2096497, 41.4134934 ], [ 2.2107676, 41.4126388 ], [ 2.2118971, 41.4117981 ], [ 2.2130255, 41.4109347 ], [ 2.2139888, 41.4102101 ], [ 2.2144251, 41.4103048 ], [ 2.2189271, 41.4114085 ], [ 2.218946, 41.4113227 ], [ 2.2190519, 41.4112079 ], [ 2.2192064, 41.4111096 ], [ 2.2189743, 41.4108615 ], [ 2.2189764, 41.4108603 ], [ 2.2191786, 41.4107431 ], [ 2.2207211, 41.4099396 ], [ 2.2206665, 41.4098802 ], [ 2.2206361, 41.4098472 ], [ 2.2206507, 41.4098171 ], [ 2.2206531, 41.4098122 ], [ 2.2206612, 41.4097955 ], [ 2.2207349, 41.4096442 ], [ 2.2208336, 41.4094413 ], [ 2.2208412, 41.4094257 ], [ 2.2208423, 41.4094234 ], [ 2.2208425, 41.4094231 ], [ 2.2208483, 41.4094144 ], [ 2.2208542, 41.4094054 ], [ 2.220879, 41.409374 ], [ 2.2209225, 41.4093182 ], [ 2.2209239, 41.4093165 ], [ 2.2209239, 41.4093164 ], [ 2.2209241, 41.4093162 ], [ 2.2209245, 41.4093156 ], [ 2.2209253, 41.4093146 ], [ 2.220926, 41.4093137 ], [ 2.2209261, 41.4093136 ], [ 2.2209268, 41.4093126 ], [ 2.2209301, 41.40931 ], [ 2.2209305, 41.4093096 ], [ 2.2209332, 41.4093075 ], [ 2.2209435, 41.4092991 ], [ 2.2209441, 41.4092986 ], [ 2.2209444, 41.4092983 ], [ 2.2209445, 41.4092983 ], [ 2.2209448, 41.409298 ], [ 2.2209451, 41.4092978 ], [ 2.2209452, 41.4092977 ], [ 2.2209456, 41.4092974 ], [ 2.2209482, 41.4092953 ], [ 2.22095, 41.4092938 ], [ 2.2209868, 41.4092639 ], [ 2.2209905, 41.4092608 ], [ 2.2209949, 41.4092573 ], [ 2.2210136, 41.4092428 ], [ 2.2210179, 41.4092395 ], [ 2.2210239, 41.4092351 ], [ 2.2210299, 41.4092307 ], [ 2.2210359, 41.4092263 ], [ 2.2210368, 41.4092257 ], [ 2.2210377, 41.409225 ], [ 2.2210401, 41.4092234 ], [ 2.2210421, 41.409222 ], [ 2.2210482, 41.4092178 ], [ 2.2210545, 41.4092136 ], [ 2.2210608, 41.4092094 ], [ 2.2210672, 41.4092053 ], [ 2.2210736, 41.4092013 ], [ 2.2210747, 41.4092006 ], [ 2.2210772, 41.4091991 ], [ 2.2210791, 41.409198 ], [ 2.2210799, 41.4091975 ], [ 2.2210801, 41.4091973 ], [ 2.2210803, 41.4091972 ], [ 2.221081, 41.4091968 ], [ 2.221081, 41.4091968 ], [ 2.2209538, 41.4089851 ], [ 2.2207731, 41.4086931 ], [ 2.2204947, 41.4083182 ], [ 2.2201961, 41.4079639 ], [ 2.2199511, 41.4077032 ], [ 2.2198144, 41.4075684 ], [ 2.2196838, 41.4074461 ], [ 2.2194966, 41.4072796 ], [ 2.2193746, 41.4071767 ], [ 2.2189933, 41.406875 ], [ 2.2188029, 41.4067301 ], [ 2.2187129, 41.4066631 ], [ 2.2192215, 41.4062845 ], [ 2.2194099, 41.406296 ], [ 2.2194945, 41.4062333 ], [ 2.219518, 41.4062159 ], [ 2.2196265, 41.4061356 ], [ 2.2196213, 41.4061317 ], [ 2.2195584, 41.4060843 ], [ 2.2195845, 41.4060647 ], [ 2.2196343, 41.4060272 ], [ 2.219641, 41.4060221 ], [ 2.2197633, 41.4059302 ], [ 2.2198842, 41.4058392 ], [ 2.2199401, 41.4057971 ], [ 2.2199979, 41.4057536 ], [ 2.2202766, 41.405544 ], [ 2.2202689, 41.4055359 ], [ 2.2202522, 41.4055182 ], [ 2.2202422, 41.4055077 ], [ 2.2201919, 41.4054547 ], [ 2.2201888, 41.4054514 ], [ 2.2201681, 41.4054294 ], [ 2.220157, 41.4054178 ], [ 2.2200904, 41.4053475 ], [ 2.2200819, 41.4053385 ], [ 2.2202796, 41.4051759 ], [ 2.2203073, 41.405153 ], [ 2.2206942, 41.404863 ], [ 2.2206945, 41.4048628 ], [ 2.2210141, 41.4046233 ], [ 2.2210215, 41.4046177 ], [ 2.2217798, 41.4040495 ], [ 2.2218237, 41.4040165 ], [ 2.2221409, 41.4038814 ], [ 2.222153, 41.4038762 ], [ 2.2221035, 41.4038038 ], [ 2.2220569, 41.4037356 ], [ 2.22196, 41.4035977 ], [ 2.2219503, 41.4035474 ], [ 2.2220009, 41.4034949 ], [ 2.2220238, 41.4034895 ], [ 2.2220359, 41.4034908 ], [ 2.2220794, 41.4035035 ], [ 2.222152, 41.4035247 ], [ 2.2221928, 41.4035493 ], [ 2.2222206, 41.403566 ], [ 2.2222256, 41.403571 ], [ 2.222462, 41.403805 ], [ 2.2226184, 41.4040436 ], [ 2.2226625, 41.4041258 ], [ 2.2227466, 41.4042807 ], [ 2.2227651, 41.4043149 ], [ 2.2229346, 41.4046259 ], [ 2.2230385, 41.4047579 ], [ 2.2230452, 41.4047664 ], [ 2.2230478, 41.4047697 ], [ 2.2231262, 41.4048796 ], [ 2.2232819, 41.4050107 ], [ 2.2233373, 41.4050729 ], [ 2.2233847, 41.4051457 ], [ 2.2234007, 41.405217 ], [ 2.2233903, 41.4052706 ], [ 2.2233871, 41.4052872 ], [ 2.2233792, 41.4052975 ], [ 2.2233553, 41.4053088 ], [ 2.2233109, 41.4053008 ], [ 2.2232628, 41.4052921 ], [ 2.223242, 41.4052852 ], [ 2.2232264, 41.4052714 ], [ 2.2232039, 41.4052456 ], [ 2.2231038, 41.405168 ], [ 2.2228615, 41.40498 ], [ 2.2228509, 41.4049645 ], [ 2.2227657, 41.4048401 ], [ 2.2225719, 41.4045319 ], [ 2.2223722, 41.4041981 ], [ 2.2223055, 41.404137 ], [ 2.2222729, 41.4041098 ], [ 2.2222432, 41.4040893 ], [ 2.2222214, 41.404085 ], [ 2.2222075, 41.4040823 ], [ 2.2221746, 41.4040776 ], [ 2.2221327, 41.4040818 ], [ 2.2220667, 41.4041061 ], [ 2.2219758, 41.404151 ], [ 2.2219, 41.4042231 ], [ 2.2217203, 41.4043604 ], [ 2.221688, 41.4044067 ], [ 2.2217065, 41.4044411 ], [ 2.2217122, 41.4044628 ], [ 2.2217133, 41.4044669 ], [ 2.2217455, 41.4044847 ], [ 2.2215246, 41.4046991 ], [ 2.221488, 41.4046778 ], [ 2.2214552, 41.4046586 ], [ 2.221014, 41.4050979 ], [ 2.2209875, 41.4051242 ], [ 2.2209715, 41.4051402 ], [ 2.2213475, 41.4054165 ], [ 2.2213492, 41.4054178 ], [ 2.2213735, 41.4053996 ], [ 2.221424, 41.4054386 ], [ 2.2214401, 41.4054511 ], [ 2.2214278, 41.4054606 ], [ 2.2214295, 41.4054619 ], [ 2.2214655, 41.4054902 ], [ 2.221521, 41.4055336 ], [ 2.2218174, 41.4053153 ], [ 2.2218094, 41.4052962 ], [ 2.2218226, 41.4052628 ], [ 2.221803, 41.4052456 ], [ 2.2217767, 41.4052207 ], [ 2.2217612, 41.4052003 ], [ 2.2217508, 41.4051667 ], [ 2.2217507, 41.405148 ], [ 2.2217659, 41.4051124 ], [ 2.2217858, 41.4050935 ], [ 2.2218026, 41.4050834 ], [ 2.2218466, 41.4050666 ], [ 2.2218865, 41.4050633 ], [ 2.2219233, 41.4050753 ], [ 2.2220849, 41.4051873 ], [ 2.2221701, 41.4052567 ], [ 2.2222691, 41.4053431 ], [ 2.2223159, 41.4053241 ], [ 2.2224026, 41.4053107 ], [ 2.222422, 41.4053101 ], [ 2.2224481, 41.405337 ], [ 2.2224937, 41.4053511 ], [ 2.222566, 41.405363 ], [ 2.22268, 41.4053934 ], [ 2.2227864, 41.4055391 ], [ 2.2228641, 41.4056377 ], [ 2.2229075, 41.4057419 ], [ 2.2230757, 41.405837 ], [ 2.2231711, 41.4060092 ], [ 2.2234333, 41.4061794 ], [ 2.2235492, 41.4061705 ], [ 2.2236516, 41.4061857 ], [ 2.2237612, 41.4062459 ], [ 2.2238405, 41.4062365 ], [ 2.2238578, 41.4062398 ], [ 2.2238645, 41.4062463 ], [ 2.2238948, 41.4063042 ], [ 2.2239353, 41.4063203 ], [ 2.2240633, 41.4062385 ], [ 2.2242036, 41.4061812 ], [ 2.2243277, 41.406167 ], [ 2.2244403, 41.4061972 ], [ 2.2244904, 41.4062297 ], [ 2.2245267, 41.4062622 ], [ 2.2245462, 41.4062854 ], [ 2.2246444, 41.4064071 ], [ 2.2246861, 41.4064702 ], [ 2.2247855, 41.4064316 ], [ 2.2249188, 41.4064269 ], [ 2.2249668, 41.4063811 ], [ 2.2250552, 41.4063364 ], [ 2.2251109, 41.4063201 ], [ 2.2251146, 41.4063099 ], [ 2.2251303, 41.4062735 ], [ 2.2251497, 41.4062559 ], [ 2.2252123, 41.4062047 ], [ 2.2252476, 41.4061759 ], [ 2.2253317, 41.4061001 ], [ 2.2253743, 41.4060618 ], [ 2.2254155, 41.4060209 ], [ 2.2255002, 41.4059553 ], [ 2.2256008, 41.4059453 ], [ 2.225632, 41.4059422 ], [ 2.2256414, 41.4059413 ], [ 2.2257173, 41.4059672 ], [ 2.2257469, 41.4059854 ], [ 2.225774, 41.4060129 ], [ 2.2257801, 41.406019 ], [ 2.2257994, 41.4060533 ], [ 2.2258043, 41.4060957 ], [ 2.2258064, 41.4061233 ], [ 2.2258017, 41.4061403 ], [ 2.2257985, 41.4061519 ], [ 2.2257591, 41.4062491 ], [ 2.2257528, 41.4062566 ], [ 2.2257525, 41.4062569 ], [ 2.2256914, 41.4063291 ], [ 2.2256386, 41.4063722 ], [ 2.2254159, 41.4064929 ], [ 2.2253932, 41.4065052 ], [ 2.2253572, 41.4065239 ], [ 2.2253175, 41.4065347 ], [ 2.2252866, 41.4065431 ], [ 2.224784, 41.4069331 ], [ 2.2247789, 41.4069371 ], [ 2.2248685, 41.4070832 ], [ 2.2250012, 41.407301 ], [ 2.2250119, 41.4073172 ], [ 2.2250208, 41.4073305 ], [ 2.2250241, 41.4073355 ], [ 2.2253655, 41.4070921 ], [ 2.2253917, 41.4070734 ], [ 2.2254607, 41.4070242 ], [ 2.2254699, 41.4070176 ], [ 2.2254716, 41.4070164 ], [ 2.2254667, 41.4070123 ], [ 2.2254389, 41.4069894 ], [ 2.2254323, 41.4069734 ], [ 2.2254297, 41.406967 ], [ 2.2254275, 41.4069616 ], [ 2.2254739, 41.4069165 ], [ 2.2255926, 41.4068261 ], [ 2.225595, 41.4068243 ], [ 2.2255986, 41.4068189 ], [ 2.2256554, 41.4067334 ], [ 2.2258371, 41.4066316 ], [ 2.225848, 41.4066255 ], [ 2.2258618, 41.4066196 ], [ 2.2258833, 41.4066109 ], [ 2.2259531, 41.4066087 ], [ 2.2260599, 41.4066112 ], [ 2.2260948, 41.406622 ], [ 2.2261226, 41.4066498 ], [ 2.2261816, 41.4066932 ], [ 2.2261992, 41.4067062 ], [ 2.2262055, 41.4067698 ], [ 2.2262077, 41.4068183 ], [ 2.2262028, 41.4068261 ], [ 2.2261982, 41.4068334 ], [ 2.226164, 41.4068881 ], [ 2.2261291, 41.4068942 ], [ 2.2261032, 41.4068987 ], [ 2.2260645, 41.4069268 ], [ 2.2260636, 41.4069274 ], [ 2.2260385, 41.4069398 ], [ 2.2260361, 41.4069411 ], [ 2.2260388, 41.4069439 ], [ 2.2260619, 41.4069674 ], [ 2.2260656, 41.4069741 ], [ 2.2261067, 41.4070482 ], [ 2.2261204, 41.407083 ], [ 2.2261215, 41.4070834 ], [ 2.2261586, 41.4070947 ], [ 2.2261629, 41.4071111 ], [ 2.2261582, 41.4071766 ], [ 2.2261579, 41.4071803 ], [ 2.2261573, 41.4071887 ], [ 2.2261611, 41.4072129 ], [ 2.2261435, 41.4072229 ], [ 2.2261328, 41.4072162 ], [ 2.226066, 41.4071745 ], [ 2.2260531, 41.4071825 ], [ 2.2260925, 41.4072325 ], [ 2.2261097, 41.4072543 ], [ 2.2261973, 41.4073185 ], [ 2.2262196, 41.40736 ], [ 2.2262281, 41.4073594 ], [ 2.2262658, 41.407336 ], [ 2.2262683, 41.4073344 ], [ 2.2262671, 41.4073286 ], [ 2.2262662, 41.4073138 ], [ 2.2262703, 41.4072979 ], [ 2.2262815, 41.4072727 ], [ 2.2263132, 41.4072377 ], [ 2.226321, 41.4072283 ], [ 2.2263376, 41.4072254 ], [ 2.2263479, 41.4072149 ], [ 2.2263507, 41.4072028 ], [ 2.2263413, 41.4071765 ], [ 2.2263427, 41.4071699 ], [ 2.2263445, 41.407162 ], [ 2.2263666, 41.4071403 ], [ 2.2263835, 41.4071236 ], [ 2.226392, 41.4071126 ], [ 2.2264032, 41.4071032 ], [ 2.2264186, 41.4070902 ], [ 2.2264376, 41.4070878 ], [ 2.2264588, 41.4070874 ], [ 2.226459, 41.4070875 ], [ 2.2264626, 41.4070894 ], [ 2.2264753, 41.407096 ], [ 2.2264833, 41.4071105 ], [ 2.2264872, 41.4071236 ], [ 2.2265113, 41.4071341 ], [ 2.2265187, 41.4071487 ], [ 2.2265212, 41.4071662 ], [ 2.2265111, 41.4071717 ], [ 2.2264937, 41.407181 ], [ 2.2264864, 41.4071893 ], [ 2.2264845, 41.4071914 ], [ 2.2264854, 41.4072038 ], [ 2.2264936, 41.4072182 ], [ 2.2265173, 41.4072388 ], [ 2.2265117, 41.4072612 ], [ 2.2264851, 41.4072864 ], [ 2.226502, 41.4073271 ], [ 2.2265036, 41.4073309 ], [ 2.2265372, 41.4074542 ], [ 2.2265407, 41.4074671 ], [ 2.2265405, 41.4075162 ], [ 2.2265211, 41.4076282 ], [ 2.2265187, 41.4076468 ], [ 2.2265105, 41.4076573 ], [ 2.2264938, 41.4076577 ], [ 2.2264817, 41.4076558 ], [ 2.2264784, 41.4076554 ], [ 2.2264736, 41.4076646 ], [ 2.2264758, 41.4076689 ], [ 2.2264871, 41.4076916 ], [ 2.2265071, 41.4077016 ], [ 2.2265213, 41.4077118 ], [ 2.226559, 41.4077568 ], [ 2.2265989, 41.4077666 ], [ 2.2266186, 41.4077744 ], [ 2.2266261, 41.4077877 ], [ 2.2266333, 41.4078246 ], [ 2.2266661, 41.4078639 ], [ 2.2267002, 41.4078792 ], [ 2.226741, 41.4078762 ], [ 2.2267456, 41.4078467 ], [ 2.2267669, 41.407796 ], [ 2.2268103, 41.4076997 ], [ 2.2268112, 41.4076978 ], [ 2.2268085, 41.4076954 ], [ 2.2267999, 41.4076874 ], [ 2.2267918, 41.4076749 ], [ 2.2267914, 41.4076725 ], [ 2.2267901, 41.4076618 ], [ 2.2267993, 41.4076433 ], [ 2.2268066, 41.4076289 ], [ 2.226817, 41.4076157 ], [ 2.2268347, 41.4076106 ], [ 2.2268667, 41.4076013 ], [ 2.226904, 41.4076123 ], [ 2.2269048, 41.4076128 ], [ 2.2269263, 41.4076277 ], [ 2.2269372, 41.4076445 ], [ 2.2269473, 41.4076686 ], [ 2.226947, 41.4077035 ], [ 2.226955, 41.4077192 ], [ 2.2269708, 41.4077506 ], [ 2.2269938, 41.4077959 ], [ 2.2270139, 41.4078456 ], [ 2.2270213, 41.407889 ], [ 2.2270201, 41.4079145 ], [ 2.2270117, 41.4079602 ], [ 2.227011, 41.4079639 ], [ 2.2270003, 41.4079776 ], [ 2.226974, 41.407994 ], [ 2.2269675, 41.407998 ], [ 2.2269663, 41.4079983 ], [ 2.2269502, 41.408002 ], [ 2.2269358, 41.4080109 ], [ 2.2269292, 41.4080285 ], [ 2.2269351, 41.4080434 ], [ 2.226935, 41.4080584 ], [ 2.226935, 41.4080603 ], [ 2.2269203, 41.4080725 ], [ 2.2269067, 41.4080811 ], [ 2.2269074, 41.4080835 ], [ 2.2269101, 41.4080924 ], [ 2.2269167, 41.4081144 ], [ 2.2269741, 41.4081661 ], [ 2.2270001, 41.4081877 ], [ 2.2270192, 41.4081951 ], [ 2.2270219, 41.4081888 ], [ 2.2270333, 41.4081629 ], [ 2.2270471, 41.4081342 ], [ 2.2270574, 41.4081239 ], [ 2.2270746, 41.4081172 ], [ 2.2271103, 41.408103 ], [ 2.2271174, 41.4081005 ], [ 2.2271672, 41.4080825 ], [ 2.2271837, 41.4080791 ], [ 2.2271999, 41.4080779 ], [ 2.227267, 41.4080743 ], [ 2.2273587, 41.4080801 ], [ 2.2274202, 41.4080917 ], [ 2.2274211, 41.4080919 ], [ 2.227425, 41.4080938 ], [ 2.2274319, 41.4081001 ], [ 2.2274328, 41.408101 ], [ 2.2274372, 41.4081051 ], [ 2.2274515, 41.4081202 ], [ 2.2274778, 41.4081533 ], [ 2.2274899, 41.408173 ], [ 2.2275292, 41.4082775 ], [ 2.2275303, 41.4082807 ], [ 2.2275488, 41.4083323 ], [ 2.2275819, 41.4083606 ], [ 2.227637, 41.4084077 ], [ 2.2277033, 41.408555 ], [ 2.2277495, 41.4086291 ], [ 2.2278052, 41.4086892 ], [ 2.2278462, 41.4087466 ], [ 2.2278713, 41.4087891 ], [ 2.2278909, 41.4088331 ], [ 2.2279083, 41.4088722 ], [ 2.2279288, 41.4088969 ], [ 2.2279451, 41.4089164 ], [ 2.2279649, 41.4089402 ], [ 2.2279951, 41.4089764 ], [ 2.2279978, 41.4089801 ], [ 2.2280019, 41.408986 ], [ 2.2280024, 41.4089867 ], [ 2.2280046, 41.4089948 ], [ 2.2280175, 41.409043 ], [ 2.2280295, 41.4091221 ], [ 2.22804, 41.409191 ], [ 2.228045, 41.409224 ], [ 2.2280422, 41.4092392 ], [ 2.2280321, 41.4092946 ], [ 2.2280275, 41.4093195 ], [ 2.2280125, 41.4093751 ], [ 2.2279919, 41.4094224 ], [ 2.2279526, 41.4095126 ], [ 2.2279392, 41.4095434 ], [ 2.2278871, 41.409614 ], [ 2.2278859, 41.4096155 ], [ 2.2278439, 41.4096193 ], [ 2.227786, 41.4096246 ], [ 2.2277853, 41.4096245 ], [ 2.2277481, 41.4096218 ], [ 2.2277195, 41.4096163 ], [ 2.2277118, 41.4096141 ], [ 2.2277025, 41.4096073 ], [ 2.2276933, 41.4095823 ], [ 2.2276926, 41.4095804 ], [ 2.2275034, 41.409409 ], [ 2.2273692, 41.4089861 ], [ 2.2272438, 41.4089481 ], [ 2.2269801, 41.408411 ], [ 2.2270097, 41.4083531 ], [ 2.2270526, 41.4082753 ], [ 2.2270485, 41.408275 ], [ 2.2270376, 41.4082742 ], [ 2.2270234, 41.4082726 ], [ 2.2270139, 41.4082761 ], [ 2.2269993, 41.4082838 ], [ 2.2269829, 41.4082745 ], [ 2.2269682, 41.4082687 ], [ 2.2269403, 41.4082686 ], [ 2.2269236, 41.4082639 ], [ 2.226918, 41.4082596 ], [ 2.226908, 41.408263 ], [ 2.2268909, 41.4082522 ], [ 2.2268845, 41.4082238 ], [ 2.2268829, 41.4082027 ], [ 2.2268668, 41.4081933 ], [ 2.2268551, 41.4081862 ], [ 2.2268452, 41.4081674 ], [ 2.2268387, 41.4081543 ], [ 2.2268263, 41.4081422 ], [ 2.2268156, 41.4081295 ], [ 2.2268084, 41.4081212 ], [ 2.2267997, 41.4081085 ], [ 2.2267982, 41.4080908 ], [ 2.226807, 41.4080766 ], [ 2.226807, 41.4080766 ], [ 2.2268191, 41.4080651 ], [ 2.2268247, 41.4080529 ], [ 2.2268205, 41.4080395 ], [ 2.2268091, 41.4080351 ], [ 2.2267954, 41.4080336 ], [ 2.2267758, 41.4080294 ], [ 2.2267709, 41.4080211 ], [ 2.2267724, 41.4080108 ], [ 2.2267791, 41.4079993 ], [ 2.2267811, 41.4079864 ], [ 2.2267689, 41.4079813 ], [ 2.2267583, 41.4079814 ], [ 2.2267458, 41.4079705 ], [ 2.226734, 41.407961 ], [ 2.2267208, 41.4079504 ], [ 2.2267056, 41.4079471 ], [ 2.2266929, 41.4079484 ], [ 2.2266809, 41.4079425 ], [ 2.2266718, 41.4079328 ], [ 2.2266523, 41.407924 ], [ 2.2266324, 41.407919 ], [ 2.2266153, 41.4079065 ], [ 2.2265889, 41.4078974 ], [ 2.2265681, 41.4078858 ], [ 2.2265508, 41.40787 ], [ 2.2265403, 41.4078604 ], [ 2.2265227, 41.4078443 ], [ 2.2265108, 41.4078334 ], [ 2.226497, 41.4078204 ], [ 2.2264804, 41.4078046 ], [ 2.2264638, 41.4077887 ], [ 2.2264408, 41.4077671 ], [ 2.2264411, 41.4077527 ], [ 2.2264446, 41.407735 ], [ 2.2264473, 41.4077211 ], [ 2.2264394, 41.4077124 ], [ 2.2264329, 41.4077032 ], [ 2.2264282, 41.4076899 ], [ 2.2264268, 41.4076648 ], [ 2.2264218, 41.4076418 ], [ 2.2264124, 41.407621 ], [ 2.2264021, 41.4076071 ], [ 2.2263881, 41.4076013 ], [ 2.2263835, 41.4075897 ], [ 2.2263791, 41.4075741 ], [ 2.2263728, 41.4075631 ], [ 2.2263554, 41.4075558 ], [ 2.2263414, 41.4075475 ], [ 2.2263319, 41.4075311 ], [ 2.2263234, 41.4075185 ], [ 2.2263152, 41.4075074 ], [ 2.2263048, 41.4074985 ], [ 2.2262888, 41.4074917 ], [ 2.2262786, 41.4074808 ], [ 2.2262724, 41.4074729 ], [ 2.2262723, 41.4074424 ], [ 2.2262751, 41.4074297 ], [ 2.2262256, 41.407429 ], [ 2.2261939, 41.4074287 ], [ 2.2261725, 41.4074091 ], [ 2.2261431, 41.4073922 ], [ 2.2261245, 41.4074016 ], [ 2.2260966, 41.4073808 ], [ 2.2261063, 41.4073678 ], [ 2.2260627, 41.4073519 ], [ 2.2260874, 41.4073103 ], [ 2.2260685, 41.4072858 ], [ 2.2260553, 41.407288 ], [ 2.2260408, 41.4072709 ], [ 2.2260516, 41.4072627 ], [ 2.2260097, 41.4072262 ], [ 2.2259725, 41.407146 ], [ 2.2258947, 41.4071387 ], [ 2.2258941, 41.407107 ], [ 2.2258369, 41.4070962 ], [ 2.225836, 41.4070878 ], [ 2.2258109, 41.407086 ], [ 2.2257821, 41.4070985 ], [ 2.2257672, 41.4071 ], [ 2.2257457, 41.4070967 ], [ 2.2257311, 41.4071075 ], [ 2.2257341, 41.4071294 ], [ 2.2257081, 41.4071485 ], [ 2.2256745, 41.407146 ], [ 2.2256394, 41.4071714 ], [ 2.2255882, 41.4072114 ], [ 2.2255366, 41.407246 ], [ 2.2255024, 41.4072754 ], [ 2.2254317, 41.4073173 ], [ 2.2254266, 41.4073199 ], [ 2.2254268, 41.4073203 ], [ 2.2254272, 41.4073208 ], [ 2.2255994, 41.4075868 ], [ 2.2257211, 41.4077754 ], [ 2.2258285, 41.4079434 ], [ 2.2258139, 41.407778 ], [ 2.2258186, 41.4077712 ], [ 2.2258268, 41.407765 ], [ 2.2258375, 41.4077609 ], [ 2.2259301, 41.4077422 ], [ 2.2259383, 41.407744 ], [ 2.2259475, 41.4077493 ], [ 2.2260791, 41.4078883 ], [ 2.2260825, 41.4078954 ], [ 2.2260826, 41.4079015 ], [ 2.2260767, 41.4079087 ], [ 2.2260584, 41.4079227 ], [ 2.22595, 41.4080052 ], [ 2.2258972, 41.4080454 ], [ 2.2260834, 41.4083339 ], [ 2.226176, 41.408476 ], [ 2.2261844, 41.4084754 ], [ 2.2262273, 41.4084876 ], [ 2.2262579, 41.4085134 ], [ 2.2262683, 41.408538 ], [ 2.2262485, 41.4085427 ], [ 2.2262317, 41.4085178 ], [ 2.2261773, 41.4084998 ], [ 2.2261329, 41.4085059 ], [ 2.2261163, 41.408537 ], [ 2.2261513, 41.4085618 ], [ 2.2262109, 41.408548 ], [ 2.2262188, 41.4085607 ], [ 2.2261634, 41.4085803 ], [ 2.226144, 41.4085757 ], [ 2.2261455, 41.408578 ], [ 2.2263569, 41.4089038 ], [ 2.2263781, 41.4089054 ], [ 2.22641, 41.4086559 ], [ 2.2264102, 41.4086539 ], [ 2.2264111, 41.4086479 ], [ 2.2264085, 41.4086489 ], [ 2.2263827, 41.4086588 ], [ 2.2263745, 41.4086606 ], [ 2.2263645, 41.4086599 ], [ 2.2263547, 41.4086574 ], [ 2.2263464, 41.4086527 ], [ 2.226339, 41.4086458 ], [ 2.2262578, 41.4084665 ], [ 2.226253, 41.4084537 ], [ 2.2262531, 41.4084489 ], [ 2.2262546, 41.4084431 ], [ 2.2262567, 41.4084379 ], [ 2.2262613, 41.4084332 ], [ 2.2262661, 41.4084297 ], [ 2.2262716, 41.4084266 ], [ 2.226359, 41.4083951 ], [ 2.2263678, 41.4083944 ], [ 2.2263782, 41.408395 ], [ 2.2263885, 41.4083977 ], [ 2.2263949, 41.4084013 ], [ 2.2264025, 41.4084089 ], [ 2.2264375, 41.4084563 ], [ 2.2265331, 41.4085772 ], [ 2.2265358, 41.4085838 ], [ 2.226536, 41.4085903 ], [ 2.2265337, 41.4085964 ], [ 2.226529, 41.408603 ], [ 2.2265219, 41.4086076 ], [ 2.2265097, 41.4086129 ], [ 2.2264505, 41.4086338 ], [ 2.2264174, 41.4088958 ], [ 2.2266378, 41.4092366 ], [ 2.2267553, 41.409319 ], [ 2.2267701, 41.4093326 ], [ 2.2267708, 41.4093333 ], [ 2.2267816, 41.4093453 ], [ 2.2267923, 41.4093616 ], [ 2.2268005, 41.4093779 ], [ 2.2268079, 41.409399 ], [ 2.22681, 41.4094151 ], [ 2.2268086, 41.4094315 ], [ 2.2268047, 41.4094493 ], [ 2.2267771, 41.4095506 ], [ 2.2267469, 41.4096568 ], [ 2.2272135, 41.4103775 ], [ 2.2232507, 41.4119875 ], [ 2.2231136, 41.4120556 ], [ 2.2228803, 41.4121606 ], [ 2.2227946, 41.4123169 ], [ 2.2209756, 41.4130781 ], [ 2.2213683, 41.4135138 ], [ 2.2208843, 41.413774 ], [ 2.2206502, 41.4139496 ], [ 2.2204428, 41.4141666 ], [ 2.2194137, 41.4155975 ], [ 2.2181936, 41.4172937 ], [ 2.217792, 41.4169891 ], [ 2.2160932, 41.4182667 ], [ 2.2163211, 41.4184374 ], [ 2.2155521, 41.4190163 ], [ 2.2151253, 41.4193444 ], [ 2.2150358, 41.4194132 ], [ 2.2140211, 41.4201727 ], [ 2.2137869, 41.4199997 ], [ 2.2137386, 41.4200359 ], [ 2.2125895, 41.4208983 ], [ 2.2124772, 41.4208139 ], [ 2.2119662, 41.4211977 ], [ 2.2119373, 41.4211756 ], [ 2.2112789, 41.421671 ] ] ] } },
{ "type": "Feature", "properties": { "id": "71", "name": "Provençals del Poblenou", "housing2025": 9467.0, "housing2026": 9508.0, "hutCount": 36, "hutPending": 0, "hutAllRecords": 36, "hutStrictGeometry": 36, "hutBeds": 192.0, "missingBeds": 0, "rent2019": 14.110283931457726, "rentMonth2019": 982.02653110047845, "contracts2019": 418.0, "rent2020": 13.975188470866849, "rentMonth2020": 957.51816384180802, "contracts2020": 354.0, "rent2021": 13.472106813322725, "rentMonth2021": 949.68037694013333, "contracts2021": 451.0, "rent2022": 14.539181830128262, "rentMonth2022": 1024.3009767441858, "contracts2022": 430.0, "rent2023": 16.348463653791949, "rentMonth2023": 1161.2422591362126, "contracts2023": 301.0, "rent2024": 16.12339221719435, "rentMonth2024": 1141.4679310344827, "contracts2024": 290.0, "rent2025": 16.846682071298801, "rentMonth2025": 1114.6332537313399, "contracts2025": 335.0, "hutIntensity": 3.7862852334875896, "hutInclusiveIntensity": 3.7862852334875896, "hutStrictIntensity": 3.7862852334875896, "rentChange": 15.870908474291934, "contractIntensity": 35.386077955001582, "comparable": true, "validRent2025": true, "validRentChange": true, "validContractActivity": true, "qualityFlag": "comparable", "platform2025": 91, "platformEntire2025": 56, "platformIntensity2025": 5.9152846730748916, "overlapClass": "neither", "changeClass": "neither", "thresholdStable": false, "caseFlag": false }, "geometry": { "type": "Polygon", "coordinates": [ [ [ 2.1955236, 41.4055997 ], [ 2.1955238, 41.4055997 ], [ 2.1963303, 41.4058041 ], [ 2.1963304, 41.4058042 ], [ 2.1975277, 41.4061074 ], [ 2.1988123, 41.4064325 ], [ 2.2020728, 41.4072485 ], [ 2.2038078, 41.4076784 ], [ 2.2054857, 41.4081015 ], [ 2.2071928, 41.4085278 ], [ 2.2077738, 41.4086727 ], [ 2.2085509, 41.4092581 ], [ 2.2096256, 41.4100964 ], [ 2.2107852, 41.4109562 ], [ 2.2118971, 41.4117981 ], [ 2.2107676, 41.4126388 ], [ 2.2096497, 41.4134934 ], [ 2.2090933, 41.4139105 ], [ 2.2085231, 41.4143354 ], [ 2.2072727, 41.4152983 ], [ 2.2072816, 41.4153093 ], [ 2.2077991, 41.415945 ], [ 2.2080958, 41.416317 ], [ 2.2081152, 41.4163413 ], [ 2.2083823, 41.4166686 ], [ 2.2084707, 41.4167769 ], [ 2.2088238, 41.4172196 ], [ 2.2089743, 41.4174081 ], [ 2.2089752, 41.4174092 ], [ 2.2090853, 41.4175591 ], [ 2.2092573, 41.4177714 ], [ 2.2094999, 41.418074 ], [ 2.2096668, 41.4182691 ], [ 2.2098266, 41.4184714 ], [ 2.2098254, 41.4184722 ], [ 2.2084188, 41.4195299 ], [ 2.2081056, 41.4192941 ], [ 2.2073038, 41.4186945 ], [ 2.2072999, 41.4186916 ], [ 2.2061587, 41.4178364 ], [ 2.2050319, 41.4169933 ], [ 2.2049042, 41.4168969 ], [ 2.2046399, 41.4167003 ], [ 2.2042102, 41.416378 ], [ 2.2039308, 41.4161693 ], [ 2.2037589, 41.4160396 ], [ 2.203369, 41.4157487 ], [ 2.2027755, 41.4153043 ], [ 2.2027525, 41.4152871 ], [ 2.202416, 41.4150348 ], [ 2.2020253, 41.4147416 ], [ 2.2017584, 41.4145422 ], [ 2.2016315, 41.4144465 ], [ 2.2015039, 41.4143503 ], [ 2.2013634, 41.4142455 ], [ 2.2009072, 41.4139043 ], [ 2.2005867, 41.4136647 ], [ 2.2004356, 41.4135518 ], [ 2.2001015, 41.4133022 ], [ 2.1996264, 41.4129455 ], [ 2.1993778, 41.4127596 ], [ 2.1993629, 41.4127483 ], [ 2.199194, 41.412621 ], [ 2.1987802, 41.4123119 ], [ 2.1983463, 41.4119881 ], [ 2.1982195, 41.4118925 ], [ 2.1980933, 41.4117974 ], [ 2.1979, 41.4116522 ], [ 2.1975102, 41.4113605 ], [ 2.1971503, 41.4110901 ], [ 2.1970798, 41.4110373 ], [ 2.194802, 41.4093313 ], [ 2.1932592, 41.4081851 ], [ 2.1925455, 41.4076535 ], [ 2.1925451, 41.4076532 ], [ 2.1914257, 41.4067995 ], [ 2.1915986, 41.4066688 ], [ 2.1926799, 41.4058565 ], [ 2.1936369, 41.4051249 ], [ 2.1955236, 41.4055997 ] ] ] } },
{ "type": "Feature", "properties": { "id": "72", "name": "Sant Martí de Provençals", "housing2025": 11828.0, "housing2026": 11829.0, "hutCount": 14, "hutPending": 0, "hutAllRecords": 14, "hutStrictGeometry": 14, "hutBeds": 82.0, "missingBeds": 0, "rent2019": 11.90384332682758, "rentMonth2019": 837.57854389721626, "contracts2019": 467.0, "rent2020": 11.777951844188989, "rentMonth2020": 832.08903301886789, "contracts2020": 424.0, "rent2021": 11.493683450842315, "rentMonth2021": 806.8240433925049, "contracts2021": 507.0, "rent2022": 12.126000378791012, "rentMonth2022": 987.54645161290364, "contracts2022": 558.0, "rent2023": 13.536344156750626, "rentMonth2023": 974.24082089552235, "contracts2023": 402.0, "rent2024": 14.098404240278786, "rentMonth2024": 998.42436950146634, "contracts2024": 341.0, "rent2025": 13.572016241246899, "rentMonth2025": 1011.04677631579, "contracts2025": 304.0, "hutIntensity": 1.1835319976329359, "hutInclusiveIntensity": 1.1835319976329359, "hutStrictIntensity": 1.1835319976329359, "rentChange": 11.924920149145324, "contractIntensity": 25.701724721001014, "comparable": true, "validRent2025": true, "validRentChange": true, "validContractActivity": true, "qualityFlag": "comparable", "platform2025": 50, "platformEntire2025": 17, "platformIntensity2025": 1.4372675008454514, "overlapClass": "neither", "changeClass": "neither", "thresholdStable": true, "caseFlag": false }, "geometry": { "type": "Polygon", "coordinates": [ [ [ 2.1971503, 41.4110901 ], [ 2.1975102, 41.4113605 ], [ 2.1979, 41.4116522 ], [ 2.1980933, 41.4117974 ], [ 2.1982195, 41.4118925 ], [ 2.1983463, 41.4119881 ], [ 2.1987802, 41.4123119 ], [ 2.199194, 41.412621 ], [ 2.1993629, 41.4127483 ], [ 2.1993778, 41.4127596 ], [ 2.1996264, 41.4129455 ], [ 2.2001015, 41.4133022 ], [ 2.2004356, 41.4135518 ], [ 2.2005867, 41.4136647 ], [ 2.2009072, 41.4139043 ], [ 2.2013634, 41.4142455 ], [ 2.2015039, 41.4143503 ], [ 2.2016315, 41.4144465 ], [ 2.2017584, 41.4145422 ], [ 2.2020253, 41.4147416 ], [ 2.202416, 41.4150348 ], [ 2.2027525, 41.4152871 ], [ 2.2027755, 41.4153043 ], [ 2.203369, 41.4157487 ], [ 2.2037589, 41.4160396 ], [ 2.2039308, 41.4161693 ], [ 2.2042102, 41.416378 ], [ 2.2046399, 41.4167003 ], [ 2.2049042, 41.4168969 ], [ 2.2050319, 41.4169933 ], [ 2.2049912, 41.4170257 ], [ 2.2049098, 41.4170904 ], [ 2.2037783, 41.417938 ], [ 2.2037792, 41.4179387 ], [ 2.2026417, 41.4188052 ], [ 2.2014988, 41.4196501 ], [ 2.2003761, 41.4205279 ], [ 2.2002613, 41.4206186 ], [ 2.1992432, 41.4213572 ], [ 2.1991308, 41.4214735 ], [ 2.1989026, 41.4216513 ], [ 2.1988027, 41.4217504 ], [ 2.1977534, 41.4219309 ], [ 2.1963362, 41.4221949 ], [ 2.1959187, 41.4222683 ], [ 2.1954874, 41.4223437 ], [ 2.1952384, 41.4223879 ], [ 2.1952187, 41.4223914 ], [ 2.1949993, 41.4217298 ], [ 2.1940332, 41.4188163 ], [ 2.19391, 41.4184835 ], [ 2.1934863, 41.4173383 ], [ 2.1934682, 41.4172878 ], [ 2.1934199, 41.4171536 ], [ 2.1932935, 41.4168024 ], [ 2.193247, 41.4166402 ], [ 2.193233, 41.4164725 ], [ 2.1932343, 41.4163155 ], [ 2.1932899, 41.4160564 ], [ 2.1933267, 41.4159318 ], [ 2.1935435, 41.415397 ], [ 2.1933576, 41.4152523 ], [ 2.1924144, 41.4145454 ], [ 2.1935485, 41.4136933 ], [ 2.1937421, 41.413552 ], [ 2.1938948, 41.4134332 ], [ 2.1940455, 41.4133195 ], [ 2.1942264, 41.4131825 ], [ 2.1944219, 41.4130346 ], [ 2.1945612, 41.4129258 ], [ 2.1946619, 41.4128525 ], [ 2.1946746, 41.4128433 ], [ 2.1947792, 41.4127676 ], [ 2.194985, 41.4126098 ], [ 2.1951346, 41.4125011 ], [ 2.1952488, 41.4124179 ], [ 2.1958347, 41.4119732 ], [ 2.1961679, 41.411723 ], [ 2.1964368, 41.4115215 ], [ 2.1965892, 41.4114076 ], [ 2.1966304, 41.4113769 ], [ 2.1966766, 41.4113422 ], [ 2.1968414, 41.4112186 ], [ 2.1969608, 41.4111311 ], [ 2.197037, 41.411071 ], [ 2.1970798, 41.4110373 ], [ 2.1971503, 41.4110901 ] ] ] } },
{ "type": "Feature", "properties": { "id": "73", "name": "la Verneda i la Pau", "housing2025": 13767.0, "housing2026": 13759.0, "hutCount": 9, "hutPending": 0, "hutAllRecords": 9, "hutStrictGeometry": 9, "hutBeds": 49.0, "missingBeds": 0, "rent2019": 11.475549275692378, "rentMonth2019": 778.41091383812011, "contracts2019": 383.0, "rent2020": 11.545577306243896, "rentMonth2020": 771.15263636363636, "contracts2020": 330.0, "rent2021": 11.073128054494701, "rentMonth2021": 743.70675461741405, "contracts2021": 379.0, "rent2022": 11.420925863108184, "rentMonth2022": 931.4165104166666, "contracts2022": 576.0, "rent2023": 16.297611096115315, "rentMonth2023": 1064.2262765957446, "contracts2023": 658.0, "rent2024": 14.517446015824556, "rentMonth2024": 1001.3106301369868, "contracts2024": 365.0, "rent2025": 14.1710057725086, "rentMonth2025": 923.99964539007101, "contracts2025": 423.0, "hutIntensity": 0.65411730503670329, "hutInclusiveIntensity": 0.65411730503670329, "hutStrictIntensity": 0.65411730503670329, "rentChange": 24.079307950712735, "contractIntensity": 30.725648289387667, "comparable": true, "validRent2025": true, "validRentChange": true, "validContractActivity": true, "qualityFlag": "comparable", "platform2025": 35, "platformEntire2025": 13, "platformIntensity2025": 0.94428706326723322, "overlapClass": "neither", "changeClass": "rent", "thresholdStable": true, "caseFlag": false }, "geometry": { "type": "Polygon", "coordinates": [ [ [ 2.2073641, 41.4271113 ], [ 2.2068385, 41.4273609 ], [ 2.2070242, 41.4275836 ], [ 2.2065903, 41.4277871 ], [ 2.2051768, 41.4284501 ], [ 2.2029839, 41.4294786 ], [ 2.2026849, 41.42959 ], [ 2.2024795, 41.4296665 ], [ 2.2023568, 41.4297121 ], [ 2.2021789, 41.4297764 ], [ 2.202145, 41.4297886 ], [ 2.2019459, 41.4298605 ], [ 2.2015273, 41.4299928 ], [ 2.2011048, 41.4300873 ], [ 2.2006855, 41.4301595 ], [ 2.2002349, 41.4301763 ], [ 2.1999005, 41.430162 ], [ 2.199495, 41.4301233 ], [ 2.1992928, 41.4300982 ], [ 2.1991718, 41.4300831 ], [ 2.198943, 41.4300322 ], [ 2.1987005, 41.4299494 ], [ 2.1986867, 41.4299447 ], [ 2.1986707, 41.4299378 ], [ 2.1983994, 41.4298214 ], [ 2.1981096, 41.4296268 ], [ 2.1975712, 41.4292097 ], [ 2.1973195, 41.4289368 ], [ 2.1972885, 41.4288811 ], [ 2.1972146, 41.4287484 ], [ 2.1971262, 41.4284763 ], [ 2.1969559, 41.4279669 ], [ 2.1966766, 41.4273914 ], [ 2.1966226, 41.4272802 ], [ 2.1965997, 41.4272084 ], [ 2.1965489, 41.4270491 ], [ 2.1964883, 41.4268591 ], [ 2.1964678, 41.4267948 ], [ 2.1964529, 41.426748 ], [ 2.1964316, 41.4266813 ], [ 2.1964279, 41.4266699 ], [ 2.1964269, 41.4266666 ], [ 2.1964267, 41.4266659 ], [ 2.1964263, 41.4266648 ], [ 2.1964253, 41.4266617 ], [ 2.1965066, 41.4266123 ], [ 2.196548, 41.4265872 ], [ 2.196546, 41.4265806 ], [ 2.1965447, 41.426576 ], [ 2.1965414, 41.4265648 ], [ 2.1965414, 41.4265648 ], [ 2.1965411, 41.4265636 ], [ 2.1965408, 41.4265628 ], [ 2.1965406, 41.4265619 ], [ 2.1965402, 41.4265606 ], [ 2.1965399, 41.4265597 ], [ 2.1965391, 41.4265567 ], [ 2.196539, 41.4265565 ], [ 2.196538, 41.4265529 ], [ 2.1965373, 41.4265508 ], [ 2.1965366, 41.4265483 ], [ 2.1965251, 41.4265092 ], [ 2.1964473, 41.4263321 ], [ 2.1964436, 41.4263188 ], [ 2.1964396, 41.4263049 ], [ 2.1964102, 41.4262005 ], [ 2.1963316, 41.4259224 ], [ 2.1963313, 41.4259211 ], [ 2.1963297, 41.4259155 ], [ 2.1962279, 41.4255549 ], [ 2.1962274, 41.425553 ], [ 2.1962215, 41.4255333 ], [ 2.1961919, 41.4254328 ], [ 2.1961854, 41.4254109 ], [ 2.1961585, 41.4253195 ], [ 2.1961022, 41.4251185 ], [ 2.1960925, 41.4250836 ], [ 2.1960863, 41.4250617 ], [ 2.1960846, 41.4250556 ], [ 2.1960844, 41.4250547 ], [ 2.196076, 41.4250251 ], [ 2.1960694, 41.4250013 ], [ 2.1960589, 41.424964 ], [ 2.1960565, 41.4249553 ], [ 2.1960402, 41.4248975 ], [ 2.1959776, 41.4246908 ], [ 2.1959613, 41.4246368 ], [ 2.1959369, 41.4245546 ], [ 2.1959159, 41.424484 ], [ 2.1959073, 41.4244551 ], [ 2.1959004, 41.4244427 ], [ 2.1958902, 41.4244241 ], [ 2.1958663, 41.4242813 ], [ 2.1958488, 41.4241769 ], [ 2.1958265, 41.4240437 ], [ 2.195808, 41.4239335 ], [ 2.1958028, 41.4239026 ], [ 2.1958014, 41.4238942 ], [ 2.1957746, 41.4237341 ], [ 2.1957717, 41.4237173 ], [ 2.1957663, 41.4236849 ], [ 2.1957199, 41.4234083 ], [ 2.1957159, 41.4233843 ], [ 2.1957082, 41.423339 ], [ 2.1956962, 41.423267 ], [ 2.1956882, 41.4232196 ], [ 2.1956694, 41.4231075 ], [ 2.1956586, 41.4230433 ], [ 2.1956289, 41.4228664 ], [ 2.1955976, 41.4226799 ], [ 2.1956003, 41.4226684 ], [ 2.1956045, 41.4226505 ], [ 2.1956036, 41.4226481 ], [ 2.195601, 41.4226409 ], [ 2.1955957, 41.4226266 ], [ 2.1955949, 41.4226244 ], [ 2.1955946, 41.4226235 ], [ 2.1955818, 41.4225888 ], [ 2.1955425, 41.4224822 ], [ 2.1955406, 41.422477 ], [ 2.1955388, 41.4224722 ], [ 2.1955322, 41.4224542 ], [ 2.1954874, 41.4223437 ], [ 2.1959187, 41.4222683 ], [ 2.1963362, 41.4221949 ], [ 2.1977534, 41.4219309 ], [ 2.1988027, 41.4217504 ], [ 2.1989026, 41.4216513 ], [ 2.1991308, 41.4214735 ], [ 2.1992432, 41.4213572 ], [ 2.2002613, 41.4206186 ], [ 2.2003761, 41.4205279 ], [ 2.2014988, 41.4196501 ], [ 2.2026417, 41.4188052 ], [ 2.2037792, 41.4179387 ], [ 2.2037783, 41.417938 ], [ 2.2049098, 41.4170904 ], [ 2.2049912, 41.4170257 ], [ 2.2050319, 41.4169933 ], [ 2.2061587, 41.4178364 ], [ 2.2072999, 41.4186916 ], [ 2.2073038, 41.4186945 ], [ 2.2081056, 41.4192941 ], [ 2.2084188, 41.4195299 ], [ 2.2087536, 41.419779 ], [ 2.2096738, 41.4204686 ], [ 2.2097544, 41.4205288 ], [ 2.2105592, 41.4211348 ], [ 2.2112789, 41.421671 ], [ 2.2118151, 41.4220723 ], [ 2.2116101, 41.4222272 ], [ 2.2115115, 41.4223164 ], [ 2.2114461, 41.4223756 ], [ 2.2113226, 41.4225653 ], [ 2.2111305, 41.4232125 ], [ 2.2109494, 41.4234691 ], [ 2.2107722, 41.4236344 ], [ 2.210604, 41.4237588 ], [ 2.2103681, 41.4238913 ], [ 2.2100515, 41.4240304 ], [ 2.2098015, 41.4241736 ], [ 2.2095992, 41.4243439 ], [ 2.2094947, 41.4244722 ], [ 2.2093717, 41.4247225 ], [ 2.2093148, 41.4249825 ], [ 2.2092573, 41.4251867 ], [ 2.2090872, 41.4253447 ], [ 2.2086585, 41.4250227 ], [ 2.2084912, 41.4251489 ], [ 2.2084347, 41.4251758 ], [ 2.2083953, 41.4251576 ], [ 2.208361, 41.4251423 ], [ 2.2083213, 41.4251249 ], [ 2.2082807, 41.425109 ], [ 2.2082401, 41.4250946 ], [ 2.2081779, 41.4250741 ], [ 2.2080995, 41.4250514 ], [ 2.2080614, 41.4250414 ], [ 2.2079763, 41.4250226 ], [ 2.2077715, 41.4249862 ], [ 2.2075396, 41.4250019 ], [ 2.2072988, 41.4251833 ], [ 2.206766, 41.4254224 ], [ 2.2060671, 41.4256125 ], [ 2.2061397, 41.4258011 ], [ 2.2063531, 41.4260491 ], [ 2.2064631, 41.4264015 ], [ 2.2067611, 41.4267524 ], [ 2.206976, 41.4266497 ], [ 2.2073641, 41.4271113 ] ] ] } }
]
}
